Variable_group,Variable name,Class_1,Class_2,Class_3,Class_4,Class_5,Unit,Territory,Year,Value
Energy supply and use,Primary energy supply by source,Non-renewable,Crude oil,NA,NA,NA,GWh,BR,2025,1384271.38232
Energy supply and use,Primary energy supply by source,Non-renewable,Crude oil,NA,NA,NA,GWh,BR,2030,1383717.19404
Energy supply and use,Primary energy supply by source,Non-renewable,Crude oil,NA,NA,NA,GWh,BR,2035,1368243.92055
Energy supply and use,Primary energy supply by source,Non-renewable,Crude oil,NA,NA,NA,GWh,BR,2040,1423714.65233
Energy supply and use,Primary energy supply by source,Non-renewable,Crude oil,NA,NA,NA,GWh,BR,2045,1461179.33006
Energy supply and use,Primary energy supply by source,Non-renewable,Crude oil,NA,NA,NA,GWh,BR,2050,1490342.05958
Energy supply and use,Primary energy supply by source,Non-renewable,Natural gas,NA,NA,NA,GWh,BR,2025,199265.18907
Energy supply and use,Primary energy supply by source,Non-renewable,Natural gas,NA,NA,NA,GWh,BR,2030,194521.82313
Energy supply and use,Primary energy supply by source,Non-renewable,Natural gas,NA,NA,NA,GWh,BR,2035,186204.37442
Energy supply and use,Primary energy supply by source,Non-renewable,Natural gas,NA,NA,NA,GWh,BR,2040,197898.1436
Energy supply and use,Primary energy supply by source,Non-renewable,Natural gas,NA,NA,NA,GWh,BR,2045,197384.14019
Energy supply and use,Primary energy supply by source,Non-renewable,Natural gas,NA,NA,NA,GWh,BR,2050,245809.8051
Energy supply and use,Primary energy supply by source,Non-renewable,Mineral coal,NA,NA,NA,GWh,BR,2025,54552.27327
Energy supply and use,Primary energy supply by source,Non-renewable,Mineral coal,NA,NA,NA,GWh,BR,2030,30974.64174
Energy supply and use,Primary energy supply by source,Non-renewable,Mineral coal,NA,NA,NA,GWh,BR,2035,40089.98196
Energy supply and use,Primary energy supply by source,Non-renewable,Mineral coal,NA,NA,NA,GWh,BR,2040,21059.91244
Energy supply and use,Primary energy supply by source,Non-renewable,Mineral coal,NA,NA,NA,GWh,BR,2045,18595.24996
Energy supply and use,Primary energy supply by source,Non-renewable,Mineral coal,NA,NA,NA,GWh,BR,2050,627.67244
Energy supply and use,Primary energy supply by source,Non-renewable,Uranium,NA,NA,NA,GWh,BR,2025,40251.76667
Energy supply and use,Primary energy supply by source,Non-renewable,Uranium,NA,NA,NA,GWh,BR,2030,49650.04865
Energy supply and use,Primary energy supply by source,Non-renewable,Uranium,NA,NA,NA,GWh,BR,2035,50503.04763
Energy supply and use,Primary energy supply by source,Non-renewable,Uranium,NA,NA,NA,GWh,BR,2040,51783.48135
Energy supply and use,Primary energy supply by source,Non-renewable,Uranium,NA,NA,NA,GWh,BR,2045,51426.35843
Energy supply and use,Primary energy supply by source,Non-renewable,Uranium,NA,NA,NA,GWh,BR,2050,51036.50629
Energy supply and use,Primary energy supply by source,Renewable,Hydraulic,Amazonas,NA,NA,GWh,BR,2025,3458.67506
Energy supply and use,Primary energy supply by source,Renewable,Hydraulic,Amazonas,NA,NA,GWh,BR,2030,3458.8546
Energy supply and use,Primary energy supply by source,Renewable,Hydraulic,Amazonas,NA,NA,GWh,BR,2035,3458.85355
Energy supply and use,Primary energy supply by source,Renewable,Hydraulic,Amazonas,NA,NA,GWh,BR,2040,3458.85406
Energy supply and use,Primary energy supply by source,Renewable,Hydraulic,Amazonas,NA,NA,GWh,BR,2045,3458.85376
Energy supply and use,Primary energy supply by source,Renewable,Hydraulic,Amazonas,NA,NA,GWh,BR,2050,3458.83667
Energy supply and use,Primary energy supply by source,Renewable,Hydraulic,Doce,NA,NA,GWh,BR,2025,4731.43417
Energy supply and use,Primary energy supply by source,Renewable,Hydraulic,Doce,NA,NA,GWh,BR,2030,4731.65069
Energy supply and use,Primary energy supply by source,Renewable,Hydraulic,Doce,NA,NA,GWh,BR,2035,4731.63798
Energy supply and use,Primary energy supply by source,Renewable,Hydraulic,Doce,NA,NA,GWh,BR,2040,4731.66619
Energy supply and use,Primary energy supply by source,Renewable,Hydraulic,Doce,NA,NA,GWh,BR,2045,4731.66758
Energy supply and use,Primary energy supply by source,Renewable,Hydraulic,Doce,NA,NA,GWh,BR,2050,4731.64027
Energy supply and use,Primary energy supply by source,Renewable,Hydraulic,Grande,NA,NA,GWh,BR,2025,34931.05357
Energy supply and use,Primary energy supply by source,Renewable,Hydraulic,Grande,NA,NA,GWh,BR,2030,34739.69444
Energy supply and use,Primary energy supply by source,Renewable,Hydraulic,Grande,NA,NA,GWh,BR,2035,34629.57681
Energy supply and use,Primary energy supply by source,Renewable,Hydraulic,Grande,NA,NA,GWh,BR,2040,35604.15993
Energy supply and use,Primary energy supply by source,Renewable,Hydraulic,Grande,NA,NA,GWh,BR,2045,35612.48194
Energy supply and use,Primary energy supply by source,Renewable,Hydraulic,Grande,NA,NA,GWh,BR,2050,35758.20515
Energy supply and use,Primary energy supply by source,Renewable,Hydraulic,Iguaçu,NA,NA,GWh,BR,2025,33232.24288
Energy supply and use,Primary energy supply by source,Renewable,Hydraulic,Iguaçu,NA,NA,GWh,BR,2030,33253.94688
Energy supply and use,Primary energy supply by source,Renewable,Hydraulic,Iguaçu,NA,NA,GWh,BR,2035,33232.6931
Energy supply and use,Primary energy supply by source,Renewable,Hydraulic,Iguaçu,NA,NA,GWh,BR,2040,33254.34437
Energy supply and use,Primary energy supply by source,Renewable,Hydraulic,Iguaçu,NA,NA,GWh,BR,2045,33254.3246
Energy supply and use,Primary energy supply by source,Renewable,Hydraulic,Iguaçu,NA,NA,GWh,BR,2050,33253.37625
Energy supply and use,Primary energy supply by source,Renewable,Hydraulic,Jacuí-Capivari,NA,NA,GWh,BR,2025,7652.44656
Energy supply and use,Primary energy supply by source,Renewable,Hydraulic,Jacuí-Capivari,NA,NA,GWh,BR,2030,7653.31535
Energy supply and use,Primary energy supply by source,Renewable,Hydraulic,Jacuí-Capivari,NA,NA,GWh,BR,2035,7653.30408
Energy supply and use,Primary energy supply by source,Renewable,Hydraulic,Jacuí-Capivari,NA,NA,GWh,BR,2040,7653.3149
Energy supply and use,Primary energy supply by source,Renewable,Hydraulic,Jacuí-Capivari,NA,NA,GWh,BR,2045,7653.31416
Energy supply and use,Primary energy supply by source,Renewable,Hydraulic,Jacuí-Capivari,NA,NA,GWh,BR,2050,7653.26004
Energy supply and use,Primary energy supply by source,Renewable,Hydraulic,Jequitinhonha,NA,NA,GWh,BR,2025,1726.97841
Energy supply and use,Primary energy supply by source,Renewable,Hydraulic,Jequitinhonha,NA,NA,GWh,BR,2030,1741.07539
Energy supply and use,Primary energy supply by source,Renewable,Hydraulic,Jequitinhonha,NA,NA,GWh,BR,2035,1737.49908
Energy supply and use,Primary energy supply by source,Renewable,Hydraulic,Jequitinhonha,NA,NA,GWh,BR,2040,1743.63784
Energy supply and use,Primary energy supply by source,Renewable,Hydraulic,Jequitinhonha,NA,NA,GWh,BR,2045,1743.63325
Energy supply and use,Primary energy supply by source,Renewable,Hydraulic,Jequitinhonha,NA,NA,GWh,BR,2050,1743.21921
Energy supply and use,Primary energy supply by source,Renewable,Hydraulic,Paranapanema,NA,NA,GWh,BR,2025,15615.47606
Energy supply and use,Primary energy supply by source,Renewable,Hydraulic,Paranapanema,NA,NA,GWh,BR,2030,15597.06115
Energy supply and use,Primary energy supply by source,Renewable,Hydraulic,Paranapanema,NA,NA,GWh,BR,2035,15640.53541
Energy supply and use,Primary energy supply by source,Renewable,Hydraulic,Paranapanema,NA,NA,GWh,BR,2040,15758.29459
Energy supply and use,Primary energy supply by source,Renewable,Hydraulic,Paranapanema,NA,NA,GWh,BR,2045,15764.23085
Energy supply and use,Primary energy supply by source,Renewable,Hydraulic,Paranapanema,NA,NA,GWh,BR,2050,15779.62401
Energy supply and use,Primary energy supply by source,Renewable,Hydraulic,Paranaíba,NA,NA,GWh,BR,2025,36775.62995
Energy supply and use,Primary energy supply by source,Renewable,Hydraulic,Paranaíba,NA,NA,GWh,BR,2030,36752.20517
Energy supply and use,Primary energy supply by source,Renewable,Hydraulic,Paranaíba,NA,NA,GWh,BR,2035,36704.87924
Energy supply and use,Primary energy supply by source,Renewable,Hydraulic,Paranaíba,NA,NA,GWh,BR,2040,36844.6027
Energy supply and use,Primary energy supply by source,Renewable,Hydraulic,Paranaíba,NA,NA,GWh,BR,2045,36843.20848
Energy supply and use,Primary energy supply by source,Renewable,Hydraulic,Paranaíba,NA,NA,GWh,BR,2050,36865.31319
Energy supply and use,Primary energy supply by source,Renewable,Hydraulic,Paraná,NA,NA,GWh,BR,2025,107019.39955
Energy supply and use,Primary energy supply by source,Renewable,Hydraulic,Paraná,NA,NA,GWh,BR,2030,107043.34745
Energy supply and use,Primary energy supply by source,Renewable,Hydraulic,Paraná,NA,NA,GWh,BR,2035,107012.04607
Energy supply and use,Primary energy supply by source,Renewable,Hydraulic,Paraná,NA,NA,GWh,BR,2040,107873.68872
Energy supply and use,Primary energy supply by source,Renewable,Hydraulic,Paraná,NA,NA,GWh,BR,2045,107881.88714
Energy supply and use,Primary energy supply by source,Renewable,Hydraulic,Paraná,NA,NA,GWh,BR,2050,107995.96759
Energy supply and use,Primary energy supply by source,Renewable,Hydraulic,Paraíba do Sul,NA,NA,GWh,BR,2025,7156.20452
Energy supply and use,Primary energy supply by source,Renewable,Hydraulic,Paraíba do Sul,NA,NA,GWh,BR,2030,7157.27248
Energy supply and use,Primary energy supply by source,Renewable,Hydraulic,Paraíba do Sul,NA,NA,GWh,BR,2035,7157.37182
Energy supply and use,Primary energy supply by source,Renewable,Hydraulic,Paraíba do Sul,NA,NA,GWh,BR,2040,7158.2664
Energy supply and use,Primary energy supply by source,Renewable,Hydraulic,Paraíba do Sul,NA,NA,GWh,BR,2045,7158.26844
Energy supply and use,Primary energy supply by source,Renewable,Hydraulic,Paraíba do Sul,NA,NA,GWh,BR,2050,7158.18597
Energy supply and use,Primary energy supply by source,Renewable,Hydraulic,Parnaíba,NA,NA,GWh,BR,2025,907.25244
Energy supply and use,Primary energy supply by source,Renewable,Hydraulic,Parnaíba,NA,NA,GWh,BR,2030,907.43532
Energy supply and use,Primary energy supply by source,Renewable,Hydraulic,Parnaíba,NA,NA,GWh,BR,2035,907.43488
Energy supply and use,Primary energy supply by source,Renewable,Hydraulic,Parnaíba,NA,NA,GWh,BR,2040,907.436
Energy supply and use,Primary energy supply by source,Renewable,Hydraulic,Parnaíba,NA,NA,GWh,BR,2045,907.43585
Energy supply and use,Primary energy supply by source,Renewable,Hydraulic,Parnaíba,NA,NA,GWh,BR,2050,907.41019
Energy supply and use,Primary energy supply by source,Renewable,Hydraulic,São Francisco,NA,NA,GWh,BR,2025,36470.11938
Energy supply and use,Primary energy supply by source,Renewable,Hydraulic,São Francisco,NA,NA,GWh,BR,2030,36564.15306
Energy supply and use,Primary energy supply by source,Renewable,Hydraulic,São Francisco,NA,NA,GWh,BR,2035,36568.80004
Energy supply and use,Primary energy supply by source,Renewable,Hydraulic,São Francisco,NA,NA,GWh,BR,2040,36848.78885
Energy supply and use,Primary energy supply by source,Renewable,Hydraulic,São Francisco,NA,NA,GWh,BR,2045,36877.70797
Energy supply and use,Primary energy supply by source,Renewable,Hydraulic,São Francisco,NA,NA,GWh,BR,2050,36912.61176
Energy supply and use,Primary energy supply by source,Renewable,Hydraulic,Tietê,NA,NA,GWh,BR,2025,20410.22675
Energy supply and use,Primary energy supply by source,Renewable,Hydraulic,Tietê,NA,NA,GWh,BR,2030,20424.84269
Energy supply and use,Primary energy supply by source,Renewable,Hydraulic,Tietê,NA,NA,GWh,BR,2035,20420.93469
Energy supply and use,Primary energy supply by source,Renewable,Hydraulic,Tietê,NA,NA,GWh,BR,2040,20725.59381
Energy supply and use,Primary energy supply by source,Renewable,Hydraulic,Tietê,NA,NA,GWh,BR,2045,20729.1437
Energy supply and use,Primary energy supply by source,Renewable,Hydraulic,Tietê,NA,NA,GWh,BR,2050,20763.17525
Energy supply and use,Primary energy supply by source,Renewable,Hydraulic,Tocantins,NA,NA,GWh,BR,2025,41733.12109
Energy supply and use,Primary energy supply by source,Renewable,Hydraulic,Tocantins,NA,NA,GWh,BR,2030,46170.1245
Energy supply and use,Primary energy supply by source,Renewable,Hydraulic,Tocantins,NA,NA,GWh,BR,2035,51916.067
Energy supply and use,Primary energy supply by source,Renewable,Hydraulic,Tocantins,NA,NA,GWh,BR,2040,54469.76748
Energy supply and use,Primary energy supply by source,Renewable,Hydraulic,Tocantins,NA,NA,GWh,BR,2045,54819.46596
Energy supply and use,Primary energy supply by source,Renewable,Hydraulic,Tocantins,NA,NA,GWh,BR,2050,55705.44686
Energy supply and use,Primary energy supply by source,Renewable,Hydraulic,Uruguai,NA,NA,GWh,BR,2025,24079.18744
Energy supply and use,Primary energy supply by source,Renewable,Hydraulic,Uruguai,NA,NA,GWh,BR,2030,24080.88739
Energy supply and use,Primary energy supply by source,Renewable,Hydraulic,Uruguai,NA,NA,GWh,BR,2035,24080.87887
Energy supply and use,Primary energy supply by source,Renewable,Hydraulic,Uruguai,NA,NA,GWh,BR,2040,24080.88743
Energy supply and use,Primary energy supply by source,Renewable,Hydraulic,Uruguai,NA,NA,GWh,BR,2045,24080.88646
Energy supply and use,Primary energy supply by source,Renewable,Hydraulic,Uruguai,NA,NA,GWh,BR,2050,24080.83564
Energy supply and use,Primary energy supply by source,Renewable,Wind,Offshore,NA,NA,GWh,BR,2025,4.0865
Energy supply and use,Primary energy supply by source,Renewable,Wind,Offshore,NA,NA,GWh,BR,2030,5.67458
Energy supply and use,Primary energy supply by source,Renewable,Wind,Offshore,NA,NA,GWh,BR,2035,5.44299
Energy supply and use,Primary energy supply by source,Renewable,Wind,Offshore,NA,NA,GWh,BR,2040,5.5117
Energy supply and use,Primary energy supply by source,Renewable,Wind,Offshore,NA,NA,GWh,BR,2045,1.52184
Energy supply and use,Primary energy supply by source,Renewable,Wind,Offshore,NA,NA,GWh,BR,2050,13.53784
Energy supply and use,Primary energy supply by source,Renewable,Wind,Onshore,NA,NA,GWh,BR,2025,78760.08196
Energy supply and use,Primary energy supply by source,Renewable,Wind,Onshore,NA,NA,GWh,BR,2030,110201.98601
Energy supply and use,Primary energy supply by source,Renewable,Wind,Onshore,NA,NA,GWh,BR,2035,176838.18524
Energy supply and use,Primary energy supply by source,Renewable,Wind,Onshore,NA,NA,GWh,BR,2040,188466.53571
Energy supply and use,Primary energy supply by source,Renewable,Wind,Onshore,NA,NA,GWh,BR,2045,251129.62241
Energy supply and use,Primary energy supply by source,Renewable,Wind,Onshore,NA,NA,GWh,BR,2050,302526.32193
Energy supply and use,Primary energy supply by source,Renewable,Solar,Rooftop,NA,NA,GWh,BR,2025,10720.5244
Energy supply and use,Primary energy supply by source,Renewable,Solar,Rooftop,NA,NA,GWh,BR,2030,10911.33572
Energy supply and use,Primary energy supply by source,Renewable,Solar,Rooftop,NA,NA,GWh,BR,2035,10829.36129
Energy supply and use,Primary energy supply by source,Renewable,Solar,Rooftop,NA,NA,GWh,BR,2040,11085.8711
Energy supply and use,Primary energy supply by source,Renewable,Solar,Rooftop,NA,NA,GWh,BR,2045,10998.82673
Energy supply and use,Primary energy supply by source,Renewable,Solar,Rooftop,NA,NA,GWh,BR,2050,10866.27541
Energy supply and use,Primary energy supply by source,Renewable,Solar,Utility-scale,NA,NA,GWh,BR,2025,42898.87701
Energy supply and use,Primary energy supply by source,Renewable,Solar,Utility-scale,NA,NA,GWh,BR,2030,77092.24323
Energy supply and use,Primary energy supply by source,Renewable,Solar,Utility-scale,NA,NA,GWh,BR,2035,107460.38273
Energy supply and use,Primary energy supply by source,Renewable,Solar,Utility-scale,NA,NA,GWh,BR,2040,140831.50285
Energy supply and use,Primary energy supply by source,Renewable,Solar,Utility-scale,NA,NA,GWh,BR,2045,185866.15058
Energy supply and use,Primary energy supply by source,Renewable,Solar,Utility-scale,NA,NA,GWh,BR,2050,244362.81887
Energy supply and use,Primary energy supply by source,Renewable,Sugarcane biomass,Sugarcane,NA,NA,GWh,BR,2025,28107.26515
Energy supply and use,Primary energy supply by source,Renewable,Sugarcane biomass,Sugarcane,NA,NA,GWh,BR,2030,67063.92526
Energy supply and use,Primary energy supply by source,Renewable,Sugarcane biomass,Sugarcane,NA,NA,GWh,BR,2035,350760.40768
Energy supply and use,Primary energy supply by source,Renewable,Sugarcane biomass,Sugarcane,NA,NA,GWh,BR,2040,613536.64417
Energy supply and use,Primary energy supply by source,Renewable,Sugarcane biomass,Sugarcane,NA,NA,GWh,BR,2045,885504.21724
Energy supply and use,Primary energy supply by source,Renewable,Sugarcane biomass,Sugarcane,NA,NA,GWh,BR,2050,1074610.75091
Energy supply and use,Primary energy supply by source,Renewable,Firewood and charcoal,Forestry residues,NA,NA,GWh,BR,2025,85.59455
Energy supply and use,Primary energy supply by source,Renewable,Firewood and charcoal,Forestry residues,NA,NA,GWh,BR,2030,9.19013
Energy supply and use,Primary energy supply by source,Renewable,Firewood and charcoal,Forestry residues,NA,NA,GWh,BR,2035,12.19853
Energy supply and use,Primary energy supply by source,Renewable,Firewood and charcoal,Forestry residues,NA,NA,GWh,BR,2040,21.46131
Energy supply and use,Primary energy supply by source,Renewable,Firewood and charcoal,Forestry residues,NA,NA,GWh,BR,2045,28.01672
Energy supply and use,Primary energy supply by source,Renewable,Firewood and charcoal,Forestry residues,NA,NA,GWh,BR,2050,180.83799
Energy supply and use,Primary energy supply by source,Renewable,Firewood and charcoal,Plantation forestry,NA,NA,GWh,BR,2025,163814.4091
Energy supply and use,Primary energy supply by source,Renewable,Firewood and charcoal,Plantation forestry,NA,NA,GWh,BR,2030,284496.35641
Energy supply and use,Primary energy supply by source,Renewable,Firewood and charcoal,Plantation forestry,NA,NA,GWh,BR,2035,286291.59424
Energy supply and use,Primary energy supply by source,Renewable,Firewood and charcoal,Plantation forestry,NA,NA,GWh,BR,2040,566901.52861
Energy supply and use,Primary energy supply by source,Renewable,Firewood and charcoal,Plantation forestry,NA,NA,GWh,BR,2045,623745.59345
Energy supply and use,Primary energy supply by source,Renewable,Firewood and charcoal,Plantation forestry,NA,NA,GWh,BR,2050,687327.94744
Energy supply and use,Primary energy supply by source,Renewable,Other renewables,Corn,NA,NA,GWh,BR,2025,322350.38294
Energy supply and use,Primary energy supply by source,Renewable,Other renewables,Corn,NA,NA,GWh,BR,2030,192763.41432
Energy supply and use,Primary energy supply by source,Renewable,Other renewables,Corn,NA,NA,GWh,BR,2035,61754.19643
Energy supply and use,Primary energy supply by source,Renewable,Other renewables,Corn,NA,NA,GWh,BR,2040,13937.08725
Energy supply and use,Primary energy supply by source,Renewable,Other renewables,Corn,NA,NA,GWh,BR,2045,11820.35056
Energy supply and use,Primary energy supply by source,Renewable,Other renewables,Corn,NA,NA,GWh,BR,2050,11055.9638
Energy supply and use,Primary energy supply by source,Renewable,Other renewables,Corn stover,NA,NA,GWh,BR,2025,9440.01563
Energy supply and use,Primary energy supply by source,Renewable,Other renewables,Corn stover,NA,NA,GWh,BR,2030,8242.4054
Energy supply and use,Primary energy supply by source,Renewable,Other renewables,Corn stover,NA,NA,GWh,BR,2035,5673.70941
Energy supply and use,Primary energy supply by source,Renewable,Other renewables,Corn stover,NA,NA,GWh,BR,2040,1639.62842
Energy supply and use,Primary energy supply by source,Renewable,Other renewables,Corn stover,NA,NA,GWh,BR,2045,2215.9908
Energy supply and use,Primary energy supply by source,Renewable,Other renewables,Corn stover,NA,NA,GWh,BR,2050,9825.27923
Energy supply and use,Primary energy supply by source,Renewable,Other renewables,Macauba,NA,NA,GWh,BR,2025,0.0
Energy supply and use,Primary energy supply by source,Renewable,Other renewables,Macauba,NA,NA,GWh,BR,2030,240420.64308
Energy supply and use,Primary energy supply by source,Renewable,Other renewables,Macauba,NA,NA,GWh,BR,2035,314948.24169
Energy supply and use,Primary energy supply by source,Renewable,Other renewables,Macauba,NA,NA,GWh,BR,2040,327498.68686
Energy supply and use,Primary energy supply by source,Renewable,Other renewables,Macauba,NA,NA,GWh,BR,2045,336006.33668
Energy supply and use,Primary energy supply by source,Renewable,Other renewables,Macauba,NA,NA,GWh,BR,2050,342645.9938
Energy supply and use,Primary energy supply by source,Renewable,Other renewables,Rice straw,NA,NA,GWh,BR,2025,214.40552
Energy supply and use,Primary energy supply by source,Renewable,Other renewables,Rice straw,NA,NA,GWh,BR,2030,201.92026
Energy supply and use,Primary energy supply by source,Renewable,Other renewables,Rice straw,NA,NA,GWh,BR,2035,142.3212
Energy supply and use,Primary energy supply by source,Renewable,Other renewables,Rice straw,NA,NA,GWh,BR,2040,136.76078
Energy supply and use,Primary energy supply by source,Renewable,Other renewables,Rice straw,NA,NA,GWh,BR,2045,141.14015
Energy supply and use,Primary energy supply by source,Renewable,Other renewables,Rice straw,NA,NA,GWh,BR,2050,740.85534
Energy supply and use,Primary energy supply by source,Renewable,Wind,Offshore,NA,NA,GWh,RJ,2025,1.08236
Energy supply and use,Primary energy supply by source,Renewable,Wind,Offshore,NA,NA,GWh,RJ,2030,1.61294
Energy supply and use,Primary energy supply by source,Renewable,Wind,Offshore,NA,NA,GWh,RJ,2035,1.53989
Energy supply and use,Primary energy supply by source,Renewable,Wind,Offshore,NA,NA,GWh,RJ,2040,1.55362
Energy supply and use,Primary energy supply by source,Renewable,Wind,Offshore,NA,NA,GWh,RJ,2045,0.48232
Energy supply and use,Primary energy supply by source,Renewable,Wind,Offshore,NA,NA,GWh,RJ,2050,4.47737
Energy supply and use,Primary energy supply by source,Renewable,Wind,Offshore,NA,NA,GWh,RN,2025,1.9889
Energy supply and use,Primary energy supply by source,Renewable,Wind,Offshore,NA,NA,GWh,RN,2030,2.64451
Energy supply and use,Primary energy supply by source,Renewable,Wind,Offshore,NA,NA,GWh,RN,2035,2.53094
Energy supply and use,Primary energy supply by source,Renewable,Wind,Offshore,NA,NA,GWh,RN,2040,2.575
Energy supply and use,Primary energy supply by source,Renewable,Wind,Offshore,NA,NA,GWh,RN,2045,0.64662
Energy supply and use,Primary energy supply by source,Renewable,Wind,Offshore,NA,NA,GWh,RN,2050,5.65439
Energy supply and use,Primary energy supply by source,Renewable,Wind,Offshore,NA,NA,GWh,RS,2025,1.01524
Energy supply and use,Primary energy supply by source,Renewable,Wind,Offshore,NA,NA,GWh,RS,2030,1.41713
Energy supply and use,Primary energy supply by source,Renewable,Wind,Offshore,NA,NA,GWh,RS,2035,1.37215
Energy supply and use,Primary energy supply by source,Renewable,Wind,Offshore,NA,NA,GWh,RS,2040,1.38308
Energy supply and use,Primary energy supply by source,Renewable,Wind,Offshore,NA,NA,GWh,RS,2045,0.3929
Energy supply and use,Primary energy supply by source,Renewable,Wind,Offshore,NA,NA,GWh,RS,2050,3.40608
Energy supply and use,Primary energy supply by source,Renewable,Wind,Onshore,NA,NA,GWh,AC,2025,0.79934
Energy supply and use,Primary energy supply by source,Renewable,Wind,Onshore,NA,NA,GWh,AC,2030,1.06778
Energy supply and use,Primary energy supply by source,Renewable,Wind,Onshore,NA,NA,GWh,AC,2035,1.01224
Energy supply and use,Primary energy supply by source,Renewable,Wind,Onshore,NA,NA,GWh,AC,2040,1.02086
Energy supply and use,Primary energy supply by source,Renewable,Wind,Onshore,NA,NA,GWh,AC,2045,0.94812
Energy supply and use,Primary energy supply by source,Renewable,Wind,Onshore,NA,NA,GWh,AC,2050,1.14074
Energy supply and use,Primary energy supply by source,Renewable,Wind,Onshore,NA,NA,GWh,AL,2025,5.12802
Energy supply and use,Primary energy supply by source,Renewable,Wind,Onshore,NA,NA,GWh,AL,2030,6.74551
Energy supply and use,Primary energy supply by source,Renewable,Wind,Onshore,NA,NA,GWh,AL,2035,6.51417
Energy supply and use,Primary energy supply by source,Renewable,Wind,Onshore,NA,NA,GWh,AL,2040,6.85834
Energy supply and use,Primary energy supply by source,Renewable,Wind,Onshore,NA,NA,GWh,AL,2045,6.62364
Energy supply and use,Primary energy supply by source,Renewable,Wind,Onshore,NA,NA,GWh,AL,2050,19.38164
Energy supply and use,Primary energy supply by source,Renewable,Wind,Onshore,NA,NA,GWh,AM,2025,0.08358
Energy supply and use,Primary energy supply by source,Renewable,Wind,Onshore,NA,NA,GWh,AM,2030,0.10696
Energy supply and use,Primary energy supply by source,Renewable,Wind,Onshore,NA,NA,GWh,AM,2035,0.10277
Energy supply and use,Primary energy supply by source,Renewable,Wind,Onshore,NA,NA,GWh,AM,2040,0.10819
Energy supply and use,Primary energy supply by source,Renewable,Wind,Onshore,NA,NA,GWh,AM,2045,0.10126
Energy supply and use,Primary energy supply by source,Renewable,Wind,Onshore,NA,NA,GWh,AM,2050,0.1377
Energy supply and use,Primary energy supply by source,Renewable,Wind,Onshore,NA,NA,GWh,AP,2025,1.03078
Energy supply and use,Primary energy supply by source,Renewable,Wind,Onshore,NA,NA,GWh,AP,2030,1.46027
Energy supply and use,Primary energy supply by source,Renewable,Wind,Onshore,NA,NA,GWh,AP,2035,1.36126
Energy supply and use,Primary energy supply by source,Renewable,Wind,Onshore,NA,NA,GWh,AP,2040,1.50358
Energy supply and use,Primary energy supply by source,Renewable,Wind,Onshore,NA,NA,GWh,AP,2045,1.45974
Energy supply and use,Primary energy supply by source,Renewable,Wind,Onshore,NA,NA,GWh,AP,2050,1.40459
Energy supply and use,Primary energy supply by source,Renewable,Wind,Onshore,NA,NA,GWh,BA,2025,17411.40096
Energy supply and use,Primary energy supply by source,Renewable,Wind,Onshore,NA,NA,GWh,BA,2030,18433.28544
Energy supply and use,Primary energy supply by source,Renewable,Wind,Onshore,NA,NA,GWh,BA,2035,18526.71745
Energy supply and use,Primary energy supply by source,Renewable,Wind,Onshore,NA,NA,GWh,BA,2040,18727.43449
Energy supply and use,Primary energy supply by source,Renewable,Wind,Onshore,NA,NA,GWh,BA,2045,18553.94035
Energy supply and use,Primary energy supply by source,Renewable,Wind,Onshore,NA,NA,GWh,BA,2050,18437.63083
Energy supply and use,Primary energy supply by source,Renewable,Wind,Onshore,NA,NA,GWh,CE,2025,5008.1256
Energy supply and use,Primary energy supply by source,Renewable,Wind,Onshore,NA,NA,GWh,CE,2030,5252.73424
Energy supply and use,Primary energy supply by source,Renewable,Wind,Onshore,NA,NA,GWh,CE,2035,5282.0325
Energy supply and use,Primary energy supply by source,Renewable,Wind,Onshore,NA,NA,GWh,CE,2040,5328.31601
Energy supply and use,Primary energy supply by source,Renewable,Wind,Onshore,NA,NA,GWh,CE,2045,5210.07396
Energy supply and use,Primary energy supply by source,Renewable,Wind,Onshore,NA,NA,GWh,CE,2050,5124.56278
Energy supply and use,Primary energy supply by source,Renewable,Wind,Onshore,NA,NA,GWh,ES,2025,1.65856
Energy supply and use,Primary energy supply by source,Renewable,Wind,Onshore,NA,NA,GWh,ES,2030,2.32415
Energy supply and use,Primary energy supply by source,Renewable,Wind,Onshore,NA,NA,GWh,ES,2035,2.29342
Energy supply and use,Primary energy supply by source,Renewable,Wind,Onshore,NA,NA,GWh,ES,2040,2.4804
Energy supply and use,Primary energy supply by source,Renewable,Wind,Onshore,NA,NA,GWh,ES,2045,2.47413
Energy supply and use,Primary energy supply by source,Renewable,Wind,Onshore,NA,NA,GWh,ES,2050,3.95851
Energy supply and use,Primary energy supply by source,Renewable,Wind,Onshore,NA,NA,GWh,GO,2025,5.24041
Energy supply and use,Primary energy supply by source,Renewable,Wind,Onshore,NA,NA,GWh,GO,2030,7.24837
Energy supply and use,Primary energy supply by source,Renewable,Wind,Onshore,NA,NA,GWh,GO,2035,7.04538
Energy supply and use,Primary energy supply by source,Renewable,Wind,Onshore,NA,NA,GWh,GO,2040,7.16659
Energy supply and use,Primary energy supply by source,Renewable,Wind,Onshore,NA,NA,GWh,GO,2045,6.93242
Energy supply and use,Primary energy supply by source,Renewable,Wind,Onshore,NA,NA,GWh,GO,2050,7.9834
Energy supply and use,Primary energy supply by source,Renewable,Wind,Onshore,NA,NA,GWh,MA,2025,326.21111
Energy supply and use,Primary energy supply by source,Renewable,Wind,Onshore,NA,NA,GWh,MA,2030,336.92991
Energy supply and use,Primary energy supply by source,Renewable,Wind,Onshore,NA,NA,GWh,MA,2035,330.55027
Energy supply and use,Primary energy supply by source,Renewable,Wind,Onshore,NA,NA,GWh,MA,2040,334.68323
Energy supply and use,Primary energy supply by source,Renewable,Wind,Onshore,NA,NA,GWh,MA,2045,318.38673
Energy supply and use,Primary energy supply by source,Renewable,Wind,Onshore,NA,NA,GWh,MA,2050,302.92907
Energy supply and use,Primary energy supply by source,Renewable,Wind,Onshore,NA,NA,GWh,MG,2025,7.82788
Energy supply and use,Primary energy supply by source,Renewable,Wind,Onshore,NA,NA,GWh,MG,2030,10.05857
Energy supply and use,Primary energy supply by source,Renewable,Wind,Onshore,NA,NA,GWh,MG,2035,9.84284
Energy supply and use,Primary energy supply by source,Renewable,Wind,Onshore,NA,NA,GWh,MG,2040,10.09213
Energy supply and use,Primary energy supply by source,Renewable,Wind,Onshore,NA,NA,GWh,MG,2045,9.83553
Energy supply and use,Primary energy supply by source,Renewable,Wind,Onshore,NA,NA,GWh,MG,2050,11.00867
Energy supply and use,Primary energy supply by source,Renewable,Wind,Onshore,NA,NA,GWh,MS,2025,9.07207
Energy supply and use,Primary energy supply by source,Renewable,Wind,Onshore,NA,NA,GWh,MS,2030,11.80615
Energy supply and use,Primary energy supply by source,Renewable,Wind,Onshore,NA,NA,GWh,MS,2035,11.58019
Energy supply and use,Primary energy supply by source,Renewable,Wind,Onshore,NA,NA,GWh,MS,2040,11.84655
Energy supply and use,Primary energy supply by source,Renewable,Wind,Onshore,NA,NA,GWh,MS,2045,11.50751
Energy supply and use,Primary energy supply by source,Renewable,Wind,Onshore,NA,NA,GWh,MS,2050,12.30909
Energy supply and use,Primary energy supply by source,Renewable,Wind,Onshore,NA,NA,GWh,MT,2025,3.94589
Energy supply and use,Primary energy supply by source,Renewable,Wind,Onshore,NA,NA,GWh,MT,2030,5.38403
Energy supply and use,Primary energy supply by source,Renewable,Wind,Onshore,NA,NA,GWh,MT,2035,5.14136
Energy supply and use,Primary energy supply by source,Renewable,Wind,Onshore,NA,NA,GWh,MT,2040,5.14489
Energy supply and use,Primary energy supply by source,Renewable,Wind,Onshore,NA,NA,GWh,MT,2045,4.93334
Energy supply and use,Primary energy supply by source,Renewable,Wind,Onshore,NA,NA,GWh,MT,2050,6.10732
Energy supply and use,Primary energy supply by source,Renewable,Wind,Onshore,NA,NA,GWh,PA,2025,4.49497
Energy supply and use,Primary energy supply by source,Renewable,Wind,Onshore,NA,NA,GWh,PA,2030,6.07371
Energy supply and use,Primary energy supply by source,Renewable,Wind,Onshore,NA,NA,GWh,PA,2035,5.94105
Energy supply and use,Primary energy supply by source,Renewable,Wind,Onshore,NA,NA,GWh,PA,2040,6.10263
Energy supply and use,Primary energy supply by source,Renewable,Wind,Onshore,NA,NA,GWh,PA,2045,5.98889
Energy supply and use,Primary energy supply by source,Renewable,Wind,Onshore,NA,NA,GWh,PA,2050,8.53706
Energy supply and use,Primary energy supply by source,Renewable,Wind,Onshore,NA,NA,GWh,PB,2025,2483.67928
Energy supply and use,Primary energy supply by source,Renewable,Wind,Onshore,NA,NA,GWh,PB,2030,2618.16534
Energy supply and use,Primary energy supply by source,Renewable,Wind,Onshore,NA,NA,GWh,PB,2035,2553.25444
Energy supply and use,Primary energy supply by source,Renewable,Wind,Onshore,NA,NA,GWh,PB,2040,2661.78355
Energy supply and use,Primary energy supply by source,Renewable,Wind,Onshore,NA,NA,GWh,PB,2045,2564.14191
Energy supply and use,Primary energy supply by source,Renewable,Wind,Onshore,NA,NA,GWh,PB,2050,2482.32303
Energy supply and use,Primary energy supply by source,Renewable,Wind,Onshore,NA,NA,GWh,PE,2025,6843.02337
Energy supply and use,Primary energy supply by source,Renewable,Wind,Onshore,NA,NA,GWh,PE,2030,31000.11046
Energy supply and use,Primary energy supply by source,Renewable,Wind,Onshore,NA,NA,GWh,PE,2035,32270.25074
Energy supply and use,Primary energy supply by source,Renewable,Wind,Onshore,NA,NA,GWh,PE,2040,42024.66218
Energy supply and use,Primary energy supply by source,Renewable,Wind,Onshore,NA,NA,GWh,PE,2045,41949.5199
Energy supply and use,Primary energy supply by source,Renewable,Wind,Onshore,NA,NA,GWh,PE,2050,43325.75055
Energy supply and use,Primary energy supply by source,Renewable,Wind,Onshore,NA,NA,GWh,PI,2025,6838.67794
Energy supply and use,Primary energy supply by source,Renewable,Wind,Onshore,NA,NA,GWh,PI,2030,7057.0845
Energy supply and use,Primary energy supply by source,Renewable,Wind,Onshore,NA,NA,GWh,PI,2035,6999.06351
Energy supply and use,Primary energy supply by source,Renewable,Wind,Onshore,NA,NA,GWh,PI,2040,7115.28856
Energy supply and use,Primary energy supply by source,Renewable,Wind,Onshore,NA,NA,GWh,PI,2045,6982.49017
Energy supply and use,Primary energy supply by source,Renewable,Wind,Onshore,NA,NA,GWh,PI,2050,6861.78456
Energy supply and use,Primary energy supply by source,Renewable,Wind,Onshore,NA,NA,GWh,PR,2025,63.00057
Energy supply and use,Primary energy supply by source,Renewable,Wind,Onshore,NA,NA,GWh,PR,2030,72.89689
Energy supply and use,Primary energy supply by source,Renewable,Wind,Onshore,NA,NA,GWh,PR,2035,73.16183
Energy supply and use,Primary energy supply by source,Renewable,Wind,Onshore,NA,NA,GWh,PR,2040,75.20629
Energy supply and use,Primary energy supply by source,Renewable,Wind,Onshore,NA,NA,GWh,PR,2045,74.85929
Energy supply and use,Primary energy supply by source,Renewable,Wind,Onshore,NA,NA,GWh,PR,2050,69.68833
Energy supply and use,Primary energy supply by source,Renewable,Wind,Onshore,NA,NA,GWh,RJ,2025,12.43819
Energy supply and use,Primary energy supply by source,Renewable,Wind,Onshore,NA,NA,GWh,RJ,2030,14.2259
Energy supply and use,Primary energy supply by source,Renewable,Wind,Onshore,NA,NA,GWh,RJ,2035,14.23658
Energy supply and use,Primary energy supply by source,Renewable,Wind,Onshore,NA,NA,GWh,RJ,2040,14.5845
Energy supply and use,Primary energy supply by source,Renewable,Wind,Onshore,NA,NA,GWh,RJ,2045,14.492
Energy supply and use,Primary energy supply by source,Renewable,Wind,Onshore,NA,NA,GWh,RJ,2050,13.60435
Energy supply and use,Primary energy supply by source,Renewable,Wind,Onshore,NA,NA,GWh,RN,2025,31351.36501
Energy supply and use,Primary energy supply by source,Renewable,Wind,Onshore,NA,NA,GWh,RN,2030,34873.9041
Energy supply and use,Primary energy supply by source,Renewable,Wind,Onshore,NA,NA,GWh,RN,2035,100208.88364
Energy supply and use,Primary energy supply by source,Renewable,Wind,Onshore,NA,NA,GWh,RN,2040,101526.79779
Energy supply and use,Primary energy supply by source,Renewable,Wind,Onshore,NA,NA,GWh,RN,2045,164809.95601
Energy supply and use,Primary energy supply by source,Renewable,Wind,Onshore,NA,NA,GWh,RN,2050,215297.0763
Energy supply and use,Primary energy supply by source,Renewable,Wind,Onshore,NA,NA,GWh,RO,2025,1.54319
Energy supply and use,Primary energy supply by source,Renewable,Wind,Onshore,NA,NA,GWh,RO,2030,2.06652
Energy supply and use,Primary energy supply by source,Renewable,Wind,Onshore,NA,NA,GWh,RO,2035,1.97334
Energy supply and use,Primary energy supply by source,Renewable,Wind,Onshore,NA,NA,GWh,RO,2040,1.98295
Energy supply and use,Primary energy supply by source,Renewable,Wind,Onshore,NA,NA,GWh,RO,2045,1.90217
Energy supply and use,Primary energy supply by source,Renewable,Wind,Onshore,NA,NA,GWh,RO,2050,2.44775
Energy supply and use,Primary energy supply by source,Renewable,Wind,Onshore,NA,NA,GWh,RR,2025,0.79782
Energy supply and use,Primary energy supply by source,Renewable,Wind,Onshore,NA,NA,GWh,RR,2030,0.95605
Energy supply and use,Primary energy supply by source,Renewable,Wind,Onshore,NA,NA,GWh,RR,2035,0.95228
Energy supply and use,Primary energy supply by source,Renewable,Wind,Onshore,NA,NA,GWh,RR,2040,1.02006
Energy supply and use,Primary energy supply by source,Renewable,Wind,Onshore,NA,NA,GWh,RR,2045,1.08497
Energy supply and use,Primary energy supply by source,Renewable,Wind,Onshore,NA,NA,GWh,RR,2050,1.51248
Energy supply and use,Primary energy supply by source,Renewable,Wind,Onshore,NA,NA,GWh,RS,2025,8218.1057
Energy supply and use,Primary energy supply by source,Renewable,Wind,Onshore,NA,NA,GWh,RS,2030,10304.27156
Energy supply and use,Primary energy supply by source,Renewable,Wind,Onshore,NA,NA,GWh,RS,2035,10343.04638
Energy supply and use,Primary energy supply by source,Renewable,Wind,Onshore,NA,NA,GWh,RS,2040,10414.09069
Energy supply and use,Primary energy supply by source,Renewable,Wind,Onshore,NA,NA,GWh,RS,2045,10412.09264
Energy supply and use,Primary energy supply by source,Renewable,Wind,Onshore,NA,NA,GWh,RS,2050,10352.32814
Energy supply and use,Primary energy supply by source,Renewable,Wind,Onshore,NA,NA,GWh,SC,2025,106.70749
Energy supply and use,Primary energy supply by source,Renewable,Wind,Onshore,NA,NA,GWh,SC,2030,116.73478
Energy supply and use,Primary energy supply by source,Renewable,Wind,Onshore,NA,NA,GWh,SC,2035,118.35633
Energy supply and use,Primary energy supply by source,Renewable,Wind,Onshore,NA,NA,GWh,SC,2040,120.42865
Energy supply and use,Primary energy supply by source,Renewable,Wind,Onshore,NA,NA,GWh,SC,2045,120.48732
Energy supply and use,Primary energy supply by source,Renewable,Wind,Onshore,NA,NA,GWh,SC,2050,116.22406
Energy supply and use,Primary energy supply by source,Renewable,Wind,Onshore,NA,NA,GWh,SE,2025,40.95502
Energy supply and use,Primary energy supply by source,Renewable,Wind,Onshore,NA,NA,GWh,SE,2030,47.09217
Energy supply and use,Primary energy supply by source,Renewable,Wind,Onshore,NA,NA,GWh,SE,2035,45.89304
Energy supply and use,Primary energy supply by source,Renewable,Wind,Onshore,NA,NA,GWh,SE,2040,48.41986
Energy supply and use,Primary energy supply by source,Renewable,Wind,Onshore,NA,NA,GWh,SE,2045,46.52927
Energy supply and use,Primary energy supply by source,Renewable,Wind,Onshore,NA,NA,GWh,SE,2050,43.93623
Energy supply and use,Primary energy supply by source,Renewable,Wind,Onshore,NA,NA,GWh,SP,2025,8.66838
Energy supply and use,Primary energy supply by source,Renewable,Wind,Onshore,NA,NA,GWh,SP,2030,11.09619
Energy supply and use,Primary energy supply by source,Renewable,Wind,Onshore,NA,NA,GWh,SP,2035,11.1902
Energy supply and use,Primary energy supply by source,Renewable,Wind,Onshore,NA,NA,GWh,SP,2040,11.50711
Energy supply and use,Primary energy supply by source,Renewable,Wind,Onshore,NA,NA,GWh,SP,2045,11.2531
Energy supply and use,Primary energy supply by source,Renewable,Wind,Onshore,NA,NA,GWh,SP,2050,14.86174
Energy supply and use,Primary energy supply by source,Renewable,Wind,Onshore,NA,NA,GWh,TO,2025,6.10084
Energy supply and use,Primary energy supply by source,Renewable,Wind,Onshore,NA,NA,GWh,TO,2030,8.15646
Energy supply and use,Primary energy supply by source,Renewable,Wind,Onshore,NA,NA,GWh,TO,2035,7.78803
Energy supply and use,Primary energy supply by source,Renewable,Wind,Onshore,NA,NA,GWh,TO,2040,8.00564
Energy supply and use,Primary energy supply by source,Renewable,Wind,Onshore,NA,NA,GWh,TO,2045,7.60804
Energy supply and use,Primary energy supply by source,Renewable,Wind,Onshore,NA,NA,GWh,TO,2050,7.693
Energy supply and use,Primary energy supply by source,Renewable,Solar,Rooftop,NA,NA,GWh,AC,2025,78.61062
Energy supply and use,Primary energy supply by source,Renewable,Solar,Rooftop,NA,NA,GWh,AC,2030,77.96033
Energy supply and use,Primary energy supply by source,Renewable,Solar,Rooftop,NA,NA,GWh,AC,2035,72.97409
Energy supply and use,Primary energy supply by source,Renewable,Solar,Rooftop,NA,NA,GWh,AC,2040,74.63196
Energy supply and use,Primary energy supply by source,Renewable,Solar,Rooftop,NA,NA,GWh,AC,2045,70.07882
Energy supply and use,Primary energy supply by source,Renewable,Solar,Rooftop,NA,NA,GWh,AC,2050,67.19315
Energy supply and use,Primary energy supply by source,Renewable,Solar,Rooftop,NA,NA,GWh,AL,2025,149.1244
Energy supply and use,Primary energy supply by source,Renewable,Solar,Rooftop,NA,NA,GWh,AL,2030,152.65733
Energy supply and use,Primary energy supply by source,Renewable,Solar,Rooftop,NA,NA,GWh,AL,2035,153.35746
Energy supply and use,Primary energy supply by source,Renewable,Solar,Rooftop,NA,NA,GWh,AL,2040,157.91405
Energy supply and use,Primary energy supply by source,Renewable,Solar,Rooftop,NA,NA,GWh,AL,2045,158.04154
Energy supply and use,Primary energy supply by source,Renewable,Solar,Rooftop,NA,NA,GWh,AL,2050,155.06447
Energy supply and use,Primary energy supply by source,Renewable,Solar,Rooftop,NA,NA,GWh,AM,2025,56.29597
Energy supply and use,Primary energy supply by source,Renewable,Solar,Rooftop,NA,NA,GWh,AM,2030,57.24097
Energy supply and use,Primary energy supply by source,Renewable,Solar,Rooftop,NA,NA,GWh,AM,2035,56.1265
Energy supply and use,Primary energy supply by source,Renewable,Solar,Rooftop,NA,NA,GWh,AM,2040,55.83916
Energy supply and use,Primary energy supply by source,Renewable,Solar,Rooftop,NA,NA,GWh,AM,2045,56.07943
Energy supply and use,Primary energy supply by source,Renewable,Solar,Rooftop,NA,NA,GWh,AM,2050,53.16214
Energy supply and use,Primary energy supply by source,Renewable,Solar,Rooftop,NA,NA,GWh,AP,2025,60.53636
Energy supply and use,Primary energy supply by source,Renewable,Solar,Rooftop,NA,NA,GWh,AP,2030,64.26404
Energy supply and use,Primary energy supply by source,Renewable,Solar,Rooftop,NA,NA,GWh,AP,2035,64.74297
Energy supply and use,Primary energy supply by source,Renewable,Solar,Rooftop,NA,NA,GWh,AP,2040,65.98675
Energy supply and use,Primary energy supply by source,Renewable,Solar,Rooftop,NA,NA,GWh,AP,2045,66.5159
Energy supply and use,Primary energy supply by source,Renewable,Solar,Rooftop,NA,NA,GWh,AP,2050,63.70379
Energy supply and use,Primary energy supply by source,Renewable,Solar,Rooftop,NA,NA,GWh,BA,2025,565.65776
Energy supply and use,Primary energy supply by source,Renewable,Solar,Rooftop,NA,NA,GWh,BA,2030,607.23523
Energy supply and use,Primary energy supply by source,Renewable,Solar,Rooftop,NA,NA,GWh,BA,2035,602.94038
Energy supply and use,Primary energy supply by source,Renewable,Solar,Rooftop,NA,NA,GWh,BA,2040,631.72043
Energy supply and use,Primary energy supply by source,Renewable,Solar,Rooftop,NA,NA,GWh,BA,2045,619.80925
Energy supply and use,Primary energy supply by source,Renewable,Solar,Rooftop,NA,NA,GWh,BA,2050,615.20567
Energy supply and use,Primary energy supply by source,Renewable,Solar,Rooftop,NA,NA,GWh,CE,2025,484.2418
Energy supply and use,Primary energy supply by source,Renewable,Solar,Rooftop,NA,NA,GWh,CE,2030,517.58111
Energy supply and use,Primary energy supply by source,Renewable,Solar,Rooftop,NA,NA,GWh,CE,2035,512.36237
Energy supply and use,Primary energy supply by source,Renewable,Solar,Rooftop,NA,NA,GWh,CE,2040,532.56542
Energy supply and use,Primary energy supply by source,Renewable,Solar,Rooftop,NA,NA,GWh,CE,2045,524.33677
Energy supply and use,Primary energy supply by source,Renewable,Solar,Rooftop,NA,NA,GWh,CE,2050,517.59826
Energy supply and use,Primary energy supply by source,Renewable,Solar,Rooftop,NA,NA,GWh,DF,2025,141.06977
Energy supply and use,Primary energy supply by source,Renewable,Solar,Rooftop,NA,NA,GWh,DF,2030,145.50617
Energy supply and use,Primary energy supply by source,Renewable,Solar,Rooftop,NA,NA,GWh,DF,2035,145.97133
Energy supply and use,Primary energy supply by source,Renewable,Solar,Rooftop,NA,NA,GWh,DF,2040,147.7479
Energy supply and use,Primary energy supply by source,Renewable,Solar,Rooftop,NA,NA,GWh,DF,2045,146.45543
Energy supply and use,Primary energy supply by source,Renewable,Solar,Rooftop,NA,NA,GWh,DF,2050,144.09358
Energy supply and use,Primary energy supply by source,Renewable,Solar,Rooftop,NA,NA,GWh,ES,2025,386.11313
Energy supply and use,Primary energy supply by source,Renewable,Solar,Rooftop,NA,NA,GWh,ES,2030,388.49132
Energy supply and use,Primary energy supply by source,Renewable,Solar,Rooftop,NA,NA,GWh,ES,2035,389.15228
Energy supply and use,Primary energy supply by source,Renewable,Solar,Rooftop,NA,NA,GWh,ES,2040,393.92939
Energy supply and use,Primary energy supply by source,Renewable,Solar,Rooftop,NA,NA,GWh,ES,2045,392.96719
Energy supply and use,Primary energy supply by source,Renewable,Solar,Rooftop,NA,NA,GWh,ES,2050,388.93836
Energy supply and use,Primary energy supply by source,Renewable,Solar,Rooftop,NA,NA,GWh,GO,2025,559.1564
Energy supply and use,Primary energy supply by source,Renewable,Solar,Rooftop,NA,NA,GWh,GO,2030,557.62872
Energy supply and use,Primary energy supply by source,Renewable,Solar,Rooftop,NA,NA,GWh,GO,2035,538.8045
Energy supply and use,Primary energy supply by source,Renewable,Solar,Rooftop,NA,NA,GWh,GO,2040,565.76604
Energy supply and use,Primary energy supply by source,Renewable,Solar,Rooftop,NA,NA,GWh,GO,2045,560.84936
Energy supply and use,Primary energy supply by source,Renewable,Solar,Rooftop,NA,NA,GWh,GO,2050,554.39903
Energy supply and use,Primary energy supply by source,Renewable,Solar,Rooftop,NA,NA,GWh,MA,2025,234.21302
Energy supply and use,Primary energy supply by source,Renewable,Solar,Rooftop,NA,NA,GWh,MA,2030,231.7914
Energy supply and use,Primary energy supply by source,Renewable,Solar,Rooftop,NA,NA,GWh,MA,2035,229.89668
Energy supply and use,Primary energy supply by source,Renewable,Solar,Rooftop,NA,NA,GWh,MA,2040,228.44143
Energy supply and use,Primary energy supply by source,Renewable,Solar,Rooftop,NA,NA,GWh,MA,2045,222.41689
Energy supply and use,Primary energy supply by source,Renewable,Solar,Rooftop,NA,NA,GWh,MA,2050,218.53353
Energy supply and use,Primary energy supply by source,Renewable,Solar,Rooftop,NA,NA,GWh,MG,2025,717.97512
Energy supply and use,Primary energy supply by source,Renewable,Solar,Rooftop,NA,NA,GWh,MG,2030,738.26423
Energy supply and use,Primary energy supply by source,Renewable,Solar,Rooftop,NA,NA,GWh,MG,2035,736.44699
Energy supply and use,Primary energy supply by source,Renewable,Solar,Rooftop,NA,NA,GWh,MG,2040,753.85096
Energy supply and use,Primary energy supply by source,Renewable,Solar,Rooftop,NA,NA,GWh,MG,2045,750.39749
Energy supply and use,Primary energy supply by source,Renewable,Solar,Rooftop,NA,NA,GWh,MG,2050,743.07937
Energy supply and use,Primary energy supply by source,Renewable,Solar,Rooftop,NA,NA,GWh,MS,2025,419.54157
Energy supply and use,Primary energy supply by source,Renewable,Solar,Rooftop,NA,NA,GWh,MS,2030,418.24131
Energy supply and use,Primary energy supply by source,Renewable,Solar,Rooftop,NA,NA,GWh,MS,2035,412.5989
Energy supply and use,Primary energy supply by source,Renewable,Solar,Rooftop,NA,NA,GWh,MS,2040,423.88807
Energy supply and use,Primary energy supply by source,Renewable,Solar,Rooftop,NA,NA,GWh,MS,2045,421.9348
Energy supply and use,Primary energy supply by source,Renewable,Solar,Rooftop,NA,NA,GWh,MS,2050,416.1236
Energy supply and use,Primary energy supply by source,Renewable,Solar,Rooftop,NA,NA,GWh,MT,2025,739.87322
Energy supply and use,Primary energy supply by source,Renewable,Solar,Rooftop,NA,NA,GWh,MT,2030,724.92455
Energy supply and use,Primary energy supply by source,Renewable,Solar,Rooftop,NA,NA,GWh,MT,2035,720.04508
Energy supply and use,Primary energy supply by source,Renewable,Solar,Rooftop,NA,NA,GWh,MT,2040,745.49442
Energy supply and use,Primary energy supply by source,Renewable,Solar,Rooftop,NA,NA,GWh,MT,2045,739.92204
Energy supply and use,Primary energy supply by source,Renewable,Solar,Rooftop,NA,NA,GWh,MT,2050,732.47708
Energy supply and use,Primary energy supply by source,Renewable,Solar,Rooftop,NA,NA,GWh,PA,2025,392.86778
Energy supply and use,Primary energy supply by source,Renewable,Solar,Rooftop,NA,NA,GWh,PA,2030,387.81996
Energy supply and use,Primary energy supply by source,Renewable,Solar,Rooftop,NA,NA,GWh,PA,2035,381.68396
Energy supply and use,Primary energy supply by source,Renewable,Solar,Rooftop,NA,NA,GWh,PA,2040,390.65002
Energy supply and use,Primary energy supply by source,Renewable,Solar,Rooftop,NA,NA,GWh,PA,2045,389.24266
Energy supply and use,Primary energy supply by source,Renewable,Solar,Rooftop,NA,NA,GWh,PA,2050,378.5143
Energy supply and use,Primary energy supply by source,Renewable,Solar,Rooftop,NA,NA,GWh,PB,2025,163.44674
Energy supply and use,Primary energy supply by source,Renewable,Solar,Rooftop,NA,NA,GWh,PB,2030,175.55043
Energy supply and use,Primary energy supply by source,Renewable,Solar,Rooftop,NA,NA,GWh,PB,2035,173.59743
Energy supply and use,Primary energy supply by source,Renewable,Solar,Rooftop,NA,NA,GWh,PB,2040,182.34928
Energy supply and use,Primary energy supply by source,Renewable,Solar,Rooftop,NA,NA,GWh,PB,2045,177.88416
Energy supply and use,Primary energy supply by source,Renewable,Solar,Rooftop,NA,NA,GWh,PB,2050,174.15676
Energy supply and use,Primary energy supply by source,Renewable,Solar,Rooftop,NA,NA,GWh,PE,2025,503.16082
Energy supply and use,Primary energy supply by source,Renewable,Solar,Rooftop,NA,NA,GWh,PE,2030,499.18445
Energy supply and use,Primary energy supply by source,Renewable,Solar,Rooftop,NA,NA,GWh,PE,2035,491.64099
Energy supply and use,Primary energy supply by source,Renewable,Solar,Rooftop,NA,NA,GWh,PE,2040,513.86366
Energy supply and use,Primary energy supply by source,Renewable,Solar,Rooftop,NA,NA,GWh,PE,2045,505.75366
Energy supply and use,Primary energy supply by source,Renewable,Solar,Rooftop,NA,NA,GWh,PE,2050,500.3616
Energy supply and use,Primary energy supply by source,Renewable,Solar,Rooftop,NA,NA,GWh,PI,2025,180.38393
Energy supply and use,Primary energy supply by source,Renewable,Solar,Rooftop,NA,NA,GWh,PI,2030,196.86825
Energy supply and use,Primary energy supply by source,Renewable,Solar,Rooftop,NA,NA,GWh,PI,2035,193.17735
Energy supply and use,Primary energy supply by source,Renewable,Solar,Rooftop,NA,NA,GWh,PI,2040,206.74695
Energy supply and use,Primary energy supply by source,Renewable,Solar,Rooftop,NA,NA,GWh,PI,2045,202.85517
Energy supply and use,Primary energy supply by source,Renewable,Solar,Rooftop,NA,NA,GWh,PI,2050,199.73581
Energy supply and use,Primary energy supply by source,Renewable,Solar,Rooftop,NA,NA,GWh,PR,2025,1021.31639
Energy supply and use,Primary energy supply by source,Renewable,Solar,Rooftop,NA,NA,GWh,PR,2030,1032.16403
Energy supply and use,Primary energy supply by source,Renewable,Solar,Rooftop,NA,NA,GWh,PR,2035,1031.1884
Energy supply and use,Primary energy supply by source,Renewable,Solar,Rooftop,NA,NA,GWh,PR,2040,1035.45554
Energy supply and use,Primary energy supply by source,Renewable,Solar,Rooftop,NA,NA,GWh,PR,2045,1034.40804
Energy supply and use,Primary energy supply by source,Renewable,Solar,Rooftop,NA,NA,GWh,PR,2050,1029.7397
Energy supply and use,Primary energy supply by source,Renewable,Solar,Rooftop,NA,NA,GWh,RJ,2025,457.64689
Energy supply and use,Primary energy supply by source,Renewable,Solar,Rooftop,NA,NA,GWh,RJ,2030,461.10532
Energy supply and use,Primary energy supply by source,Renewable,Solar,Rooftop,NA,NA,GWh,RJ,2035,460.07161
Energy supply and use,Primary energy supply by source,Renewable,Solar,Rooftop,NA,NA,GWh,RJ,2040,465.42969
Energy supply and use,Primary energy supply by source,Renewable,Solar,Rooftop,NA,NA,GWh,RJ,2045,463.78336
Energy supply and use,Primary energy supply by source,Renewable,Solar,Rooftop,NA,NA,GWh,RJ,2050,454.92666
Energy supply and use,Primary energy supply by source,Renewable,Solar,Rooftop,NA,NA,GWh,RN,2025,139.59235
Energy supply and use,Primary energy supply by source,Renewable,Solar,Rooftop,NA,NA,GWh,RN,2030,149.43352
Energy supply and use,Primary energy supply by source,Renewable,Solar,Rooftop,NA,NA,GWh,RN,2035,148.6428
Energy supply and use,Primary energy supply by source,Renewable,Solar,Rooftop,NA,NA,GWh,RN,2040,156.87122
Energy supply and use,Primary energy supply by source,Renewable,Solar,Rooftop,NA,NA,GWh,RN,2045,150.98331
Energy supply and use,Primary energy supply by source,Renewable,Solar,Rooftop,NA,NA,GWh,RN,2050,147.14247
Energy supply and use,Primary energy supply by source,Renewable,Solar,Rooftop,NA,NA,GWh,RO,2025,246.39016
Energy supply and use,Primary energy supply by source,Renewable,Solar,Rooftop,NA,NA,GWh,RO,2030,242.96273
Energy supply and use,Primary energy supply by source,Renewable,Solar,Rooftop,NA,NA,GWh,RO,2035,241.78041
Energy supply and use,Primary energy supply by source,Renewable,Solar,Rooftop,NA,NA,GWh,RO,2040,249.87458
Energy supply and use,Primary energy supply by source,Renewable,Solar,Rooftop,NA,NA,GWh,RO,2045,246.27774
Energy supply and use,Primary energy supply by source,Renewable,Solar,Rooftop,NA,NA,GWh,RO,2050,239.59889
Energy supply and use,Primary energy supply by source,Renewable,Solar,Rooftop,NA,NA,GWh,RR,2025,34.57971
Energy supply and use,Primary energy supply by source,Renewable,Solar,Rooftop,NA,NA,GWh,RR,2030,37.67194
Energy supply and use,Primary energy supply by source,Renewable,Solar,Rooftop,NA,NA,GWh,RR,2035,38.01137
Energy supply and use,Primary energy supply by source,Renewable,Solar,Rooftop,NA,NA,GWh,RR,2040,39.03171
Energy supply and use,Primary energy supply by source,Renewable,Solar,Rooftop,NA,NA,GWh,RR,2045,39.45101
Energy supply and use,Primary energy supply by source,Renewable,Solar,Rooftop,NA,NA,GWh,RR,2050,37.13639
Energy supply and use,Primary energy supply by source,Renewable,Solar,Rooftop,NA,NA,GWh,RS,2025,577.44682
Energy supply and use,Primary energy supply by source,Renewable,Solar,Rooftop,NA,NA,GWh,RS,2030,587.79712
Energy supply and use,Primary energy supply by source,Renewable,Solar,Rooftop,NA,NA,GWh,RS,2035,580.95436
Energy supply and use,Primary energy supply by source,Renewable,Solar,Rooftop,NA,NA,GWh,RS,2040,589.34926
Energy supply and use,Primary energy supply by source,Renewable,Solar,Rooftop,NA,NA,GWh,RS,2045,589.07958
Energy supply and use,Primary energy supply by source,Renewable,Solar,Rooftop,NA,NA,GWh,RS,2050,584.02571
Energy supply and use,Primary energy supply by source,Renewable,Solar,Rooftop,NA,NA,GWh,SC,2025,499.27635
Energy supply and use,Primary energy supply by source,Renewable,Solar,Rooftop,NA,NA,GWh,SC,2030,507.81696
Energy supply and use,Primary energy supply by source,Renewable,Solar,Rooftop,NA,NA,GWh,SC,2035,508.67016
Energy supply and use,Primary energy supply by source,Renewable,Solar,Rooftop,NA,NA,GWh,SC,2040,509.07196
Energy supply and use,Primary energy supply by source,Renewable,Solar,Rooftop,NA,NA,GWh,SC,2045,508.88477
Energy supply and use,Primary energy supply by source,Renewable,Solar,Rooftop,NA,NA,GWh,SC,2050,507.10411
Energy supply and use,Primary energy supply by source,Renewable,Solar,Rooftop,NA,NA,GWh,SE,2025,91.48526
Energy supply and use,Primary energy supply by source,Renewable,Solar,Rooftop,NA,NA,GWh,SE,2030,94.44229
Energy supply and use,Primary energy supply by source,Renewable,Solar,Rooftop,NA,NA,GWh,SE,2035,94.37832
Energy supply and use,Primary energy supply by source,Renewable,Solar,Rooftop,NA,NA,GWh,SE,2040,97.95772
Energy supply and use,Primary energy supply by source,Renewable,Solar,Rooftop,NA,NA,GWh,SE,2045,97.55337
Energy supply and use,Primary energy supply by source,Renewable,Solar,Rooftop,NA,NA,GWh,SE,2050,97.98981
Energy supply and use,Primary energy supply by source,Renewable,Solar,Rooftop,NA,NA,GWh,SP,2025,1621.70863
Energy supply and use,Primary energy supply by source,Renewable,Solar,Rooftop,NA,NA,GWh,SP,2030,1645.10016
Energy supply and use,Primary energy supply by source,Renewable,Solar,Rooftop,NA,NA,GWh,SP,2035,1645.16807
Energy supply and use,Primary energy supply by source,Renewable,Solar,Rooftop,NA,NA,GWh,SP,2040,1660.21721
Energy supply and use,Primary energy supply by source,Renewable,Solar,Rooftop,NA,NA,GWh,SP,2045,1654.31231
Energy supply and use,Primary energy supply by source,Renewable,Solar,Rooftop,NA,NA,GWh,SP,2050,1643.42988
Energy supply and use,Primary energy supply by source,Renewable,Solar,Rooftop,NA,NA,GWh,TO,2025,198.81344
Energy supply and use,Primary energy supply by source,Renewable,Solar,Rooftop,NA,NA,GWh,TO,2030,211.63188
Energy supply and use,Primary energy supply by source,Renewable,Solar,Rooftop,NA,NA,GWh,TO,2035,204.97653
Energy supply and use,Primary energy supply by source,Renewable,Solar,Rooftop,NA,NA,GWh,TO,2040,211.22635
Energy supply and use,Primary energy supply by source,Renewable,Solar,Rooftop,NA,NA,GWh,TO,2045,208.55269
Energy supply and use,Primary energy supply by source,Renewable,Solar,Rooftop,NA,NA,GWh,TO,2050,202.84131
Energy supply and use,Primary energy supply by source,Renewable,Solar,Utility-scale,NA,NA,GWh,AC,2025,15.69659
Energy supply and use,Primary energy supply by source,Renewable,Solar,Utility-scale,NA,NA,GWh,AC,2030,1653.15581
Energy supply and use,Primary energy supply by source,Renewable,Solar,Utility-scale,NA,NA,GWh,AC,2035,3219.82047
Energy supply and use,Primary energy supply by source,Renewable,Solar,Utility-scale,NA,NA,GWh,AC,2040,3845.46828
Energy supply and use,Primary energy supply by source,Renewable,Solar,Utility-scale,NA,NA,GWh,AC,2045,4378.08327
Energy supply and use,Primary energy supply by source,Renewable,Solar,Utility-scale,NA,NA,GWh,AC,2050,4547.32023
Energy supply and use,Primary energy supply by source,Renewable,Solar,Utility-scale,NA,NA,GWh,AL,2025,7.21904
Energy supply and use,Primary energy supply by source,Renewable,Solar,Utility-scale,NA,NA,GWh,AL,2030,8.56688
Energy supply and use,Primary energy supply by source,Renewable,Solar,Utility-scale,NA,NA,GWh,AL,2035,8.28334
Energy supply and use,Primary energy supply by source,Renewable,Solar,Utility-scale,NA,NA,GWh,AL,2040,9.21107
Energy supply and use,Primary energy supply by source,Renewable,Solar,Utility-scale,NA,NA,GWh,AL,2045,8.9008
Energy supply and use,Primary energy supply by source,Renewable,Solar,Utility-scale,NA,NA,GWh,AL,2050,60.48025
Energy supply and use,Primary energy supply by source,Renewable,Solar,Utility-scale,NA,NA,GWh,AM,2025,12.26699
Energy supply and use,Primary energy supply by source,Renewable,Solar,Utility-scale,NA,NA,GWh,AM,2030,15.52035
Energy supply and use,Primary energy supply by source,Renewable,Solar,Utility-scale,NA,NA,GWh,AM,2035,507.95409
Energy supply and use,Primary energy supply by source,Renewable,Solar,Utility-scale,NA,NA,GWh,AM,2040,1639.35869
Energy supply and use,Primary energy supply by source,Renewable,Solar,Utility-scale,NA,NA,GWh,AM,2045,1652.30823
Energy supply and use,Primary energy supply by source,Renewable,Solar,Utility-scale,NA,NA,GWh,AM,2050,2693.16964
Energy supply and use,Primary energy supply by source,Renewable,Solar,Utility-scale,NA,NA,GWh,AP,2025,8.27234
Energy supply and use,Primary energy supply by source,Renewable,Solar,Utility-scale,NA,NA,GWh,AP,2030,9.45735
Energy supply and use,Primary energy supply by source,Renewable,Solar,Utility-scale,NA,NA,GWh,AP,2035,384.63926
Energy supply and use,Primary energy supply by source,Renewable,Solar,Utility-scale,NA,NA,GWh,AP,2040,393.76473
Energy supply and use,Primary energy supply by source,Renewable,Solar,Utility-scale,NA,NA,GWh,AP,2045,395.97963
Energy supply and use,Primary energy supply by source,Renewable,Solar,Utility-scale,NA,NA,GWh,AP,2050,371.90326
Energy supply and use,Primary energy supply by source,Renewable,Solar,Utility-scale,NA,NA,GWh,BA,2025,5624.81485
Energy supply and use,Primary energy supply by source,Renewable,Solar,Utility-scale,NA,NA,GWh,BA,2030,5886.3317
Energy supply and use,Primary energy supply by source,Renewable,Solar,Utility-scale,NA,NA,GWh,BA,2035,5839.79379
Energy supply and use,Primary energy supply by source,Renewable,Solar,Utility-scale,NA,NA,GWh,BA,2040,5903.34761
Energy supply and use,Primary energy supply by source,Renewable,Solar,Utility-scale,NA,NA,GWh,BA,2045,5852.60372
Energy supply and use,Primary energy supply by source,Renewable,Solar,Utility-scale,NA,NA,GWh,BA,2050,5824.09392
Energy supply and use,Primary energy supply by source,Renewable,Solar,Utility-scale,NA,NA,GWh,CE,2025,5136.33926
Energy supply and use,Primary energy supply by source,Renewable,Solar,Utility-scale,NA,NA,GWh,CE,2030,5400.2646
Energy supply and use,Primary energy supply by source,Renewable,Solar,Utility-scale,NA,NA,GWh,CE,2035,5376.9352
Energy supply and use,Primary energy supply by source,Renewable,Solar,Utility-scale,NA,NA,GWh,CE,2040,5434.87817
Energy supply and use,Primary energy supply by source,Renewable,Solar,Utility-scale,NA,NA,GWh,CE,2045,5353.4516
Energy supply and use,Primary energy supply by source,Renewable,Solar,Utility-scale,NA,NA,GWh,CE,2050,5254.74948
Energy supply and use,Primary energy supply by source,Renewable,Solar,Utility-scale,NA,NA,GWh,ES,2025,8.3616
Energy supply and use,Primary energy supply by source,Renewable,Solar,Utility-scale,NA,NA,GWh,ES,2030,10.20959
Energy supply and use,Primary energy supply by source,Renewable,Solar,Utility-scale,NA,NA,GWh,ES,2035,14.43639
Energy supply and use,Primary energy supply by source,Renewable,Solar,Utility-scale,NA,NA,GWh,ES,2040,77.35049
Energy supply and use,Primary energy supply by source,Renewable,Solar,Utility-scale,NA,NA,GWh,ES,2045,76.678
Energy supply and use,Primary energy supply by source,Renewable,Solar,Utility-scale,NA,NA,GWh,ES,2050,133.03556
Energy supply and use,Primary energy supply by source,Renewable,Solar,Utility-scale,NA,NA,GWh,GO,2025,652.97838
Energy supply and use,Primary energy supply by source,Renewable,Solar,Utility-scale,NA,NA,GWh,GO,2030,6083.4301
Energy supply and use,Primary energy supply by source,Renewable,Solar,Utility-scale,NA,NA,GWh,GO,2035,13317.15798
Energy supply and use,Primary energy supply by source,Renewable,Solar,Utility-scale,NA,NA,GWh,GO,2040,13504.6606
Energy supply and use,Primary energy supply by source,Renewable,Solar,Utility-scale,NA,NA,GWh,GO,2045,13666.57946
Energy supply and use,Primary energy supply by source,Renewable,Solar,Utility-scale,NA,NA,GWh,GO,2050,15206.2791
Energy supply and use,Primary energy supply by source,Renewable,Solar,Utility-scale,NA,NA,GWh,MA,2025,32.79493
Energy supply and use,Primary energy supply by source,Renewable,Solar,Utility-scale,NA,NA,GWh,MA,2030,37.23719
Energy supply and use,Primary energy supply by source,Renewable,Solar,Utility-scale,NA,NA,GWh,MA,2035,920.00635
Energy supply and use,Primary energy supply by source,Renewable,Solar,Utility-scale,NA,NA,GWh,MA,2040,3589.53909
Energy supply and use,Primary energy supply by source,Renewable,Solar,Utility-scale,NA,NA,GWh,MA,2045,5382.15273
Energy supply and use,Primary energy supply by source,Renewable,Solar,Utility-scale,NA,NA,GWh,MA,2050,7234.85774
Energy supply and use,Primary energy supply by source,Renewable,Solar,Utility-scale,NA,NA,GWh,MG,2025,14235.91858
Energy supply and use,Primary energy supply by source,Renewable,Solar,Utility-scale,NA,NA,GWh,MG,2030,14641.09326
Energy supply and use,Primary energy supply by source,Renewable,Solar,Utility-scale,NA,NA,GWh,MG,2035,14905.62896
Energy supply and use,Primary energy supply by source,Renewable,Solar,Utility-scale,NA,NA,GWh,MG,2040,14969.97669
Energy supply and use,Primary energy supply by source,Renewable,Solar,Utility-scale,NA,NA,GWh,MG,2045,18512.1802
Energy supply and use,Primary energy supply by source,Renewable,Solar,Utility-scale,NA,NA,GWh,MG,2050,22102.65986
Energy supply and use,Primary energy supply by source,Renewable,Solar,Utility-scale,NA,NA,GWh,MS,2025,28.95525
Energy supply and use,Primary energy supply by source,Renewable,Solar,Utility-scale,NA,NA,GWh,MS,2030,2224.31741
Energy supply and use,Primary energy supply by source,Renewable,Solar,Utility-scale,NA,NA,GWh,MS,2035,5147.30518
Energy supply and use,Primary energy supply by source,Renewable,Solar,Utility-scale,NA,NA,GWh,MS,2040,5174.51726
Energy supply and use,Primary energy supply by source,Renewable,Solar,Utility-scale,NA,NA,GWh,MS,2045,5163.54513
Energy supply and use,Primary energy supply by source,Renewable,Solar,Utility-scale,NA,NA,GWh,MS,2050,5188.90898
Energy supply and use,Primary energy supply by source,Renewable,Solar,Utility-scale,NA,NA,GWh,MT,2025,29.69448
Energy supply and use,Primary energy supply by source,Renewable,Solar,Utility-scale,NA,NA,GWh,MT,2030,12094.64287
Energy supply and use,Primary energy supply by source,Renewable,Solar,Utility-scale,NA,NA,GWh,MT,2035,12045.65162
Energy supply and use,Primary energy supply by source,Renewable,Solar,Utility-scale,NA,NA,GWh,MT,2040,12159.29775
Energy supply and use,Primary energy supply by source,Renewable,Solar,Utility-scale,NA,NA,GWh,MT,2045,12127.55215
Energy supply and use,Primary energy supply by source,Renewable,Solar,Utility-scale,NA,NA,GWh,MT,2050,14451.15611
Energy supply and use,Primary energy supply by source,Renewable,Solar,Utility-scale,NA,NA,GWh,PA,2025,62.61425
Energy supply and use,Primary energy supply by source,Renewable,Solar,Utility-scale,NA,NA,GWh,PA,2030,5355.3754
Energy supply and use,Primary energy supply by source,Renewable,Solar,Utility-scale,NA,NA,GWh,PA,2035,8938.74323
Energy supply and use,Primary energy supply by source,Renewable,Solar,Utility-scale,NA,NA,GWh,PA,2040,9037.73767
Energy supply and use,Primary energy supply by source,Renewable,Solar,Utility-scale,NA,NA,GWh,PA,2045,11181.43442
Energy supply and use,Primary energy supply by source,Renewable,Solar,Utility-scale,NA,NA,GWh,PA,2050,11152.93471
Energy supply and use,Primary energy supply by source,Renewable,Solar,Utility-scale,NA,NA,GWh,PB,2025,2655.55389
Energy supply and use,Primary energy supply by source,Renewable,Solar,Utility-scale,NA,NA,GWh,PB,2030,2811.85425
Energy supply and use,Primary energy supply by source,Renewable,Solar,Utility-scale,NA,NA,GWh,PB,2035,2800.19406
Energy supply and use,Primary energy supply by source,Renewable,Solar,Utility-scale,NA,NA,GWh,PB,2040,2891.57867
Energy supply and use,Primary energy supply by source,Renewable,Solar,Utility-scale,NA,NA,GWh,PB,2045,2822.55891
Energy supply and use,Primary energy supply by source,Renewable,Solar,Utility-scale,NA,NA,GWh,PB,2050,2760.93205
Energy supply and use,Primary energy supply by source,Renewable,Solar,Utility-scale,NA,NA,GWh,PE,2025,3283.0538
Energy supply and use,Primary energy supply by source,Renewable,Solar,Utility-scale,NA,NA,GWh,PE,2030,3277.35742
Energy supply and use,Primary energy supply by source,Renewable,Solar,Utility-scale,NA,NA,GWh,PE,2035,3232.98194
Energy supply and use,Primary energy supply by source,Renewable,Solar,Utility-scale,NA,NA,GWh,PE,2040,3311.52585
Energy supply and use,Primary energy supply by source,Renewable,Solar,Utility-scale,NA,NA,GWh,PE,2045,3239.10374
Energy supply and use,Primary energy supply by source,Renewable,Solar,Utility-scale,NA,NA,GWh,PE,2050,3171.90405
Energy supply and use,Primary energy supply by source,Renewable,Solar,Utility-scale,NA,NA,GWh,PI,2025,6008.25256
Energy supply and use,Primary energy supply by source,Renewable,Solar,Utility-scale,NA,NA,GWh,PI,2030,6406.61805
Energy supply and use,Primary energy supply by source,Renewable,Solar,Utility-scale,NA,NA,GWh,PI,2035,6343.71289
Energy supply and use,Primary energy supply by source,Renewable,Solar,Utility-scale,NA,NA,GWh,PI,2040,6537.63023
Energy supply and use,Primary energy supply by source,Renewable,Solar,Utility-scale,NA,NA,GWh,PI,2045,6415.71788
Energy supply and use,Primary energy supply by source,Renewable,Solar,Utility-scale,NA,NA,GWh,PI,2050,6344.7629
Energy supply and use,Primary energy supply by source,Renewable,Solar,Utility-scale,NA,NA,GWh,PR,2025,22.22559
Energy supply and use,Primary energy supply by source,Renewable,Solar,Utility-scale,NA,NA,GWh,PR,2030,731.53618
Energy supply and use,Primary energy supply by source,Renewable,Solar,Utility-scale,NA,NA,GWh,PR,2035,2724.83054
Energy supply and use,Primary energy supply by source,Renewable,Solar,Utility-scale,NA,NA,GWh,PR,2040,6621.33935
Energy supply and use,Primary energy supply by source,Renewable,Solar,Utility-scale,NA,NA,GWh,PR,2045,10698.23315
Energy supply and use,Primary energy supply by source,Renewable,Solar,Utility-scale,NA,NA,GWh,PR,2050,13418.29028
Energy supply and use,Primary energy supply by source,Renewable,Solar,Utility-scale,NA,NA,GWh,RJ,2025,17.94337
Energy supply and use,Primary energy supply by source,Renewable,Solar,Utility-scale,NA,NA,GWh,RJ,2030,1660.31649
Energy supply and use,Primary energy supply by source,Renewable,Solar,Utility-scale,NA,NA,GWh,RJ,2035,3879.18487
Energy supply and use,Primary energy supply by source,Renewable,Solar,Utility-scale,NA,NA,GWh,RJ,2040,5566.35126
Energy supply and use,Primary energy supply by source,Renewable,Solar,Utility-scale,NA,NA,GWh,RJ,2045,5930.43138
Energy supply and use,Primary energy supply by source,Renewable,Solar,Utility-scale,NA,NA,GWh,RJ,2050,14091.76307
Energy supply and use,Primary energy supply by source,Renewable,Solar,Utility-scale,NA,NA,GWh,RN,2025,2824.40929
Energy supply and use,Primary energy supply by source,Renewable,Solar,Utility-scale,NA,NA,GWh,RN,2030,3028.24789
Energy supply and use,Primary energy supply by source,Renewable,Solar,Utility-scale,NA,NA,GWh,RN,2035,2975.40686
Energy supply and use,Primary energy supply by source,Renewable,Solar,Utility-scale,NA,NA,GWh,RN,2040,3113.74071
Energy supply and use,Primary energy supply by source,Renewable,Solar,Utility-scale,NA,NA,GWh,RN,2045,2950.84345
Energy supply and use,Primary energy supply by source,Renewable,Solar,Utility-scale,NA,NA,GWh,RN,2050,2883.39614
Energy supply and use,Primary energy supply by source,Renewable,Solar,Utility-scale,NA,NA,GWh,RO,2025,38.32761
Energy supply and use,Primary energy supply by source,Renewable,Solar,Utility-scale,NA,NA,GWh,RO,2030,45.01051
Energy supply and use,Primary energy supply by source,Renewable,Solar,Utility-scale,NA,NA,GWh,RO,2035,45.69682
Energy supply and use,Primary energy supply by source,Renewable,Solar,Utility-scale,NA,NA,GWh,RO,2040,209.94026
Energy supply and use,Primary energy supply by source,Renewable,Solar,Utility-scale,NA,NA,GWh,RO,2045,3248.98808
Energy supply and use,Primary energy supply by source,Renewable,Solar,Utility-scale,NA,NA,GWh,RO,2050,5205.6749
Energy supply and use,Primary energy supply by source,Renewable,Solar,Utility-scale,NA,NA,GWh,RR,2025,5.54808
Energy supply and use,Primary energy supply by source,Renewable,Solar,Utility-scale,NA,NA,GWh,RR,2030,6.72471
Energy supply and use,Primary energy supply by source,Renewable,Solar,Utility-scale,NA,NA,GWh,RR,2035,6.85786
Energy supply and use,Primary energy supply by source,Renewable,Solar,Utility-scale,NA,NA,GWh,RR,2040,12.11022
Energy supply and use,Primary energy supply by source,Renewable,Solar,Utility-scale,NA,NA,GWh,RR,2045,987.08178
Energy supply and use,Primary energy supply by source,Renewable,Solar,Utility-scale,NA,NA,GWh,RR,2050,3024.5284
Energy supply and use,Primary energy supply by source,Renewable,Solar,Utility-scale,NA,NA,GWh,RS,2025,30.61436
Energy supply and use,Primary energy supply by source,Renewable,Solar,Utility-scale,NA,NA,GWh,RS,2030,836.10587
Energy supply and use,Primary energy supply by source,Renewable,Solar,Utility-scale,NA,NA,GWh,RS,2035,6922.80278
Energy supply and use,Primary energy supply by source,Renewable,Solar,Utility-scale,NA,NA,GWh,RS,2040,9400.56601
Energy supply and use,Primary energy supply by source,Renewable,Solar,Utility-scale,NA,NA,GWh,RS,2045,10764.6147
Energy supply and use,Primary energy supply by source,Renewable,Solar,Utility-scale,NA,NA,GWh,RS,2050,16523.82322
Energy supply and use,Primary energy supply by source,Renewable,Solar,Utility-scale,NA,NA,GWh,SC,2025,10.59725
Energy supply and use,Primary energy supply by source,Renewable,Solar,Utility-scale,NA,NA,GWh,SC,2030,14.64307
Energy supply and use,Primary energy supply by source,Renewable,Solar,Utility-scale,NA,NA,GWh,SC,2035,17.1045
Energy supply and use,Primary energy supply by source,Renewable,Solar,Utility-scale,NA,NA,GWh,SC,2040,17.54004
Energy supply and use,Primary energy supply by source,Renewable,Solar,Utility-scale,NA,NA,GWh,SC,2045,17.70171
Energy supply and use,Primary energy supply by source,Renewable,Solar,Utility-scale,NA,NA,GWh,SC,2050,106.19203
Energy supply and use,Primary energy supply by source,Renewable,Solar,Utility-scale,NA,NA,GWh,SE,2025,7.65076
Energy supply and use,Primary energy supply by source,Renewable,Solar,Utility-scale,NA,NA,GWh,SE,2030,9.08561
Energy supply and use,Primary energy supply by source,Renewable,Solar,Utility-scale,NA,NA,GWh,SE,2035,8.7425
Energy supply and use,Primary energy supply by source,Renewable,Solar,Utility-scale,NA,NA,GWh,SE,2040,9.77524
Energy supply and use,Primary energy supply by source,Renewable,Solar,Utility-scale,NA,NA,GWh,SE,2045,9.30538
Energy supply and use,Primary energy supply by source,Renewable,Solar,Utility-scale,NA,NA,GWh,SE,2050,309.81773
Energy supply and use,Primary energy supply by source,Renewable,Solar,Utility-scale,NA,NA,GWh,SP,2025,2103.69646
Energy supply and use,Primary energy supply by source,Renewable,Solar,Utility-scale,NA,NA,GWh,SP,2030,4015.14015
Energy supply and use,Primary energy supply by source,Renewable,Solar,Utility-scale,NA,NA,GWh,SP,2035,4566.75514
Energy supply and use,Primary energy supply by source,Renewable,Solar,Utility-scale,NA,NA,GWh,SP,2040,23961.59197
Energy supply and use,Primary energy supply by source,Renewable,Solar,Utility-scale,NA,NA,GWh,SP,2045,50968.31931
Energy supply and use,Primary energy supply by source,Renewable,Solar,Utility-scale,NA,NA,GWh,SP,2050,78058.30493
Energy supply and use,Primary energy supply by source,Renewable,Solar,Utility-scale,NA,NA,GWh,TO,2025,35.07746
Energy supply and use,Primary energy supply by source,Renewable,Solar,Utility-scale,NA,NA,GWh,TO,2030,830.00052
Energy supply and use,Primary energy supply by source,Renewable,Solar,Utility-scale,NA,NA,GWh,TO,2035,3309.75612
Energy supply and use,Primary energy supply by source,Renewable,Solar,Utility-scale,NA,NA,GWh,TO,2040,3438.70493
Energy supply and use,Primary energy supply by source,Renewable,Solar,Utility-scale,NA,NA,GWh,TO,2045,4061.80176
Energy supply and use,Primary energy supply by source,Renewable,Solar,Utility-scale,NA,NA,GWh,TO,2050,4241.88033
Energy supply and use,Primary energy supply by source,Renewable,Sugarcane biomass,Sugarcane,NA,NA,GWh,AC,2025,0.0
Energy supply and use,Primary energy supply by source,Renewable,Sugarcane biomass,Sugarcane,NA,NA,GWh,AC,2030,0.0
Energy supply and use,Primary energy supply by source,Renewable,Sugarcane biomass,Sugarcane,NA,NA,GWh,AC,2035,0.0
Energy supply and use,Primary energy supply by source,Renewable,Sugarcane biomass,Sugarcane,NA,NA,GWh,AC,2040,0.0
Energy supply and use,Primary energy supply by source,Renewable,Sugarcane biomass,Sugarcane,NA,NA,GWh,AC,2045,0.0
Energy supply and use,Primary energy supply by source,Renewable,Sugarcane biomass,Sugarcane,NA,NA,GWh,AC,2050,0.0
Energy supply and use,Primary energy supply by source,Renewable,Sugarcane biomass,Sugarcane,NA,NA,GWh,AL,2025,0.0
Energy supply and use,Primary energy supply by source,Renewable,Sugarcane biomass,Sugarcane,NA,NA,GWh,AL,2030,0.0
Energy supply and use,Primary energy supply by source,Renewable,Sugarcane biomass,Sugarcane,NA,NA,GWh,AL,2035,0.0
Energy supply and use,Primary energy supply by source,Renewable,Sugarcane biomass,Sugarcane,NA,NA,GWh,AL,2040,0.0
Energy supply and use,Primary energy supply by source,Renewable,Sugarcane biomass,Sugarcane,NA,NA,GWh,AL,2045,0.0
Energy supply and use,Primary energy supply by source,Renewable,Sugarcane biomass,Sugarcane,NA,NA,GWh,AL,2050,0.0
Energy supply and use,Primary energy supply by source,Renewable,Sugarcane biomass,Sugarcane,NA,NA,GWh,AM,2025,0.0
Energy supply and use,Primary energy supply by source,Renewable,Sugarcane biomass,Sugarcane,NA,NA,GWh,AM,2030,0.0
Energy supply and use,Primary energy supply by source,Renewable,Sugarcane biomass,Sugarcane,NA,NA,GWh,AM,2035,0.0
Energy supply and use,Primary energy supply by source,Renewable,Sugarcane biomass,Sugarcane,NA,NA,GWh,AM,2040,0.0
Energy supply and use,Primary energy supply by source,Renewable,Sugarcane biomass,Sugarcane,NA,NA,GWh,AM,2045,0.0
Energy supply and use,Primary energy supply by source,Renewable,Sugarcane biomass,Sugarcane,NA,NA,GWh,AM,2050,0.0
Energy supply and use,Primary energy supply by source,Renewable,Sugarcane biomass,Sugarcane,NA,NA,GWh,AP,2025,0.0
Energy supply and use,Primary energy supply by source,Renewable,Sugarcane biomass,Sugarcane,NA,NA,GWh,AP,2030,0.0
Energy supply and use,Primary energy supply by source,Renewable,Sugarcane biomass,Sugarcane,NA,NA,GWh,AP,2035,0.0
Energy supply and use,Primary energy supply by source,Renewable,Sugarcane biomass,Sugarcane,NA,NA,GWh,AP,2040,0.0
Energy supply and use,Primary energy supply by source,Renewable,Sugarcane biomass,Sugarcane,NA,NA,GWh,AP,2045,0.0
Energy supply and use,Primary energy supply by source,Renewable,Sugarcane biomass,Sugarcane,NA,NA,GWh,AP,2050,0.0
Energy supply and use,Primary energy supply by source,Renewable,Sugarcane biomass,Sugarcane,NA,NA,GWh,BA,2025,293.38173
Energy supply and use,Primary energy supply by source,Renewable,Sugarcane biomass,Sugarcane,NA,NA,GWh,BA,2030,617.70253
Energy supply and use,Primary energy supply by source,Renewable,Sugarcane biomass,Sugarcane,NA,NA,GWh,BA,2035,15713.80687
Energy supply and use,Primary energy supply by source,Renewable,Sugarcane biomass,Sugarcane,NA,NA,GWh,BA,2040,18096.36372
Energy supply and use,Primary energy supply by source,Renewable,Sugarcane biomass,Sugarcane,NA,NA,GWh,BA,2045,42236.01153
Energy supply and use,Primary energy supply by source,Renewable,Sugarcane biomass,Sugarcane,NA,NA,GWh,BA,2050,19835.09126
Energy supply and use,Primary energy supply by source,Renewable,Sugarcane biomass,Sugarcane,NA,NA,GWh,CE,2025,88.91822
Energy supply and use,Primary energy supply by source,Renewable,Sugarcane biomass,Sugarcane,NA,NA,GWh,CE,2030,341.4591
Energy supply and use,Primary energy supply by source,Renewable,Sugarcane biomass,Sugarcane,NA,NA,GWh,CE,2035,576.24896
Energy supply and use,Primary energy supply by source,Renewable,Sugarcane biomass,Sugarcane,NA,NA,GWh,CE,2040,2850.71006
Energy supply and use,Primary energy supply by source,Renewable,Sugarcane biomass,Sugarcane,NA,NA,GWh,CE,2045,2852.45702
Energy supply and use,Primary energy supply by source,Renewable,Sugarcane biomass,Sugarcane,NA,NA,GWh,CE,2050,674.6977
Energy supply and use,Primary energy supply by source,Renewable,Sugarcane biomass,Sugarcane,NA,NA,GWh,DF,2025,8.70276
Energy supply and use,Primary energy supply by source,Renewable,Sugarcane biomass,Sugarcane,NA,NA,GWh,DF,2030,39.23542
Energy supply and use,Primary energy supply by source,Renewable,Sugarcane biomass,Sugarcane,NA,NA,GWh,DF,2035,65.04612
Energy supply and use,Primary energy supply by source,Renewable,Sugarcane biomass,Sugarcane,NA,NA,GWh,DF,2040,73.6926
Energy supply and use,Primary energy supply by source,Renewable,Sugarcane biomass,Sugarcane,NA,NA,GWh,DF,2045,86.31302
Energy supply and use,Primary energy supply by source,Renewable,Sugarcane biomass,Sugarcane,NA,NA,GWh,DF,2050,76.66456
Energy supply and use,Primary energy supply by source,Renewable,Sugarcane biomass,Sugarcane,NA,NA,GWh,ES,2025,371.22024
Energy supply and use,Primary energy supply by source,Renewable,Sugarcane biomass,Sugarcane,NA,NA,GWh,ES,2030,1023.52965
Energy supply and use,Primary energy supply by source,Renewable,Sugarcane biomass,Sugarcane,NA,NA,GWh,ES,2035,1993.25311
Energy supply and use,Primary energy supply by source,Renewable,Sugarcane biomass,Sugarcane,NA,NA,GWh,ES,2040,2542.00341
Energy supply and use,Primary energy supply by source,Renewable,Sugarcane biomass,Sugarcane,NA,NA,GWh,ES,2045,8470.32171
Energy supply and use,Primary energy supply by source,Renewable,Sugarcane biomass,Sugarcane,NA,NA,GWh,ES,2050,8527.3088
Energy supply and use,Primary energy supply by source,Renewable,Sugarcane biomass,Sugarcane,NA,NA,GWh,GO,2025,1149.04744
Energy supply and use,Primary energy supply by source,Renewable,Sugarcane biomass,Sugarcane,NA,NA,GWh,GO,2030,997.97193
Energy supply and use,Primary energy supply by source,Renewable,Sugarcane biomass,Sugarcane,NA,NA,GWh,GO,2035,10265.9725
Energy supply and use,Primary energy supply by source,Renewable,Sugarcane biomass,Sugarcane,NA,NA,GWh,GO,2040,10565.68434
Energy supply and use,Primary energy supply by source,Renewable,Sugarcane biomass,Sugarcane,NA,NA,GWh,GO,2045,91635.09979
Energy supply and use,Primary energy supply by source,Renewable,Sugarcane biomass,Sugarcane,NA,NA,GWh,GO,2050,117223.85366
Energy supply and use,Primary energy supply by source,Renewable,Sugarcane biomass,Sugarcane,NA,NA,GWh,MA,2025,260.60308
Energy supply and use,Primary energy supply by source,Renewable,Sugarcane biomass,Sugarcane,NA,NA,GWh,MA,2030,375.05318
Energy supply and use,Primary energy supply by source,Renewable,Sugarcane biomass,Sugarcane,NA,NA,GWh,MA,2035,722.10836
Energy supply and use,Primary energy supply by source,Renewable,Sugarcane biomass,Sugarcane,NA,NA,GWh,MA,2040,733.1639
Energy supply and use,Primary energy supply by source,Renewable,Sugarcane biomass,Sugarcane,NA,NA,GWh,MA,2045,1355.68436
Energy supply and use,Primary energy supply by source,Renewable,Sugarcane biomass,Sugarcane,NA,NA,GWh,MA,2050,463.49789
Energy supply and use,Primary energy supply by source,Renewable,Sugarcane biomass,Sugarcane,NA,NA,GWh,MG,2025,750.97595
Energy supply and use,Primary energy supply by source,Renewable,Sugarcane biomass,Sugarcane,NA,NA,GWh,MG,2030,378.61514
Energy supply and use,Primary energy supply by source,Renewable,Sugarcane biomass,Sugarcane,NA,NA,GWh,MG,2035,20061.37549
Energy supply and use,Primary energy supply by source,Renewable,Sugarcane biomass,Sugarcane,NA,NA,GWh,MG,2040,20110.42507
Energy supply and use,Primary energy supply by source,Renewable,Sugarcane biomass,Sugarcane,NA,NA,GWh,MG,2045,30888.5852
Energy supply and use,Primary energy supply by source,Renewable,Sugarcane biomass,Sugarcane,NA,NA,GWh,MG,2050,114681.51934
Energy supply and use,Primary energy supply by source,Renewable,Sugarcane biomass,Sugarcane,NA,NA,GWh,MS,2025,440.59401
Energy supply and use,Primary energy supply by source,Renewable,Sugarcane biomass,Sugarcane,NA,NA,GWh,MS,2030,6594.24939
Energy supply and use,Primary energy supply by source,Renewable,Sugarcane biomass,Sugarcane,NA,NA,GWh,MS,2035,94402.03907
Energy supply and use,Primary energy supply by source,Renewable,Sugarcane biomass,Sugarcane,NA,NA,GWh,MS,2040,170552.24559
Energy supply and use,Primary energy supply by source,Renewable,Sugarcane biomass,Sugarcane,NA,NA,GWh,MS,2045,238799.2625
Energy supply and use,Primary energy supply by source,Renewable,Sugarcane biomass,Sugarcane,NA,NA,GWh,MS,2050,332495.68671
Energy supply and use,Primary energy supply by source,Renewable,Sugarcane biomass,Sugarcane,NA,NA,GWh,MT,2025,346.96634
Energy supply and use,Primary energy supply by source,Renewable,Sugarcane biomass,Sugarcane,NA,NA,GWh,MT,2030,14125.59907
Energy supply and use,Primary energy supply by source,Renewable,Sugarcane biomass,Sugarcane,NA,NA,GWh,MT,2035,117005.55933
Energy supply and use,Primary energy supply by source,Renewable,Sugarcane biomass,Sugarcane,NA,NA,GWh,MT,2040,204872.41123
Energy supply and use,Primary energy supply by source,Renewable,Sugarcane biomass,Sugarcane,NA,NA,GWh,MT,2045,204887.99039
Energy supply and use,Primary energy supply by source,Renewable,Sugarcane biomass,Sugarcane,NA,NA,GWh,MT,2050,191819.00299
Energy supply and use,Primary energy supply by source,Renewable,Sugarcane biomass,Sugarcane,NA,NA,GWh,PA,2025,4.32778
Energy supply and use,Primary energy supply by source,Renewable,Sugarcane biomass,Sugarcane,NA,NA,GWh,PA,2030,5.54173
Energy supply and use,Primary energy supply by source,Renewable,Sugarcane biomass,Sugarcane,NA,NA,GWh,PA,2035,6.90876
Energy supply and use,Primary energy supply by source,Renewable,Sugarcane biomass,Sugarcane,NA,NA,GWh,PA,2040,6.75623
Energy supply and use,Primary energy supply by source,Renewable,Sugarcane biomass,Sugarcane,NA,NA,GWh,PA,2045,6.60701
Energy supply and use,Primary energy supply by source,Renewable,Sugarcane biomass,Sugarcane,NA,NA,GWh,PA,2050,4.90646
Energy supply and use,Primary energy supply by source,Renewable,Sugarcane biomass,Sugarcane,NA,NA,GWh,PB,2025,258.91606
Energy supply and use,Primary energy supply by source,Renewable,Sugarcane biomass,Sugarcane,NA,NA,GWh,PB,2030,3768.36897
Energy supply and use,Primary energy supply by source,Renewable,Sugarcane biomass,Sugarcane,NA,NA,GWh,PB,2035,3792.09862
Energy supply and use,Primary energy supply by source,Renewable,Sugarcane biomass,Sugarcane,NA,NA,GWh,PB,2040,3792.03501
Energy supply and use,Primary energy supply by source,Renewable,Sugarcane biomass,Sugarcane,NA,NA,GWh,PB,2045,3791.8475
Energy supply and use,Primary energy supply by source,Renewable,Sugarcane biomass,Sugarcane,NA,NA,GWh,PB,2050,799.08485
Energy supply and use,Primary energy supply by source,Renewable,Sugarcane biomass,Sugarcane,NA,NA,GWh,PE,2025,506.9573
Energy supply and use,Primary energy supply by source,Renewable,Sugarcane biomass,Sugarcane,NA,NA,GWh,PE,2030,7732.49175
Energy supply and use,Primary energy supply by source,Renewable,Sugarcane biomass,Sugarcane,NA,NA,GWh,PE,2035,8399.36678
Energy supply and use,Primary energy supply by source,Renewable,Sugarcane biomass,Sugarcane,NA,NA,GWh,PE,2040,8398.35016
Energy supply and use,Primary energy supply by source,Renewable,Sugarcane biomass,Sugarcane,NA,NA,GWh,PE,2045,8398.75092
Energy supply and use,Primary energy supply by source,Renewable,Sugarcane biomass,Sugarcane,NA,NA,GWh,PE,2050,2113.38627
Energy supply and use,Primary energy supply by source,Renewable,Sugarcane biomass,Sugarcane,NA,NA,GWh,PI,2025,175.51162
Energy supply and use,Primary energy supply by source,Renewable,Sugarcane biomass,Sugarcane,NA,NA,GWh,PI,2030,303.71486
Energy supply and use,Primary energy supply by source,Renewable,Sugarcane biomass,Sugarcane,NA,NA,GWh,PI,2035,628.86669
Energy supply and use,Primary energy supply by source,Renewable,Sugarcane biomass,Sugarcane,NA,NA,GWh,PI,2040,657.55566
Energy supply and use,Primary energy supply by source,Renewable,Sugarcane biomass,Sugarcane,NA,NA,GWh,PI,2045,679.86771
Energy supply and use,Primary energy supply by source,Renewable,Sugarcane biomass,Sugarcane,NA,NA,GWh,PI,2050,341.9445
Energy supply and use,Primary energy supply by source,Renewable,Sugarcane biomass,Sugarcane,NA,NA,GWh,PR,2025,158.92367
Energy supply and use,Primary energy supply by source,Renewable,Sugarcane biomass,Sugarcane,NA,NA,GWh,PR,2030,65.96399
Energy supply and use,Primary energy supply by source,Renewable,Sugarcane biomass,Sugarcane,NA,NA,GWh,PR,2035,6743.86264
Energy supply and use,Primary energy supply by source,Renewable,Sugarcane biomass,Sugarcane,NA,NA,GWh,PR,2040,6851.70656
Energy supply and use,Primary energy supply by source,Renewable,Sugarcane biomass,Sugarcane,NA,NA,GWh,PR,2045,7641.31122
Energy supply and use,Primary energy supply by source,Renewable,Sugarcane biomass,Sugarcane,NA,NA,GWh,PR,2050,59031.96337
Energy supply and use,Primary energy supply by source,Renewable,Sugarcane biomass,Sugarcane,NA,NA,GWh,RJ,2025,1387.90552
Energy supply and use,Primary energy supply by source,Renewable,Sugarcane biomass,Sugarcane,NA,NA,GWh,RJ,2030,2496.12415
Energy supply and use,Primary energy supply by source,Renewable,Sugarcane biomass,Sugarcane,NA,NA,GWh,RJ,2035,3861.44754
Energy supply and use,Primary energy supply by source,Renewable,Sugarcane biomass,Sugarcane,NA,NA,GWh,RJ,2040,3861.76326
Energy supply and use,Primary energy supply by source,Renewable,Sugarcane biomass,Sugarcane,NA,NA,GWh,RJ,2045,3862.60661
Energy supply and use,Primary energy supply by source,Renewable,Sugarcane biomass,Sugarcane,NA,NA,GWh,RJ,2050,1647.6931
Energy supply and use,Primary energy supply by source,Renewable,Sugarcane biomass,Sugarcane,NA,NA,GWh,RN,2025,204.69611
Energy supply and use,Primary energy supply by source,Renewable,Sugarcane biomass,Sugarcane,NA,NA,GWh,RN,2030,3182.37145
Energy supply and use,Primary energy supply by source,Renewable,Sugarcane biomass,Sugarcane,NA,NA,GWh,RN,2035,4521.69049
Energy supply and use,Primary energy supply by source,Renewable,Sugarcane biomass,Sugarcane,NA,NA,GWh,RN,2040,4532.16835
Energy supply and use,Primary energy supply by source,Renewable,Sugarcane biomass,Sugarcane,NA,NA,GWh,RN,2045,4534.25529
Energy supply and use,Primary energy supply by source,Renewable,Sugarcane biomass,Sugarcane,NA,NA,GWh,RN,2050,1466.44757
Energy supply and use,Primary energy supply by source,Renewable,Sugarcane biomass,Sugarcane,NA,NA,GWh,RO,2025,2.72966
Energy supply and use,Primary energy supply by source,Renewable,Sugarcane biomass,Sugarcane,NA,NA,GWh,RO,2030,3.79338
Energy supply and use,Primary energy supply by source,Renewable,Sugarcane biomass,Sugarcane,NA,NA,GWh,RO,2035,4.35255
Energy supply and use,Primary energy supply by source,Renewable,Sugarcane biomass,Sugarcane,NA,NA,GWh,RO,2040,4.25998
Energy supply and use,Primary energy supply by source,Renewable,Sugarcane biomass,Sugarcane,NA,NA,GWh,RO,2045,4.1701
Energy supply and use,Primary energy supply by source,Renewable,Sugarcane biomass,Sugarcane,NA,NA,GWh,RO,2050,3.37025
Energy supply and use,Primary energy supply by source,Renewable,Sugarcane biomass,Sugarcane,NA,NA,GWh,RR,2025,0.0
Energy supply and use,Primary energy supply by source,Renewable,Sugarcane biomass,Sugarcane,NA,NA,GWh,RR,2030,0.0
Energy supply and use,Primary energy supply by source,Renewable,Sugarcane biomass,Sugarcane,NA,NA,GWh,RR,2035,0.0
Energy supply and use,Primary energy supply by source,Renewable,Sugarcane biomass,Sugarcane,NA,NA,GWh,RR,2040,0.0
Energy supply and use,Primary energy supply by source,Renewable,Sugarcane biomass,Sugarcane,NA,NA,GWh,RR,2045,0.0
Energy supply and use,Primary energy supply by source,Renewable,Sugarcane biomass,Sugarcane,NA,NA,GWh,RR,2050,0.0
Energy supply and use,Primary energy supply by source,Renewable,Sugarcane biomass,Sugarcane,NA,NA,GWh,RS,2025,31.96604
Energy supply and use,Primary energy supply by source,Renewable,Sugarcane biomass,Sugarcane,NA,NA,GWh,RS,2030,29.20931
Energy supply and use,Primary energy supply by source,Renewable,Sugarcane biomass,Sugarcane,NA,NA,GWh,RS,2035,199.08069
Energy supply and use,Primary energy supply by source,Renewable,Sugarcane biomass,Sugarcane,NA,NA,GWh,RS,2040,208.6216
Energy supply and use,Primary energy supply by source,Renewable,Sugarcane biomass,Sugarcane,NA,NA,GWh,RS,2045,231.51732
Energy supply and use,Primary energy supply by source,Renewable,Sugarcane biomass,Sugarcane,NA,NA,GWh,RS,2050,1552.02698
Energy supply and use,Primary energy supply by source,Renewable,Sugarcane biomass,Sugarcane,NA,NA,GWh,SC,2025,17.55441
Energy supply and use,Primary energy supply by source,Renewable,Sugarcane biomass,Sugarcane,NA,NA,GWh,SC,2030,36.6782
Energy supply and use,Primary energy supply by source,Renewable,Sugarcane biomass,Sugarcane,NA,NA,GWh,SC,2035,262.04699
Energy supply and use,Primary energy supply by source,Renewable,Sugarcane biomass,Sugarcane,NA,NA,GWh,SC,2040,277.51809
Energy supply and use,Primary energy supply by source,Renewable,Sugarcane biomass,Sugarcane,NA,NA,GWh,SC,2045,300.84871
Energy supply and use,Primary energy supply by source,Renewable,Sugarcane biomass,Sugarcane,NA,NA,GWh,SC,2050,765.34322
Energy supply and use,Primary energy supply by source,Renewable,Sugarcane biomass,Sugarcane,NA,NA,GWh,SE,2025,123.40891
Energy supply and use,Primary energy supply by source,Renewable,Sugarcane biomass,Sugarcane,NA,NA,GWh,SE,2030,219.02304
Energy supply and use,Primary energy supply by source,Renewable,Sugarcane biomass,Sugarcane,NA,NA,GWh,SE,2035,962.30912
Energy supply and use,Primary energy supply by source,Renewable,Sugarcane biomass,Sugarcane,NA,NA,GWh,SE,2040,967.3518
Energy supply and use,Primary energy supply by source,Renewable,Sugarcane biomass,Sugarcane,NA,NA,GWh,SE,2045,976.33285
Energy supply and use,Primary energy supply by source,Renewable,Sugarcane biomass,Sugarcane,NA,NA,GWh,SE,2050,772.89087
Energy supply and use,Primary energy supply by source,Renewable,Sugarcane biomass,Sugarcane,NA,NA,GWh,SP,2025,21279.98519
Energy supply and use,Primary energy supply by source,Renewable,Sugarcane biomass,Sugarcane,NA,NA,GWh,SP,2030,24661.71027
Energy supply and use,Primary energy supply by source,Renewable,Sugarcane biomass,Sugarcane,NA,NA,GWh,SP,2035,60487.73969
Energy supply and use,Primary energy supply by source,Renewable,Sugarcane biomass,Sugarcane,NA,NA,GWh,SP,2040,153494.93005
Energy supply and use,Primary energy supply by source,Renewable,Sugarcane biomass,Sugarcane,NA,NA,GWh,SP,2045,233776.56886
Energy supply and use,Primary energy supply by source,Renewable,Sugarcane biomass,Sugarcane,NA,NA,GWh,SP,2050,220229.59453
Energy supply and use,Primary energy supply by source,Renewable,Sugarcane biomass,Sugarcane,NA,NA,GWh,TO,2025,243.9731
Energy supply and use,Primary energy supply by source,Renewable,Sugarcane biomass,Sugarcane,NA,NA,GWh,TO,2030,65.51875
Energy supply and use,Primary energy supply by source,Renewable,Sugarcane biomass,Sugarcane,NA,NA,GWh,TO,2035,85.22731
Energy supply and use,Primary energy supply by source,Renewable,Sugarcane biomass,Sugarcane,NA,NA,GWh,TO,2040,86.92748
Energy supply and use,Primary energy supply by source,Renewable,Sugarcane biomass,Sugarcane,NA,NA,GWh,TO,2045,87.80761
Energy supply and use,Primary energy supply by source,Renewable,Sugarcane biomass,Sugarcane,NA,NA,GWh,TO,2050,84.77604
Energy supply and use,Primary energy supply by source,Renewable,Firewood and charcoal,Forestry residues,NA,NA,GWh,AC,2025,0.0
Energy supply and use,Primary energy supply by source,Renewable,Firewood and charcoal,Forestry residues,NA,NA,GWh,AC,2030,0.0
Energy supply and use,Primary energy supply by source,Renewable,Firewood and charcoal,Forestry residues,NA,NA,GWh,AC,2035,0.0
Energy supply and use,Primary energy supply by source,Renewable,Firewood and charcoal,Forestry residues,NA,NA,GWh,AC,2040,0.0
Energy supply and use,Primary energy supply by source,Renewable,Firewood and charcoal,Forestry residues,NA,NA,GWh,AC,2045,0.0
Energy supply and use,Primary energy supply by source,Renewable,Firewood and charcoal,Forestry residues,NA,NA,GWh,AC,2050,0.0
Energy supply and use,Primary energy supply by source,Renewable,Firewood and charcoal,Forestry residues,NA,NA,GWh,AL,2025,0.0
Energy supply and use,Primary energy supply by source,Renewable,Firewood and charcoal,Forestry residues,NA,NA,GWh,AL,2030,0.0
Energy supply and use,Primary energy supply by source,Renewable,Firewood and charcoal,Forestry residues,NA,NA,GWh,AL,2035,0.0
Energy supply and use,Primary energy supply by source,Renewable,Firewood and charcoal,Forestry residues,NA,NA,GWh,AL,2040,0.0
Energy supply and use,Primary energy supply by source,Renewable,Firewood and charcoal,Forestry residues,NA,NA,GWh,AL,2045,0.0
Energy supply and use,Primary energy supply by source,Renewable,Firewood and charcoal,Forestry residues,NA,NA,GWh,AL,2050,0.0
Energy supply and use,Primary energy supply by source,Renewable,Firewood and charcoal,Forestry residues,NA,NA,GWh,AM,2025,0.0
Energy supply and use,Primary energy supply by source,Renewable,Firewood and charcoal,Forestry residues,NA,NA,GWh,AM,2030,0.0
Energy supply and use,Primary energy supply by source,Renewable,Firewood and charcoal,Forestry residues,NA,NA,GWh,AM,2035,0.0
Energy supply and use,Primary energy supply by source,Renewable,Firewood and charcoal,Forestry residues,NA,NA,GWh,AM,2040,0.0
Energy supply and use,Primary energy supply by source,Renewable,Firewood and charcoal,Forestry residues,NA,NA,GWh,AM,2045,0.0
Energy supply and use,Primary energy supply by source,Renewable,Firewood and charcoal,Forestry residues,NA,NA,GWh,AM,2050,0.0
Energy supply and use,Primary energy supply by source,Renewable,Firewood and charcoal,Forestry residues,NA,NA,GWh,AP,2025,0.0
Energy supply and use,Primary energy supply by source,Renewable,Firewood and charcoal,Forestry residues,NA,NA,GWh,AP,2030,0.0
Energy supply and use,Primary energy supply by source,Renewable,Firewood and charcoal,Forestry residues,NA,NA,GWh,AP,2035,0.0
Energy supply and use,Primary energy supply by source,Renewable,Firewood and charcoal,Forestry residues,NA,NA,GWh,AP,2040,0.0
Energy supply and use,Primary energy supply by source,Renewable,Firewood and charcoal,Forestry residues,NA,NA,GWh,AP,2045,0.0
Energy supply and use,Primary energy supply by source,Renewable,Firewood and charcoal,Forestry residues,NA,NA,GWh,AP,2050,0.0
Energy supply and use,Primary energy supply by source,Renewable,Firewood and charcoal,Forestry residues,NA,NA,GWh,BA,2025,7.44558
Energy supply and use,Primary energy supply by source,Renewable,Firewood and charcoal,Forestry residues,NA,NA,GWh,BA,2030,0.79795
Energy supply and use,Primary energy supply by source,Renewable,Firewood and charcoal,Forestry residues,NA,NA,GWh,BA,2035,1.06464
Energy supply and use,Primary energy supply by source,Renewable,Firewood and charcoal,Forestry residues,NA,NA,GWh,BA,2040,1.82251
Energy supply and use,Primary energy supply by source,Renewable,Firewood and charcoal,Forestry residues,NA,NA,GWh,BA,2045,2.38571
Energy supply and use,Primary energy supply by source,Renewable,Firewood and charcoal,Forestry residues,NA,NA,GWh,BA,2050,15.14886
Energy supply and use,Primary energy supply by source,Renewable,Firewood and charcoal,Forestry residues,NA,NA,GWh,CE,2025,0.0
Energy supply and use,Primary energy supply by source,Renewable,Firewood and charcoal,Forestry residues,NA,NA,GWh,CE,2030,0.0
Energy supply and use,Primary energy supply by source,Renewable,Firewood and charcoal,Forestry residues,NA,NA,GWh,CE,2035,0.0
Energy supply and use,Primary energy supply by source,Renewable,Firewood and charcoal,Forestry residues,NA,NA,GWh,CE,2040,0.0
Energy supply and use,Primary energy supply by source,Renewable,Firewood and charcoal,Forestry residues,NA,NA,GWh,CE,2045,0.0
Energy supply and use,Primary energy supply by source,Renewable,Firewood and charcoal,Forestry residues,NA,NA,GWh,CE,2050,0.0
Energy supply and use,Primary energy supply by source,Renewable,Firewood and charcoal,Forestry residues,NA,NA,GWh,DF,2025,0.0
Energy supply and use,Primary energy supply by source,Renewable,Firewood and charcoal,Forestry residues,NA,NA,GWh,DF,2030,0.0
Energy supply and use,Primary energy supply by source,Renewable,Firewood and charcoal,Forestry residues,NA,NA,GWh,DF,2035,0.0
Energy supply and use,Primary energy supply by source,Renewable,Firewood and charcoal,Forestry residues,NA,NA,GWh,DF,2040,0.0
Energy supply and use,Primary energy supply by source,Renewable,Firewood and charcoal,Forestry residues,NA,NA,GWh,DF,2045,0.0
Energy supply and use,Primary energy supply by source,Renewable,Firewood and charcoal,Forestry residues,NA,NA,GWh,DF,2050,0.0
Energy supply and use,Primary energy supply by source,Renewable,Firewood and charcoal,Forestry residues,NA,NA,GWh,ES,2025,6.50108
Energy supply and use,Primary energy supply by source,Renewable,Firewood and charcoal,Forestry residues,NA,NA,GWh,ES,2030,0.6993
Energy supply and use,Primary energy supply by source,Renewable,Firewood and charcoal,Forestry residues,NA,NA,GWh,ES,2035,0.91978
Energy supply and use,Primary energy supply by source,Renewable,Firewood and charcoal,Forestry residues,NA,NA,GWh,ES,2040,1.66778
Energy supply and use,Primary energy supply by source,Renewable,Firewood and charcoal,Forestry residues,NA,NA,GWh,ES,2045,2.21475
Energy supply and use,Primary energy supply by source,Renewable,Firewood and charcoal,Forestry residues,NA,NA,GWh,ES,2050,14.65372
Energy supply and use,Primary energy supply by source,Renewable,Firewood and charcoal,Forestry residues,NA,NA,GWh,GO,2025,5.97232
Energy supply and use,Primary energy supply by source,Renewable,Firewood and charcoal,Forestry residues,NA,NA,GWh,GO,2030,0.64599
Energy supply and use,Primary energy supply by source,Renewable,Firewood and charcoal,Forestry residues,NA,NA,GWh,GO,2035,0.84292
Energy supply and use,Primary energy supply by source,Renewable,Firewood and charcoal,Forestry residues,NA,NA,GWh,GO,2040,1.59309
Energy supply and use,Primary energy supply by source,Renewable,Firewood and charcoal,Forestry residues,NA,NA,GWh,GO,2045,2.1358
Energy supply and use,Primary energy supply by source,Renewable,Firewood and charcoal,Forestry residues,NA,NA,GWh,GO,2050,14.45106
Energy supply and use,Primary energy supply by source,Renewable,Firewood and charcoal,Forestry residues,NA,NA,GWh,MA,2025,5.4663
Energy supply and use,Primary energy supply by source,Renewable,Firewood and charcoal,Forestry residues,NA,NA,GWh,MA,2030,0.59655
Energy supply and use,Primary energy supply by source,Renewable,Firewood and charcoal,Forestry residues,NA,NA,GWh,MA,2035,0.78082
Energy supply and use,Primary energy supply by source,Renewable,Firewood and charcoal,Forestry residues,NA,NA,GWh,MA,2040,1.52665
Energy supply and use,Primary energy supply by source,Renewable,Firewood and charcoal,Forestry residues,NA,NA,GWh,MA,2045,2.06007
Energy supply and use,Primary energy supply by source,Renewable,Firewood and charcoal,Forestry residues,NA,NA,GWh,MA,2050,14.19093
Energy supply and use,Primary energy supply by source,Renewable,Firewood and charcoal,Forestry residues,NA,NA,GWh,MG,2025,9.12389
Energy supply and use,Primary energy supply by source,Renewable,Firewood and charcoal,Forestry residues,NA,NA,GWh,MG,2030,0.96953
Energy supply and use,Primary energy supply by source,Renewable,Firewood and charcoal,Forestry residues,NA,NA,GWh,MG,2035,1.29684
Energy supply and use,Primary energy supply by source,Renewable,Firewood and charcoal,Forestry residues,NA,NA,GWh,MG,2040,2.14223
Energy supply and use,Primary energy supply by source,Renewable,Firewood and charcoal,Forestry residues,NA,NA,GWh,MG,2045,2.64841
Energy supply and use,Primary energy supply by source,Renewable,Firewood and charcoal,Forestry residues,NA,NA,GWh,MG,2050,16.31569
Energy supply and use,Primary energy supply by source,Renewable,Firewood and charcoal,Forestry residues,NA,NA,GWh,MS,2025,8.56773
Energy supply and use,Primary energy supply by source,Renewable,Firewood and charcoal,Forestry residues,NA,NA,GWh,MS,2030,0.91102
Energy supply and use,Primary energy supply by source,Renewable,Firewood and charcoal,Forestry residues,NA,NA,GWh,MS,2035,1.22108
Energy supply and use,Primary energy supply by source,Renewable,Firewood and charcoal,Forestry residues,NA,NA,GWh,MS,2040,2.03586
Energy supply and use,Primary energy supply by source,Renewable,Firewood and charcoal,Forestry residues,NA,NA,GWh,MS,2045,2.58903
Energy supply and use,Primary energy supply by source,Renewable,Firewood and charcoal,Forestry residues,NA,NA,GWh,MS,2050,15.91684
Energy supply and use,Primary energy supply by source,Renewable,Firewood and charcoal,Forestry residues,NA,NA,GWh,MT,2025,6.07384
Energy supply and use,Primary energy supply by source,Renewable,Firewood and charcoal,Forestry residues,NA,NA,GWh,MT,2030,0.65633
Energy supply and use,Primary energy supply by source,Renewable,Firewood and charcoal,Forestry residues,NA,NA,GWh,MT,2035,0.85903
Energy supply and use,Primary energy supply by source,Renewable,Firewood and charcoal,Forestry residues,NA,NA,GWh,MT,2040,1.60706
Energy supply and use,Primary energy supply by source,Renewable,Firewood and charcoal,Forestry residues,NA,NA,GWh,MT,2045,2.15053
Energy supply and use,Primary energy supply by source,Renewable,Firewood and charcoal,Forestry residues,NA,NA,GWh,MT,2050,14.49021
Energy supply and use,Primary energy supply by source,Renewable,Firewood and charcoal,Forestry residues,NA,NA,GWh,PA,2025,0.0
Energy supply and use,Primary energy supply by source,Renewable,Firewood and charcoal,Forestry residues,NA,NA,GWh,PA,2030,0.0
Energy supply and use,Primary energy supply by source,Renewable,Firewood and charcoal,Forestry residues,NA,NA,GWh,PA,2035,0.0
Energy supply and use,Primary energy supply by source,Renewable,Firewood and charcoal,Forestry residues,NA,NA,GWh,PA,2040,0.0
Energy supply and use,Primary energy supply by source,Renewable,Firewood and charcoal,Forestry residues,NA,NA,GWh,PA,2045,0.0
Energy supply and use,Primary energy supply by source,Renewable,Firewood and charcoal,Forestry residues,NA,NA,GWh,PA,2050,0.0
Energy supply and use,Primary energy supply by source,Renewable,Firewood and charcoal,Forestry residues,NA,NA,GWh,PB,2025,0.0
Energy supply and use,Primary energy supply by source,Renewable,Firewood and charcoal,Forestry residues,NA,NA,GWh,PB,2030,0.0
Energy supply and use,Primary energy supply by source,Renewable,Firewood and charcoal,Forestry residues,NA,NA,GWh,PB,2035,0.0
Energy supply and use,Primary energy supply by source,Renewable,Firewood and charcoal,Forestry residues,NA,NA,GWh,PB,2040,0.0
Energy supply and use,Primary energy supply by source,Renewable,Firewood and charcoal,Forestry residues,NA,NA,GWh,PB,2045,0.0
Energy supply and use,Primary energy supply by source,Renewable,Firewood and charcoal,Forestry residues,NA,NA,GWh,PB,2050,0.0
Energy supply and use,Primary energy supply by source,Renewable,Firewood and charcoal,Forestry residues,NA,NA,GWh,PE,2025,0.0
Energy supply and use,Primary energy supply by source,Renewable,Firewood and charcoal,Forestry residues,NA,NA,GWh,PE,2030,0.0
Energy supply and use,Primary energy supply by source,Renewable,Firewood and charcoal,Forestry residues,NA,NA,GWh,PE,2035,0.0
Energy supply and use,Primary energy supply by source,Renewable,Firewood and charcoal,Forestry residues,NA,NA,GWh,PE,2040,0.0
Energy supply and use,Primary energy supply by source,Renewable,Firewood and charcoal,Forestry residues,NA,NA,GWh,PE,2045,0.0
Energy supply and use,Primary energy supply by source,Renewable,Firewood and charcoal,Forestry residues,NA,NA,GWh,PE,2050,0.0
Energy supply and use,Primary energy supply by source,Renewable,Firewood and charcoal,Forestry residues,NA,NA,GWh,PI,2025,0.0
Energy supply and use,Primary energy supply by source,Renewable,Firewood and charcoal,Forestry residues,NA,NA,GWh,PI,2030,0.0
Energy supply and use,Primary energy supply by source,Renewable,Firewood and charcoal,Forestry residues,NA,NA,GWh,PI,2035,0.0
Energy supply and use,Primary energy supply by source,Renewable,Firewood and charcoal,Forestry residues,NA,NA,GWh,PI,2040,0.0
Energy supply and use,Primary energy supply by source,Renewable,Firewood and charcoal,Forestry residues,NA,NA,GWh,PI,2045,0.0
Energy supply and use,Primary energy supply by source,Renewable,Firewood and charcoal,Forestry residues,NA,NA,GWh,PI,2050,0.0
Energy supply and use,Primary energy supply by source,Renewable,Firewood and charcoal,Forestry residues,NA,NA,GWh,PR,2025,7.97335
Energy supply and use,Primary energy supply by source,Renewable,Firewood and charcoal,Forestry residues,NA,NA,GWh,PR,2030,0.85235
Energy supply and use,Primary energy supply by source,Renewable,Firewood and charcoal,Forestry residues,NA,NA,GWh,PR,2035,1.13909
Energy supply and use,Primary energy supply by source,Renewable,Firewood and charcoal,Forestry residues,NA,NA,GWh,PR,2040,1.92083
Energy supply and use,Primary energy supply by source,Renewable,Firewood and charcoal,Forestry residues,NA,NA,GWh,PR,2045,2.49064
Energy supply and use,Primary energy supply by source,Renewable,Firewood and charcoal,Forestry residues,NA,NA,GWh,PR,2050,15.49296
Energy supply and use,Primary energy supply by source,Renewable,Firewood and charcoal,Forestry residues,NA,NA,GWh,RJ,2025,0.0
Energy supply and use,Primary energy supply by source,Renewable,Firewood and charcoal,Forestry residues,NA,NA,GWh,RJ,2030,0.0
Energy supply and use,Primary energy supply by source,Renewable,Firewood and charcoal,Forestry residues,NA,NA,GWh,RJ,2035,0.0
Energy supply and use,Primary energy supply by source,Renewable,Firewood and charcoal,Forestry residues,NA,NA,GWh,RJ,2040,0.0
Energy supply and use,Primary energy supply by source,Renewable,Firewood and charcoal,Forestry residues,NA,NA,GWh,RJ,2045,0.0
Energy supply and use,Primary energy supply by source,Renewable,Firewood and charcoal,Forestry residues,NA,NA,GWh,RJ,2050,0.0
Energy supply and use,Primary energy supply by source,Renewable,Firewood and charcoal,Forestry residues,NA,NA,GWh,RN,2025,0.0
Energy supply and use,Primary energy supply by source,Renewable,Firewood and charcoal,Forestry residues,NA,NA,GWh,RN,2030,0.0
Energy supply and use,Primary energy supply by source,Renewable,Firewood and charcoal,Forestry residues,NA,NA,GWh,RN,2035,0.0
Energy supply and use,Primary energy supply by source,Renewable,Firewood and charcoal,Forestry residues,NA,NA,GWh,RN,2040,0.0
Energy supply and use,Primary energy supply by source,Renewable,Firewood and charcoal,Forestry residues,NA,NA,GWh,RN,2045,0.0
Energy supply and use,Primary energy supply by source,Renewable,Firewood and charcoal,Forestry residues,NA,NA,GWh,RN,2050,0.0
Energy supply and use,Primary energy supply by source,Renewable,Firewood and charcoal,Forestry residues,NA,NA,GWh,RO,2025,0.0
Energy supply and use,Primary energy supply by source,Renewable,Firewood and charcoal,Forestry residues,NA,NA,GWh,RO,2030,0.0
Energy supply and use,Primary energy supply by source,Renewable,Firewood and charcoal,Forestry residues,NA,NA,GWh,RO,2035,0.0
Energy supply and use,Primary energy supply by source,Renewable,Firewood and charcoal,Forestry residues,NA,NA,GWh,RO,2040,0.0
Energy supply and use,Primary energy supply by source,Renewable,Firewood and charcoal,Forestry residues,NA,NA,GWh,RO,2045,0.0
Energy supply and use,Primary energy supply by source,Renewable,Firewood and charcoal,Forestry residues,NA,NA,GWh,RO,2050,0.0
Energy supply and use,Primary energy supply by source,Renewable,Firewood and charcoal,Forestry residues,NA,NA,GWh,RR,2025,0.0
Energy supply and use,Primary energy supply by source,Renewable,Firewood and charcoal,Forestry residues,NA,NA,GWh,RR,2030,0.0
Energy supply and use,Primary energy supply by source,Renewable,Firewood and charcoal,Forestry residues,NA,NA,GWh,RR,2035,0.0
Energy supply and use,Primary energy supply by source,Renewable,Firewood and charcoal,Forestry residues,NA,NA,GWh,RR,2040,0.0
Energy supply and use,Primary energy supply by source,Renewable,Firewood and charcoal,Forestry residues,NA,NA,GWh,RR,2045,0.0
Energy supply and use,Primary energy supply by source,Renewable,Firewood and charcoal,Forestry residues,NA,NA,GWh,RR,2050,0.0
Energy supply and use,Primary energy supply by source,Renewable,Firewood and charcoal,Forestry residues,NA,NA,GWh,RS,2025,8.03153
Energy supply and use,Primary energy supply by source,Renewable,Firewood and charcoal,Forestry residues,NA,NA,GWh,RS,2030,0.85821
Energy supply and use,Primary energy supply by source,Renewable,Firewood and charcoal,Forestry residues,NA,NA,GWh,RS,2035,1.14741
Energy supply and use,Primary energy supply by source,Renewable,Firewood and charcoal,Forestry residues,NA,NA,GWh,RS,2040,1.93217
Energy supply and use,Primary energy supply by source,Renewable,Firewood and charcoal,Forestry residues,NA,NA,GWh,RS,2045,2.50158
Energy supply and use,Primary energy supply by source,Renewable,Firewood and charcoal,Forestry residues,NA,NA,GWh,RS,2050,15.53135
Energy supply and use,Primary energy supply by source,Renewable,Firewood and charcoal,Forestry residues,NA,NA,GWh,SC,2025,7.08177
Energy supply and use,Primary energy supply by source,Renewable,Firewood and charcoal,Forestry residues,NA,NA,GWh,SC,2030,0.75965
Energy supply and use,Primary energy supply by source,Renewable,Firewood and charcoal,Forestry residues,NA,NA,GWh,SC,2035,1.01119
Energy supply and use,Primary energy supply by source,Renewable,Firewood and charcoal,Forestry residues,NA,NA,GWh,SC,2040,1.75953
Energy supply and use,Primary energy supply by source,Renewable,Firewood and charcoal,Forestry residues,NA,NA,GWh,SC,2045,2.31502
Energy supply and use,Primary energy supply by source,Renewable,Firewood and charcoal,Forestry residues,NA,NA,GWh,SC,2050,14.92612
Energy supply and use,Primary energy supply by source,Renewable,Firewood and charcoal,Forestry residues,NA,NA,GWh,SE,2025,0.0
Energy supply and use,Primary energy supply by source,Renewable,Firewood and charcoal,Forestry residues,NA,NA,GWh,SE,2030,0.0
Energy supply and use,Primary energy supply by source,Renewable,Firewood and charcoal,Forestry residues,NA,NA,GWh,SE,2035,0.0
Energy supply and use,Primary energy supply by source,Renewable,Firewood and charcoal,Forestry residues,NA,NA,GWh,SE,2040,0.0
Energy supply and use,Primary energy supply by source,Renewable,Firewood and charcoal,Forestry residues,NA,NA,GWh,SE,2045,0.0
Energy supply and use,Primary energy supply by source,Renewable,Firewood and charcoal,Forestry residues,NA,NA,GWh,SE,2050,0.0
Energy supply and use,Primary energy supply by source,Renewable,Firewood and charcoal,Forestry residues,NA,NA,GWh,SP,2025,8.39917
Energy supply and use,Primary energy supply by source,Renewable,Firewood and charcoal,Forestry residues,NA,NA,GWh,SP,2030,0.89454
Energy supply and use,Primary energy supply by source,Renewable,Firewood and charcoal,Forestry residues,NA,NA,GWh,SP,2035,1.19809
Energy supply and use,Primary energy supply by source,Renewable,Firewood and charcoal,Forestry residues,NA,NA,GWh,SP,2040,2.0033
Energy supply and use,Primary energy supply by source,Renewable,Firewood and charcoal,Forestry residues,NA,NA,GWh,SP,2045,2.56429
Energy supply and use,Primary energy supply by source,Renewable,Firewood and charcoal,Forestry residues,NA,NA,GWh,SP,2050,15.7912
Energy supply and use,Primary energy supply by source,Renewable,Firewood and charcoal,Forestry residues,NA,NA,GWh,TO,2025,4.95799
Energy supply and use,Primary energy supply by source,Renewable,Firewood and charcoal,Forestry residues,NA,NA,GWh,TO,2030,0.54872
Energy supply and use,Primary energy supply by source,Renewable,Firewood and charcoal,Forestry residues,NA,NA,GWh,TO,2035,0.71764
Energy supply and use,Primary energy supply by source,Renewable,Firewood and charcoal,Forestry residues,NA,NA,GWh,TO,2040,1.45029
Energy supply and use,Primary energy supply by source,Renewable,Firewood and charcoal,Forestry residues,NA,NA,GWh,TO,2045,1.96089
Energy supply and use,Primary energy supply by source,Renewable,Firewood and charcoal,Forestry residues,NA,NA,GWh,TO,2050,13.92906
Energy supply and use,Primary energy supply by source,Renewable,Firewood and charcoal,Plantation forestry,NA,NA,GWh,AC,2025,0.0
Energy supply and use,Primary energy supply by source,Renewable,Firewood and charcoal,Plantation forestry,NA,NA,GWh,AC,2030,0.0
Energy supply and use,Primary energy supply by source,Renewable,Firewood and charcoal,Plantation forestry,NA,NA,GWh,AC,2035,0.0
Energy supply and use,Primary energy supply by source,Renewable,Firewood and charcoal,Plantation forestry,NA,NA,GWh,AC,2040,0.0
Energy supply and use,Primary energy supply by source,Renewable,Firewood and charcoal,Plantation forestry,NA,NA,GWh,AC,2045,0.0
Energy supply and use,Primary energy supply by source,Renewable,Firewood and charcoal,Plantation forestry,NA,NA,GWh,AC,2050,0.0
Energy supply and use,Primary energy supply by source,Renewable,Firewood and charcoal,Plantation forestry,NA,NA,GWh,AL,2025,0.0
Energy supply and use,Primary energy supply by source,Renewable,Firewood and charcoal,Plantation forestry,NA,NA,GWh,AL,2030,0.0
Energy supply and use,Primary energy supply by source,Renewable,Firewood and charcoal,Plantation forestry,NA,NA,GWh,AL,2035,0.0
Energy supply and use,Primary energy supply by source,Renewable,Firewood and charcoal,Plantation forestry,NA,NA,GWh,AL,2040,0.0
Energy supply and use,Primary energy supply by source,Renewable,Firewood and charcoal,Plantation forestry,NA,NA,GWh,AL,2045,0.0
Energy supply and use,Primary energy supply by source,Renewable,Firewood and charcoal,Plantation forestry,NA,NA,GWh,AL,2050,0.0
Energy supply and use,Primary energy supply by source,Renewable,Firewood and charcoal,Plantation forestry,NA,NA,GWh,AM,2025,0.0
Energy supply and use,Primary energy supply by source,Renewable,Firewood and charcoal,Plantation forestry,NA,NA,GWh,AM,2030,0.0
Energy supply and use,Primary energy supply by source,Renewable,Firewood and charcoal,Plantation forestry,NA,NA,GWh,AM,2035,0.0
Energy supply and use,Primary energy supply by source,Renewable,Firewood and charcoal,Plantation forestry,NA,NA,GWh,AM,2040,0.0
Energy supply and use,Primary energy supply by source,Renewable,Firewood and charcoal,Plantation forestry,NA,NA,GWh,AM,2045,0.0
Energy supply and use,Primary energy supply by source,Renewable,Firewood and charcoal,Plantation forestry,NA,NA,GWh,AM,2050,0.0
Energy supply and use,Primary energy supply by source,Renewable,Firewood and charcoal,Plantation forestry,NA,NA,GWh,AP,2025,0.0
Energy supply and use,Primary energy supply by source,Renewable,Firewood and charcoal,Plantation forestry,NA,NA,GWh,AP,2030,0.0
Energy supply and use,Primary energy supply by source,Renewable,Firewood and charcoal,Plantation forestry,NA,NA,GWh,AP,2035,0.0
Energy supply and use,Primary energy supply by source,Renewable,Firewood and charcoal,Plantation forestry,NA,NA,GWh,AP,2040,0.0
Energy supply and use,Primary energy supply by source,Renewable,Firewood and charcoal,Plantation forestry,NA,NA,GWh,AP,2045,0.0
Energy supply and use,Primary energy supply by source,Renewable,Firewood and charcoal,Plantation forestry,NA,NA,GWh,AP,2050,0.0
Energy supply and use,Primary energy supply by source,Renewable,Firewood and charcoal,Plantation forestry,NA,NA,GWh,BA,2025,2164.07139
Energy supply and use,Primary energy supply by source,Renewable,Firewood and charcoal,Plantation forestry,NA,NA,GWh,BA,2030,5032.16944
Energy supply and use,Primary energy supply by source,Renewable,Firewood and charcoal,Plantation forestry,NA,NA,GWh,BA,2035,5030.59808
Energy supply and use,Primary energy supply by source,Renewable,Firewood and charcoal,Plantation forestry,NA,NA,GWh,BA,2040,5032.10345
Energy supply and use,Primary energy supply by source,Renewable,Firewood and charcoal,Plantation forestry,NA,NA,GWh,BA,2045,5028.81677
Energy supply and use,Primary energy supply by source,Renewable,Firewood and charcoal,Plantation forestry,NA,NA,GWh,BA,2050,5145.83564
Energy supply and use,Primary energy supply by source,Renewable,Firewood and charcoal,Plantation forestry,NA,NA,GWh,CE,2025,101.53563
Energy supply and use,Primary energy supply by source,Renewable,Firewood and charcoal,Plantation forestry,NA,NA,GWh,CE,2030,119.40766
Energy supply and use,Primary energy supply by source,Renewable,Firewood and charcoal,Plantation forestry,NA,NA,GWh,CE,2035,119.69211
Energy supply and use,Primary energy supply by source,Renewable,Firewood and charcoal,Plantation forestry,NA,NA,GWh,CE,2040,98.64191
Energy supply and use,Primary energy supply by source,Renewable,Firewood and charcoal,Plantation forestry,NA,NA,GWh,CE,2045,91.94358
Energy supply and use,Primary energy supply by source,Renewable,Firewood and charcoal,Plantation forestry,NA,NA,GWh,CE,2050,89.3786
Energy supply and use,Primary energy supply by source,Renewable,Firewood and charcoal,Plantation forestry,NA,NA,GWh,DF,2025,359.73164
Energy supply and use,Primary energy supply by source,Renewable,Firewood and charcoal,Plantation forestry,NA,NA,GWh,DF,2030,2577.9504
Energy supply and use,Primary energy supply by source,Renewable,Firewood and charcoal,Plantation forestry,NA,NA,GWh,DF,2035,2694.11518
Energy supply and use,Primary energy supply by source,Renewable,Firewood and charcoal,Plantation forestry,NA,NA,GWh,DF,2040,2900.78416
Energy supply and use,Primary energy supply by source,Renewable,Firewood and charcoal,Plantation forestry,NA,NA,GWh,DF,2045,2866.45678
Energy supply and use,Primary energy supply by source,Renewable,Firewood and charcoal,Plantation forestry,NA,NA,GWh,DF,2050,2732.0667
Energy supply and use,Primary energy supply by source,Renewable,Firewood and charcoal,Plantation forestry,NA,NA,GWh,ES,2025,549.83612
Energy supply and use,Primary energy supply by source,Renewable,Firewood and charcoal,Plantation forestry,NA,NA,GWh,ES,2030,605.7833
Energy supply and use,Primary energy supply by source,Renewable,Firewood and charcoal,Plantation forestry,NA,NA,GWh,ES,2035,602.79972
Energy supply and use,Primary energy supply by source,Renewable,Firewood and charcoal,Plantation forestry,NA,NA,GWh,ES,2040,508.25417
Energy supply and use,Primary energy supply by source,Renewable,Firewood and charcoal,Plantation forestry,NA,NA,GWh,ES,2045,492.32288
Energy supply and use,Primary energy supply by source,Renewable,Firewood and charcoal,Plantation forestry,NA,NA,GWh,ES,2050,459.12881
Energy supply and use,Primary energy supply by source,Renewable,Firewood and charcoal,Plantation forestry,NA,NA,GWh,GO,2025,24423.2306
Energy supply and use,Primary energy supply by source,Renewable,Firewood and charcoal,Plantation forestry,NA,NA,GWh,GO,2030,28981.86607
Energy supply and use,Primary energy supply by source,Renewable,Firewood and charcoal,Plantation forestry,NA,NA,GWh,GO,2035,12714.6187
Energy supply and use,Primary energy supply by source,Renewable,Firewood and charcoal,Plantation forestry,NA,NA,GWh,GO,2040,38200.38503
Energy supply and use,Primary energy supply by source,Renewable,Firewood and charcoal,Plantation forestry,NA,NA,GWh,GO,2045,37028.53513
Energy supply and use,Primary energy supply by source,Renewable,Firewood and charcoal,Plantation forestry,NA,NA,GWh,GO,2050,40842.67606
Energy supply and use,Primary energy supply by source,Renewable,Firewood and charcoal,Plantation forestry,NA,NA,GWh,MA,2025,400.75896
Energy supply and use,Primary energy supply by source,Renewable,Firewood and charcoal,Plantation forestry,NA,NA,GWh,MA,2030,2.32063
Energy supply and use,Primary energy supply by source,Renewable,Firewood and charcoal,Plantation forestry,NA,NA,GWh,MA,2035,3.25578
Energy supply and use,Primary energy supply by source,Renewable,Firewood and charcoal,Plantation forestry,NA,NA,GWh,MA,2040,3.74693
Energy supply and use,Primary energy supply by source,Renewable,Firewood and charcoal,Plantation forestry,NA,NA,GWh,MA,2045,4.11783
Energy supply and use,Primary energy supply by source,Renewable,Firewood and charcoal,Plantation forestry,NA,NA,GWh,MA,2050,22.54411
Energy supply and use,Primary energy supply by source,Renewable,Firewood and charcoal,Plantation forestry,NA,NA,GWh,MG,2025,507.62071
Energy supply and use,Primary energy supply by source,Renewable,Firewood and charcoal,Plantation forestry,NA,NA,GWh,MG,2030,113.15074
Energy supply and use,Primary energy supply by source,Renewable,Firewood and charcoal,Plantation forestry,NA,NA,GWh,MG,2035,179.30857
Energy supply and use,Primary energy supply by source,Renewable,Firewood and charcoal,Plantation forestry,NA,NA,GWh,MG,2040,38419.97811
Energy supply and use,Primary energy supply by source,Renewable,Firewood and charcoal,Plantation forestry,NA,NA,GWh,MG,2045,58217.91702
Energy supply and use,Primary energy supply by source,Renewable,Firewood and charcoal,Plantation forestry,NA,NA,GWh,MG,2050,66122.75813
Energy supply and use,Primary energy supply by source,Renewable,Firewood and charcoal,Plantation forestry,NA,NA,GWh,MS,2025,77992.96366
Energy supply and use,Primary energy supply by source,Renewable,Firewood and charcoal,Plantation forestry,NA,NA,GWh,MS,2030,93465.96838
Energy supply and use,Primary energy supply by source,Renewable,Firewood and charcoal,Plantation forestry,NA,NA,GWh,MS,2035,90511.50812
Energy supply and use,Primary energy supply by source,Renewable,Firewood and charcoal,Plantation forestry,NA,NA,GWh,MS,2040,95039.97322
Energy supply and use,Primary energy supply by source,Renewable,Firewood and charcoal,Plantation forestry,NA,NA,GWh,MS,2045,92116.54666
Energy supply and use,Primary energy supply by source,Renewable,Firewood and charcoal,Plantation forestry,NA,NA,GWh,MS,2050,87984.78662
Energy supply and use,Primary energy supply by source,Renewable,Firewood and charcoal,Plantation forestry,NA,NA,GWh,MT,2025,51215.0989
Energy supply and use,Primary energy supply by source,Renewable,Firewood and charcoal,Plantation forestry,NA,NA,GWh,MT,2030,26278.79286
Energy supply and use,Primary energy supply by source,Renewable,Firewood and charcoal,Plantation forestry,NA,NA,GWh,MT,2035,13997.79014
Energy supply and use,Primary energy supply by source,Renewable,Firewood and charcoal,Plantation forestry,NA,NA,GWh,MT,2040,13745.68366
Energy supply and use,Primary energy supply by source,Renewable,Firewood and charcoal,Plantation forestry,NA,NA,GWh,MT,2045,13413.37728
Energy supply and use,Primary energy supply by source,Renewable,Firewood and charcoal,Plantation forestry,NA,NA,GWh,MT,2050,14288.83184
Energy supply and use,Primary energy supply by source,Renewable,Firewood and charcoal,Plantation forestry,NA,NA,GWh,PA,2025,5.18612
Energy supply and use,Primary energy supply by source,Renewable,Firewood and charcoal,Plantation forestry,NA,NA,GWh,PA,2030,5.1081
Energy supply and use,Primary energy supply by source,Renewable,Firewood and charcoal,Plantation forestry,NA,NA,GWh,PA,2035,5.44818
Energy supply and use,Primary energy supply by source,Renewable,Firewood and charcoal,Plantation forestry,NA,NA,GWh,PA,2040,5.46635
Energy supply and use,Primary energy supply by source,Renewable,Firewood and charcoal,Plantation forestry,NA,NA,GWh,PA,2045,5.35335
Energy supply and use,Primary energy supply by source,Renewable,Firewood and charcoal,Plantation forestry,NA,NA,GWh,PA,2050,6.00497
Energy supply and use,Primary energy supply by source,Renewable,Firewood and charcoal,Plantation forestry,NA,NA,GWh,PB,2025,0.0
Energy supply and use,Primary energy supply by source,Renewable,Firewood and charcoal,Plantation forestry,NA,NA,GWh,PB,2030,0.0
Energy supply and use,Primary energy supply by source,Renewable,Firewood and charcoal,Plantation forestry,NA,NA,GWh,PB,2035,0.0
Energy supply and use,Primary energy supply by source,Renewable,Firewood and charcoal,Plantation forestry,NA,NA,GWh,PB,2040,0.0
Energy supply and use,Primary energy supply by source,Renewable,Firewood and charcoal,Plantation forestry,NA,NA,GWh,PB,2045,0.0
Energy supply and use,Primary energy supply by source,Renewable,Firewood and charcoal,Plantation forestry,NA,NA,GWh,PB,2050,0.0
Energy supply and use,Primary energy supply by source,Renewable,Firewood and charcoal,Plantation forestry,NA,NA,GWh,PE,2025,23.74824
Energy supply and use,Primary energy supply by source,Renewable,Firewood and charcoal,Plantation forestry,NA,NA,GWh,PE,2030,28.27722
Energy supply and use,Primary energy supply by source,Renewable,Firewood and charcoal,Plantation forestry,NA,NA,GWh,PE,2035,27.03364
Energy supply and use,Primary energy supply by source,Renewable,Firewood and charcoal,Plantation forestry,NA,NA,GWh,PE,2040,26.79283
Energy supply and use,Primary energy supply by source,Renewable,Firewood and charcoal,Plantation forestry,NA,NA,GWh,PE,2045,26.22404
Energy supply and use,Primary energy supply by source,Renewable,Firewood and charcoal,Plantation forestry,NA,NA,GWh,PE,2050,43.17558
Energy supply and use,Primary energy supply by source,Renewable,Firewood and charcoal,Plantation forestry,NA,NA,GWh,PI,2025,31.12469
Energy supply and use,Primary energy supply by source,Renewable,Firewood and charcoal,Plantation forestry,NA,NA,GWh,PI,2030,8.42661
Energy supply and use,Primary energy supply by source,Renewable,Firewood and charcoal,Plantation forestry,NA,NA,GWh,PI,2035,18.40673
Energy supply and use,Primary energy supply by source,Renewable,Firewood and charcoal,Plantation forestry,NA,NA,GWh,PI,2040,21.1179
Energy supply and use,Primary energy supply by source,Renewable,Firewood and charcoal,Plantation forestry,NA,NA,GWh,PI,2045,22.93121
Energy supply and use,Primary energy supply by source,Renewable,Firewood and charcoal,Plantation forestry,NA,NA,GWh,PI,2050,133.37386
Energy supply and use,Primary energy supply by source,Renewable,Firewood and charcoal,Plantation forestry,NA,NA,GWh,PR,2025,513.3714
Energy supply and use,Primary energy supply by source,Renewable,Firewood and charcoal,Plantation forestry,NA,NA,GWh,PR,2030,7184.99919
Energy supply and use,Primary energy supply by source,Renewable,Firewood and charcoal,Plantation forestry,NA,NA,GWh,PR,2035,14027.01313
Energy supply and use,Primary energy supply by source,Renewable,Firewood and charcoal,Plantation forestry,NA,NA,GWh,PR,2040,45381.07947
Energy supply and use,Primary energy supply by source,Renewable,Firewood and charcoal,Plantation forestry,NA,NA,GWh,PR,2045,64042.8147
Energy supply and use,Primary energy supply by source,Renewable,Firewood and charcoal,Plantation forestry,NA,NA,GWh,PR,2050,71713.99972
Energy supply and use,Primary energy supply by source,Renewable,Firewood and charcoal,Plantation forestry,NA,NA,GWh,RJ,2025,19.71488
Energy supply and use,Primary energy supply by source,Renewable,Firewood and charcoal,Plantation forestry,NA,NA,GWh,RJ,2030,20.9411
Energy supply and use,Primary energy supply by source,Renewable,Firewood and charcoal,Plantation forestry,NA,NA,GWh,RJ,2035,19.63237
Energy supply and use,Primary energy supply by source,Renewable,Firewood and charcoal,Plantation forestry,NA,NA,GWh,RJ,2040,20.3647
Energy supply and use,Primary energy supply by source,Renewable,Firewood and charcoal,Plantation forestry,NA,NA,GWh,RJ,2045,19.3708
Energy supply and use,Primary energy supply by source,Renewable,Firewood and charcoal,Plantation forestry,NA,NA,GWh,RJ,2050,20.39631
Energy supply and use,Primary energy supply by source,Renewable,Firewood and charcoal,Plantation forestry,NA,NA,GWh,RN,2025,0.0
Energy supply and use,Primary energy supply by source,Renewable,Firewood and charcoal,Plantation forestry,NA,NA,GWh,RN,2030,0.0
Energy supply and use,Primary energy supply by source,Renewable,Firewood and charcoal,Plantation forestry,NA,NA,GWh,RN,2035,0.0
Energy supply and use,Primary energy supply by source,Renewable,Firewood and charcoal,Plantation forestry,NA,NA,GWh,RN,2040,0.0
Energy supply and use,Primary energy supply by source,Renewable,Firewood and charcoal,Plantation forestry,NA,NA,GWh,RN,2045,0.0
Energy supply and use,Primary energy supply by source,Renewable,Firewood and charcoal,Plantation forestry,NA,NA,GWh,RN,2050,0.0
Energy supply and use,Primary energy supply by source,Renewable,Firewood and charcoal,Plantation forestry,NA,NA,GWh,RO,2025,11.39465
Energy supply and use,Primary energy supply by source,Renewable,Firewood and charcoal,Plantation forestry,NA,NA,GWh,RO,2030,12.88857
Energy supply and use,Primary energy supply by source,Renewable,Firewood and charcoal,Plantation forestry,NA,NA,GWh,RO,2035,13.43254
Energy supply and use,Primary energy supply by source,Renewable,Firewood and charcoal,Plantation forestry,NA,NA,GWh,RO,2040,13.40318
Energy supply and use,Primary energy supply by source,Renewable,Firewood and charcoal,Plantation forestry,NA,NA,GWh,RO,2045,13.13499
Energy supply and use,Primary energy supply by source,Renewable,Firewood and charcoal,Plantation forestry,NA,NA,GWh,RO,2050,11.42938
Energy supply and use,Primary energy supply by source,Renewable,Firewood and charcoal,Plantation forestry,NA,NA,GWh,RR,2025,0.0
Energy supply and use,Primary energy supply by source,Renewable,Firewood and charcoal,Plantation forestry,NA,NA,GWh,RR,2030,0.0
Energy supply and use,Primary energy supply by source,Renewable,Firewood and charcoal,Plantation forestry,NA,NA,GWh,RR,2035,0.0
Energy supply and use,Primary energy supply by source,Renewable,Firewood and charcoal,Plantation forestry,NA,NA,GWh,RR,2040,0.0
Energy supply and use,Primary energy supply by source,Renewable,Firewood and charcoal,Plantation forestry,NA,NA,GWh,RR,2045,0.0
Energy supply and use,Primary energy supply by source,Renewable,Firewood and charcoal,Plantation forestry,NA,NA,GWh,RR,2050,0.0
Energy supply and use,Primary energy supply by source,Renewable,Firewood and charcoal,Plantation forestry,NA,NA,GWh,RS,2025,371.62459
Energy supply and use,Primary energy supply by source,Renewable,Firewood and charcoal,Plantation forestry,NA,NA,GWh,RS,2030,21155.29456
Energy supply and use,Primary energy supply by source,Renewable,Firewood and charcoal,Plantation forestry,NA,NA,GWh,RS,2035,30384.43497
Energy supply and use,Primary energy supply by source,Renewable,Firewood and charcoal,Plantation forestry,NA,NA,GWh,RS,2040,68196.13484
Energy supply and use,Primary energy supply by source,Renewable,Firewood and charcoal,Plantation forestry,NA,NA,GWh,RS,2045,82988.71877
Energy supply and use,Primary energy supply by source,Renewable,Firewood and charcoal,Plantation forestry,NA,NA,GWh,RS,2050,90604.31431
Energy supply and use,Primary energy supply by source,Renewable,Firewood and charcoal,Plantation forestry,NA,NA,GWh,SC,2025,3713.28421
Energy supply and use,Primary energy supply by source,Renewable,Firewood and charcoal,Plantation forestry,NA,NA,GWh,SC,2030,98725.35671
Energy supply and use,Primary energy supply by source,Renewable,Firewood and charcoal,Plantation forestry,NA,NA,GWh,SC,2035,115748.87595
Energy supply and use,Primary energy supply by source,Renewable,Firewood and charcoal,Plantation forestry,NA,NA,GWh,SC,2040,242992.93279
Energy supply and use,Primary energy supply by source,Renewable,Firewood and charcoal,Plantation forestry,NA,NA,GWh,SC,2045,252229.96869
Energy supply and use,Primary energy supply by source,Renewable,Firewood and charcoal,Plantation forestry,NA,NA,GWh,SC,2050,289909.58528
Energy supply and use,Primary energy supply by source,Renewable,Firewood and charcoal,Plantation forestry,NA,NA,GWh,SE,2025,52.45062
Energy supply and use,Primary energy supply by source,Renewable,Firewood and charcoal,Plantation forestry,NA,NA,GWh,SE,2030,78.04411
Energy supply and use,Primary energy supply by source,Renewable,Firewood and charcoal,Plantation forestry,NA,NA,GWh,SE,2035,77.89855
Energy supply and use,Primary energy supply by source,Renewable,Firewood and charcoal,Plantation forestry,NA,NA,GWh,SE,2040,71.23011
Energy supply and use,Primary energy supply by source,Renewable,Firewood and charcoal,Plantation forestry,NA,NA,GWh,SE,2045,68.66005
Energy supply and use,Primary energy supply by source,Renewable,Firewood and charcoal,Plantation forestry,NA,NA,GWh,SE,2050,120.34735
Energy supply and use,Primary energy supply by source,Renewable,Firewood and charcoal,Plantation forestry,NA,NA,GWh,SP,2025,1321.48819
Energy supply and use,Primary energy supply by source,Renewable,Firewood and charcoal,Plantation forestry,NA,NA,GWh,SP,2030,88.08237
Energy supply and use,Primary energy supply by source,Renewable,Firewood and charcoal,Plantation forestry,NA,NA,GWh,SP,2035,87.2856
Energy supply and use,Primary energy supply by source,Renewable,Firewood and charcoal,Plantation forestry,NA,NA,GWh,SP,2040,16191.92573
Energy supply and use,Primary energy supply by source,Renewable,Firewood and charcoal,Plantation forestry,NA,NA,GWh,SP,2045,15036.31443
Energy supply and use,Primary energy supply by source,Renewable,Firewood and charcoal,Plantation forestry,NA,NA,GWh,SP,2050,16909.98235
Energy supply and use,Primary energy supply by source,Renewable,Firewood and charcoal,Plantation forestry,NA,NA,GWh,TO,2025,36.1739
Energy supply and use,Primary energy supply by source,Renewable,Firewood and charcoal,Plantation forestry,NA,NA,GWh,TO,2030,11.52837
Energy supply and use,Primary energy supply by source,Renewable,Firewood and charcoal,Plantation forestry,NA,NA,GWh,TO,2035,28.44617
Energy supply and use,Primary energy supply by source,Renewable,Firewood and charcoal,Plantation forestry,NA,NA,GWh,TO,2040,31.53007
Energy supply and use,Primary energy supply by source,Renewable,Firewood and charcoal,Plantation forestry,NA,NA,GWh,TO,2045,32.06848
Energy supply and use,Primary energy supply by source,Renewable,Firewood and charcoal,Plantation forestry,NA,NA,GWh,TO,2050,167.33182
Energy supply and use,Primary energy supply by source,Renewable,Other renewables,Corn,NA,NA,GWh,AC,2025,0.0
Energy supply and use,Primary energy supply by source,Renewable,Other renewables,Corn,NA,NA,GWh,AC,2030,0.0
Energy supply and use,Primary energy supply by source,Renewable,Other renewables,Corn,NA,NA,GWh,AC,2035,0.0
Energy supply and use,Primary energy supply by source,Renewable,Other renewables,Corn,NA,NA,GWh,AC,2040,0.0
Energy supply and use,Primary energy supply by source,Renewable,Other renewables,Corn,NA,NA,GWh,AC,2045,0.0
Energy supply and use,Primary energy supply by source,Renewable,Other renewables,Corn,NA,NA,GWh,AC,2050,0.0
Energy supply and use,Primary energy supply by source,Renewable,Other renewables,Corn,NA,NA,GWh,AL,2025,0.0
Energy supply and use,Primary energy supply by source,Renewable,Other renewables,Corn,NA,NA,GWh,AL,2030,0.0
Energy supply and use,Primary energy supply by source,Renewable,Other renewables,Corn,NA,NA,GWh,AL,2035,0.0
Energy supply and use,Primary energy supply by source,Renewable,Other renewables,Corn,NA,NA,GWh,AL,2040,0.0
Energy supply and use,Primary energy supply by source,Renewable,Other renewables,Corn,NA,NA,GWh,AL,2045,0.0
Energy supply and use,Primary energy supply by source,Renewable,Other renewables,Corn,NA,NA,GWh,AL,2050,0.0
Energy supply and use,Primary energy supply by source,Renewable,Other renewables,Corn,NA,NA,GWh,AM,2025,0.0
Energy supply and use,Primary energy supply by source,Renewable,Other renewables,Corn,NA,NA,GWh,AM,2030,0.0
Energy supply and use,Primary energy supply by source,Renewable,Other renewables,Corn,NA,NA,GWh,AM,2035,0.0
Energy supply and use,Primary energy supply by source,Renewable,Other renewables,Corn,NA,NA,GWh,AM,2040,0.0
Energy supply and use,Primary energy supply by source,Renewable,Other renewables,Corn,NA,NA,GWh,AM,2045,0.0
Energy supply and use,Primary energy supply by source,Renewable,Other renewables,Corn,NA,NA,GWh,AM,2050,0.0
Energy supply and use,Primary energy supply by source,Renewable,Other renewables,Corn,NA,NA,GWh,AP,2025,0.0
Energy supply and use,Primary energy supply by source,Renewable,Other renewables,Corn,NA,NA,GWh,AP,2030,0.0
Energy supply and use,Primary energy supply by source,Renewable,Other renewables,Corn,NA,NA,GWh,AP,2035,0.0
Energy supply and use,Primary energy supply by source,Renewable,Other renewables,Corn,NA,NA,GWh,AP,2040,0.0
Energy supply and use,Primary energy supply by source,Renewable,Other renewables,Corn,NA,NA,GWh,AP,2045,0.0
Energy supply and use,Primary energy supply by source,Renewable,Other renewables,Corn,NA,NA,GWh,AP,2050,0.0
Energy supply and use,Primary energy supply by source,Renewable,Other renewables,Corn,NA,NA,GWh,BA,2025,1.08458
Energy supply and use,Primary energy supply by source,Renewable,Other renewables,Corn,NA,NA,GWh,BA,2030,0.71414
Energy supply and use,Primary energy supply by source,Renewable,Other renewables,Corn,NA,NA,GWh,BA,2035,0.62288
Energy supply and use,Primary energy supply by source,Renewable,Other renewables,Corn,NA,NA,GWh,BA,2040,0.6315
Energy supply and use,Primary energy supply by source,Renewable,Other renewables,Corn,NA,NA,GWh,BA,2045,0.7234
Energy supply and use,Primary energy supply by source,Renewable,Other renewables,Corn,NA,NA,GWh,BA,2050,1.06685
Energy supply and use,Primary energy supply by source,Renewable,Other renewables,Corn,NA,NA,GWh,CE,2025,0.0
Energy supply and use,Primary energy supply by source,Renewable,Other renewables,Corn,NA,NA,GWh,CE,2030,0.0
Energy supply and use,Primary energy supply by source,Renewable,Other renewables,Corn,NA,NA,GWh,CE,2035,0.0
Energy supply and use,Primary energy supply by source,Renewable,Other renewables,Corn,NA,NA,GWh,CE,2040,0.0
Energy supply and use,Primary energy supply by source,Renewable,Other renewables,Corn,NA,NA,GWh,CE,2045,0.0
Energy supply and use,Primary energy supply by source,Renewable,Other renewables,Corn,NA,NA,GWh,CE,2050,0.0
Energy supply and use,Primary energy supply by source,Renewable,Other renewables,Corn,NA,NA,GWh,DF,2025,10.64019
Energy supply and use,Primary energy supply by source,Renewable,Other renewables,Corn,NA,NA,GWh,DF,2030,14.11713
Energy supply and use,Primary energy supply by source,Renewable,Other renewables,Corn,NA,NA,GWh,DF,2035,13.44334
Energy supply and use,Primary energy supply by source,Renewable,Other renewables,Corn,NA,NA,GWh,DF,2040,10.71905
Energy supply and use,Primary energy supply by source,Renewable,Other renewables,Corn,NA,NA,GWh,DF,2045,9.91328
Energy supply and use,Primary energy supply by source,Renewable,Other renewables,Corn,NA,NA,GWh,DF,2050,5.81493
Energy supply and use,Primary energy supply by source,Renewable,Other renewables,Corn,NA,NA,GWh,ES,2025,1.73612
Energy supply and use,Primary energy supply by source,Renewable,Other renewables,Corn,NA,NA,GWh,ES,2030,0.72295
Energy supply and use,Primary energy supply by source,Renewable,Other renewables,Corn,NA,NA,GWh,ES,2035,0.66236
Energy supply and use,Primary energy supply by source,Renewable,Other renewables,Corn,NA,NA,GWh,ES,2040,0.70701
Energy supply and use,Primary energy supply by source,Renewable,Other renewables,Corn,NA,NA,GWh,ES,2045,0.81171
Energy supply and use,Primary energy supply by source,Renewable,Other renewables,Corn,NA,NA,GWh,ES,2050,1.53025
Energy supply and use,Primary energy supply by source,Renewable,Other renewables,Corn,NA,NA,GWh,GO,2025,76764.56597
Energy supply and use,Primary energy supply by source,Renewable,Other renewables,Corn,NA,NA,GWh,GO,2030,76829.68077
Energy supply and use,Primary energy supply by source,Renewable,Other renewables,Corn,NA,NA,GWh,GO,2035,10076.58924
Energy supply and use,Primary energy supply by source,Renewable,Other renewables,Corn,NA,NA,GWh,GO,2040,6244.54341
Energy supply and use,Primary energy supply by source,Renewable,Other renewables,Corn,NA,NA,GWh,GO,2045,6041.58035
Energy supply and use,Primary energy supply by source,Renewable,Other renewables,Corn,NA,NA,GWh,GO,2050,5772.09857
Energy supply and use,Primary energy supply by source,Renewable,Other renewables,Corn,NA,NA,GWh,MA,2025,0.0
Energy supply and use,Primary energy supply by source,Renewable,Other renewables,Corn,NA,NA,GWh,MA,2030,0.0
Energy supply and use,Primary energy supply by source,Renewable,Other renewables,Corn,NA,NA,GWh,MA,2035,0.0
Energy supply and use,Primary energy supply by source,Renewable,Other renewables,Corn,NA,NA,GWh,MA,2040,0.0
Energy supply and use,Primary energy supply by source,Renewable,Other renewables,Corn,NA,NA,GWh,MA,2045,0.0
Energy supply and use,Primary energy supply by source,Renewable,Other renewables,Corn,NA,NA,GWh,MA,2050,0.0
Energy supply and use,Primary energy supply by source,Renewable,Other renewables,Corn,NA,NA,GWh,MG,2025,38.96229
Energy supply and use,Primary energy supply by source,Renewable,Other renewables,Corn,NA,NA,GWh,MG,2030,19.73894
Energy supply and use,Primary energy supply by source,Renewable,Other renewables,Corn,NA,NA,GWh,MG,2035,17.64504
Energy supply and use,Primary energy supply by source,Renewable,Other renewables,Corn,NA,NA,GWh,MG,2040,14.12197
Energy supply and use,Primary energy supply by source,Renewable,Other renewables,Corn,NA,NA,GWh,MG,2045,13.18876
Energy supply and use,Primary energy supply by source,Renewable,Other renewables,Corn,NA,NA,GWh,MG,2050,22.83702
Energy supply and use,Primary energy supply by source,Renewable,Other renewables,Corn,NA,NA,GWh,MS,2025,55642.49469
Energy supply and use,Primary energy supply by source,Renewable,Other renewables,Corn,NA,NA,GWh,MS,2030,55685.72546
Energy supply and use,Primary energy supply by source,Renewable,Other renewables,Corn,NA,NA,GWh,MS,2035,47891.72597
Energy supply and use,Primary energy supply by source,Renewable,Other renewables,Corn,NA,NA,GWh,MS,2040,4911.69387
Energy supply and use,Primary energy supply by source,Renewable,Other renewables,Corn,NA,NA,GWh,MS,2045,4446.60093
Energy supply and use,Primary energy supply by source,Renewable,Other renewables,Corn,NA,NA,GWh,MS,2050,4267.84006
Energy supply and use,Primary energy supply by source,Renewable,Other renewables,Corn,NA,NA,GWh,MT,2025,189568.25576
Energy supply and use,Primary energy supply by source,Renewable,Other renewables,Corn,NA,NA,GWh,MT,2030,60189.76262
Energy supply and use,Primary energy supply by source,Renewable,Other renewables,Corn,NA,NA,GWh,MT,2035,3730.31731
Energy supply and use,Primary energy supply by source,Renewable,Other renewables,Corn,NA,NA,GWh,MT,2040,2734.20617
Energy supply and use,Primary energy supply by source,Renewable,Other renewables,Corn,NA,NA,GWh,MT,2045,1286.9503
Energy supply and use,Primary energy supply by source,Renewable,Other renewables,Corn,NA,NA,GWh,MT,2050,942.77967
Energy supply and use,Primary energy supply by source,Renewable,Other renewables,Corn,NA,NA,GWh,PA,2025,0.0
Energy supply and use,Primary energy supply by source,Renewable,Other renewables,Corn,NA,NA,GWh,PA,2030,0.0
Energy supply and use,Primary energy supply by source,Renewable,Other renewables,Corn,NA,NA,GWh,PA,2035,0.0
Energy supply and use,Primary energy supply by source,Renewable,Other renewables,Corn,NA,NA,GWh,PA,2040,0.0
Energy supply and use,Primary energy supply by source,Renewable,Other renewables,Corn,NA,NA,GWh,PA,2045,0.0
Energy supply and use,Primary energy supply by source,Renewable,Other renewables,Corn,NA,NA,GWh,PA,2050,0.0
Energy supply and use,Primary energy supply by source,Renewable,Other renewables,Corn,NA,NA,GWh,PB,2025,0.0
Energy supply and use,Primary energy supply by source,Renewable,Other renewables,Corn,NA,NA,GWh,PB,2030,0.0
Energy supply and use,Primary energy supply by source,Renewable,Other renewables,Corn,NA,NA,GWh,PB,2035,0.0
Energy supply and use,Primary energy supply by source,Renewable,Other renewables,Corn,NA,NA,GWh,PB,2040,0.0
Energy supply and use,Primary energy supply by source,Renewable,Other renewables,Corn,NA,NA,GWh,PB,2045,0.0
Energy supply and use,Primary energy supply by source,Renewable,Other renewables,Corn,NA,NA,GWh,PB,2050,0.0
Energy supply and use,Primary energy supply by source,Renewable,Other renewables,Corn,NA,NA,GWh,PE,2025,0.0
Energy supply and use,Primary energy supply by source,Renewable,Other renewables,Corn,NA,NA,GWh,PE,2030,0.0
Energy supply and use,Primary energy supply by source,Renewable,Other renewables,Corn,NA,NA,GWh,PE,2035,0.0
Energy supply and use,Primary energy supply by source,Renewable,Other renewables,Corn,NA,NA,GWh,PE,2040,0.0
Energy supply and use,Primary energy supply by source,Renewable,Other renewables,Corn,NA,NA,GWh,PE,2045,0.0
Energy supply and use,Primary energy supply by source,Renewable,Other renewables,Corn,NA,NA,GWh,PE,2050,0.0
Energy supply and use,Primary energy supply by source,Renewable,Other renewables,Corn,NA,NA,GWh,PI,2025,0.0
Energy supply and use,Primary energy supply by source,Renewable,Other renewables,Corn,NA,NA,GWh,PI,2030,0.0
Energy supply and use,Primary energy supply by source,Renewable,Other renewables,Corn,NA,NA,GWh,PI,2035,0.0
Energy supply and use,Primary energy supply by source,Renewable,Other renewables,Corn,NA,NA,GWh,PI,2040,0.0
Energy supply and use,Primary energy supply by source,Renewable,Other renewables,Corn,NA,NA,GWh,PI,2045,0.0
Energy supply and use,Primary energy supply by source,Renewable,Other renewables,Corn,NA,NA,GWh,PI,2050,0.0
Energy supply and use,Primary energy supply by source,Renewable,Other renewables,Corn,NA,NA,GWh,PR,2025,166.10284
Energy supply and use,Primary energy supply by source,Renewable,Other renewables,Corn,NA,NA,GWh,PR,2030,9.56387
Energy supply and use,Primary energy supply by source,Renewable,Other renewables,Corn,NA,NA,GWh,PR,2035,9.51767
Energy supply and use,Primary energy supply by source,Renewable,Other renewables,Corn,NA,NA,GWh,PR,2040,8.58189
Energy supply and use,Primary energy supply by source,Renewable,Other renewables,Corn,NA,NA,GWh,PR,2045,8.71848
Energy supply and use,Primary energy supply by source,Renewable,Other renewables,Corn,NA,NA,GWh,PR,2050,18.78129
Energy supply and use,Primary energy supply by source,Renewable,Other renewables,Corn,NA,NA,GWh,RJ,2025,0.0
Energy supply and use,Primary energy supply by source,Renewable,Other renewables,Corn,NA,NA,GWh,RJ,2030,0.0
Energy supply and use,Primary energy supply by source,Renewable,Other renewables,Corn,NA,NA,GWh,RJ,2035,0.0
Energy supply and use,Primary energy supply by source,Renewable,Other renewables,Corn,NA,NA,GWh,RJ,2040,0.0
Energy supply and use,Primary energy supply by source,Renewable,Other renewables,Corn,NA,NA,GWh,RJ,2045,0.0
Energy supply and use,Primary energy supply by source,Renewable,Other renewables,Corn,NA,NA,GWh,RJ,2050,0.0
Energy supply and use,Primary energy supply by source,Renewable,Other renewables,Corn,NA,NA,GWh,RN,2025,0.0
Energy supply and use,Primary energy supply by source,Renewable,Other renewables,Corn,NA,NA,GWh,RN,2030,0.0
Energy supply and use,Primary energy supply by source,Renewable,Other renewables,Corn,NA,NA,GWh,RN,2035,0.0
Energy supply and use,Primary energy supply by source,Renewable,Other renewables,Corn,NA,NA,GWh,RN,2040,0.0
Energy supply and use,Primary energy supply by source,Renewable,Other renewables,Corn,NA,NA,GWh,RN,2045,0.0
Energy supply and use,Primary energy supply by source,Renewable,Other renewables,Corn,NA,NA,GWh,RN,2050,0.0
Energy supply and use,Primary energy supply by source,Renewable,Other renewables,Corn,NA,NA,GWh,RO,2025,0.30771
Energy supply and use,Primary energy supply by source,Renewable,Other renewables,Corn,NA,NA,GWh,RO,2030,0.28811
Energy supply and use,Primary energy supply by source,Renewable,Other renewables,Corn,NA,NA,GWh,RO,2035,0.29131
Energy supply and use,Primary energy supply by source,Renewable,Other renewables,Corn,NA,NA,GWh,RO,2040,0.28732
Energy supply and use,Primary energy supply by source,Renewable,Other renewables,Corn,NA,NA,GWh,RO,2045,0.29371
Energy supply and use,Primary energy supply by source,Renewable,Other renewables,Corn,NA,NA,GWh,RO,2050,0.31247
Energy supply and use,Primary energy supply by source,Renewable,Other renewables,Corn,NA,NA,GWh,RR,2025,0.0
Energy supply and use,Primary energy supply by source,Renewable,Other renewables,Corn,NA,NA,GWh,RR,2030,0.0
Energy supply and use,Primary energy supply by source,Renewable,Other renewables,Corn,NA,NA,GWh,RR,2035,0.0
Energy supply and use,Primary energy supply by source,Renewable,Other renewables,Corn,NA,NA,GWh,RR,2040,0.0
Energy supply and use,Primary energy supply by source,Renewable,Other renewables,Corn,NA,NA,GWh,RR,2045,0.0
Energy supply and use,Primary energy supply by source,Renewable,Other renewables,Corn,NA,NA,GWh,RR,2050,0.0
Energy supply and use,Primary energy supply by source,Renewable,Other renewables,Corn,NA,NA,GWh,RS,2025,0.0
Energy supply and use,Primary energy supply by source,Renewable,Other renewables,Corn,NA,NA,GWh,RS,2030,0.0
Energy supply and use,Primary energy supply by source,Renewable,Other renewables,Corn,NA,NA,GWh,RS,2035,0.0
Energy supply and use,Primary energy supply by source,Renewable,Other renewables,Corn,NA,NA,GWh,RS,2040,0.0
Energy supply and use,Primary energy supply by source,Renewable,Other renewables,Corn,NA,NA,GWh,RS,2045,0.0
Energy supply and use,Primary energy supply by source,Renewable,Other renewables,Corn,NA,NA,GWh,RS,2050,0.0
Energy supply and use,Primary energy supply by source,Renewable,Other renewables,Corn,NA,NA,GWh,SC,2025,0.07411
Energy supply and use,Primary energy supply by source,Renewable,Other renewables,Corn,NA,NA,GWh,SC,2030,0.08415
Energy supply and use,Primary energy supply by source,Renewable,Other renewables,Corn,NA,NA,GWh,SC,2035,0.08342
Energy supply and use,Primary energy supply by source,Renewable,Other renewables,Corn,NA,NA,GWh,SC,2040,0.08337
Energy supply and use,Primary energy supply by source,Renewable,Other renewables,Corn,NA,NA,GWh,SC,2045,0.08488
Energy supply and use,Primary energy supply by source,Renewable,Other renewables,Corn,NA,NA,GWh,SC,2050,0.08738
Energy supply and use,Primary energy supply by source,Renewable,Other renewables,Corn,NA,NA,GWh,SE,2025,0.0
Energy supply and use,Primary energy supply by source,Renewable,Other renewables,Corn,NA,NA,GWh,SE,2030,0.0
Energy supply and use,Primary energy supply by source,Renewable,Other renewables,Corn,NA,NA,GWh,SE,2035,0.0
Energy supply and use,Primary energy supply by source,Renewable,Other renewables,Corn,NA,NA,GWh,SE,2040,0.0
Energy supply and use,Primary energy supply by source,Renewable,Other renewables,Corn,NA,NA,GWh,SE,2045,0.0
Energy supply and use,Primary energy supply by source,Renewable,Other renewables,Corn,NA,NA,GWh,SE,2050,0.0
Energy supply and use,Primary energy supply by source,Renewable,Other renewables,Corn,NA,NA,GWh,SP,2025,155.29925
Energy supply and use,Primary energy supply by source,Renewable,Other renewables,Corn,NA,NA,GWh,SP,2030,12.33284
Energy supply and use,Primary energy supply by source,Renewable,Other renewables,Corn,NA,NA,GWh,SP,2035,12.70143
Energy supply and use,Primary energy supply by source,Renewable,Other renewables,Corn,NA,NA,GWh,SP,2040,10.92219
Energy supply and use,Primary energy supply by source,Renewable,Other renewables,Corn,NA,NA,GWh,SP,2045,10.83227
Energy supply and use,Primary energy supply by source,Renewable,Other renewables,Corn,NA,NA,GWh,SP,2050,21.9566
Energy supply and use,Primary energy supply by source,Renewable,Other renewables,Corn,NA,NA,GWh,TO,2025,0.85942
Energy supply and use,Primary energy supply by source,Renewable,Other renewables,Corn,NA,NA,GWh,TO,2030,0.68335
Energy supply and use,Primary energy supply by source,Renewable,Other renewables,Corn,NA,NA,GWh,TO,2035,0.59645
Energy supply and use,Primary energy supply by source,Renewable,Other renewables,Corn,NA,NA,GWh,TO,2040,0.58949
Energy supply and use,Primary energy supply by source,Renewable,Other renewables,Corn,NA,NA,GWh,TO,2045,0.6525
Energy supply and use,Primary energy supply by source,Renewable,Other renewables,Corn,NA,NA,GWh,TO,2050,0.85872
Energy supply and use,Primary energy supply by source,Renewable,Other renewables,Corn stover,NA,NA,GWh,AC,2025,17.89387
Energy supply and use,Primary energy supply by source,Renewable,Other renewables,Corn stover,NA,NA,GWh,AC,2030,31.08519
Energy supply and use,Primary energy supply by source,Renewable,Other renewables,Corn stover,NA,NA,GWh,AC,2035,30.31786
Energy supply and use,Primary energy supply by source,Renewable,Other renewables,Corn stover,NA,NA,GWh,AC,2040,29.86201
Energy supply and use,Primary energy supply by source,Renewable,Other renewables,Corn stover,NA,NA,GWh,AC,2045,28.14459
Energy supply and use,Primary energy supply by source,Renewable,Other renewables,Corn stover,NA,NA,GWh,AC,2050,76.30029
Energy supply and use,Primary energy supply by source,Renewable,Other renewables,Corn stover,NA,NA,GWh,AL,2025,132.81209
Energy supply and use,Primary energy supply by source,Renewable,Other renewables,Corn stover,NA,NA,GWh,AL,2030,176.41597
Energy supply and use,Primary energy supply by source,Renewable,Other renewables,Corn stover,NA,NA,GWh,AL,2035,177.65565
Energy supply and use,Primary energy supply by source,Renewable,Other renewables,Corn stover,NA,NA,GWh,AL,2040,177.12784
Energy supply and use,Primary energy supply by source,Renewable,Other renewables,Corn stover,NA,NA,GWh,AL,2045,176.91724
Energy supply and use,Primary energy supply by source,Renewable,Other renewables,Corn stover,NA,NA,GWh,AL,2050,68.03127
Energy supply and use,Primary energy supply by source,Renewable,Other renewables,Corn stover,NA,NA,GWh,AM,2025,6.79628
Energy supply and use,Primary energy supply by source,Renewable,Other renewables,Corn stover,NA,NA,GWh,AM,2030,10.6382
Energy supply and use,Primary energy supply by source,Renewable,Other renewables,Corn stover,NA,NA,GWh,AM,2035,11.65998
Energy supply and use,Primary energy supply by source,Renewable,Other renewables,Corn stover,NA,NA,GWh,AM,2040,11.71191
Energy supply and use,Primary energy supply by source,Renewable,Other renewables,Corn stover,NA,NA,GWh,AM,2045,10.65199
Energy supply and use,Primary energy supply by source,Renewable,Other renewables,Corn stover,NA,NA,GWh,AM,2050,12.37689
Energy supply and use,Primary energy supply by source,Renewable,Other renewables,Corn stover,NA,NA,GWh,AP,2025,0.0
Energy supply and use,Primary energy supply by source,Renewable,Other renewables,Corn stover,NA,NA,GWh,AP,2030,0.0
Energy supply and use,Primary energy supply by source,Renewable,Other renewables,Corn stover,NA,NA,GWh,AP,2035,0.0
Energy supply and use,Primary energy supply by source,Renewable,Other renewables,Corn stover,NA,NA,GWh,AP,2040,0.0
Energy supply and use,Primary energy supply by source,Renewable,Other renewables,Corn stover,NA,NA,GWh,AP,2045,0.0
Energy supply and use,Primary energy supply by source,Renewable,Other renewables,Corn stover,NA,NA,GWh,AP,2050,0.0
Energy supply and use,Primary energy supply by source,Renewable,Other renewables,Corn stover,NA,NA,GWh,BA,2025,18.66722
Energy supply and use,Primary energy supply by source,Renewable,Other renewables,Corn stover,NA,NA,GWh,BA,2030,4.62986
Energy supply and use,Primary energy supply by source,Renewable,Other renewables,Corn stover,NA,NA,GWh,BA,2035,1.34854
Energy supply and use,Primary energy supply by source,Renewable,Other renewables,Corn stover,NA,NA,GWh,BA,2040,3.03349
Energy supply and use,Primary energy supply by source,Renewable,Other renewables,Corn stover,NA,NA,GWh,BA,2045,3.20306
Energy supply and use,Primary energy supply by source,Renewable,Other renewables,Corn stover,NA,NA,GWh,BA,2050,1130.49533
Energy supply and use,Primary energy supply by source,Renewable,Other renewables,Corn stover,NA,NA,GWh,CE,2025,8.89499
Energy supply and use,Primary energy supply by source,Renewable,Other renewables,Corn stover,NA,NA,GWh,CE,2030,4.47972
Energy supply and use,Primary energy supply by source,Renewable,Other renewables,Corn stover,NA,NA,GWh,CE,2035,0.94601
Energy supply and use,Primary energy supply by source,Renewable,Other renewables,Corn stover,NA,NA,GWh,CE,2040,2.5759
Energy supply and use,Primary energy supply by source,Renewable,Other renewables,Corn stover,NA,NA,GWh,CE,2045,2.97005
Energy supply and use,Primary energy supply by source,Renewable,Other renewables,Corn stover,NA,NA,GWh,CE,2050,125.12981
Energy supply and use,Primary energy supply by source,Renewable,Other renewables,Corn stover,NA,NA,GWh,DF,2025,16.97708
Energy supply and use,Primary energy supply by source,Renewable,Other renewables,Corn stover,NA,NA,GWh,DF,2030,26.10366
Energy supply and use,Primary energy supply by source,Renewable,Other renewables,Corn stover,NA,NA,GWh,DF,2035,25.21662
Energy supply and use,Primary energy supply by source,Renewable,Other renewables,Corn stover,NA,NA,GWh,DF,2040,24.2848
Energy supply and use,Primary energy supply by source,Renewable,Other renewables,Corn stover,NA,NA,GWh,DF,2045,22.6332
Energy supply and use,Primary energy supply by source,Renewable,Other renewables,Corn stover,NA,NA,GWh,DF,2050,135.02873
Energy supply and use,Primary energy supply by source,Renewable,Other renewables,Corn stover,NA,NA,GWh,ES,2025,8.19924
Energy supply and use,Primary energy supply by source,Renewable,Other renewables,Corn stover,NA,NA,GWh,ES,2030,0.96395
Energy supply and use,Primary energy supply by source,Renewable,Other renewables,Corn stover,NA,NA,GWh,ES,2035,2.4325
Energy supply and use,Primary energy supply by source,Renewable,Other renewables,Corn stover,NA,NA,GWh,ES,2040,5.53252
Energy supply and use,Primary energy supply by source,Renewable,Other renewables,Corn stover,NA,NA,GWh,ES,2045,5.77846
Energy supply and use,Primary energy supply by source,Renewable,Other renewables,Corn stover,NA,NA,GWh,ES,2050,57.12358
Energy supply and use,Primary energy supply by source,Renewable,Other renewables,Corn stover,NA,NA,GWh,GO,2025,48.22224
Energy supply and use,Primary energy supply by source,Renewable,Other renewables,Corn stover,NA,NA,GWh,GO,2030,3.88469
Energy supply and use,Primary energy supply by source,Renewable,Other renewables,Corn stover,NA,NA,GWh,GO,2035,3.16601
Energy supply and use,Primary energy supply by source,Renewable,Other renewables,Corn stover,NA,NA,GWh,GO,2040,4.90086
Energy supply and use,Primary energy supply by source,Renewable,Other renewables,Corn stover,NA,NA,GWh,GO,2045,187.19231
Energy supply and use,Primary energy supply by source,Renewable,Other renewables,Corn stover,NA,NA,GWh,GO,2050,328.86993
Energy supply and use,Primary energy supply by source,Renewable,Other renewables,Corn stover,NA,NA,GWh,MA,2025,15.11179
Energy supply and use,Primary energy supply by source,Renewable,Other renewables,Corn stover,NA,NA,GWh,MA,2030,10.77054
Energy supply and use,Primary energy supply by source,Renewable,Other renewables,Corn stover,NA,NA,GWh,MA,2035,1.65461
Energy supply and use,Primary energy supply by source,Renewable,Other renewables,Corn stover,NA,NA,GWh,MA,2040,1.90086
Energy supply and use,Primary energy supply by source,Renewable,Other renewables,Corn stover,NA,NA,GWh,MA,2045,2.83571
Energy supply and use,Primary energy supply by source,Renewable,Other renewables,Corn stover,NA,NA,GWh,MA,2050,71.39571
Energy supply and use,Primary energy supply by source,Renewable,Other renewables,Corn stover,NA,NA,GWh,MG,2025,44.11083
Energy supply and use,Primary energy supply by source,Renewable,Other renewables,Corn stover,NA,NA,GWh,MG,2030,26.49693
Energy supply and use,Primary energy supply by source,Renewable,Other renewables,Corn stover,NA,NA,GWh,MG,2035,2.70486
Energy supply and use,Primary energy supply by source,Renewable,Other renewables,Corn stover,NA,NA,GWh,MG,2040,4.30722
Energy supply and use,Primary energy supply by source,Renewable,Other renewables,Corn stover,NA,NA,GWh,MG,2045,20.97302
Energy supply and use,Primary energy supply by source,Renewable,Other renewables,Corn stover,NA,NA,GWh,MG,2050,289.0896
Energy supply and use,Primary energy supply by source,Renewable,Other renewables,Corn stover,NA,NA,GWh,MS,2025,41.82445
Energy supply and use,Primary energy supply by source,Renewable,Other renewables,Corn stover,NA,NA,GWh,MS,2030,1.71884
Energy supply and use,Primary energy supply by source,Renewable,Other renewables,Corn stover,NA,NA,GWh,MS,2035,177.17332
Energy supply and use,Primary energy supply by source,Renewable,Other renewables,Corn stover,NA,NA,GWh,MS,2040,375.92771
Energy supply and use,Primary energy supply by source,Renewable,Other renewables,Corn stover,NA,NA,GWh,MS,2045,524.57112
Energy supply and use,Primary energy supply by source,Renewable,Other renewables,Corn stover,NA,NA,GWh,MS,2050,1895.26716
Energy supply and use,Primary energy supply by source,Renewable,Other renewables,Corn stover,NA,NA,GWh,MT,2025,57.84199
Energy supply and use,Primary energy supply by source,Renewable,Other renewables,Corn stover,NA,NA,GWh,MT,2030,2.84815
Energy supply and use,Primary energy supply by source,Renewable,Other renewables,Corn stover,NA,NA,GWh,MT,2035,244.62956
Energy supply and use,Primary energy supply by source,Renewable,Other renewables,Corn stover,NA,NA,GWh,MT,2040,536.22352
Energy supply and use,Primary energy supply by source,Renewable,Other renewables,Corn stover,NA,NA,GWh,MT,2045,657.53688
Energy supply and use,Primary energy supply by source,Renewable,Other renewables,Corn stover,NA,NA,GWh,MT,2050,1222.55062
Energy supply and use,Primary energy supply by source,Renewable,Other renewables,Corn stover,NA,NA,GWh,PA,2025,22.13312
Energy supply and use,Primary energy supply by source,Renewable,Other renewables,Corn stover,NA,NA,GWh,PA,2030,26.76352
Energy supply and use,Primary energy supply by source,Renewable,Other renewables,Corn stover,NA,NA,GWh,PA,2035,28.75207
Energy supply and use,Primary energy supply by source,Renewable,Other renewables,Corn stover,NA,NA,GWh,PA,2040,28.45622
Energy supply and use,Primary energy supply by source,Renewable,Other renewables,Corn stover,NA,NA,GWh,PA,2045,26.91232
Energy supply and use,Primary energy supply by source,Renewable,Other renewables,Corn stover,NA,NA,GWh,PA,2050,67.05486
Energy supply and use,Primary energy supply by source,Renewable,Other renewables,Corn stover,NA,NA,GWh,PB,2025,5.29862
Energy supply and use,Primary energy supply by source,Renewable,Other renewables,Corn stover,NA,NA,GWh,PB,2030,0.32747
Energy supply and use,Primary energy supply by source,Renewable,Other renewables,Corn stover,NA,NA,GWh,PB,2035,0.559
Energy supply and use,Primary energy supply by source,Renewable,Other renewables,Corn stover,NA,NA,GWh,PB,2040,1.80175
Energy supply and use,Primary energy supply by source,Renewable,Other renewables,Corn stover,NA,NA,GWh,PB,2045,1.90683
Energy supply and use,Primary energy supply by source,Renewable,Other renewables,Corn stover,NA,NA,GWh,PB,2050,20.93743
Energy supply and use,Primary energy supply by source,Renewable,Other renewables,Corn stover,NA,NA,GWh,PE,2025,6.12855
Energy supply and use,Primary energy supply by source,Renewable,Other renewables,Corn stover,NA,NA,GWh,PE,2030,0.27655
Energy supply and use,Primary energy supply by source,Renewable,Other renewables,Corn stover,NA,NA,GWh,PE,2035,0.51205
Energy supply and use,Primary energy supply by source,Renewable,Other renewables,Corn stover,NA,NA,GWh,PE,2040,1.1232
Energy supply and use,Primary energy supply by source,Renewable,Other renewables,Corn stover,NA,NA,GWh,PE,2045,1.47223
Energy supply and use,Primary energy supply by source,Renewable,Other renewables,Corn stover,NA,NA,GWh,PE,2050,30.6767
Energy supply and use,Primary energy supply by source,Renewable,Other renewables,Corn stover,NA,NA,GWh,PI,2025,16.7506
Energy supply and use,Primary energy supply by source,Renewable,Other renewables,Corn stover,NA,NA,GWh,PI,2030,10.02835
Energy supply and use,Primary energy supply by source,Renewable,Other renewables,Corn stover,NA,NA,GWh,PI,2035,2.49645
Energy supply and use,Primary energy supply by source,Renewable,Other renewables,Corn stover,NA,NA,GWh,PI,2040,2.59896
Energy supply and use,Primary energy supply by source,Renewable,Other renewables,Corn stover,NA,NA,GWh,PI,2045,2.64147
Energy supply and use,Primary energy supply by source,Renewable,Other renewables,Corn stover,NA,NA,GWh,PI,2050,53.56804
Energy supply and use,Primary energy supply by source,Renewable,Other renewables,Corn stover,NA,NA,GWh,PR,2025,54.70813
Energy supply and use,Primary energy supply by source,Renewable,Other renewables,Corn stover,NA,NA,GWh,PR,2030,53.11437
Energy supply and use,Primary energy supply by source,Renewable,Other renewables,Corn stover,NA,NA,GWh,PR,2035,13.64315
Energy supply and use,Primary energy supply by source,Renewable,Other renewables,Corn stover,NA,NA,GWh,PR,2040,16.96608
Energy supply and use,Primary energy supply by source,Renewable,Other renewables,Corn stover,NA,NA,GWh,PR,2045,17.03531
Energy supply and use,Primary energy supply by source,Renewable,Other renewables,Corn stover,NA,NA,GWh,PR,2050,392.16362
Energy supply and use,Primary energy supply by source,Renewable,Other renewables,Corn stover,NA,NA,GWh,RJ,2025,3.53317
Energy supply and use,Primary energy supply by source,Renewable,Other renewables,Corn stover,NA,NA,GWh,RJ,2030,0.67982
Energy supply and use,Primary energy supply by source,Renewable,Other renewables,Corn stover,NA,NA,GWh,RJ,2035,1.16097
Energy supply and use,Primary energy supply by source,Renewable,Other renewables,Corn stover,NA,NA,GWh,RJ,2040,2.22088
Energy supply and use,Primary energy supply by source,Renewable,Other renewables,Corn stover,NA,NA,GWh,RJ,2045,2.52161
Energy supply and use,Primary energy supply by source,Renewable,Other renewables,Corn stover,NA,NA,GWh,RJ,2050,13.01082
Energy supply and use,Primary energy supply by source,Renewable,Other renewables,Corn stover,NA,NA,GWh,RN,2025,5.50128
Energy supply and use,Primary energy supply by source,Renewable,Other renewables,Corn stover,NA,NA,GWh,RN,2030,0.27816
Energy supply and use,Primary energy supply by source,Renewable,Other renewables,Corn stover,NA,NA,GWh,RN,2035,0.32498
Energy supply and use,Primary energy supply by source,Renewable,Other renewables,Corn stover,NA,NA,GWh,RN,2040,0.66826
Energy supply and use,Primary energy supply by source,Renewable,Other renewables,Corn stover,NA,NA,GWh,RN,2045,0.75134
Energy supply and use,Primary energy supply by source,Renewable,Other renewables,Corn stover,NA,NA,GWh,RN,2050,8.84083
Energy supply and use,Primary energy supply by source,Renewable,Other renewables,Corn stover,NA,NA,GWh,RO,2025,22.25992
Energy supply and use,Primary energy supply by source,Renewable,Other renewables,Corn stover,NA,NA,GWh,RO,2030,28.77377
Energy supply and use,Primary energy supply by source,Renewable,Other renewables,Corn stover,NA,NA,GWh,RO,2035,28.32175
Energy supply and use,Primary energy supply by source,Renewable,Other renewables,Corn stover,NA,NA,GWh,RO,2040,27.78858
Energy supply and use,Primary energy supply by source,Renewable,Other renewables,Corn stover,NA,NA,GWh,RO,2045,25.95866
Energy supply and use,Primary energy supply by source,Renewable,Other renewables,Corn stover,NA,NA,GWh,RO,2050,73.79572
Energy supply and use,Primary energy supply by source,Renewable,Other renewables,Corn stover,NA,NA,GWh,RR,2025,9.21093
Energy supply and use,Primary energy supply by source,Renewable,Other renewables,Corn stover,NA,NA,GWh,RR,2030,15.56666
Energy supply and use,Primary energy supply by source,Renewable,Other renewables,Corn stover,NA,NA,GWh,RR,2035,16.96935
Energy supply and use,Primary energy supply by source,Renewable,Other renewables,Corn stover,NA,NA,GWh,RR,2040,16.55353
Energy supply and use,Primary energy supply by source,Renewable,Other renewables,Corn stover,NA,NA,GWh,RR,2045,15.31787
Energy supply and use,Primary energy supply by source,Renewable,Other renewables,Corn stover,NA,NA,GWh,RR,2050,34.64265
Energy supply and use,Primary energy supply by source,Renewable,Other renewables,Corn stover,NA,NA,GWh,RS,2025,26.13699
Energy supply and use,Primary energy supply by source,Renewable,Other renewables,Corn stover,NA,NA,GWh,RS,2030,28.22085
Energy supply and use,Primary energy supply by source,Renewable,Other renewables,Corn stover,NA,NA,GWh,RS,2035,17.74634
Energy supply and use,Primary energy supply by source,Renewable,Other renewables,Corn stover,NA,NA,GWh,RS,2040,16.35413
Energy supply and use,Primary energy supply by source,Renewable,Other renewables,Corn stover,NA,NA,GWh,RS,2045,14.83274
Energy supply and use,Primary energy supply by source,Renewable,Other renewables,Corn stover,NA,NA,GWh,RS,2050,278.99384
Energy supply and use,Primary energy supply by source,Renewable,Other renewables,Corn stover,NA,NA,GWh,SC,2025,24.21615
Energy supply and use,Primary energy supply by source,Renewable,Other renewables,Corn stover,NA,NA,GWh,SC,2030,27.03256
Energy supply and use,Primary energy supply by source,Renewable,Other renewables,Corn stover,NA,NA,GWh,SC,2035,12.64861
Energy supply and use,Primary energy supply by source,Renewable,Other renewables,Corn stover,NA,NA,GWh,SC,2040,11.03265
Energy supply and use,Primary energy supply by source,Renewable,Other renewables,Corn stover,NA,NA,GWh,SC,2045,10.55663
Energy supply and use,Primary energy supply by source,Renewable,Other renewables,Corn stover,NA,NA,GWh,SC,2050,133.72414
Energy supply and use,Primary energy supply by source,Renewable,Other renewables,Corn stover,NA,NA,GWh,SE,2025,11.26536
Energy supply and use,Primary energy supply by source,Renewable,Other renewables,Corn stover,NA,NA,GWh,SE,2030,10.74864
Energy supply and use,Primary energy supply by source,Renewable,Other renewables,Corn stover,NA,NA,GWh,SE,2035,0.8399
Energy supply and use,Primary energy supply by source,Renewable,Other renewables,Corn stover,NA,NA,GWh,SE,2040,1.82875
Energy supply and use,Primary energy supply by source,Renewable,Other renewables,Corn stover,NA,NA,GWh,SE,2045,2.07884
Energy supply and use,Primary energy supply by source,Renewable,Other renewables,Corn stover,NA,NA,GWh,SE,2050,32.23364
Energy supply and use,Primary energy supply by source,Renewable,Other renewables,Corn stover,NA,NA,GWh,SP,2025,8799.75183
Energy supply and use,Primary energy supply by source,Renewable,Other renewables,Corn stover,NA,NA,GWh,SP,2030,7711.78563
Energy supply and use,Primary energy supply by source,Renewable,Other renewables,Corn stover,NA,NA,GWh,SP,2035,4843.1199
Energy supply and use,Primary energy supply by source,Renewable,Other renewables,Corn stover,NA,NA,GWh,SP,2040,308.13628
Energy supply and use,Primary energy supply by source,Renewable,Other renewables,Corn stover,NA,NA,GWh,SP,2045,425.61199
Energy supply and use,Primary energy supply by source,Renewable,Other renewables,Corn stover,NA,NA,GWh,SP,2050,3195.97386
Energy supply and use,Primary energy supply by source,Renewable,Other renewables,Corn stover,NA,NA,GWh,TO,2025,15.76891
Energy supply and use,Primary energy supply by source,Renewable,Other renewables,Corn stover,NA,NA,GWh,TO,2030,28.77335
Energy supply and use,Primary energy supply by source,Renewable,Other renewables,Corn stover,NA,NA,GWh,TO,2035,27.70935
Energy supply and use,Primary energy supply by source,Renewable,Other renewables,Corn stover,NA,NA,GWh,TO,2040,26.71052
Energy supply and use,Primary energy supply by source,Renewable,Other renewables,Corn stover,NA,NA,GWh,TO,2045,24.98531
Energy supply and use,Primary energy supply by source,Renewable,Other renewables,Corn stover,NA,NA,GWh,TO,2050,78.00416
Energy supply and use,Primary energy supply by source,Renewable,Other renewables,Macauba,NA,NA,GWh,AC,2025,0.0
Energy supply and use,Primary energy supply by source,Renewable,Other renewables,Macauba,NA,NA,GWh,AC,2030,0.0
Energy supply and use,Primary energy supply by source,Renewable,Other renewables,Macauba,NA,NA,GWh,AC,2035,0.0
Energy supply and use,Primary energy supply by source,Renewable,Other renewables,Macauba,NA,NA,GWh,AC,2040,0.0
Energy supply and use,Primary energy supply by source,Renewable,Other renewables,Macauba,NA,NA,GWh,AC,2045,0.0
Energy supply and use,Primary energy supply by source,Renewable,Other renewables,Macauba,NA,NA,GWh,AC,2050,0.0
Energy supply and use,Primary energy supply by source,Renewable,Other renewables,Macauba,NA,NA,GWh,AL,2025,0.0
Energy supply and use,Primary energy supply by source,Renewable,Other renewables,Macauba,NA,NA,GWh,AL,2030,0.0
Energy supply and use,Primary energy supply by source,Renewable,Other renewables,Macauba,NA,NA,GWh,AL,2035,0.0
Energy supply and use,Primary energy supply by source,Renewable,Other renewables,Macauba,NA,NA,GWh,AL,2040,0.0
Energy supply and use,Primary energy supply by source,Renewable,Other renewables,Macauba,NA,NA,GWh,AL,2045,0.0
Energy supply and use,Primary energy supply by source,Renewable,Other renewables,Macauba,NA,NA,GWh,AL,2050,0.0
Energy supply and use,Primary energy supply by source,Renewable,Other renewables,Macauba,NA,NA,GWh,AM,2025,0.0
Energy supply and use,Primary energy supply by source,Renewable,Other renewables,Macauba,NA,NA,GWh,AM,2030,0.0
Energy supply and use,Primary energy supply by source,Renewable,Other renewables,Macauba,NA,NA,GWh,AM,2035,0.0
Energy supply and use,Primary energy supply by source,Renewable,Other renewables,Macauba,NA,NA,GWh,AM,2040,0.0
Energy supply and use,Primary energy supply by source,Renewable,Other renewables,Macauba,NA,NA,GWh,AM,2045,0.0
Energy supply and use,Primary energy supply by source,Renewable,Other renewables,Macauba,NA,NA,GWh,AM,2050,0.0
Energy supply and use,Primary energy supply by source,Renewable,Other renewables,Macauba,NA,NA,GWh,AP,2025,0.0
Energy supply and use,Primary energy supply by source,Renewable,Other renewables,Macauba,NA,NA,GWh,AP,2030,0.0
Energy supply and use,Primary energy supply by source,Renewable,Other renewables,Macauba,NA,NA,GWh,AP,2035,0.0
Energy supply and use,Primary energy supply by source,Renewable,Other renewables,Macauba,NA,NA,GWh,AP,2040,0.0
Energy supply and use,Primary energy supply by source,Renewable,Other renewables,Macauba,NA,NA,GWh,AP,2045,0.0
Energy supply and use,Primary energy supply by source,Renewable,Other renewables,Macauba,NA,NA,GWh,AP,2050,0.0
Energy supply and use,Primary energy supply by source,Renewable,Other renewables,Macauba,NA,NA,GWh,BA,2025,0.0
Energy supply and use,Primary energy supply by source,Renewable,Other renewables,Macauba,NA,NA,GWh,BA,2030,79274.78469
Energy supply and use,Primary energy supply by source,Renewable,Other renewables,Macauba,NA,NA,GWh,BA,2035,79306.81319
Energy supply and use,Primary energy supply by source,Renewable,Other renewables,Macauba,NA,NA,GWh,BA,2040,79308.92545
Energy supply and use,Primary energy supply by source,Renewable,Other renewables,Macauba,NA,NA,GWh,BA,2045,79306.83695
Energy supply and use,Primary energy supply by source,Renewable,Other renewables,Macauba,NA,NA,GWh,BA,2050,79213.63331
Energy supply and use,Primary energy supply by source,Renewable,Other renewables,Macauba,NA,NA,GWh,CE,2025,0.0
Energy supply and use,Primary energy supply by source,Renewable,Other renewables,Macauba,NA,NA,GWh,CE,2030,0.0
Energy supply and use,Primary energy supply by source,Renewable,Other renewables,Macauba,NA,NA,GWh,CE,2035,0.0
Energy supply and use,Primary energy supply by source,Renewable,Other renewables,Macauba,NA,NA,GWh,CE,2040,0.0
Energy supply and use,Primary energy supply by source,Renewable,Other renewables,Macauba,NA,NA,GWh,CE,2045,0.0
Energy supply and use,Primary energy supply by source,Renewable,Other renewables,Macauba,NA,NA,GWh,CE,2050,0.0
Energy supply and use,Primary energy supply by source,Renewable,Other renewables,Macauba,NA,NA,GWh,DF,2025,0.0
Energy supply and use,Primary energy supply by source,Renewable,Other renewables,Macauba,NA,NA,GWh,DF,2030,12.50372
Energy supply and use,Primary energy supply by source,Renewable,Other renewables,Macauba,NA,NA,GWh,DF,2035,12.76686
Energy supply and use,Primary energy supply by source,Renewable,Other renewables,Macauba,NA,NA,GWh,DF,2040,12.5044
Energy supply and use,Primary energy supply by source,Renewable,Other renewables,Macauba,NA,NA,GWh,DF,2045,12.32789
Energy supply and use,Primary energy supply by source,Renewable,Other renewables,Macauba,NA,NA,GWh,DF,2050,10.29347
Energy supply and use,Primary energy supply by source,Renewable,Other renewables,Macauba,NA,NA,GWh,ES,2025,0.0
Energy supply and use,Primary energy supply by source,Renewable,Other renewables,Macauba,NA,NA,GWh,ES,2030,0.0
Energy supply and use,Primary energy supply by source,Renewable,Other renewables,Macauba,NA,NA,GWh,ES,2035,0.0
Energy supply and use,Primary energy supply by source,Renewable,Other renewables,Macauba,NA,NA,GWh,ES,2040,0.0
Energy supply and use,Primary energy supply by source,Renewable,Other renewables,Macauba,NA,NA,GWh,ES,2045,0.0
Energy supply and use,Primary energy supply by source,Renewable,Other renewables,Macauba,NA,NA,GWh,ES,2050,0.0
Energy supply and use,Primary energy supply by source,Renewable,Other renewables,Macauba,NA,NA,GWh,GO,2025,0.0
Energy supply and use,Primary energy supply by source,Renewable,Other renewables,Macauba,NA,NA,GWh,GO,2030,13.44647
Energy supply and use,Primary energy supply by source,Renewable,Other renewables,Macauba,NA,NA,GWh,GO,2035,28745.59847
Energy supply and use,Primary energy supply by source,Renewable,Other renewables,Macauba,NA,NA,GWh,GO,2040,40957.42743
Energy supply and use,Primary energy supply by source,Renewable,Other renewables,Macauba,NA,NA,GWh,GO,2045,49368.02553
Energy supply and use,Primary energy supply by source,Renewable,Other renewables,Macauba,NA,NA,GWh,GO,2050,50151.92252
Energy supply and use,Primary energy supply by source,Renewable,Other renewables,Macauba,NA,NA,GWh,MA,2025,0.0
Energy supply and use,Primary energy supply by source,Renewable,Other renewables,Macauba,NA,NA,GWh,MA,2030,4.74767
Energy supply and use,Primary energy supply by source,Renewable,Other renewables,Macauba,NA,NA,GWh,MA,2035,9.64155
Energy supply and use,Primary energy supply by source,Renewable,Other renewables,Macauba,NA,NA,GWh,MA,2040,13.28874
Energy supply and use,Primary energy supply by source,Renewable,Other renewables,Macauba,NA,NA,GWh,MA,2045,13.72091
Energy supply and use,Primary energy supply by source,Renewable,Other renewables,Macauba,NA,NA,GWh,MA,2050,89.65728
Energy supply and use,Primary energy supply by source,Renewable,Other renewables,Macauba,NA,NA,GWh,MG,2025,0.0
Energy supply and use,Primary energy supply by source,Renewable,Other renewables,Macauba,NA,NA,GWh,MG,2030,11.05351
Energy supply and use,Primary energy supply by source,Renewable,Other renewables,Macauba,NA,NA,GWh,MG,2035,110.15007
Energy supply and use,Primary energy supply by source,Renewable,Other renewables,Macauba,NA,NA,GWh,MG,2040,173.01995
Energy supply and use,Primary energy supply by source,Renewable,Other renewables,Macauba,NA,NA,GWh,MG,2045,180.3802
Energy supply and use,Primary energy supply by source,Renewable,Other renewables,Macauba,NA,NA,GWh,MG,2050,887.25507
Energy supply and use,Primary energy supply by source,Renewable,Other renewables,Macauba,NA,NA,GWh,MS,2025,0.0
Energy supply and use,Primary energy supply by source,Renewable,Other renewables,Macauba,NA,NA,GWh,MS,2030,11.14372
Energy supply and use,Primary energy supply by source,Renewable,Other renewables,Macauba,NA,NA,GWh,MS,2035,138.17166
Energy supply and use,Primary energy supply by source,Renewable,Other renewables,Macauba,NA,NA,GWh,MS,2040,228.09998
Energy supply and use,Primary energy supply by source,Renewable,Other renewables,Macauba,NA,NA,GWh,MS,2045,239.31001
Energy supply and use,Primary energy supply by source,Renewable,Other renewables,Macauba,NA,NA,GWh,MS,2050,1232.76171
Energy supply and use,Primary energy supply by source,Renewable,Other renewables,Macauba,NA,NA,GWh,MT,2025,0.0
Energy supply and use,Primary energy supply by source,Renewable,Other renewables,Macauba,NA,NA,GWh,MT,2030,160996.45654
Energy supply and use,Primary energy supply by source,Renewable,Other renewables,Macauba,NA,NA,GWh,MT,2035,205461.1796
Energy supply and use,Primary energy supply by source,Renewable,Other renewables,Macauba,NA,NA,GWh,MT,2040,205468.97783
Energy supply and use,Primary energy supply by source,Renewable,Other renewables,Macauba,NA,NA,GWh,MT,2045,205468.55367
Energy supply and use,Primary energy supply by source,Renewable,Other renewables,Macauba,NA,NA,GWh,MT,2050,205363.13874
Energy supply and use,Primary energy supply by source,Renewable,Other renewables,Macauba,NA,NA,GWh,PA,2025,0.0
Energy supply and use,Primary energy supply by source,Renewable,Other renewables,Macauba,NA,NA,GWh,PA,2030,0.0
Energy supply and use,Primary energy supply by source,Renewable,Other renewables,Macauba,NA,NA,GWh,PA,2035,0.0
Energy supply and use,Primary energy supply by source,Renewable,Other renewables,Macauba,NA,NA,GWh,PA,2040,0.0
Energy supply and use,Primary energy supply by source,Renewable,Other renewables,Macauba,NA,NA,GWh,PA,2045,0.0
Energy supply and use,Primary energy supply by source,Renewable,Other renewables,Macauba,NA,NA,GWh,PA,2050,0.0
Energy supply and use,Primary energy supply by source,Renewable,Other renewables,Macauba,NA,NA,GWh,PB,2025,0.0
Energy supply and use,Primary energy supply by source,Renewable,Other renewables,Macauba,NA,NA,GWh,PB,2030,0.0
Energy supply and use,Primary energy supply by source,Renewable,Other renewables,Macauba,NA,NA,GWh,PB,2035,0.0
Energy supply and use,Primary energy supply by source,Renewable,Other renewables,Macauba,NA,NA,GWh,PB,2040,0.0
Energy supply and use,Primary energy supply by source,Renewable,Other renewables,Macauba,NA,NA,GWh,PB,2045,0.0
Energy supply and use,Primary energy supply by source,Renewable,Other renewables,Macauba,NA,NA,GWh,PB,2050,0.0
Energy supply and use,Primary energy supply by source,Renewable,Other renewables,Macauba,NA,NA,GWh,PE,2025,0.0
Energy supply and use,Primary energy supply by source,Renewable,Other renewables,Macauba,NA,NA,GWh,PE,2030,0.0
Energy supply and use,Primary energy supply by source,Renewable,Other renewables,Macauba,NA,NA,GWh,PE,2035,0.0
Energy supply and use,Primary energy supply by source,Renewable,Other renewables,Macauba,NA,NA,GWh,PE,2040,0.0
Energy supply and use,Primary energy supply by source,Renewable,Other renewables,Macauba,NA,NA,GWh,PE,2045,0.0
Energy supply and use,Primary energy supply by source,Renewable,Other renewables,Macauba,NA,NA,GWh,PE,2050,0.0
Energy supply and use,Primary energy supply by source,Renewable,Other renewables,Macauba,NA,NA,GWh,PI,2025,0.0
Energy supply and use,Primary energy supply by source,Renewable,Other renewables,Macauba,NA,NA,GWh,PI,2030,17.92481
Energy supply and use,Primary energy supply by source,Renewable,Other renewables,Macauba,NA,NA,GWh,PI,2035,178.82782
Energy supply and use,Primary energy supply by source,Renewable,Other renewables,Macauba,NA,NA,GWh,PI,2040,225.07432
Energy supply and use,Primary energy supply by source,Renewable,Other renewables,Macauba,NA,NA,GWh,PI,2045,259.30554
Energy supply and use,Primary energy supply by source,Renewable,Other renewables,Macauba,NA,NA,GWh,PI,2050,1745.24582
Energy supply and use,Primary energy supply by source,Renewable,Other renewables,Macauba,NA,NA,GWh,PR,2025,0.0
Energy supply and use,Primary energy supply by source,Renewable,Other renewables,Macauba,NA,NA,GWh,PR,2030,7.15918
Energy supply and use,Primary energy supply by source,Renewable,Other renewables,Macauba,NA,NA,GWh,PR,2035,57.01485
Energy supply and use,Primary energy supply by source,Renewable,Other renewables,Macauba,NA,NA,GWh,PR,2040,106.56123
Energy supply and use,Primary energy supply by source,Renewable,Other renewables,Macauba,NA,NA,GWh,PR,2045,124.79574
Energy supply and use,Primary energy supply by source,Renewable,Other renewables,Macauba,NA,NA,GWh,PR,2050,802.56095
Energy supply and use,Primary energy supply by source,Renewable,Other renewables,Macauba,NA,NA,GWh,RJ,2025,0.0
Energy supply and use,Primary energy supply by source,Renewable,Other renewables,Macauba,NA,NA,GWh,RJ,2030,0.0
Energy supply and use,Primary energy supply by source,Renewable,Other renewables,Macauba,NA,NA,GWh,RJ,2035,0.0
Energy supply and use,Primary energy supply by source,Renewable,Other renewables,Macauba,NA,NA,GWh,RJ,2040,0.0
Energy supply and use,Primary energy supply by source,Renewable,Other renewables,Macauba,NA,NA,GWh,RJ,2045,0.0
Energy supply and use,Primary energy supply by source,Renewable,Other renewables,Macauba,NA,NA,GWh,RJ,2050,0.0
Energy supply and use,Primary energy supply by source,Renewable,Other renewables,Macauba,NA,NA,GWh,RN,2025,0.0
Energy supply and use,Primary energy supply by source,Renewable,Other renewables,Macauba,NA,NA,GWh,RN,2030,0.0
Energy supply and use,Primary energy supply by source,Renewable,Other renewables,Macauba,NA,NA,GWh,RN,2035,0.0
Energy supply and use,Primary energy supply by source,Renewable,Other renewables,Macauba,NA,NA,GWh,RN,2040,0.0
Energy supply and use,Primary energy supply by source,Renewable,Other renewables,Macauba,NA,NA,GWh,RN,2045,0.0
Energy supply and use,Primary energy supply by source,Renewable,Other renewables,Macauba,NA,NA,GWh,RN,2050,0.0
Energy supply and use,Primary energy supply by source,Renewable,Other renewables,Macauba,NA,NA,GWh,RO,2025,0.0
Energy supply and use,Primary energy supply by source,Renewable,Other renewables,Macauba,NA,NA,GWh,RO,2030,0.0
Energy supply and use,Primary energy supply by source,Renewable,Other renewables,Macauba,NA,NA,GWh,RO,2035,0.0
Energy supply and use,Primary energy supply by source,Renewable,Other renewables,Macauba,NA,NA,GWh,RO,2040,0.0
Energy supply and use,Primary energy supply by source,Renewable,Other renewables,Macauba,NA,NA,GWh,RO,2045,0.0
Energy supply and use,Primary energy supply by source,Renewable,Other renewables,Macauba,NA,NA,GWh,RO,2050,0.0
Energy supply and use,Primary energy supply by source,Renewable,Other renewables,Macauba,NA,NA,GWh,RR,2025,0.0
Energy supply and use,Primary energy supply by source,Renewable,Other renewables,Macauba,NA,NA,GWh,RR,2030,0.0
Energy supply and use,Primary energy supply by source,Renewable,Other renewables,Macauba,NA,NA,GWh,RR,2035,0.0
Energy supply and use,Primary energy supply by source,Renewable,Other renewables,Macauba,NA,NA,GWh,RR,2040,0.0
Energy supply and use,Primary energy supply by source,Renewable,Other renewables,Macauba,NA,NA,GWh,RR,2045,0.0
Energy supply and use,Primary energy supply by source,Renewable,Other renewables,Macauba,NA,NA,GWh,RR,2050,0.0
Energy supply and use,Primary energy supply by source,Renewable,Other renewables,Macauba,NA,NA,GWh,RS,2025,0.0
Energy supply and use,Primary energy supply by source,Renewable,Other renewables,Macauba,NA,NA,GWh,RS,2030,7.09723
Energy supply and use,Primary energy supply by source,Renewable,Other renewables,Macauba,NA,NA,GWh,RS,2035,227.39177
Energy supply and use,Primary energy supply by source,Renewable,Other renewables,Macauba,NA,NA,GWh,RS,2040,225.99814
Energy supply and use,Primary energy supply by source,Renewable,Other renewables,Macauba,NA,NA,GWh,RS,2045,224.73794
Energy supply and use,Primary energy supply by source,Renewable,Other renewables,Macauba,NA,NA,GWh,RS,2050,180.38334
Energy supply and use,Primary energy supply by source,Renewable,Other renewables,Macauba,NA,NA,GWh,SC,2025,0.0
Energy supply and use,Primary energy supply by source,Renewable,Other renewables,Macauba,NA,NA,GWh,SC,2030,7.52211
Energy supply and use,Primary energy supply by source,Renewable,Other renewables,Macauba,NA,NA,GWh,SC,2035,365.24237
Energy supply and use,Primary energy supply by source,Renewable,Other renewables,Macauba,NA,NA,GWh,SC,2040,363.95965
Energy supply and use,Primary energy supply by source,Renewable,Other renewables,Macauba,NA,NA,GWh,SC,2045,362.58912
Energy supply and use,Primary energy supply by source,Renewable,Other renewables,Macauba,NA,NA,GWh,SC,2050,290.56934
Energy supply and use,Primary energy supply by source,Renewable,Other renewables,Macauba,NA,NA,GWh,SE,2025,0.0
Energy supply and use,Primary energy supply by source,Renewable,Other renewables,Macauba,NA,NA,GWh,SE,2030,34.95773
Energy supply and use,Primary energy supply by source,Renewable,Other renewables,Macauba,NA,NA,GWh,SE,2035,35.41429
Energy supply and use,Primary energy supply by source,Renewable,Other renewables,Macauba,NA,NA,GWh,SE,2040,34.99953
Energy supply and use,Primary energy supply by source,Renewable,Other renewables,Macauba,NA,NA,GWh,SE,2045,34.68012
Energy supply and use,Primary energy supply by source,Renewable,Other renewables,Macauba,NA,NA,GWh,SE,2050,29.37339
Energy supply and use,Primary energy supply by source,Renewable,Other renewables,Macauba,NA,NA,GWh,SP,2025,0.0
Energy supply and use,Primary energy supply by source,Renewable,Other renewables,Macauba,NA,NA,GWh,SP,2030,8.08995
Energy supply and use,Primary energy supply by source,Renewable,Other renewables,Macauba,NA,NA,GWh,SP,2035,46.65776
Energy supply and use,Primary energy supply by source,Renewable,Other renewables,Macauba,NA,NA,GWh,SP,2040,69.26714
Energy supply and use,Primary energy supply by source,Renewable,Other renewables,Macauba,NA,NA,GWh,SP,2045,78.13198
Energy supply and use,Primary energy supply by source,Renewable,Other renewables,Macauba,NA,NA,GWh,SP,2050,464.2218
Energy supply and use,Primary energy supply by source,Renewable,Other renewables,Macauba,NA,NA,GWh,TO,2025,0.0
Energy supply and use,Primary energy supply by source,Renewable,Other renewables,Macauba,NA,NA,GWh,TO,2030,13.75576
Energy supply and use,Primary energy supply by source,Renewable,Other renewables,Macauba,NA,NA,GWh,TO,2035,253.37144
Energy supply and use,Primary energy supply by source,Renewable,Other renewables,Macauba,NA,NA,GWh,TO,2040,310.58306
Energy supply and use,Primary energy supply by source,Renewable,Other renewables,Macauba,NA,NA,GWh,TO,2045,332.94108
Energy supply and use,Primary energy supply by source,Renewable,Other renewables,Macauba,NA,NA,GWh,TO,2050,2184.97706
Energy supply and use,Primary energy supply by source,Renewable,Other renewables,Rice straw,NA,NA,GWh,AC,2025,0.0
Energy supply and use,Primary energy supply by source,Renewable,Other renewables,Rice straw,NA,NA,GWh,AC,2030,0.0
Energy supply and use,Primary energy supply by source,Renewable,Other renewables,Rice straw,NA,NA,GWh,AC,2035,0.0
Energy supply and use,Primary energy supply by source,Renewable,Other renewables,Rice straw,NA,NA,GWh,AC,2040,0.0
Energy supply and use,Primary energy supply by source,Renewable,Other renewables,Rice straw,NA,NA,GWh,AC,2045,0.0
Energy supply and use,Primary energy supply by source,Renewable,Other renewables,Rice straw,NA,NA,GWh,AC,2050,0.0
Energy supply and use,Primary energy supply by source,Renewable,Other renewables,Rice straw,NA,NA,GWh,AL,2025,28.03796
Energy supply and use,Primary energy supply by source,Renewable,Other renewables,Rice straw,NA,NA,GWh,AL,2030,36.62532
Energy supply and use,Primary energy supply by source,Renewable,Other renewables,Rice straw,NA,NA,GWh,AL,2035,37.7993
Energy supply and use,Primary energy supply by source,Renewable,Other renewables,Rice straw,NA,NA,GWh,AL,2040,37.40107
Energy supply and use,Primary energy supply by source,Renewable,Other renewables,Rice straw,NA,NA,GWh,AL,2045,37.15377
Energy supply and use,Primary energy supply by source,Renewable,Other renewables,Rice straw,NA,NA,GWh,AL,2050,18.47902
Energy supply and use,Primary energy supply by source,Renewable,Other renewables,Rice straw,NA,NA,GWh,AM,2025,5.61887
Energy supply and use,Primary energy supply by source,Renewable,Other renewables,Rice straw,NA,NA,GWh,AM,2030,8.52742
Energy supply and use,Primary energy supply by source,Renewable,Other renewables,Rice straw,NA,NA,GWh,AM,2035,9.18965
Energy supply and use,Primary energy supply by source,Renewable,Other renewables,Rice straw,NA,NA,GWh,AM,2040,9.22233
Energy supply and use,Primary energy supply by source,Renewable,Other renewables,Rice straw,NA,NA,GWh,AM,2045,8.43312
Energy supply and use,Primary energy supply by source,Renewable,Other renewables,Rice straw,NA,NA,GWh,AM,2050,9.61986
Energy supply and use,Primary energy supply by source,Renewable,Other renewables,Rice straw,NA,NA,GWh,AP,2025,0.0
Energy supply and use,Primary energy supply by source,Renewable,Other renewables,Rice straw,NA,NA,GWh,AP,2030,0.0
Energy supply and use,Primary energy supply by source,Renewable,Other renewables,Rice straw,NA,NA,GWh,AP,2035,0.0
Energy supply and use,Primary energy supply by source,Renewable,Other renewables,Rice straw,NA,NA,GWh,AP,2040,0.0
Energy supply and use,Primary energy supply by source,Renewable,Other renewables,Rice straw,NA,NA,GWh,AP,2045,0.0
Energy supply and use,Primary energy supply by source,Renewable,Other renewables,Rice straw,NA,NA,GWh,AP,2050,0.0
Energy supply and use,Primary energy supply by source,Renewable,Other renewables,Rice straw,NA,NA,GWh,BA,2025,0.0
Energy supply and use,Primary energy supply by source,Renewable,Other renewables,Rice straw,NA,NA,GWh,BA,2030,0.0
Energy supply and use,Primary energy supply by source,Renewable,Other renewables,Rice straw,NA,NA,GWh,BA,2035,0.0
Energy supply and use,Primary energy supply by source,Renewable,Other renewables,Rice straw,NA,NA,GWh,BA,2040,0.0
Energy supply and use,Primary energy supply by source,Renewable,Other renewables,Rice straw,NA,NA,GWh,BA,2045,0.0
Energy supply and use,Primary energy supply by source,Renewable,Other renewables,Rice straw,NA,NA,GWh,BA,2050,0.0
Energy supply and use,Primary energy supply by source,Renewable,Other renewables,Rice straw,NA,NA,GWh,CE,2025,4.06033
Energy supply and use,Primary energy supply by source,Renewable,Other renewables,Rice straw,NA,NA,GWh,CE,2030,2.18079
Energy supply and use,Primary energy supply by source,Renewable,Other renewables,Rice straw,NA,NA,GWh,CE,2035,0.47507
Energy supply and use,Primary energy supply by source,Renewable,Other renewables,Rice straw,NA,NA,GWh,CE,2040,1.03104
Energy supply and use,Primary energy supply by source,Renewable,Other renewables,Rice straw,NA,NA,GWh,CE,2045,1.14974
Energy supply and use,Primary energy supply by source,Renewable,Other renewables,Rice straw,NA,NA,GWh,CE,2050,8.23663
Energy supply and use,Primary energy supply by source,Renewable,Other renewables,Rice straw,NA,NA,GWh,DF,2025,0.0
Energy supply and use,Primary energy supply by source,Renewable,Other renewables,Rice straw,NA,NA,GWh,DF,2030,0.0
Energy supply and use,Primary energy supply by source,Renewable,Other renewables,Rice straw,NA,NA,GWh,DF,2035,0.0
Energy supply and use,Primary energy supply by source,Renewable,Other renewables,Rice straw,NA,NA,GWh,DF,2040,0.0
Energy supply and use,Primary energy supply by source,Renewable,Other renewables,Rice straw,NA,NA,GWh,DF,2045,0.0
Energy supply and use,Primary energy supply by source,Renewable,Other renewables,Rice straw,NA,NA,GWh,DF,2050,0.0
Energy supply and use,Primary energy supply by source,Renewable,Other renewables,Rice straw,NA,NA,GWh,ES,2025,0.0
Energy supply and use,Primary energy supply by source,Renewable,Other renewables,Rice straw,NA,NA,GWh,ES,2030,0.0
Energy supply and use,Primary energy supply by source,Renewable,Other renewables,Rice straw,NA,NA,GWh,ES,2035,0.0
Energy supply and use,Primary energy supply by source,Renewable,Other renewables,Rice straw,NA,NA,GWh,ES,2040,0.0
Energy supply and use,Primary energy supply by source,Renewable,Other renewables,Rice straw,NA,NA,GWh,ES,2045,0.0
Energy supply and use,Primary energy supply by source,Renewable,Other renewables,Rice straw,NA,NA,GWh,ES,2050,0.0
Energy supply and use,Primary energy supply by source,Renewable,Other renewables,Rice straw,NA,NA,GWh,GO,2025,7.14051
Energy supply and use,Primary energy supply by source,Renewable,Other renewables,Rice straw,NA,NA,GWh,GO,2030,0.82269
Energy supply and use,Primary energy supply by source,Renewable,Other renewables,Rice straw,NA,NA,GWh,GO,2035,0.61467
Energy supply and use,Primary energy supply by source,Renewable,Other renewables,Rice straw,NA,NA,GWh,GO,2040,1.11929
Energy supply and use,Primary energy supply by source,Renewable,Other renewables,Rice straw,NA,NA,GWh,GO,2045,2.36628
Energy supply and use,Primary energy supply by source,Renewable,Other renewables,Rice straw,NA,NA,GWh,GO,2050,10.16072
Energy supply and use,Primary energy supply by source,Renewable,Other renewables,Rice straw,NA,NA,GWh,MA,2025,5.80563
Energy supply and use,Primary energy supply by source,Renewable,Other renewables,Rice straw,NA,NA,GWh,MA,2030,4.29117
Energy supply and use,Primary energy supply by source,Renewable,Other renewables,Rice straw,NA,NA,GWh,MA,2035,0.7002
Energy supply and use,Primary energy supply by source,Renewable,Other renewables,Rice straw,NA,NA,GWh,MA,2040,0.9007
Energy supply and use,Primary energy supply by source,Renewable,Other renewables,Rice straw,NA,NA,GWh,MA,2045,1.51132
Energy supply and use,Primary energy supply by source,Renewable,Other renewables,Rice straw,NA,NA,GWh,MA,2050,31.4597
Energy supply and use,Primary energy supply by source,Renewable,Other renewables,Rice straw,NA,NA,GWh,MG,2025,3.63196
Energy supply and use,Primary energy supply by source,Renewable,Other renewables,Rice straw,NA,NA,GWh,MG,2030,2.19406
Energy supply and use,Primary energy supply by source,Renewable,Other renewables,Rice straw,NA,NA,GWh,MG,2035,0.48897
Energy supply and use,Primary energy supply by source,Renewable,Other renewables,Rice straw,NA,NA,GWh,MG,2040,0.78212
Energy supply and use,Primary energy supply by source,Renewable,Other renewables,Rice straw,NA,NA,GWh,MG,2045,0.98174
Energy supply and use,Primary energy supply by source,Renewable,Other renewables,Rice straw,NA,NA,GWh,MG,2050,3.38629
Energy supply and use,Primary energy supply by source,Renewable,Other renewables,Rice straw,NA,NA,GWh,MS,2025,5.57666
Energy supply and use,Primary energy supply by source,Renewable,Other renewables,Rice straw,NA,NA,GWh,MS,2030,0.37561
Energy supply and use,Primary energy supply by source,Renewable,Other renewables,Rice straw,NA,NA,GWh,MS,2035,0.98289
Energy supply and use,Primary energy supply by source,Renewable,Other renewables,Rice straw,NA,NA,GWh,MS,2040,1.38211
Energy supply and use,Primary energy supply by source,Renewable,Other renewables,Rice straw,NA,NA,GWh,MS,2045,1.76102
Energy supply and use,Primary energy supply by source,Renewable,Other renewables,Rice straw,NA,NA,GWh,MS,2050,9.19908
Energy supply and use,Primary energy supply by source,Renewable,Other renewables,Rice straw,NA,NA,GWh,MT,2025,7.57387
Energy supply and use,Primary energy supply by source,Renewable,Other renewables,Rice straw,NA,NA,GWh,MT,2030,0.47686
Energy supply and use,Primary energy supply by source,Renewable,Other renewables,Rice straw,NA,NA,GWh,MT,2035,2.07948
Energy supply and use,Primary energy supply by source,Renewable,Other renewables,Rice straw,NA,NA,GWh,MT,2040,4.1257
Energy supply and use,Primary energy supply by source,Renewable,Other renewables,Rice straw,NA,NA,GWh,MT,2045,6.32122
Energy supply and use,Primary energy supply by source,Renewable,Other renewables,Rice straw,NA,NA,GWh,MT,2050,82.62639
Energy supply and use,Primary energy supply by source,Renewable,Other renewables,Rice straw,NA,NA,GWh,PA,2025,8.65142
Energy supply and use,Primary energy supply by source,Renewable,Other renewables,Rice straw,NA,NA,GWh,PA,2030,9.8918
Energy supply and use,Primary energy supply by source,Renewable,Other renewables,Rice straw,NA,NA,GWh,PA,2035,11.0412
Energy supply and use,Primary energy supply by source,Renewable,Other renewables,Rice straw,NA,NA,GWh,PA,2040,11.79528
Energy supply and use,Primary energy supply by source,Renewable,Other renewables,Rice straw,NA,NA,GWh,PA,2045,12.29201
Energy supply and use,Primary energy supply by source,Renewable,Other renewables,Rice straw,NA,NA,GWh,PA,2050,31.03685
Energy supply and use,Primary energy supply by source,Renewable,Other renewables,Rice straw,NA,NA,GWh,PB,2025,0.0
Energy supply and use,Primary energy supply by source,Renewable,Other renewables,Rice straw,NA,NA,GWh,PB,2030,0.0
Energy supply and use,Primary energy supply by source,Renewable,Other renewables,Rice straw,NA,NA,GWh,PB,2035,0.0
Energy supply and use,Primary energy supply by source,Renewable,Other renewables,Rice straw,NA,NA,GWh,PB,2040,0.0
Energy supply and use,Primary energy supply by source,Renewable,Other renewables,Rice straw,NA,NA,GWh,PB,2045,0.0
Energy supply and use,Primary energy supply by source,Renewable,Other renewables,Rice straw,NA,NA,GWh,PB,2050,0.0
Energy supply and use,Primary energy supply by source,Renewable,Other renewables,Rice straw,NA,NA,GWh,PE,2025,0.0
Energy supply and use,Primary energy supply by source,Renewable,Other renewables,Rice straw,NA,NA,GWh,PE,2030,0.0
Energy supply and use,Primary energy supply by source,Renewable,Other renewables,Rice straw,NA,NA,GWh,PE,2035,0.0
Energy supply and use,Primary energy supply by source,Renewable,Other renewables,Rice straw,NA,NA,GWh,PE,2040,0.0
Energy supply and use,Primary energy supply by source,Renewable,Other renewables,Rice straw,NA,NA,GWh,PE,2045,0.0
Energy supply and use,Primary energy supply by source,Renewable,Other renewables,Rice straw,NA,NA,GWh,PE,2050,0.0
Energy supply and use,Primary energy supply by source,Renewable,Other renewables,Rice straw,NA,NA,GWh,PI,2025,5.21006
Energy supply and use,Primary energy supply by source,Renewable,Other renewables,Rice straw,NA,NA,GWh,PI,2030,3.71353
Energy supply and use,Primary energy supply by source,Renewable,Other renewables,Rice straw,NA,NA,GWh,PI,2035,0.8741
Energy supply and use,Primary energy supply by source,Renewable,Other renewables,Rice straw,NA,NA,GWh,PI,2040,0.99966
Energy supply and use,Primary energy supply by source,Renewable,Other renewables,Rice straw,NA,NA,GWh,PI,2045,1.21102
Energy supply and use,Primary energy supply by source,Renewable,Other renewables,Rice straw,NA,NA,GWh,PI,2050,19.88477
Energy supply and use,Primary energy supply by source,Renewable,Other renewables,Rice straw,NA,NA,GWh,PR,2025,7.97417
Energy supply and use,Primary energy supply by source,Renewable,Other renewables,Rice straw,NA,NA,GWh,PR,2030,8.49663
Energy supply and use,Primary energy supply by source,Renewable,Other renewables,Rice straw,NA,NA,GWh,PR,2035,1.38213
Energy supply and use,Primary energy supply by source,Renewable,Other renewables,Rice straw,NA,NA,GWh,PR,2040,2.06527
Energy supply and use,Primary energy supply by source,Renewable,Other renewables,Rice straw,NA,NA,GWh,PR,2045,2.89672
Energy supply and use,Primary energy supply by source,Renewable,Other renewables,Rice straw,NA,NA,GWh,PR,2050,22.29029
Energy supply and use,Primary energy supply by source,Renewable,Other renewables,Rice straw,NA,NA,GWh,RJ,2025,0.0
Energy supply and use,Primary energy supply by source,Renewable,Other renewables,Rice straw,NA,NA,GWh,RJ,2030,0.0
Energy supply and use,Primary energy supply by source,Renewable,Other renewables,Rice straw,NA,NA,GWh,RJ,2035,0.0
Energy supply and use,Primary energy supply by source,Renewable,Other renewables,Rice straw,NA,NA,GWh,RJ,2040,0.0
Energy supply and use,Primary energy supply by source,Renewable,Other renewables,Rice straw,NA,NA,GWh,RJ,2045,0.0
Energy supply and use,Primary energy supply by source,Renewable,Other renewables,Rice straw,NA,NA,GWh,RJ,2050,0.0
Energy supply and use,Primary energy supply by source,Renewable,Other renewables,Rice straw,NA,NA,GWh,RN,2025,0.0
Energy supply and use,Primary energy supply by source,Renewable,Other renewables,Rice straw,NA,NA,GWh,RN,2030,0.0
Energy supply and use,Primary energy supply by source,Renewable,Other renewables,Rice straw,NA,NA,GWh,RN,2035,0.0
Energy supply and use,Primary energy supply by source,Renewable,Other renewables,Rice straw,NA,NA,GWh,RN,2040,0.0
Energy supply and use,Primary energy supply by source,Renewable,Other renewables,Rice straw,NA,NA,GWh,RN,2045,0.0
Energy supply and use,Primary energy supply by source,Renewable,Other renewables,Rice straw,NA,NA,GWh,RN,2050,0.0
Energy supply and use,Primary energy supply by source,Renewable,Other renewables,Rice straw,NA,NA,GWh,RO,2025,8.73541
Energy supply and use,Primary energy supply by source,Renewable,Other renewables,Rice straw,NA,NA,GWh,RO,2030,10.87213
Energy supply and use,Primary energy supply by source,Renewable,Other renewables,Rice straw,NA,NA,GWh,RO,2035,11.07799
Energy supply and use,Primary energy supply by source,Renewable,Other renewables,Rice straw,NA,NA,GWh,RO,2040,11.56052
Energy supply and use,Primary energy supply by source,Renewable,Other renewables,Rice straw,NA,NA,GWh,RO,2045,11.91684
Energy supply and use,Primary energy supply by source,Renewable,Other renewables,Rice straw,NA,NA,GWh,RO,2050,32.36584
Energy supply and use,Primary energy supply by source,Renewable,Other renewables,Rice straw,NA,NA,GWh,RR,2025,8.368
Energy supply and use,Primary energy supply by source,Renewable,Other renewables,Rice straw,NA,NA,GWh,RR,2030,11.0303
Energy supply and use,Primary energy supply by source,Renewable,Other renewables,Rice straw,NA,NA,GWh,RR,2035,12.20439
Energy supply and use,Primary energy supply by source,Renewable,Other renewables,Rice straw,NA,NA,GWh,RR,2040,12.94782
Energy supply and use,Primary energy supply by source,Renewable,Other renewables,Rice straw,NA,NA,GWh,RR,2045,12.43263
Energy supply and use,Primary energy supply by source,Renewable,Other renewables,Rice straw,NA,NA,GWh,RR,2050,30.27453
Energy supply and use,Primary energy supply by source,Renewable,Other renewables,Rice straw,NA,NA,GWh,RS,2025,28.72929
Energy supply and use,Primary energy supply by source,Renewable,Other renewables,Rice straw,NA,NA,GWh,RS,2030,25.47179
Energy supply and use,Primary energy supply by source,Renewable,Other renewables,Rice straw,NA,NA,GWh,RS,2035,17.60213
Energy supply and use,Primary energy supply by source,Renewable,Other renewables,Rice straw,NA,NA,GWh,RS,2040,15.92268
Energy supply and use,Primary energy supply by source,Renewable,Other renewables,Rice straw,NA,NA,GWh,RS,2045,13.8517
Energy supply and use,Primary energy supply by source,Renewable,Other renewables,Rice straw,NA,NA,GWh,RS,2050,247.98213
Energy supply and use,Primary energy supply by source,Renewable,Other renewables,Rice straw,NA,NA,GWh,SC,2025,14.36532
Energy supply and use,Primary energy supply by source,Renewable,Other renewables,Rice straw,NA,NA,GWh,SC,2030,14.8232
Energy supply and use,Primary energy supply by source,Renewable,Other renewables,Rice straw,NA,NA,GWh,SC,2035,7.96863
Energy supply and use,Primary energy supply by source,Renewable,Other renewables,Rice straw,NA,NA,GWh,SC,2040,7.26675
Energy supply and use,Primary energy supply by source,Renewable,Other renewables,Rice straw,NA,NA,GWh,SC,2045,7.28373
Energy supply and use,Primary energy supply by source,Renewable,Other renewables,Rice straw,NA,NA,GWh,SC,2050,99.18879
Energy supply and use,Primary energy supply by source,Renewable,Other renewables,Rice straw,NA,NA,GWh,SE,2025,4.96102
Energy supply and use,Primary energy supply by source,Renewable,Other renewables,Rice straw,NA,NA,GWh,SE,2030,4.59841
Energy supply and use,Primary energy supply by source,Renewable,Other renewables,Rice straw,NA,NA,GWh,SE,2035,0.39514
Energy supply and use,Primary energy supply by source,Renewable,Other renewables,Rice straw,NA,NA,GWh,SE,2040,0.88909
Energy supply and use,Primary energy supply by source,Renewable,Other renewables,Rice straw,NA,NA,GWh,SE,2045,1.05573
Energy supply and use,Primary energy supply by source,Renewable,Other renewables,Rice straw,NA,NA,GWh,SE,2050,11.64971
Energy supply and use,Primary energy supply by source,Renewable,Other renewables,Rice straw,NA,NA,GWh,SP,2025,51.8438
Energy supply and use,Primary energy supply by source,Renewable,Other renewables,Rice straw,NA,NA,GWh,SP,2030,44.37241
Energy supply and use,Primary energy supply by source,Renewable,Other renewables,Rice straw,NA,NA,GWh,SP,2035,12.98074
Energy supply and use,Primary energy supply by source,Renewable,Other renewables,Rice straw,NA,NA,GWh,SP,2040,2.628
Energy supply and use,Primary energy supply by source,Renewable,Other renewables,Rice straw,NA,NA,GWh,SP,2045,3.67115
Energy supply and use,Primary energy supply by source,Renewable,Other renewables,Rice straw,NA,NA,GWh,SP,2050,23.56409
Energy supply and use,Primary energy supply by source,Renewable,Other renewables,Rice straw,NA,NA,GWh,TO,2025,8.12124
Energy supply and use,Primary energy supply by source,Renewable,Other renewables,Rice straw,NA,NA,GWh,TO,2030,13.15612
Energy supply and use,Primary energy supply by source,Renewable,Other renewables,Rice straw,NA,NA,GWh,TO,2035,14.4645
Energy supply and use,Primary energy supply by source,Renewable,Other renewables,Rice straw,NA,NA,GWh,TO,2040,14.72136
Energy supply and use,Primary energy supply by source,Renewable,Other renewables,Rice straw,NA,NA,GWh,TO,2045,14.85042
Energy supply and use,Primary energy supply by source,Renewable,Other renewables,Rice straw,NA,NA,GWh,TO,2050,49.45065
