Variable_group,Variable name,Class_1,Class_2,Class_3,Class_4,Class_5,Unit,Territory,Year,Value
Non-fossil end-use fuels (including biofuels),"Biofuels, synthesized fuels and hydrogen production by technology",Energy,Fuel production,Hydrous ethanol,Corn,1G,GWh,BR,2025,3952.7227
Non-fossil end-use fuels (including biofuels),"Biofuels, synthesized fuels and hydrogen production by technology",Energy,Fuel production,Hydrous ethanol,Corn,1G,GWh,BR,2030,9822.6892
Non-fossil end-use fuels (including biofuels),"Biofuels, synthesized fuels and hydrogen production by technology",Energy,Fuel production,Hydrous ethanol,Corn,1G,GWh,BR,2035,111.85418
Non-fossil end-use fuels (including biofuels),"Biofuels, synthesized fuels and hydrogen production by technology",Energy,Fuel production,Hydrous ethanol,Corn,1G,GWh,BR,2040,152.02846
Non-fossil end-use fuels (including biofuels),"Biofuels, synthesized fuels and hydrogen production by technology",Energy,Fuel production,Hydrous ethanol,Corn,1G,GWh,BR,2045,33.91434
Non-fossil end-use fuels (including biofuels),"Biofuels, synthesized fuels and hydrogen production by technology",Energy,Fuel production,Hydrous ethanol,Corn,1G,GWh,BR,2050,25.69763
Non-fossil end-use fuels (including biofuels),"Biofuels, synthesized fuels and hydrogen production by technology",Energy,Fuel production,Hydrous ethanol,Corn,1G with CCS,GWh,BR,2025,0.0
Non-fossil end-use fuels (including biofuels),"Biofuels, synthesized fuels and hydrogen production by technology",Energy,Fuel production,Hydrous ethanol,Corn,1G with CCS,GWh,BR,2030,3.41072
Non-fossil end-use fuels (including biofuels),"Biofuels, synthesized fuels and hydrogen production by technology",Energy,Fuel production,Hydrous ethanol,Corn,1G with CCS,GWh,BR,2035,4.06927
Non-fossil end-use fuels (including biofuels),"Biofuels, synthesized fuels and hydrogen production by technology",Energy,Fuel production,Hydrous ethanol,Corn,1G with CCS,GWh,BR,2040,88.03817
Non-fossil end-use fuels (including biofuels),"Biofuels, synthesized fuels and hydrogen production by technology",Energy,Fuel production,Hydrous ethanol,Corn,1G with CCS,GWh,BR,2045,35.45561
Non-fossil end-use fuels (including biofuels),"Biofuels, synthesized fuels and hydrogen production by technology",Energy,Fuel production,Hydrous ethanol,Corn,1G with CCS,GWh,BR,2050,26.73338
Non-fossil end-use fuels (including biofuels),"Biofuels, synthesized fuels and hydrogen production by technology",Energy,Fuel production,Hydrous ethanol,Lignocellulosic,2G,GWh,BR,2025,0.0
Non-fossil end-use fuels (including biofuels),"Biofuels, synthesized fuels and hydrogen production by technology",Energy,Fuel production,Hydrous ethanol,Lignocellulosic,2G,GWh,BR,2030,4140.82118
Non-fossil end-use fuels (including biofuels),"Biofuels, synthesized fuels and hydrogen production by technology",Energy,Fuel production,Hydrous ethanol,Lignocellulosic,2G,GWh,BR,2035,16912.8129
Non-fossil end-use fuels (including biofuels),"Biofuels, synthesized fuels and hydrogen production by technology",Energy,Fuel production,Hydrous ethanol,Lignocellulosic,2G,GWh,BR,2040,16917.48413
Non-fossil end-use fuels (including biofuels),"Biofuels, synthesized fuels and hydrogen production by technology",Energy,Fuel production,Hydrous ethanol,Lignocellulosic,2G,GWh,BR,2045,16859.45726
Non-fossil end-use fuels (including biofuels),"Biofuels, synthesized fuels and hydrogen production by technology",Energy,Fuel production,Hydrous ethanol,Lignocellulosic,2G,GWh,BR,2050,15827.47203
Non-fossil end-use fuels (including biofuels),"Biofuels, synthesized fuels and hydrogen production by technology",Energy,Fuel production,Hydrous ethanol,Lignocellulosic,2G with CCS,GWh,BR,2025,0.0
Non-fossil end-use fuels (including biofuels),"Biofuels, synthesized fuels and hydrogen production by technology",Energy,Fuel production,Hydrous ethanol,Lignocellulosic,2G with CCS,GWh,BR,2030,12.31558
Non-fossil end-use fuels (including biofuels),"Biofuels, synthesized fuels and hydrogen production by technology",Energy,Fuel production,Hydrous ethanol,Lignocellulosic,2G with CCS,GWh,BR,2035,86.49019
Non-fossil end-use fuels (including biofuels),"Biofuels, synthesized fuels and hydrogen production by technology",Energy,Fuel production,Hydrous ethanol,Lignocellulosic,2G with CCS,GWh,BR,2040,329.76462
Non-fossil end-use fuels (including biofuels),"Biofuels, synthesized fuels and hydrogen production by technology",Energy,Fuel production,Hydrous ethanol,Lignocellulosic,2G with CCS,GWh,BR,2045,10797.58107
Non-fossil end-use fuels (including biofuels),"Biofuels, synthesized fuels and hydrogen production by technology",Energy,Fuel production,Hydrous ethanol,Lignocellulosic,2G with CCS,GWh,BR,2050,10749.94057
Non-fossil end-use fuels (including biofuels),"Biofuels, synthesized fuels and hydrogen production by technology",Energy,Fuel production,Hydrous ethanol,N/A,BECCS_corn_ethanol_existing,GWh,BR,2025,30489.3506
Non-fossil end-use fuels (including biofuels),"Biofuels, synthesized fuels and hydrogen production by technology",Energy,Fuel production,Hydrous ethanol,N/A,BECCS_corn_ethanol_existing,GWh,BR,2030,30518.05386
Non-fossil end-use fuels (including biofuels),"Biofuels, synthesized fuels and hydrogen production by technology",Energy,Fuel production,Hydrous ethanol,N/A,BECCS_corn_ethanol_existing,GWh,BR,2035,8309.12873
Non-fossil end-use fuels (including biofuels),"Biofuels, synthesized fuels and hydrogen production by technology",Energy,Fuel production,Hydrous ethanol,N/A,BECCS_corn_ethanol_existing,GWh,BR,2040,4745.34843
Non-fossil end-use fuels (including biofuels),"Biofuels, synthesized fuels and hydrogen production by technology",Energy,Fuel production,Hydrous ethanol,N/A,BECCS_corn_ethanol_existing,GWh,BR,2045,3225.81965
Non-fossil end-use fuels (including biofuels),"Biofuels, synthesized fuels and hydrogen production by technology",Energy,Fuel production,Hydrous ethanol,N/A,BECCS_corn_ethanol_existing,GWh,BR,2050,3138.31114
Non-fossil end-use fuels (including biofuels),"Biofuels, synthesized fuels and hydrogen production by technology",Energy,Fuel production,Hydrous ethanol,N/A,BECCS_sugarcane_ethanol_existing,GWh,BR,2025,75947.35501
Non-fossil end-use fuels (including biofuels),"Biofuels, synthesized fuels and hydrogen production by technology",Energy,Fuel production,Hydrous ethanol,N/A,BECCS_sugarcane_ethanol_existing,GWh,BR,2030,84134.0494
Non-fossil end-use fuels (including biofuels),"Biofuels, synthesized fuels and hydrogen production by technology",Energy,Fuel production,Hydrous ethanol,N/A,BECCS_sugarcane_ethanol_existing,GWh,BR,2035,158191.98142
Non-fossil end-use fuels (including biofuels),"Biofuels, synthesized fuels and hydrogen production by technology",Energy,Fuel production,Hydrous ethanol,N/A,BECCS_sugarcane_ethanol_existing,GWh,BR,2040,213839.93785
Non-fossil end-use fuels (including biofuels),"Biofuels, synthesized fuels and hydrogen production by technology",Energy,Fuel production,Hydrous ethanol,N/A,BECCS_sugarcane_ethanol_existing,GWh,BR,2045,121034.25631
Non-fossil end-use fuels (including biofuels),"Biofuels, synthesized fuels and hydrogen production by technology",Energy,Fuel production,Hydrous ethanol,N/A,BECCS_sugarcane_ethanol_existing,GWh,BR,2050,3789.00468
Non-fossil end-use fuels (including biofuels),"Biofuels, synthesized fuels and hydrogen production by technology",Energy,Fuel production,Hydrous ethanol,Sugarcane,1G,GWh,BR,2025,171.70034
Non-fossil end-use fuels (including biofuels),"Biofuels, synthesized fuels and hydrogen production by technology",Energy,Fuel production,Hydrous ethanol,Sugarcane,1G,GWh,BR,2030,75.60137
Non-fossil end-use fuels (including biofuels),"Biofuels, synthesized fuels and hydrogen production by technology",Energy,Fuel production,Hydrous ethanol,Sugarcane,1G,GWh,BR,2035,975.39977
Non-fossil end-use fuels (including biofuels),"Biofuels, synthesized fuels and hydrogen production by technology",Energy,Fuel production,Hydrous ethanol,Sugarcane,1G,GWh,BR,2040,3432.54485
Non-fossil end-use fuels (including biofuels),"Biofuels, synthesized fuels and hydrogen production by technology",Energy,Fuel production,Hydrous ethanol,Sugarcane,1G,GWh,BR,2045,4285.50422
Non-fossil end-use fuels (including biofuels),"Biofuels, synthesized fuels and hydrogen production by technology",Energy,Fuel production,Hydrous ethanol,Sugarcane,1G,GWh,BR,2050,675.90239
Non-fossil end-use fuels (including biofuels),"Biofuels, synthesized fuels and hydrogen production by technology",Energy,Fuel production,Hydrous ethanol,Sugarcane,1G with CCS,GWh,BR,2025,0.0
Non-fossil end-use fuels (including biofuels),"Biofuels, synthesized fuels and hydrogen production by technology",Energy,Fuel production,Hydrous ethanol,Sugarcane,1G with CCS,GWh,BR,2030,4.9732
Non-fossil end-use fuels (including biofuels),"Biofuels, synthesized fuels and hydrogen production by technology",Energy,Fuel production,Hydrous ethanol,Sugarcane,1G with CCS,GWh,BR,2035,31.26827
Non-fossil end-use fuels (including biofuels),"Biofuels, synthesized fuels and hydrogen production by technology",Energy,Fuel production,Hydrous ethanol,Sugarcane,1G with CCS,GWh,BR,2040,50524.83156
Non-fossil end-use fuels (including biofuels),"Biofuels, synthesized fuels and hydrogen production by technology",Energy,Fuel production,Hydrous ethanol,Sugarcane,1G with CCS,GWh,BR,2045,161785.43455
Non-fossil end-use fuels (including biofuels),"Biofuels, synthesized fuels and hydrogen production by technology",Energy,Fuel production,Hydrous ethanol,Sugarcane,1G with CCS,GWh,BR,2050,290292.50691
Non-fossil end-use fuels (including biofuels),"Biofuels, synthesized fuels and hydrogen production by technology",Energy,Fuel production,Hydrous ethanol,Sugarcane,1G2G,GWh,BR,2025,0.0
Non-fossil end-use fuels (including biofuels),"Biofuels, synthesized fuels and hydrogen production by technology",Energy,Fuel production,Hydrous ethanol,Sugarcane,1G2G,GWh,BR,2030,11.49811
Non-fossil end-use fuels (including biofuels),"Biofuels, synthesized fuels and hydrogen production by technology",Energy,Fuel production,Hydrous ethanol,Sugarcane,1G2G,GWh,BR,2035,18.87708
Non-fossil end-use fuels (including biofuels),"Biofuels, synthesized fuels and hydrogen production by technology",Energy,Fuel production,Hydrous ethanol,Sugarcane,1G2G,GWh,BR,2040,336.24691
Non-fossil end-use fuels (including biofuels),"Biofuels, synthesized fuels and hydrogen production by technology",Energy,Fuel production,Hydrous ethanol,Sugarcane,1G2G,GWh,BR,2045,244.96194
Non-fossil end-use fuels (including biofuels),"Biofuels, synthesized fuels and hydrogen production by technology",Energy,Fuel production,Hydrous ethanol,Sugarcane,1G2G,GWh,BR,2050,49.28765
Non-fossil end-use fuels (including biofuels),"Biofuels, synthesized fuels and hydrogen production by technology",Energy,Fuel production,Hydrous ethanol,Sugarcane,1G2G with CCS,GWh,BR,2025,0.0
Non-fossil end-use fuels (including biofuels),"Biofuels, synthesized fuels and hydrogen production by technology",Energy,Fuel production,Hydrous ethanol,Sugarcane,1G2G with CCS,GWh,BR,2030,7.91166
Non-fossil end-use fuels (including biofuels),"Biofuels, synthesized fuels and hydrogen production by technology",Energy,Fuel production,Hydrous ethanol,Sugarcane,1G2G with CCS,GWh,BR,2035,11487.88804
Non-fossil end-use fuels (including biofuels),"Biofuels, synthesized fuels and hydrogen production by technology",Energy,Fuel production,Hydrous ethanol,Sugarcane,1G2G with CCS,GWh,BR,2040,11006.8165
Non-fossil end-use fuels (including biofuels),"Biofuels, synthesized fuels and hydrogen production by technology",Energy,Fuel production,Hydrous ethanol,Sugarcane,1G2G with CCS,GWh,BR,2045,11241.13022
Non-fossil end-use fuels (including biofuels),"Biofuels, synthesized fuels and hydrogen production by technology",Energy,Fuel production,Hydrous ethanol,Sugarcane,1G2G with CCS,GWh,BR,2050,287.53236
Non-fossil end-use fuels (including biofuels),"Biofuels, synthesized fuels and hydrogen production by technology",Energy,Fuel production,Charcoal,Residue,Carbonization,GWh,BR,2025,121.35922
Non-fossil end-use fuels (including biofuels),"Biofuels, synthesized fuels and hydrogen production by technology",Energy,Fuel production,Charcoal,Residue,Carbonization,GWh,BR,2030,12.29238
Non-fossil end-use fuels (including biofuels),"Biofuels, synthesized fuels and hydrogen production by technology",Energy,Fuel production,Charcoal,Residue,Carbonization,GWh,BR,2035,12.74882
Non-fossil end-use fuels (including biofuels),"Biofuels, synthesized fuels and hydrogen production by technology",Energy,Fuel production,Charcoal,Residue,Carbonization,GWh,BR,2040,216.89779
Non-fossil end-use fuels (including biofuels),"Biofuels, synthesized fuels and hydrogen production by technology",Energy,Fuel production,Charcoal,Residue,Carbonization,GWh,BR,2045,21.73618
Non-fossil end-use fuels (including biofuels),"Biofuels, synthesized fuels and hydrogen production by technology",Energy,Fuel production,Charcoal,Residue,Carbonization,GWh,BR,2050,16.35364
Non-fossil end-use fuels (including biofuels),"Biofuels, synthesized fuels and hydrogen production by technology",Energy,Fuel production,Charcoal,Wood,Carbonization,GWh,BR,2025,45760.77011
Non-fossil end-use fuels (including biofuels),"Biofuels, synthesized fuels and hydrogen production by technology",Energy,Fuel production,Charcoal,Wood,Carbonization,GWh,BR,2030,46050.65452
Non-fossil end-use fuels (including biofuels),"Biofuels, synthesized fuels and hydrogen production by technology",Energy,Fuel production,Charcoal,Wood,Carbonization,GWh,BR,2035,45953.78094
Non-fossil end-use fuels (including biofuels),"Biofuels, synthesized fuels and hydrogen production by technology",Energy,Fuel production,Charcoal,Wood,Carbonization,GWh,BR,2040,45562.31963
Non-fossil end-use fuels (including biofuels),"Biofuels, synthesized fuels and hydrogen production by technology",Energy,Fuel production,Charcoal,Wood,Carbonization,GWh,BR,2045,44097.0621
Non-fossil end-use fuels (including biofuels),"Biofuels, synthesized fuels and hydrogen production by technology",Energy,Fuel production,Charcoal,Wood,Carbonization,GWh,BR,2050,42088.4897
Non-fossil end-use fuels (including biofuels),"Biofuels, synthesized fuels and hydrogen production by technology",Energy,Fuel production,Biodiesel,Soybean,FAME,GWh,BR,2025,7536.52912
Non-fossil end-use fuels (including biofuels),"Biofuels, synthesized fuels and hydrogen production by technology",Energy,Fuel production,Biodiesel,Soybean,FAME,GWh,BR,2030,9983.522
Non-fossil end-use fuels (including biofuels),"Biofuels, synthesized fuels and hydrogen production by technology",Energy,Fuel production,Biodiesel,Soybean,FAME,GWh,BR,2035,39633.85994
Non-fossil end-use fuels (including biofuels),"Biofuels, synthesized fuels and hydrogen production by technology",Energy,Fuel production,Biodiesel,Soybean,FAME,GWh,BR,2040,46425.0505
Non-fossil end-use fuels (including biofuels),"Biofuels, synthesized fuels and hydrogen production by technology",Energy,Fuel production,Biodiesel,Soybean,FAME,GWh,BR,2045,50548.9782
Non-fossil end-use fuels (including biofuels),"Biofuels, synthesized fuels and hydrogen production by technology",Energy,Fuel production,Biodiesel,Soybean,FAME,GWh,BR,2050,53067.4164
Non-fossil end-use fuels (including biofuels),"Biofuels, synthesized fuels and hydrogen production by technology",Energy,Fuel production,Biodiesel,Soybean,FAME (existing),GWh,BR,2025,77345.61021
Non-fossil end-use fuels (including biofuels),"Biofuels, synthesized fuels and hydrogen production by technology",Energy,Fuel production,Biodiesel,Soybean,FAME (existing),GWh,BR,2030,116427.69899
Non-fossil end-use fuels (including biofuels),"Biofuels, synthesized fuels and hydrogen production by technology",Energy,Fuel production,Biodiesel,Soybean,FAME (existing),GWh,BR,2035,125967.8436
Non-fossil end-use fuels (including biofuels),"Biofuels, synthesized fuels and hydrogen production by technology",Energy,Fuel production,Biodiesel,Soybean,FAME (existing),GWh,BR,2040,125776.38566
Non-fossil end-use fuels (including biofuels),"Biofuels, synthesized fuels and hydrogen production by technology",Energy,Fuel production,Biodiesel,Soybean,FAME (existing),GWh,BR,2045,126124.32015
Non-fossil end-use fuels (including biofuels),"Biofuels, synthesized fuels and hydrogen production by technology",Energy,Fuel production,Biodiesel,Soybean,FAME (existing),GWh,BR,2050,127128.45644
Non-fossil end-use fuels (including biofuels),"Biofuels, synthesized fuels and hydrogen production by technology",Energy,Fuel production,Renewable diesel,Ethanol,Alcohol-to-jet,GWh,BR,2025,0.0
Non-fossil end-use fuels (including biofuels),"Biofuels, synthesized fuels and hydrogen production by technology",Energy,Fuel production,Renewable diesel,Ethanol,Alcohol-to-jet,GWh,BR,2030,1.6514
Non-fossil end-use fuels (including biofuels),"Biofuels, synthesized fuels and hydrogen production by technology",Energy,Fuel production,Renewable diesel,Ethanol,Alcohol-to-jet,GWh,BR,2035,1.3812
Non-fossil end-use fuels (including biofuels),"Biofuels, synthesized fuels and hydrogen production by technology",Energy,Fuel production,Renewable diesel,Ethanol,Alcohol-to-jet,GWh,BR,2040,15.63076
Non-fossil end-use fuels (including biofuels),"Biofuels, synthesized fuels and hydrogen production by technology",Energy,Fuel production,Renewable diesel,Ethanol,Alcohol-to-jet,GWh,BR,2045,0.67253
Non-fossil end-use fuels (including biofuels),"Biofuels, synthesized fuels and hydrogen production by technology",Energy,Fuel production,Renewable diesel,Ethanol,Alcohol-to-jet,GWh,BR,2050,2.89115
Non-fossil end-use fuels (including biofuels),"Biofuels, synthesized fuels and hydrogen production by technology",Energy,Fuel production,Renewable diesel,Residue,Fischer-Tropsch,GWh,BR,2025,0.0
Non-fossil end-use fuels (including biofuels),"Biofuels, synthesized fuels and hydrogen production by technology",Energy,Fuel production,Renewable diesel,Residue,Fischer-Tropsch,GWh,BR,2030,0.0
Non-fossil end-use fuels (including biofuels),"Biofuels, synthesized fuels and hydrogen production by technology",Energy,Fuel production,Renewable diesel,Residue,Fischer-Tropsch,GWh,BR,2035,5.19194
Non-fossil end-use fuels (including biofuels),"Biofuels, synthesized fuels and hydrogen production by technology",Energy,Fuel production,Renewable diesel,Residue,Fischer-Tropsch,GWh,BR,2040,71.28089
Non-fossil end-use fuels (including biofuels),"Biofuels, synthesized fuels and hydrogen production by technology",Energy,Fuel production,Renewable diesel,Residue,Fischer-Tropsch,GWh,BR,2045,26.73099
Non-fossil end-use fuels (including biofuels),"Biofuels, synthesized fuels and hydrogen production by technology",Energy,Fuel production,Renewable diesel,Residue,Fischer-Tropsch,GWh,BR,2050,15.36404
Non-fossil end-use fuels (including biofuels),"Biofuels, synthesized fuels and hydrogen production by technology",Energy,Fuel production,Renewable diesel,Wood,Fischer-Tropsch,GWh,BR,2025,0.0
Non-fossil end-use fuels (including biofuels),"Biofuels, synthesized fuels and hydrogen production by technology",Energy,Fuel production,Renewable diesel,Wood,Fischer-Tropsch,GWh,BR,2030,0.0
Non-fossil end-use fuels (including biofuels),"Biofuels, synthesized fuels and hydrogen production by technology",Energy,Fuel production,Renewable diesel,Wood,Fischer-Tropsch,GWh,BR,2035,3.45994
Non-fossil end-use fuels (including biofuels),"Biofuels, synthesized fuels and hydrogen production by technology",Energy,Fuel production,Renewable diesel,Wood,Fischer-Tropsch,GWh,BR,2040,41.06283
Non-fossil end-use fuels (including biofuels),"Biofuels, synthesized fuels and hydrogen production by technology",Energy,Fuel production,Renewable diesel,Wood,Fischer-Tropsch,GWh,BR,2045,8.18343
Non-fossil end-use fuels (including biofuels),"Biofuels, synthesized fuels and hydrogen production by technology",Energy,Fuel production,Renewable diesel,Wood,Fischer-Tropsch,GWh,BR,2050,5.41627
Non-fossil end-use fuels (including biofuels),"Biofuels, synthesized fuels and hydrogen production by technology",Energy,Fuel production,Sustainable aviation fuel,Ethanol,Alcohol-to-jet,GWh,BR,2025,0.0
Non-fossil end-use fuels (including biofuels),"Biofuels, synthesized fuels and hydrogen production by technology",Energy,Fuel production,Sustainable aviation fuel,Ethanol,Alcohol-to-jet,GWh,BR,2030,0.08639
Non-fossil end-use fuels (including biofuels),"Biofuels, synthesized fuels and hydrogen production by technology",Energy,Fuel production,Sustainable aviation fuel,Ethanol,Alcohol-to-jet,GWh,BR,2035,0.09272
Non-fossil end-use fuels (including biofuels),"Biofuels, synthesized fuels and hydrogen production by technology",Energy,Fuel production,Sustainable aviation fuel,Ethanol,Alcohol-to-jet,GWh,BR,2040,1.12673
Non-fossil end-use fuels (including biofuels),"Biofuels, synthesized fuels and hydrogen production by technology",Energy,Fuel production,Sustainable aviation fuel,Ethanol,Alcohol-to-jet,GWh,BR,2045,0.41506
Non-fossil end-use fuels (including biofuels),"Biofuels, synthesized fuels and hydrogen production by technology",Energy,Fuel production,Sustainable aviation fuel,Ethanol,Alcohol-to-jet,GWh,BR,2050,0.3376
Non-fossil end-use fuels (including biofuels),"Biofuels, synthesized fuels and hydrogen production by technology",Energy,Fuel production,Renewable gasoline,Residue,Fischer-Tropsch,GWh,BR,2025,0.0
Non-fossil end-use fuels (including biofuels),"Biofuels, synthesized fuels and hydrogen production by technology",Energy,Fuel production,Renewable gasoline,Residue,Fischer-Tropsch,GWh,BR,2030,0.0
Non-fossil end-use fuels (including biofuels),"Biofuels, synthesized fuels and hydrogen production by technology",Energy,Fuel production,Renewable gasoline,Residue,Fischer-Tropsch,GWh,BR,2035,4.35089
Non-fossil end-use fuels (including biofuels),"Biofuels, synthesized fuels and hydrogen production by technology",Energy,Fuel production,Renewable gasoline,Residue,Fischer-Tropsch,GWh,BR,2040,56.32914
Non-fossil end-use fuels (including biofuels),"Biofuels, synthesized fuels and hydrogen production by technology",Energy,Fuel production,Renewable gasoline,Residue,Fischer-Tropsch,GWh,BR,2045,20.72832
Non-fossil end-use fuels (including biofuels),"Biofuels, synthesized fuels and hydrogen production by technology",Energy,Fuel production,Renewable gasoline,Residue,Fischer-Tropsch,GWh,BR,2050,11.39547
Non-fossil end-use fuels (including biofuels),"Biofuels, synthesized fuels and hydrogen production by technology",Energy,Fuel production,Renewable gasoline,Wood,Fischer-Tropsch,GWh,BR,2025,0.0
Non-fossil end-use fuels (including biofuels),"Biofuels, synthesized fuels and hydrogen production by technology",Energy,Fuel production,Renewable gasoline,Wood,Fischer-Tropsch,GWh,BR,2030,0.0
Non-fossil end-use fuels (including biofuels),"Biofuels, synthesized fuels and hydrogen production by technology",Energy,Fuel production,Renewable gasoline,Wood,Fischer-Tropsch,GWh,BR,2035,3.2694
Non-fossil end-use fuels (including biofuels),"Biofuels, synthesized fuels and hydrogen production by technology",Energy,Fuel production,Renewable gasoline,Wood,Fischer-Tropsch,GWh,BR,2040,37.64549
Non-fossil end-use fuels (including biofuels),"Biofuels, synthesized fuels and hydrogen production by technology",Energy,Fuel production,Renewable gasoline,Wood,Fischer-Tropsch,GWh,BR,2045,7.16773
Non-fossil end-use fuels (including biofuels),"Biofuels, synthesized fuels and hydrogen production by technology",Energy,Fuel production,Renewable gasoline,Wood,Fischer-Tropsch,GWh,BR,2050,4.64071
Non-fossil end-use fuels (including biofuels),"Biofuels, synthesized fuels and hydrogen production by technology",Energy,Fuel production,Biomethane,Residue,Gasification,GWh,BR,2025,0.0
Non-fossil end-use fuels (including biofuels),"Biofuels, synthesized fuels and hydrogen production by technology",Energy,Fuel production,Biomethane,Residue,Gasification,GWh,BR,2030,0.0
Non-fossil end-use fuels (including biofuels),"Biofuels, synthesized fuels and hydrogen production by technology",Energy,Fuel production,Biomethane,Residue,Gasification,GWh,BR,2035,6.7707
Non-fossil end-use fuels (including biofuels),"Biofuels, synthesized fuels and hydrogen production by technology",Energy,Fuel production,Biomethane,Residue,Gasification,GWh,BR,2040,101.79216
Non-fossil end-use fuels (including biofuels),"Biofuels, synthesized fuels and hydrogen production by technology",Energy,Fuel production,Biomethane,Residue,Gasification,GWh,BR,2045,144.95052
Non-fossil end-use fuels (including biofuels),"Biofuels, synthesized fuels and hydrogen production by technology",Energy,Fuel production,Biomethane,Residue,Gasification,GWh,BR,2050,141.50047
Non-fossil end-use fuels (including biofuels),"Biofuels, synthesized fuels and hydrogen production by technology",Energy,Fuel production,Biomethane,Residue,Gasification with CCS,GWh,BR,2025,0.0
Non-fossil end-use fuels (including biofuels),"Biofuels, synthesized fuels and hydrogen production by technology",Energy,Fuel production,Biomethane,Residue,Gasification with CCS,GWh,BR,2030,0.0
Non-fossil end-use fuels (including biofuels),"Biofuels, synthesized fuels and hydrogen production by technology",Energy,Fuel production,Biomethane,Residue,Gasification with CCS,GWh,BR,2035,6.98827
Non-fossil end-use fuels (including biofuels),"Biofuels, synthesized fuels and hydrogen production by technology",Energy,Fuel production,Biomethane,Residue,Gasification with CCS,GWh,BR,2040,107.48776
Non-fossil end-use fuels (including biofuels),"Biofuels, synthesized fuels and hydrogen production by technology",Energy,Fuel production,Biomethane,Residue,Gasification with CCS,GWh,BR,2045,146.67096
Non-fossil end-use fuels (including biofuels),"Biofuels, synthesized fuels and hydrogen production by technology",Energy,Fuel production,Biomethane,Residue,Gasification with CCS,GWh,BR,2050,145.47645
Non-fossil end-use fuels (including biofuels),"Biofuels, synthesized fuels and hydrogen production by technology",Energy,Fuel production,Hydrogen,Electricity,Electrolysis,GWh,BR,2025,0.0
Non-fossil end-use fuels (including biofuels),"Biofuels, synthesized fuels and hydrogen production by technology",Energy,Fuel production,Hydrogen,Electricity,Electrolysis,GWh,BR,2030,77.32089
Non-fossil end-use fuels (including biofuels),"Biofuels, synthesized fuels and hydrogen production by technology",Energy,Fuel production,Hydrogen,Electricity,Electrolysis,GWh,BR,2035,97.53053
Non-fossil end-use fuels (including biofuels),"Biofuels, synthesized fuels and hydrogen production by technology",Energy,Fuel production,Hydrogen,Electricity,Electrolysis,GWh,BR,2040,512.97685
Non-fossil end-use fuels (including biofuels),"Biofuels, synthesized fuels and hydrogen production by technology",Energy,Fuel production,Hydrogen,Electricity,Electrolysis,GWh,BR,2045,138.4501
Non-fossil end-use fuels (including biofuels),"Biofuels, synthesized fuels and hydrogen production by technology",Energy,Fuel production,Hydrogen,Electricity,Electrolysis,GWh,BR,2050,51.62039
Non-fossil end-use fuels (including biofuels),"Biofuels, synthesized fuels and hydrogen production by technology",Energy,Fuel production,Hydrogen,Natural gas,Steam methane reforming,GWh,BR,2025,7306.0699
Non-fossil end-use fuels (including biofuels),"Biofuels, synthesized fuels and hydrogen production by technology",Energy,Fuel production,Hydrogen,Natural gas,Steam methane reforming,GWh,BR,2030,6484.76959
Non-fossil end-use fuels (including biofuels),"Biofuels, synthesized fuels and hydrogen production by technology",Energy,Fuel production,Hydrogen,Natural gas,Steam methane reforming,GWh,BR,2035,888.2975
Non-fossil end-use fuels (including biofuels),"Biofuels, synthesized fuels and hydrogen production by technology",Energy,Fuel production,Hydrogen,Natural gas,Steam methane reforming,GWh,BR,2040,1523.02576
Non-fossil end-use fuels (including biofuels),"Biofuels, synthesized fuels and hydrogen production by technology",Energy,Fuel production,Hydrogen,Natural gas,Steam methane reforming,GWh,BR,2045,289.56461
Non-fossil end-use fuels (including biofuels),"Biofuels, synthesized fuels and hydrogen production by technology",Energy,Fuel production,Hydrogen,Natural gas,Steam methane reforming,GWh,BR,2050,321.06854
Non-fossil end-use fuels (including biofuels),"Biofuels, synthesized fuels and hydrogen production by technology",Energy,Fuel production,Hydrogen,Natural gas,Steam methane reforming with CCS,GWh,BR,2025,0.0
Non-fossil end-use fuels (including biofuels),"Biofuels, synthesized fuels and hydrogen production by technology",Energy,Fuel production,Hydrogen,Natural gas,Steam methane reforming with CCS,GWh,BR,2030,0.0
Non-fossil end-use fuels (including biofuels),"Biofuels, synthesized fuels and hydrogen production by technology",Energy,Fuel production,Hydrogen,Natural gas,Steam methane reforming with CCS,GWh,BR,2035,61.93508
Non-fossil end-use fuels (including biofuels),"Biofuels, synthesized fuels and hydrogen production by technology",Energy,Fuel production,Hydrogen,Natural gas,Steam methane reforming with CCS,GWh,BR,2040,540.62592
Non-fossil end-use fuels (including biofuels),"Biofuels, synthesized fuels and hydrogen production by technology",Energy,Fuel production,Hydrogen,Natural gas,Steam methane reforming with CCS,GWh,BR,2045,82.77919
Non-fossil end-use fuels (including biofuels),"Biofuels, synthesized fuels and hydrogen production by technology",Energy,Fuel production,Hydrogen,Natural gas,Steam methane reforming with CCS,GWh,BR,2050,91.74795
Non-fossil end-use fuels (including biofuels),"Biofuels, synthesized fuels and hydrogen production by technology",Energy,Fuel production,Hydrogen,Residue,Gasification,GWh,BR,2025,0.0
Non-fossil end-use fuels (including biofuels),"Biofuels, synthesized fuels and hydrogen production by technology",Energy,Fuel production,Hydrogen,Residue,Gasification,GWh,BR,2030,0.0
Non-fossil end-use fuels (including biofuels),"Biofuels, synthesized fuels and hydrogen production by technology",Energy,Fuel production,Hydrogen,Residue,Gasification,GWh,BR,2035,1420.2223
Non-fossil end-use fuels (including biofuels),"Biofuels, synthesized fuels and hydrogen production by technology",Energy,Fuel production,Hydrogen,Residue,Gasification,GWh,BR,2040,1669.90262
Non-fossil end-use fuels (including biofuels),"Biofuels, synthesized fuels and hydrogen production by technology",Energy,Fuel production,Hydrogen,Residue,Gasification,GWh,BR,2045,1870.2593
Non-fossil end-use fuels (including biofuels),"Biofuels, synthesized fuels and hydrogen production by technology",Energy,Fuel production,Hydrogen,Residue,Gasification,GWh,BR,2050,1865.11238
Non-fossil end-use fuels (including biofuels),"Biofuels, synthesized fuels and hydrogen production by technology",Energy,Fuel production,Hydrogen,Residue,Gasification with CCS,GWh,BR,2025,0.0
Non-fossil end-use fuels (including biofuels),"Biofuels, synthesized fuels and hydrogen production by technology",Energy,Fuel production,Hydrogen,Residue,Gasification with CCS,GWh,BR,2030,0.0
Non-fossil end-use fuels (including biofuels),"Biofuels, synthesized fuels and hydrogen production by technology",Energy,Fuel production,Hydrogen,Residue,Gasification with CCS,GWh,BR,2035,4482.32516
Non-fossil end-use fuels (including biofuels),"Biofuels, synthesized fuels and hydrogen production by technology",Energy,Fuel production,Hydrogen,Residue,Gasification with CCS,GWh,BR,2040,4623.67056
Non-fossil end-use fuels (including biofuels),"Biofuels, synthesized fuels and hydrogen production by technology",Energy,Fuel production,Hydrogen,Residue,Gasification with CCS,GWh,BR,2045,4786.70032
Non-fossil end-use fuels (including biofuels),"Biofuels, synthesized fuels and hydrogen production by technology",Energy,Fuel production,Hydrogen,Residue,Gasification with CCS,GWh,BR,2050,7268.64735
Non-fossil end-use fuels (including biofuels),"Biofuels, synthesized fuels and hydrogen production by technology",Energy,Fuel production,Hydrogen,Wood,Gasification,GWh,BR,2025,0.0
Non-fossil end-use fuels (including biofuels),"Biofuels, synthesized fuels and hydrogen production by technology",Energy,Fuel production,Hydrogen,Wood,Gasification,GWh,BR,2030,0.0
Non-fossil end-use fuels (including biofuels),"Biofuels, synthesized fuels and hydrogen production by technology",Energy,Fuel production,Hydrogen,Wood,Gasification,GWh,BR,2035,25.60594
Non-fossil end-use fuels (including biofuels),"Biofuels, synthesized fuels and hydrogen production by technology",Energy,Fuel production,Hydrogen,Wood,Gasification,GWh,BR,2040,153.5635
Non-fossil end-use fuels (including biofuels),"Biofuels, synthesized fuels and hydrogen production by technology",Energy,Fuel production,Hydrogen,Wood,Gasification,GWh,BR,2045,139.26225
Non-fossil end-use fuels (including biofuels),"Biofuels, synthesized fuels and hydrogen production by technology",Energy,Fuel production,Hydrogen,Wood,Gasification,GWh,BR,2050,59.91165
Non-fossil end-use fuels (including biofuels),"Biofuels, synthesized fuels and hydrogen production by technology",Energy,Fuel production,Hydrogen,Wood,Gasification with CCS,GWh,BR,2025,0.0
Non-fossil end-use fuels (including biofuels),"Biofuels, synthesized fuels and hydrogen production by technology",Energy,Fuel production,Hydrogen,Wood,Gasification with CCS,GWh,BR,2030,0.0
Non-fossil end-use fuels (including biofuels),"Biofuels, synthesized fuels and hydrogen production by technology",Energy,Fuel production,Hydrogen,Wood,Gasification with CCS,GWh,BR,2035,28.33144
Non-fossil end-use fuels (including biofuels),"Biofuels, synthesized fuels and hydrogen production by technology",Energy,Fuel production,Hydrogen,Wood,Gasification with CCS,GWh,BR,2040,155.24086
Non-fossil end-use fuels (including biofuels),"Biofuels, synthesized fuels and hydrogen production by technology",Energy,Fuel production,Hydrogen,Wood,Gasification with CCS,GWh,BR,2045,184.61185
Non-fossil end-use fuels (including biofuels),"Biofuels, synthesized fuels and hydrogen production by technology",Energy,Fuel production,Hydrogen,Wood,Gasification with CCS,GWh,BR,2050,154.0578
Non-fossil end-use fuels (including biofuels),"Biofuels, synthesized fuels and hydrogen production by technology",Energy,Fuel production,Hydrous ethanol,Corn,1G,GWh,BA,2025,0.38797
Non-fossil end-use fuels (including biofuels),"Biofuels, synthesized fuels and hydrogen production by technology",Energy,Fuel production,Hydrous ethanol,Corn,1G,GWh,BA,2030,0.24866
Non-fossil end-use fuels (including biofuels),"Biofuels, synthesized fuels and hydrogen production by technology",Energy,Fuel production,Hydrous ethanol,Corn,1G,GWh,BA,2035,0.16928
Non-fossil end-use fuels (including biofuels),"Biofuels, synthesized fuels and hydrogen production by technology",Energy,Fuel production,Hydrous ethanol,Corn,1G,GWh,BA,2040,0.31937
Non-fossil end-use fuels (including biofuels),"Biofuels, synthesized fuels and hydrogen production by technology",Energy,Fuel production,Hydrous ethanol,Corn,1G,GWh,BA,2045,0.18938
Non-fossil end-use fuels (including biofuels),"Biofuels, synthesized fuels and hydrogen production by technology",Energy,Fuel production,Hydrous ethanol,Corn,1G,GWh,BA,2050,0.1426
Non-fossil end-use fuels (including biofuels),"Biofuels, synthesized fuels and hydrogen production by technology",Energy,Fuel production,Hydrous ethanol,Corn,1G,GWh,DF,2025,2.20564
Non-fossil end-use fuels (including biofuels),"Biofuels, synthesized fuels and hydrogen production by technology",Energy,Fuel production,Hydrous ethanol,Corn,1G,GWh,DF,2030,4.12971
Non-fossil end-use fuels (including biofuels),"Biofuels, synthesized fuels and hydrogen production by technology",Energy,Fuel production,Hydrous ethanol,Corn,1G,GWh,DF,2035,3.41855
Non-fossil end-use fuels (including biofuels),"Biofuels, synthesized fuels and hydrogen production by technology",Energy,Fuel production,Hydrous ethanol,Corn,1G,GWh,DF,2040,3.81615
Non-fossil end-use fuels (including biofuels),"Biofuels, synthesized fuels and hydrogen production by technology",Energy,Fuel production,Hydrous ethanol,Corn,1G,GWh,DF,2045,0.87157
Non-fossil end-use fuels (including biofuels),"Biofuels, synthesized fuels and hydrogen production by technology",Energy,Fuel production,Hydrous ethanol,Corn,1G,GWh,DF,2050,0.49912
Non-fossil end-use fuels (including biofuels),"Biofuels, synthesized fuels and hydrogen production by technology",Energy,Fuel production,Hydrous ethanol,Corn,1G,GWh,ES,2025,0.32234
Non-fossil end-use fuels (including biofuels),"Biofuels, synthesized fuels and hydrogen production by technology",Energy,Fuel production,Hydrous ethanol,Corn,1G,GWh,ES,2030,0.27161
Non-fossil end-use fuels (including biofuels),"Biofuels, synthesized fuels and hydrogen production by technology",Energy,Fuel production,Hydrous ethanol,Corn,1G,GWh,ES,2035,0.17896
Non-fossil end-use fuels (including biofuels),"Biofuels, synthesized fuels and hydrogen production by technology",Energy,Fuel production,Hydrous ethanol,Corn,1G,GWh,ES,2040,0.53606
Non-fossil end-use fuels (including biofuels),"Biofuels, synthesized fuels and hydrogen production by technology",Energy,Fuel production,Hydrous ethanol,Corn,1G,GWh,ES,2045,0.16145
Non-fossil end-use fuels (including biofuels),"Biofuels, synthesized fuels and hydrogen production by technology",Energy,Fuel production,Hydrous ethanol,Corn,1G,GWh,ES,2050,0.11442
Non-fossil end-use fuels (including biofuels),"Biofuels, synthesized fuels and hydrogen production by technology",Energy,Fuel production,Hydrous ethanol,Corn,1G,GWh,GO,2025,58.70052
Non-fossil end-use fuels (including biofuels),"Biofuels, synthesized fuels and hydrogen production by technology",Energy,Fuel production,Hydrous ethanol,Corn,1G,GWh,GO,2030,66.99607
Non-fossil end-use fuels (including biofuels),"Biofuels, synthesized fuels and hydrogen production by technology",Energy,Fuel production,Hydrous ethanol,Corn,1G,GWh,GO,2035,8.43964
Non-fossil end-use fuels (including biofuels),"Biofuels, synthesized fuels and hydrogen production by technology",Energy,Fuel production,Hydrous ethanol,Corn,1G,GWh,GO,2040,28.1101
Non-fossil end-use fuels (including biofuels),"Biofuels, synthesized fuels and hydrogen production by technology",Energy,Fuel production,Hydrous ethanol,Corn,1G,GWh,GO,2045,6.33159
Non-fossil end-use fuels (including biofuels),"Biofuels, synthesized fuels and hydrogen production by technology",Energy,Fuel production,Hydrous ethanol,Corn,1G,GWh,GO,2050,4.7424
Non-fossil end-use fuels (including biofuels),"Biofuels, synthesized fuels and hydrogen production by technology",Energy,Fuel production,Hydrous ethanol,Corn,1G,GWh,MG,2025,30.08953
Non-fossil end-use fuels (including biofuels),"Biofuels, synthesized fuels and hydrogen production by technology",Energy,Fuel production,Hydrous ethanol,Corn,1G,GWh,MG,2030,38.07633
Non-fossil end-use fuels (including biofuels),"Biofuels, synthesized fuels and hydrogen production by technology",Energy,Fuel production,Hydrous ethanol,Corn,1G,GWh,MG,2035,5.78763
Non-fossil end-use fuels (including biofuels),"Biofuels, synthesized fuels and hydrogen production by technology",Energy,Fuel production,Hydrous ethanol,Corn,1G,GWh,MG,2040,27.30357
Non-fossil end-use fuels (including biofuels),"Biofuels, synthesized fuels and hydrogen production by technology",Energy,Fuel production,Hydrous ethanol,Corn,1G,GWh,MG,2045,4.55965
Non-fossil end-use fuels (including biofuels),"Biofuels, synthesized fuels and hydrogen production by technology",Energy,Fuel production,Hydrous ethanol,Corn,1G,GWh,MG,2050,3.73534
Non-fossil end-use fuels (including biofuels),"Biofuels, synthesized fuels and hydrogen production by technology",Energy,Fuel production,Hydrous ethanol,Corn,1G,GWh,MS,2025,3763.67134
Non-fossil end-use fuels (including biofuels),"Biofuels, synthesized fuels and hydrogen production by technology",Energy,Fuel production,Hydrous ethanol,Corn,1G,GWh,MS,2030,9597.29828
Non-fossil end-use fuels (including biofuels),"Biofuels, synthesized fuels and hydrogen production by technology",Energy,Fuel production,Hydrous ethanol,Corn,1G,GWh,MS,2035,78.43806
Non-fossil end-use fuels (including biofuels),"Biofuels, synthesized fuels and hydrogen production by technology",Energy,Fuel production,Hydrous ethanol,Corn,1G,GWh,MS,2040,32.65127
Non-fossil end-use fuels (including biofuels),"Biofuels, synthesized fuels and hydrogen production by technology",Energy,Fuel production,Hydrous ethanol,Corn,1G,GWh,MS,2045,8.73673
Non-fossil end-use fuels (including biofuels),"Biofuels, synthesized fuels and hydrogen production by technology",Energy,Fuel production,Hydrous ethanol,Corn,1G,GWh,MS,2050,5.91352
Non-fossil end-use fuels (including biofuels),"Biofuels, synthesized fuels and hydrogen production by technology",Energy,Fuel production,Hydrous ethanol,Corn,1G,GWh,MT,2025,44.72298
Non-fossil end-use fuels (including biofuels),"Biofuels, synthesized fuels and hydrogen production by technology",Energy,Fuel production,Hydrous ethanol,Corn,1G,GWh,MT,2030,53.16777
Non-fossil end-use fuels (including biofuels),"Biofuels, synthesized fuels and hydrogen production by technology",Energy,Fuel production,Hydrous ethanol,Corn,1G,GWh,MT,2035,8.10486
Non-fossil end-use fuels (including biofuels),"Biofuels, synthesized fuels and hydrogen production by technology",Energy,Fuel production,Hydrous ethanol,Corn,1G,GWh,MT,2040,30.24446
Non-fossil end-use fuels (including biofuels),"Biofuels, synthesized fuels and hydrogen production by technology",Energy,Fuel production,Hydrous ethanol,Corn,1G,GWh,MT,2045,6.54158
Non-fossil end-use fuels (including biofuels),"Biofuels, synthesized fuels and hydrogen production by technology",Energy,Fuel production,Hydrous ethanol,Corn,1G,GWh,MT,2050,5.19493
Non-fossil end-use fuels (including biofuels),"Biofuels, synthesized fuels and hydrogen production by technology",Energy,Fuel production,Hydrous ethanol,Corn,1G,GWh,PR,2025,16.96071
Non-fossil end-use fuels (including biofuels),"Biofuels, synthesized fuels and hydrogen production by technology",Energy,Fuel production,Hydrous ethanol,Corn,1G,GWh,PR,2030,21.42247
Non-fossil end-use fuels (including biofuels),"Biofuels, synthesized fuels and hydrogen production by technology",Energy,Fuel production,Hydrous ethanol,Corn,1G,GWh,PR,2035,3.08084
Non-fossil end-use fuels (including biofuels),"Biofuels, synthesized fuels and hydrogen production by technology",Energy,Fuel production,Hydrous ethanol,Corn,1G,GWh,PR,2040,11.98977
Non-fossil end-use fuels (including biofuels),"Biofuels, synthesized fuels and hydrogen production by technology",Energy,Fuel production,Hydrous ethanol,Corn,1G,GWh,PR,2045,2.87365
Non-fossil end-use fuels (including biofuels),"Biofuels, synthesized fuels and hydrogen production by technology",Energy,Fuel production,Hydrous ethanol,Corn,1G,GWh,PR,2050,2.39522
Non-fossil end-use fuels (including biofuels),"Biofuels, synthesized fuels and hydrogen production by technology",Energy,Fuel production,Hydrous ethanol,Corn,1G,GWh,RO,2025,0.13345
Non-fossil end-use fuels (including biofuels),"Biofuels, synthesized fuels and hydrogen production by technology",Energy,Fuel production,Hydrous ethanol,Corn,1G,GWh,RO,2030,0.10034
Non-fossil end-use fuels (including biofuels),"Biofuels, synthesized fuels and hydrogen production by technology",Energy,Fuel production,Hydrous ethanol,Corn,1G,GWh,RO,2035,0.07014
Non-fossil end-use fuels (including biofuels),"Biofuels, synthesized fuels and hydrogen production by technology",Energy,Fuel production,Hydrous ethanol,Corn,1G,GWh,RO,2040,0.08889
Non-fossil end-use fuels (including biofuels),"Biofuels, synthesized fuels and hydrogen production by technology",Energy,Fuel production,Hydrous ethanol,Corn,1G,GWh,RO,2045,0.07035
Non-fossil end-use fuels (including biofuels),"Biofuels, synthesized fuels and hydrogen production by technology",Energy,Fuel production,Hydrous ethanol,Corn,1G,GWh,RO,2050,0.0665
Non-fossil end-use fuels (including biofuels),"Biofuels, synthesized fuels and hydrogen production by technology",Energy,Fuel production,Hydrous ethanol,Corn,1G,GWh,SC,2025,0.03616
Non-fossil end-use fuels (including biofuels),"Biofuels, synthesized fuels and hydrogen production by technology",Energy,Fuel production,Hydrous ethanol,Corn,1G,GWh,SC,2030,0.02769
Non-fossil end-use fuels (including biofuels),"Biofuels, synthesized fuels and hydrogen production by technology",Energy,Fuel production,Hydrous ethanol,Corn,1G,GWh,SC,2035,0.02267
Non-fossil end-use fuels (including biofuels),"Biofuels, synthesized fuels and hydrogen production by technology",Energy,Fuel production,Hydrous ethanol,Corn,1G,GWh,SC,2040,0.02483
Non-fossil end-use fuels (including biofuels),"Biofuels, synthesized fuels and hydrogen production by technology",Energy,Fuel production,Hydrous ethanol,Corn,1G,GWh,SC,2045,0.0235
Non-fossil end-use fuels (including biofuels),"Biofuels, synthesized fuels and hydrogen production by technology",Energy,Fuel production,Hydrous ethanol,Corn,1G,GWh,SC,2050,0.02173
Non-fossil end-use fuels (including biofuels),"Biofuels, synthesized fuels and hydrogen production by technology",Energy,Fuel production,Hydrous ethanol,Corn,1G,GWh,SP,2025,35.15649
Non-fossil end-use fuels (including biofuels),"Biofuels, synthesized fuels and hydrogen production by technology",Energy,Fuel production,Hydrous ethanol,Corn,1G,GWh,SP,2030,40.71425
Non-fossil end-use fuels (including biofuels),"Biofuels, synthesized fuels and hydrogen production by technology",Energy,Fuel production,Hydrous ethanol,Corn,1G,GWh,SP,2035,3.98734
Non-fossil end-use fuels (including biofuels),"Biofuels, synthesized fuels and hydrogen production by technology",Energy,Fuel production,Hydrous ethanol,Corn,1G,GWh,SP,2040,16.68595
Non-fossil end-use fuels (including biofuels),"Biofuels, synthesized fuels and hydrogen production by technology",Energy,Fuel production,Hydrous ethanol,Corn,1G,GWh,SP,2045,3.39383
Non-fossil end-use fuels (including biofuels),"Biofuels, synthesized fuels and hydrogen production by technology",Energy,Fuel production,Hydrous ethanol,Corn,1G,GWh,SP,2050,2.73995
Non-fossil end-use fuels (including biofuels),"Biofuels, synthesized fuels and hydrogen production by technology",Energy,Fuel production,Hydrous ethanol,Corn,1G,GWh,TO,2025,0.33558
Non-fossil end-use fuels (including biofuels),"Biofuels, synthesized fuels and hydrogen production by technology",Energy,Fuel production,Hydrous ethanol,Corn,1G,GWh,TO,2030,0.23601
Non-fossil end-use fuels (including biofuels),"Biofuels, synthesized fuels and hydrogen production by technology",Energy,Fuel production,Hydrous ethanol,Corn,1G,GWh,TO,2035,0.15621
Non-fossil end-use fuels (including biofuels),"Biofuels, synthesized fuels and hydrogen production by technology",Energy,Fuel production,Hydrous ethanol,Corn,1G,GWh,TO,2040,0.25803
Non-fossil end-use fuels (including biofuels),"Biofuels, synthesized fuels and hydrogen production by technology",Energy,Fuel production,Hydrous ethanol,Corn,1G,GWh,TO,2045,0.16107
Non-fossil end-use fuels (including biofuels),"Biofuels, synthesized fuels and hydrogen production by technology",Energy,Fuel production,Hydrous ethanol,Corn,1G,GWh,TO,2050,0.1319
Non-fossil end-use fuels (including biofuels),"Biofuels, synthesized fuels and hydrogen production by technology",Energy,Fuel production,Hydrous ethanol,Corn,1G with CCS,GWh,BA,2025,0.0
Non-fossil end-use fuels (including biofuels),"Biofuels, synthesized fuels and hydrogen production by technology",Energy,Fuel production,Hydrous ethanol,Corn,1G with CCS,GWh,BA,2030,0.04421
Non-fossil end-use fuels (including biofuels),"Biofuels, synthesized fuels and hydrogen production by technology",Energy,Fuel production,Hydrous ethanol,Corn,1G with CCS,GWh,BA,2035,0.04114
Non-fossil end-use fuels (including biofuels),"Biofuels, synthesized fuels and hydrogen production by technology",Energy,Fuel production,Hydrous ethanol,Corn,1G with CCS,GWh,BA,2040,0.33091
Non-fossil end-use fuels (including biofuels),"Biofuels, synthesized fuels and hydrogen production by technology",Energy,Fuel production,Hydrous ethanol,Corn,1G with CCS,GWh,BA,2045,0.16497
Non-fossil end-use fuels (including biofuels),"Biofuels, synthesized fuels and hydrogen production by technology",Energy,Fuel production,Hydrous ethanol,Corn,1G with CCS,GWh,BA,2050,0.17886
Non-fossil end-use fuels (including biofuels),"Biofuels, synthesized fuels and hydrogen production by technology",Energy,Fuel production,Hydrous ethanol,Corn,1G with CCS,GWh,DF,2025,0.0
Non-fossil end-use fuels (including biofuels),"Biofuels, synthesized fuels and hydrogen production by technology",Energy,Fuel production,Hydrous ethanol,Corn,1G with CCS,GWh,DF,2030,0.07712
Non-fossil end-use fuels (including biofuels),"Biofuels, synthesized fuels and hydrogen production by technology",Energy,Fuel production,Hydrous ethanol,Corn,1G with CCS,GWh,DF,2035,0.09008
Non-fossil end-use fuels (including biofuels),"Biofuels, synthesized fuels and hydrogen production by technology",Energy,Fuel production,Hydrous ethanol,Corn,1G with CCS,GWh,DF,2040,2.62787
Non-fossil end-use fuels (including biofuels),"Biofuels, synthesized fuels and hydrogen production by technology",Energy,Fuel production,Hydrous ethanol,Corn,1G with CCS,GWh,DF,2045,2.6667
Non-fossil end-use fuels (including biofuels),"Biofuels, synthesized fuels and hydrogen production by technology",Energy,Fuel production,Hydrous ethanol,Corn,1G with CCS,GWh,DF,2050,1.40026
Non-fossil end-use fuels (including biofuels),"Biofuels, synthesized fuels and hydrogen production by technology",Energy,Fuel production,Hydrous ethanol,Corn,1G with CCS,GWh,ES,2025,0.0
Non-fossil end-use fuels (including biofuels),"Biofuels, synthesized fuels and hydrogen production by technology",Energy,Fuel production,Hydrous ethanol,Corn,1G with CCS,GWh,ES,2030,0.04617
Non-fossil end-use fuels (including biofuels),"Biofuels, synthesized fuels and hydrogen production by technology",Energy,Fuel production,Hydrous ethanol,Corn,1G with CCS,GWh,ES,2035,0.04492
Non-fossil end-use fuels (including biofuels),"Biofuels, synthesized fuels and hydrogen production by technology",Energy,Fuel production,Hydrous ethanol,Corn,1G with CCS,GWh,ES,2040,0.55901
Non-fossil end-use fuels (including biofuels),"Biofuels, synthesized fuels and hydrogen production by technology",Energy,Fuel production,Hydrous ethanol,Corn,1G with CCS,GWh,ES,2045,0.22128
Non-fossil end-use fuels (including biofuels),"Biofuels, synthesized fuels and hydrogen production by technology",Energy,Fuel production,Hydrous ethanol,Corn,1G with CCS,GWh,ES,2050,0.21355
Non-fossil end-use fuels (including biofuels),"Biofuels, synthesized fuels and hydrogen production by technology",Energy,Fuel production,Hydrous ethanol,Corn,1G with CCS,GWh,GO,2025,0.0
Non-fossil end-use fuels (including biofuels),"Biofuels, synthesized fuels and hydrogen production by technology",Energy,Fuel production,Hydrous ethanol,Corn,1G with CCS,GWh,GO,2030,0.5737
Non-fossil end-use fuels (including biofuels),"Biofuels, synthesized fuels and hydrogen production by technology",Energy,Fuel production,Hydrous ethanol,Corn,1G with CCS,GWh,GO,2035,0.59098
Non-fossil end-use fuels (including biofuels),"Biofuels, synthesized fuels and hydrogen production by technology",Energy,Fuel production,Hydrous ethanol,Corn,1G with CCS,GWh,GO,2040,14.14129
Non-fossil end-use fuels (including biofuels),"Biofuels, synthesized fuels and hydrogen production by technology",Energy,Fuel production,Hydrous ethanol,Corn,1G with CCS,GWh,GO,2045,4.53818
Non-fossil end-use fuels (including biofuels),"Biofuels, synthesized fuels and hydrogen production by technology",Energy,Fuel production,Hydrous ethanol,Corn,1G with CCS,GWh,GO,2050,3.43522
Non-fossil end-use fuels (including biofuels),"Biofuels, synthesized fuels and hydrogen production by technology",Energy,Fuel production,Hydrous ethanol,Corn,1G with CCS,GWh,MG,2025,0.0
Non-fossil end-use fuels (including biofuels),"Biofuels, synthesized fuels and hydrogen production by technology",Energy,Fuel production,Hydrous ethanol,Corn,1G with CCS,GWh,MG,2030,0.47072
Non-fossil end-use fuels (including biofuels),"Biofuels, synthesized fuels and hydrogen production by technology",Energy,Fuel production,Hydrous ethanol,Corn,1G with CCS,GWh,MG,2035,0.84693
Non-fossil end-use fuels (including biofuels),"Biofuels, synthesized fuels and hydrogen production by technology",Energy,Fuel production,Hydrous ethanol,Corn,1G with CCS,GWh,MG,2040,15.17173
Non-fossil end-use fuels (including biofuels),"Biofuels, synthesized fuels and hydrogen production by technology",Energy,Fuel production,Hydrous ethanol,Corn,1G with CCS,GWh,MG,2045,3.9617
Non-fossil end-use fuels (including biofuels),"Biofuels, synthesized fuels and hydrogen production by technology",Energy,Fuel production,Hydrous ethanol,Corn,1G with CCS,GWh,MG,2050,3.34149
Non-fossil end-use fuels (including biofuels),"Biofuels, synthesized fuels and hydrogen production by technology",Energy,Fuel production,Hydrous ethanol,Corn,1G with CCS,GWh,MS,2025,0.0
Non-fossil end-use fuels (including biofuels),"Biofuels, synthesized fuels and hydrogen production by technology",Energy,Fuel production,Hydrous ethanol,Corn,1G with CCS,GWh,MS,2030,0.63749
Non-fossil end-use fuels (including biofuels),"Biofuels, synthesized fuels and hydrogen production by technology",Energy,Fuel production,Hydrous ethanol,Corn,1G with CCS,GWh,MS,2035,0.65804
Non-fossil end-use fuels (including biofuels),"Biofuels, synthesized fuels and hydrogen production by technology",Energy,Fuel production,Hydrous ethanol,Corn,1G with CCS,GWh,MS,2040,17.32207
Non-fossil end-use fuels (including biofuels),"Biofuels, synthesized fuels and hydrogen production by technology",Energy,Fuel production,Hydrous ethanol,Corn,1G with CCS,GWh,MS,2045,10.90579
Non-fossil end-use fuels (including biofuels),"Biofuels, synthesized fuels and hydrogen production by technology",Energy,Fuel production,Hydrous ethanol,Corn,1G with CCS,GWh,MS,2050,5.95732
Non-fossil end-use fuels (including biofuels),"Biofuels, synthesized fuels and hydrogen production by technology",Energy,Fuel production,Hydrous ethanol,Corn,1G with CCS,GWh,MT,2025,0.0
Non-fossil end-use fuels (including biofuels),"Biofuels, synthesized fuels and hydrogen production by technology",Energy,Fuel production,Hydrous ethanol,Corn,1G with CCS,GWh,MT,2030,0.55646
Non-fossil end-use fuels (including biofuels),"Biofuels, synthesized fuels and hydrogen production by technology",Energy,Fuel production,Hydrous ethanol,Corn,1G with CCS,GWh,MT,2035,0.58351
Non-fossil end-use fuels (including biofuels),"Biofuels, synthesized fuels and hydrogen production by technology",Energy,Fuel production,Hydrous ethanol,Corn,1G with CCS,GWh,MT,2040,13.36132
Non-fossil end-use fuels (including biofuels),"Biofuels, synthesized fuels and hydrogen production by technology",Energy,Fuel production,Hydrous ethanol,Corn,1G with CCS,GWh,MT,2045,4.93401
Non-fossil end-use fuels (including biofuels),"Biofuels, synthesized fuels and hydrogen production by technology",Energy,Fuel production,Hydrous ethanol,Corn,1G with CCS,GWh,MT,2050,3.16662
Non-fossil end-use fuels (including biofuels),"Biofuels, synthesized fuels and hydrogen production by technology",Energy,Fuel production,Hydrous ethanol,Corn,1G with CCS,GWh,PR,2025,0.0
Non-fossil end-use fuels (including biofuels),"Biofuels, synthesized fuels and hydrogen production by technology",Energy,Fuel production,Hydrous ethanol,Corn,1G with CCS,GWh,PR,2030,0.41619
Non-fossil end-use fuels (including biofuels),"Biofuels, synthesized fuels and hydrogen production by technology",Energy,Fuel production,Hydrous ethanol,Corn,1G with CCS,GWh,PR,2035,0.59779
Non-fossil end-use fuels (including biofuels),"Biofuels, synthesized fuels and hydrogen production by technology",Energy,Fuel production,Hydrous ethanol,Corn,1G with CCS,GWh,PR,2040,10.64897
Non-fossil end-use fuels (including biofuels),"Biofuels, synthesized fuels and hydrogen production by technology",Energy,Fuel production,Hydrous ethanol,Corn,1G with CCS,GWh,PR,2045,3.60467
Non-fossil end-use fuels (including biofuels),"Biofuels, synthesized fuels and hydrogen production by technology",Energy,Fuel production,Hydrous ethanol,Corn,1G with CCS,GWh,PR,2050,4.05229
Non-fossil end-use fuels (including biofuels),"Biofuels, synthesized fuels and hydrogen production by technology",Energy,Fuel production,Hydrous ethanol,Corn,1G with CCS,GWh,RO,2025,0.0
Non-fossil end-use fuels (including biofuels),"Biofuels, synthesized fuels and hydrogen production by technology",Energy,Fuel production,Hydrous ethanol,Corn,1G with CCS,GWh,RO,2030,0.03299
Non-fossil end-use fuels (including biofuels),"Biofuels, synthesized fuels and hydrogen production by technology",Energy,Fuel production,Hydrous ethanol,Corn,1G with CCS,GWh,RO,2035,0.02697
Non-fossil end-use fuels (including biofuels),"Biofuels, synthesized fuels and hydrogen production by technology",Energy,Fuel production,Hydrous ethanol,Corn,1G with CCS,GWh,RO,2040,0.0902
Non-fossil end-use fuels (including biofuels),"Biofuels, synthesized fuels and hydrogen production by technology",Energy,Fuel production,Hydrous ethanol,Corn,1G with CCS,GWh,RO,2045,0.08776
Non-fossil end-use fuels (including biofuels),"Biofuels, synthesized fuels and hydrogen production by technology",Energy,Fuel production,Hydrous ethanol,Corn,1G with CCS,GWh,RO,2050,0.08184
Non-fossil end-use fuels (including biofuels),"Biofuels, synthesized fuels and hydrogen production by technology",Energy,Fuel production,Hydrous ethanol,Corn,1G with CCS,GWh,SC,2025,0.0
Non-fossil end-use fuels (including biofuels),"Biofuels, synthesized fuels and hydrogen production by technology",Energy,Fuel production,Hydrous ethanol,Corn,1G with CCS,GWh,SC,2030,0.0178
Non-fossil end-use fuels (including biofuels),"Biofuels, synthesized fuels and hydrogen production by technology",Energy,Fuel production,Hydrous ethanol,Corn,1G with CCS,GWh,SC,2035,0.01573
Non-fossil end-use fuels (including biofuels),"Biofuels, synthesized fuels and hydrogen production by technology",Energy,Fuel production,Hydrous ethanol,Corn,1G with CCS,GWh,SC,2040,0.02496
Non-fossil end-use fuels (including biofuels),"Biofuels, synthesized fuels and hydrogen production by technology",Energy,Fuel production,Hydrous ethanol,Corn,1G with CCS,GWh,SC,2045,0.0242
Non-fossil end-use fuels (including biofuels),"Biofuels, synthesized fuels and hydrogen production by technology",Energy,Fuel production,Hydrous ethanol,Corn,1G with CCS,GWh,SC,2050,0.02609
Non-fossil end-use fuels (including biofuels),"Biofuels, synthesized fuels and hydrogen production by technology",Energy,Fuel production,Hydrous ethanol,Corn,1G with CCS,GWh,SP,2025,0.0
Non-fossil end-use fuels (including biofuels),"Biofuels, synthesized fuels and hydrogen production by technology",Energy,Fuel production,Hydrous ethanol,Corn,1G with CCS,GWh,SP,2030,0.49471
Non-fossil end-use fuels (including biofuels),"Biofuels, synthesized fuels and hydrogen production by technology",Energy,Fuel production,Hydrous ethanol,Corn,1G with CCS,GWh,SP,2035,0.5368
Non-fossil end-use fuels (including biofuels),"Biofuels, synthesized fuels and hydrogen production by technology",Energy,Fuel production,Hydrous ethanol,Corn,1G with CCS,GWh,SP,2040,13.51076
Non-fossil end-use fuels (including biofuels),"Biofuels, synthesized fuels and hydrogen production by technology",Energy,Fuel production,Hydrous ethanol,Corn,1G with CCS,GWh,SP,2045,4.18061
Non-fossil end-use fuels (including biofuels),"Biofuels, synthesized fuels and hydrogen production by technology",Energy,Fuel production,Hydrous ethanol,Corn,1G with CCS,GWh,SP,2050,4.71867
Non-fossil end-use fuels (including biofuels),"Biofuels, synthesized fuels and hydrogen production by technology",Energy,Fuel production,Hydrous ethanol,Corn,1G with CCS,GWh,TO,2025,0.0
Non-fossil end-use fuels (including biofuels),"Biofuels, synthesized fuels and hydrogen production by technology",Energy,Fuel production,Hydrous ethanol,Corn,1G with CCS,GWh,TO,2030,0.04315
Non-fossil end-use fuels (including biofuels),"Biofuels, synthesized fuels and hydrogen production by technology",Energy,Fuel production,Hydrous ethanol,Corn,1G with CCS,GWh,TO,2035,0.03638
Non-fossil end-use fuels (including biofuels),"Biofuels, synthesized fuels and hydrogen production by technology",Energy,Fuel production,Hydrous ethanol,Corn,1G with CCS,GWh,TO,2040,0.24908
Non-fossil end-use fuels (including biofuels),"Biofuels, synthesized fuels and hydrogen production by technology",Energy,Fuel production,Hydrous ethanol,Corn,1G with CCS,GWh,TO,2045,0.16574
Non-fossil end-use fuels (including biofuels),"Biofuels, synthesized fuels and hydrogen production by technology",Energy,Fuel production,Hydrous ethanol,Corn,1G with CCS,GWh,TO,2050,0.16117
Non-fossil end-use fuels (including biofuels),"Biofuels, synthesized fuels and hydrogen production by technology",Energy,Fuel production,Hydrous ethanol,Lignocellulosic,2G,GWh,AC,2025,0.0
Non-fossil end-use fuels (including biofuels),"Biofuels, synthesized fuels and hydrogen production by technology",Energy,Fuel production,Hydrous ethanol,Lignocellulosic,2G,GWh,AC,2030,0.68377
Non-fossil end-use fuels (including biofuels),"Biofuels, synthesized fuels and hydrogen production by technology",Energy,Fuel production,Hydrous ethanol,Lignocellulosic,2G,GWh,AC,2035,1.78081
Non-fossil end-use fuels (including biofuels),"Biofuels, synthesized fuels and hydrogen production by technology",Energy,Fuel production,Hydrous ethanol,Lignocellulosic,2G,GWh,AC,2040,4.13023
Non-fossil end-use fuels (including biofuels),"Biofuels, synthesized fuels and hydrogen production by technology",Energy,Fuel production,Hydrous ethanol,Lignocellulosic,2G,GWh,AC,2045,6.5841
Non-fossil end-use fuels (including biofuels),"Biofuels, synthesized fuels and hydrogen production by technology",Energy,Fuel production,Hydrous ethanol,Lignocellulosic,2G,GWh,AC,2050,2.32132
Non-fossil end-use fuels (including biofuels),"Biofuels, synthesized fuels and hydrogen production by technology",Energy,Fuel production,Hydrous ethanol,Lignocellulosic,2G,GWh,AL,2025,0.0
Non-fossil end-use fuels (including biofuels),"Biofuels, synthesized fuels and hydrogen production by technology",Energy,Fuel production,Hydrous ethanol,Lignocellulosic,2G,GWh,AL,2030,0.65256
Non-fossil end-use fuels (including biofuels),"Biofuels, synthesized fuels and hydrogen production by technology",Energy,Fuel production,Hydrous ethanol,Lignocellulosic,2G,GWh,AL,2035,1.37467
Non-fossil end-use fuels (including biofuels),"Biofuels, synthesized fuels and hydrogen production by technology",Energy,Fuel production,Hydrous ethanol,Lignocellulosic,2G,GWh,AL,2040,3.09346
Non-fossil end-use fuels (including biofuels),"Biofuels, synthesized fuels and hydrogen production by technology",Energy,Fuel production,Hydrous ethanol,Lignocellulosic,2G,GWh,AL,2045,5.44261
Non-fossil end-use fuels (including biofuels),"Biofuels, synthesized fuels and hydrogen production by technology",Energy,Fuel production,Hydrous ethanol,Lignocellulosic,2G,GWh,AL,2050,1.89948
Non-fossil end-use fuels (including biofuels),"Biofuels, synthesized fuels and hydrogen production by technology",Energy,Fuel production,Hydrous ethanol,Lignocellulosic,2G,GWh,AM,2025,0.0
Non-fossil end-use fuels (including biofuels),"Biofuels, synthesized fuels and hydrogen production by technology",Energy,Fuel production,Hydrous ethanol,Lignocellulosic,2G,GWh,AM,2030,0.39201
Non-fossil end-use fuels (including biofuels),"Biofuels, synthesized fuels and hydrogen production by technology",Energy,Fuel production,Hydrous ethanol,Lignocellulosic,2G,GWh,AM,2035,0.46983
Non-fossil end-use fuels (including biofuels),"Biofuels, synthesized fuels and hydrogen production by technology",Energy,Fuel production,Hydrous ethanol,Lignocellulosic,2G,GWh,AM,2040,1.07557
Non-fossil end-use fuels (including biofuels),"Biofuels, synthesized fuels and hydrogen production by technology",Energy,Fuel production,Hydrous ethanol,Lignocellulosic,2G,GWh,AM,2045,0.62447
Non-fossil end-use fuels (including biofuels),"Biofuels, synthesized fuels and hydrogen production by technology",Energy,Fuel production,Hydrous ethanol,Lignocellulosic,2G,GWh,AM,2050,0.29904
Non-fossil end-use fuels (including biofuels),"Biofuels, synthesized fuels and hydrogen production by technology",Energy,Fuel production,Hydrous ethanol,Lignocellulosic,2G,GWh,BA,2025,0.0
Non-fossil end-use fuels (including biofuels),"Biofuels, synthesized fuels and hydrogen production by technology",Energy,Fuel production,Hydrous ethanol,Lignocellulosic,2G,GWh,BA,2030,146.84039
Non-fossil end-use fuels (including biofuels),"Biofuels, synthesized fuels and hydrogen production by technology",Energy,Fuel production,Hydrous ethanol,Lignocellulosic,2G,GWh,BA,2035,149.58073
Non-fossil end-use fuels (including biofuels),"Biofuels, synthesized fuels and hydrogen production by technology",Energy,Fuel production,Hydrous ethanol,Lignocellulosic,2G,GWh,BA,2040,146.14987
Non-fossil end-use fuels (including biofuels),"Biofuels, synthesized fuels and hydrogen production by technology",Energy,Fuel production,Hydrous ethanol,Lignocellulosic,2G,GWh,BA,2045,149.90371
Non-fossil end-use fuels (including biofuels),"Biofuels, synthesized fuels and hydrogen production by technology",Energy,Fuel production,Hydrous ethanol,Lignocellulosic,2G,GWh,BA,2050,146.92152
Non-fossil end-use fuels (including biofuels),"Biofuels, synthesized fuels and hydrogen production by technology",Energy,Fuel production,Hydrous ethanol,Lignocellulosic,2G,GWh,CE,2025,0.0
Non-fossil end-use fuels (including biofuels),"Biofuels, synthesized fuels and hydrogen production by technology",Energy,Fuel production,Hydrous ethanol,Lignocellulosic,2G,GWh,CE,2030,4.50544
Non-fossil end-use fuels (including biofuels),"Biofuels, synthesized fuels and hydrogen production by technology",Energy,Fuel production,Hydrous ethanol,Lignocellulosic,2G,GWh,CE,2035,4.70935
Non-fossil end-use fuels (including biofuels),"Biofuels, synthesized fuels and hydrogen production by technology",Energy,Fuel production,Hydrous ethanol,Lignocellulosic,2G,GWh,CE,2040,7.65942
Non-fossil end-use fuels (including biofuels),"Biofuels, synthesized fuels and hydrogen production by technology",Energy,Fuel production,Hydrous ethanol,Lignocellulosic,2G,GWh,CE,2045,10.73898
Non-fossil end-use fuels (including biofuels),"Biofuels, synthesized fuels and hydrogen production by technology",Energy,Fuel production,Hydrous ethanol,Lignocellulosic,2G,GWh,CE,2050,3.70904
Non-fossil end-use fuels (including biofuels),"Biofuels, synthesized fuels and hydrogen production by technology",Energy,Fuel production,Hydrous ethanol,Lignocellulosic,2G,GWh,DF,2025,0.0
Non-fossil end-use fuels (including biofuels),"Biofuels, synthesized fuels and hydrogen production by technology",Energy,Fuel production,Hydrous ethanol,Lignocellulosic,2G,GWh,DF,2030,0.7639
Non-fossil end-use fuels (including biofuels),"Biofuels, synthesized fuels and hydrogen production by technology",Energy,Fuel production,Hydrous ethanol,Lignocellulosic,2G,GWh,DF,2035,2.16136
Non-fossil end-use fuels (including biofuels),"Biofuels, synthesized fuels and hydrogen production by technology",Energy,Fuel production,Hydrous ethanol,Lignocellulosic,2G,GWh,DF,2040,5.26376
Non-fossil end-use fuels (including biofuels),"Biofuels, synthesized fuels and hydrogen production by technology",Energy,Fuel production,Hydrous ethanol,Lignocellulosic,2G,GWh,DF,2045,8.27401
Non-fossil end-use fuels (including biofuels),"Biofuels, synthesized fuels and hydrogen production by technology",Energy,Fuel production,Hydrous ethanol,Lignocellulosic,2G,GWh,DF,2050,2.87959
Non-fossil end-use fuels (including biofuels),"Biofuels, synthesized fuels and hydrogen production by technology",Energy,Fuel production,Hydrous ethanol,Lignocellulosic,2G,GWh,ES,2025,0.0
Non-fossil end-use fuels (including biofuels),"Biofuels, synthesized fuels and hydrogen production by technology",Energy,Fuel production,Hydrous ethanol,Lignocellulosic,2G,GWh,ES,2030,38.57782
Non-fossil end-use fuels (including biofuels),"Biofuels, synthesized fuels and hydrogen production by technology",Energy,Fuel production,Hydrous ethanol,Lignocellulosic,2G,GWh,ES,2035,49.01641
Non-fossil end-use fuels (including biofuels),"Biofuels, synthesized fuels and hydrogen production by technology",Energy,Fuel production,Hydrous ethanol,Lignocellulosic,2G,GWh,ES,2040,45.60258
Non-fossil end-use fuels (including biofuels),"Biofuels, synthesized fuels and hydrogen production by technology",Energy,Fuel production,Hydrous ethanol,Lignocellulosic,2G,GWh,ES,2045,49.24731
Non-fossil end-use fuels (including biofuels),"Biofuels, synthesized fuels and hydrogen production by technology",Energy,Fuel production,Hydrous ethanol,Lignocellulosic,2G,GWh,ES,2050,47.22331
Non-fossil end-use fuels (including biofuels),"Biofuels, synthesized fuels and hydrogen production by technology",Energy,Fuel production,Hydrous ethanol,Lignocellulosic,2G,GWh,GO,2025,0.0
Non-fossil end-use fuels (including biofuels),"Biofuels, synthesized fuels and hydrogen production by technology",Energy,Fuel production,Hydrous ethanol,Lignocellulosic,2G,GWh,GO,2030,2303.3363
Non-fossil end-use fuels (including biofuels),"Biofuels, synthesized fuels and hydrogen production by technology",Energy,Fuel production,Hydrous ethanol,Lignocellulosic,2G,GWh,GO,2035,4005.49645
Non-fossil end-use fuels (including biofuels),"Biofuels, synthesized fuels and hydrogen production by technology",Energy,Fuel production,Hydrous ethanol,Lignocellulosic,2G,GWh,GO,2040,4004.31783
Non-fossil end-use fuels (including biofuels),"Biofuels, synthesized fuels and hydrogen production by technology",Energy,Fuel production,Hydrous ethanol,Lignocellulosic,2G,GWh,GO,2045,4007.40156
Non-fossil end-use fuels (including biofuels),"Biofuels, synthesized fuels and hydrogen production by technology",Energy,Fuel production,Hydrous ethanol,Lignocellulosic,2G,GWh,GO,2050,4006.29157
Non-fossil end-use fuels (including biofuels),"Biofuels, synthesized fuels and hydrogen production by technology",Energy,Fuel production,Hydrous ethanol,Lignocellulosic,2G,GWh,MA,2025,0.0
Non-fossil end-use fuels (including biofuels),"Biofuels, synthesized fuels and hydrogen production by technology",Energy,Fuel production,Hydrous ethanol,Lignocellulosic,2G,GWh,MA,2030,127.80907
Non-fossil end-use fuels (including biofuels),"Biofuels, synthesized fuels and hydrogen production by technology",Energy,Fuel production,Hydrous ethanol,Lignocellulosic,2G,GWh,MA,2035,127.76892
Non-fossil end-use fuels (including biofuels),"Biofuels, synthesized fuels and hydrogen production by technology",Energy,Fuel production,Hydrous ethanol,Lignocellulosic,2G,GWh,MA,2040,122.44558
Non-fossil end-use fuels (including biofuels),"Biofuels, synthesized fuels and hydrogen production by technology",Energy,Fuel production,Hydrous ethanol,Lignocellulosic,2G,GWh,MA,2045,127.69283
Non-fossil end-use fuels (including biofuels),"Biofuels, synthesized fuels and hydrogen production by technology",Energy,Fuel production,Hydrous ethanol,Lignocellulosic,2G,GWh,MA,2050,43.48384
Non-fossil end-use fuels (including biofuels),"Biofuels, synthesized fuels and hydrogen production by technology",Energy,Fuel production,Hydrous ethanol,Lignocellulosic,2G,GWh,MG,2025,0.0
Non-fossil end-use fuels (including biofuels),"Biofuels, synthesized fuels and hydrogen production by technology",Energy,Fuel production,Hydrous ethanol,Lignocellulosic,2G,GWh,MG,2030,710.31748
Non-fossil end-use fuels (including biofuels),"Biofuels, synthesized fuels and hydrogen production by technology",Energy,Fuel production,Hydrous ethanol,Lignocellulosic,2G,GWh,MG,2035,3049.35773
Non-fossil end-use fuels (including biofuels),"Biofuels, synthesized fuels and hydrogen production by technology",Energy,Fuel production,Hydrous ethanol,Lignocellulosic,2G,GWh,MG,2040,3047.63395
Non-fossil end-use fuels (including biofuels),"Biofuels, synthesized fuels and hydrogen production by technology",Energy,Fuel production,Hydrous ethanol,Lignocellulosic,2G,GWh,MG,2045,3050.39199
Non-fossil end-use fuels (including biofuels),"Biofuels, synthesized fuels and hydrogen production by technology",Energy,Fuel production,Hydrous ethanol,Lignocellulosic,2G,GWh,MG,2050,3048.85991
Non-fossil end-use fuels (including biofuels),"Biofuels, synthesized fuels and hydrogen production by technology",Energy,Fuel production,Hydrous ethanol,Lignocellulosic,2G,GWh,MS,2025,0.0
Non-fossil end-use fuels (including biofuels),"Biofuels, synthesized fuels and hydrogen production by technology",Energy,Fuel production,Hydrous ethanol,Lignocellulosic,2G,GWh,MS,2030,339.62498
Non-fossil end-use fuels (including biofuels),"Biofuels, synthesized fuels and hydrogen production by technology",Energy,Fuel production,Hydrous ethanol,Lignocellulosic,2G,GWh,MS,2035,2385.72455
Non-fossil end-use fuels (including biofuels),"Biofuels, synthesized fuels and hydrogen production by technology",Energy,Fuel production,Hydrous ethanol,Lignocellulosic,2G,GWh,MS,2040,2381.98392
Non-fossil end-use fuels (including biofuels),"Biofuels, synthesized fuels and hydrogen production by technology",Energy,Fuel production,Hydrous ethanol,Lignocellulosic,2G,GWh,MS,2045,2386.78601
Non-fossil end-use fuels (including biofuels),"Biofuels, synthesized fuels and hydrogen production by technology",Energy,Fuel production,Hydrous ethanol,Lignocellulosic,2G,GWh,MS,2050,2385.79294
Non-fossil end-use fuels (including biofuels),"Biofuels, synthesized fuels and hydrogen production by technology",Energy,Fuel production,Hydrous ethanol,Lignocellulosic,2G,GWh,MT,2025,0.0
Non-fossil end-use fuels (including biofuels),"Biofuels, synthesized fuels and hydrogen production by technology",Energy,Fuel production,Hydrous ethanol,Lignocellulosic,2G,GWh,MT,2030,86.3143
Non-fossil end-use fuels (including biofuels),"Biofuels, synthesized fuels and hydrogen production by technology",Energy,Fuel production,Hydrous ethanol,Lignocellulosic,2G,GWh,MT,2035,765.37905
Non-fossil end-use fuels (including biofuels),"Biofuels, synthesized fuels and hydrogen production by technology",Energy,Fuel production,Hydrous ethanol,Lignocellulosic,2G,GWh,MT,2040,762.67037
Non-fossil end-use fuels (including biofuels),"Biofuels, synthesized fuels and hydrogen production by technology",Energy,Fuel production,Hydrous ethanol,Lignocellulosic,2G,GWh,MT,2045,765.69976
Non-fossil end-use fuels (including biofuels),"Biofuels, synthesized fuels and hydrogen production by technology",Energy,Fuel production,Hydrous ethanol,Lignocellulosic,2G,GWh,MT,2050,762.61333
Non-fossil end-use fuels (including biofuels),"Biofuels, synthesized fuels and hydrogen production by technology",Energy,Fuel production,Hydrous ethanol,Lignocellulosic,2G,GWh,PA,2025,0.0
Non-fossil end-use fuels (including biofuels),"Biofuels, synthesized fuels and hydrogen production by technology",Energy,Fuel production,Hydrous ethanol,Lignocellulosic,2G,GWh,PA,2030,0.96911
Non-fossil end-use fuels (including biofuels),"Biofuels, synthesized fuels and hydrogen production by technology",Energy,Fuel production,Hydrous ethanol,Lignocellulosic,2G,GWh,PA,2035,2.14424
Non-fossil end-use fuels (including biofuels),"Biofuels, synthesized fuels and hydrogen production by technology",Energy,Fuel production,Hydrous ethanol,Lignocellulosic,2G,GWh,PA,2040,7.31634
Non-fossil end-use fuels (including biofuels),"Biofuels, synthesized fuels and hydrogen production by technology",Energy,Fuel production,Hydrous ethanol,Lignocellulosic,2G,GWh,PA,2045,10.35802
Non-fossil end-use fuels (including biofuels),"Biofuels, synthesized fuels and hydrogen production by technology",Energy,Fuel production,Hydrous ethanol,Lignocellulosic,2G,GWh,PA,2050,3.75274
Non-fossil end-use fuels (including biofuels),"Biofuels, synthesized fuels and hydrogen production by technology",Energy,Fuel production,Hydrous ethanol,Lignocellulosic,2G,GWh,PB,2025,0.0
Non-fossil end-use fuels (including biofuels),"Biofuels, synthesized fuels and hydrogen production by technology",Energy,Fuel production,Hydrous ethanol,Lignocellulosic,2G,GWh,PB,2030,95.35115
Non-fossil end-use fuels (including biofuels),"Biofuels, synthesized fuels and hydrogen production by technology",Energy,Fuel production,Hydrous ethanol,Lignocellulosic,2G,GWh,PB,2035,111.86511
Non-fossil end-use fuels (including biofuels),"Biofuels, synthesized fuels and hydrogen production by technology",Energy,Fuel production,Hydrous ethanol,Lignocellulosic,2G,GWh,PB,2040,109.05588
Non-fossil end-use fuels (including biofuels),"Biofuels, synthesized fuels and hydrogen production by technology",Energy,Fuel production,Hydrous ethanol,Lignocellulosic,2G,GWh,PB,2045,112.71744
Non-fossil end-use fuels (including biofuels),"Biofuels, synthesized fuels and hydrogen production by technology",Energy,Fuel production,Hydrous ethanol,Lignocellulosic,2G,GWh,PB,2050,23.75079
Non-fossil end-use fuels (including biofuels),"Biofuels, synthesized fuels and hydrogen production by technology",Energy,Fuel production,Hydrous ethanol,Lignocellulosic,2G,GWh,PE,2025,0.0
Non-fossil end-use fuels (including biofuels),"Biofuels, synthesized fuels and hydrogen production by technology",Energy,Fuel production,Hydrous ethanol,Lignocellulosic,2G,GWh,PE,2030,46.6837
Non-fossil end-use fuels (including biofuels),"Biofuels, synthesized fuels and hydrogen production by technology",Energy,Fuel production,Hydrous ethanol,Lignocellulosic,2G,GWh,PE,2035,103.06858
Non-fossil end-use fuels (including biofuels),"Biofuels, synthesized fuels and hydrogen production by technology",Energy,Fuel production,Hydrous ethanol,Lignocellulosic,2G,GWh,PE,2040,101.04896
Non-fossil end-use fuels (including biofuels),"Biofuels, synthesized fuels and hydrogen production by technology",Energy,Fuel production,Hydrous ethanol,Lignocellulosic,2G,GWh,PE,2045,103.81331
Non-fossil end-use fuels (including biofuels),"Biofuels, synthesized fuels and hydrogen production by technology",Energy,Fuel production,Hydrous ethanol,Lignocellulosic,2G,GWh,PE,2050,20.66669
Non-fossil end-use fuels (including biofuels),"Biofuels, synthesized fuels and hydrogen production by technology",Energy,Fuel production,Hydrous ethanol,Lignocellulosic,2G,GWh,PI,2025,0.0
Non-fossil end-use fuels (including biofuels),"Biofuels, synthesized fuels and hydrogen production by technology",Energy,Fuel production,Hydrous ethanol,Lignocellulosic,2G,GWh,PI,2030,10.44592
Non-fossil end-use fuels (including biofuels),"Biofuels, synthesized fuels and hydrogen production by technology",Energy,Fuel production,Hydrous ethanol,Lignocellulosic,2G,GWh,PI,2035,36.11445
Non-fossil end-use fuels (including biofuels),"Biofuels, synthesized fuels and hydrogen production by technology",Energy,Fuel production,Hydrous ethanol,Lignocellulosic,2G,GWh,PI,2040,32.27591
Non-fossil end-use fuels (including biofuels),"Biofuels, synthesized fuels and hydrogen production by technology",Energy,Fuel production,Hydrous ethanol,Lignocellulosic,2G,GWh,PI,2045,36.01999
Non-fossil end-use fuels (including biofuels),"Biofuels, synthesized fuels and hydrogen production by technology",Energy,Fuel production,Hydrous ethanol,Lignocellulosic,2G,GWh,PI,2050,12.34983
Non-fossil end-use fuels (including biofuels),"Biofuels, synthesized fuels and hydrogen production by technology",Energy,Fuel production,Hydrous ethanol,Lignocellulosic,2G,GWh,PR,2025,0.0
Non-fossil end-use fuels (including biofuels),"Biofuels, synthesized fuels and hydrogen production by technology",Energy,Fuel production,Hydrous ethanol,Lignocellulosic,2G,GWh,PR,2030,45.63004
Non-fossil end-use fuels (including biofuels),"Biofuels, synthesized fuels and hydrogen production by technology",Energy,Fuel production,Hydrous ethanol,Lignocellulosic,2G,GWh,PR,2035,1437.20581
Non-fossil end-use fuels (including biofuels),"Biofuels, synthesized fuels and hydrogen production by technology",Energy,Fuel production,Hydrous ethanol,Lignocellulosic,2G,GWh,PR,2040,1432.72253
Non-fossil end-use fuels (including biofuels),"Biofuels, synthesized fuels and hydrogen production by technology",Energy,Fuel production,Hydrous ethanol,Lignocellulosic,2G,GWh,PR,2045,1436.85118
Non-fossil end-use fuels (including biofuels),"Biofuels, synthesized fuels and hydrogen production by technology",Energy,Fuel production,Hydrous ethanol,Lignocellulosic,2G,GWh,PR,2050,1435.86172
Non-fossil end-use fuels (including biofuels),"Biofuels, synthesized fuels and hydrogen production by technology",Energy,Fuel production,Hydrous ethanol,Lignocellulosic,2G,GWh,RJ,2025,0.0
Non-fossil end-use fuels (including biofuels),"Biofuels, synthesized fuels and hydrogen production by technology",Energy,Fuel production,Hydrous ethanol,Lignocellulosic,2G,GWh,RJ,2030,10.96708
Non-fossil end-use fuels (including biofuels),"Biofuels, synthesized fuels and hydrogen production by technology",Energy,Fuel production,Hydrous ethanol,Lignocellulosic,2G,GWh,RJ,2035,10.66666
Non-fossil end-use fuels (including biofuels),"Biofuels, synthesized fuels and hydrogen production by technology",Energy,Fuel production,Hydrous ethanol,Lignocellulosic,2G,GWh,RJ,2040,11.97206
Non-fossil end-use fuels (including biofuels),"Biofuels, synthesized fuels and hydrogen production by technology",Energy,Fuel production,Hydrous ethanol,Lignocellulosic,2G,GWh,RJ,2045,13.67651
Non-fossil end-use fuels (including biofuels),"Biofuels, synthesized fuels and hydrogen production by technology",Energy,Fuel production,Hydrous ethanol,Lignocellulosic,2G,GWh,RJ,2050,0.51225
Non-fossil end-use fuels (including biofuels),"Biofuels, synthesized fuels and hydrogen production by technology",Energy,Fuel production,Hydrous ethanol,Lignocellulosic,2G,GWh,RN,2025,0.0
Non-fossil end-use fuels (including biofuels),"Biofuels, synthesized fuels and hydrogen production by technology",Energy,Fuel production,Hydrous ethanol,Lignocellulosic,2G,GWh,RN,2030,16.71981
Non-fossil end-use fuels (including biofuels),"Biofuels, synthesized fuels and hydrogen production by technology",Energy,Fuel production,Hydrous ethanol,Lignocellulosic,2G,GWh,RN,2035,24.0595
Non-fossil end-use fuels (including biofuels),"Biofuels, synthesized fuels and hydrogen production by technology",Energy,Fuel production,Hydrous ethanol,Lignocellulosic,2G,GWh,RN,2040,23.38958
Non-fossil end-use fuels (including biofuels),"Biofuels, synthesized fuels and hydrogen production by technology",Energy,Fuel production,Hydrous ethanol,Lignocellulosic,2G,GWh,RN,2045,26.18051
Non-fossil end-use fuels (including biofuels),"Biofuels, synthesized fuels and hydrogen production by technology",Energy,Fuel production,Hydrous ethanol,Lignocellulosic,2G,GWh,RN,2050,11.15408
Non-fossil end-use fuels (including biofuels),"Biofuels, synthesized fuels and hydrogen production by technology",Energy,Fuel production,Hydrous ethanol,Lignocellulosic,2G,GWh,RO,2025,0.0
Non-fossil end-use fuels (including biofuels),"Biofuels, synthesized fuels and hydrogen production by technology",Energy,Fuel production,Hydrous ethanol,Lignocellulosic,2G,GWh,RO,2030,0.96542
Non-fossil end-use fuels (including biofuels),"Biofuels, synthesized fuels and hydrogen production by technology",Energy,Fuel production,Hydrous ethanol,Lignocellulosic,2G,GWh,RO,2035,3.07471
Non-fossil end-use fuels (including biofuels),"Biofuels, synthesized fuels and hydrogen production by technology",Energy,Fuel production,Hydrous ethanol,Lignocellulosic,2G,GWh,RO,2040,7.70498
Non-fossil end-use fuels (including biofuels),"Biofuels, synthesized fuels and hydrogen production by technology",Energy,Fuel production,Hydrous ethanol,Lignocellulosic,2G,GWh,RO,2045,10.71815
Non-fossil end-use fuels (including biofuels),"Biofuels, synthesized fuels and hydrogen production by technology",Energy,Fuel production,Hydrous ethanol,Lignocellulosic,2G,GWh,RO,2050,3.81644
Non-fossil end-use fuels (including biofuels),"Biofuels, synthesized fuels and hydrogen production by technology",Energy,Fuel production,Hydrous ethanol,Lignocellulosic,2G,GWh,RR,2025,0.0
Non-fossil end-use fuels (including biofuels),"Biofuels, synthesized fuels and hydrogen production by technology",Energy,Fuel production,Hydrous ethanol,Lignocellulosic,2G,GWh,RR,2030,0.67718
Non-fossil end-use fuels (including biofuels),"Biofuels, synthesized fuels and hydrogen production by technology",Energy,Fuel production,Hydrous ethanol,Lignocellulosic,2G,GWh,RR,2035,1.65978
Non-fossil end-use fuels (including biofuels),"Biofuels, synthesized fuels and hydrogen production by technology",Energy,Fuel production,Hydrous ethanol,Lignocellulosic,2G,GWh,RR,2040,4.21516
Non-fossil end-use fuels (including biofuels),"Biofuels, synthesized fuels and hydrogen production by technology",Energy,Fuel production,Hydrous ethanol,Lignocellulosic,2G,GWh,RR,2045,6.74525
Non-fossil end-use fuels (including biofuels),"Biofuels, synthesized fuels and hydrogen production by technology",Energy,Fuel production,Hydrous ethanol,Lignocellulosic,2G,GWh,RR,2050,2.37499
Non-fossil end-use fuels (including biofuels),"Biofuels, synthesized fuels and hydrogen production by technology",Energy,Fuel production,Hydrous ethanol,Lignocellulosic,2G,GWh,RS,2025,0.0
Non-fossil end-use fuels (including biofuels),"Biofuels, synthesized fuels and hydrogen production by technology",Energy,Fuel production,Hydrous ethanol,Lignocellulosic,2G,GWh,RS,2030,1.63293
Non-fossil end-use fuels (including biofuels),"Biofuels, synthesized fuels and hydrogen production by technology",Energy,Fuel production,Hydrous ethanol,Lignocellulosic,2G,GWh,RS,2035,2.2942
Non-fossil end-use fuels (including biofuels),"Biofuels, synthesized fuels and hydrogen production by technology",Energy,Fuel production,Hydrous ethanol,Lignocellulosic,2G,GWh,RS,2040,7.56287
Non-fossil end-use fuels (including biofuels),"Biofuels, synthesized fuels and hydrogen production by technology",Energy,Fuel production,Hydrous ethanol,Lignocellulosic,2G,GWh,RS,2045,10.49743
Non-fossil end-use fuels (including biofuels),"Biofuels, synthesized fuels and hydrogen production by technology",Energy,Fuel production,Hydrous ethanol,Lignocellulosic,2G,GWh,RS,2050,3.54027
Non-fossil end-use fuels (including biofuels),"Biofuels, synthesized fuels and hydrogen production by technology",Energy,Fuel production,Hydrous ethanol,Lignocellulosic,2G,GWh,SC,2025,0.0
Non-fossil end-use fuels (including biofuels),"Biofuels, synthesized fuels and hydrogen production by technology",Energy,Fuel production,Hydrous ethanol,Lignocellulosic,2G,GWh,SC,2030,1.05755
Non-fossil end-use fuels (including biofuels),"Biofuels, synthesized fuels and hydrogen production by technology",Energy,Fuel production,Hydrous ethanol,Lignocellulosic,2G,GWh,SC,2035,1.82105
Non-fossil end-use fuels (including biofuels),"Biofuels, synthesized fuels and hydrogen production by technology",Energy,Fuel production,Hydrous ethanol,Lignocellulosic,2G,GWh,SC,2040,6.6792
Non-fossil end-use fuels (including biofuels),"Biofuels, synthesized fuels and hydrogen production by technology",Energy,Fuel production,Hydrous ethanol,Lignocellulosic,2G,GWh,SC,2045,9.4992
Non-fossil end-use fuels (including biofuels),"Biofuels, synthesized fuels and hydrogen production by technology",Energy,Fuel production,Hydrous ethanol,Lignocellulosic,2G,GWh,SC,2050,2.93123
Non-fossil end-use fuels (including biofuels),"Biofuels, synthesized fuels and hydrogen production by technology",Energy,Fuel production,Hydrous ethanol,Lignocellulosic,2G,GWh,SE,2025,0.0
Non-fossil end-use fuels (including biofuels),"Biofuels, synthesized fuels and hydrogen production by technology",Energy,Fuel production,Hydrous ethanol,Lignocellulosic,2G,GWh,SE,2030,67.0713
Non-fossil end-use fuels (including biofuels),"Biofuels, synthesized fuels and hydrogen production by technology",Energy,Fuel production,Hydrous ethanol,Lignocellulosic,2G,GWh,SE,2035,122.43938
Non-fossil end-use fuels (including biofuels),"Biofuels, synthesized fuels and hydrogen production by technology",Energy,Fuel production,Hydrous ethanol,Lignocellulosic,2G,GWh,SE,2040,119.50702
Non-fossil end-use fuels (including biofuels),"Biofuels, synthesized fuels and hydrogen production by technology",Energy,Fuel production,Hydrous ethanol,Lignocellulosic,2G,GWh,SE,2045,122.60459
Non-fossil end-use fuels (including biofuels),"Biofuels, synthesized fuels and hydrogen production by technology",Energy,Fuel production,Hydrous ethanol,Lignocellulosic,2G,GWh,SE,2050,59.16632
Non-fossil end-use fuels (including biofuels),"Biofuels, synthesized fuels and hydrogen production by technology",Energy,Fuel production,Hydrous ethanol,Lignocellulosic,2G,GWh,SP,2025,0.0
Non-fossil end-use fuels (including biofuels),"Biofuels, synthesized fuels and hydrogen production by technology",Energy,Fuel production,Hydrous ethanol,Lignocellulosic,2G,GWh,SP,2030,4.56299
Non-fossil end-use fuels (including biofuels),"Biofuels, synthesized fuels and hydrogen production by technology",Energy,Fuel production,Hydrous ethanol,Lignocellulosic,2G,GWh,SP,2035,4350.58379
Non-fossil end-use fuels (including biofuels),"Biofuels, synthesized fuels and hydrogen production by technology",Energy,Fuel production,Hydrous ethanol,Lignocellulosic,2G,GWh,SP,2040,4362.84889
Non-fossil end-use fuels (including biofuels),"Biofuels, synthesized fuels and hydrogen production by technology",Energy,Fuel production,Hydrous ethanol,Lignocellulosic,2G,GWh,SP,2045,4227.60061
Non-fossil end-use fuels (including biofuels),"Biofuels, synthesized fuels and hydrogen production by technology",Energy,Fuel production,Hydrous ethanol,Lignocellulosic,2G,GWh,SP,2050,3740.75742
Non-fossil end-use fuels (including biofuels),"Biofuels, synthesized fuels and hydrogen production by technology",Energy,Fuel production,Hydrous ethanol,Lignocellulosic,2G,GWh,TO,2025,0.0
Non-fossil end-use fuels (including biofuels),"Biofuels, synthesized fuels and hydrogen production by technology",Energy,Fuel production,Hydrous ethanol,Lignocellulosic,2G,GWh,TO,2030,78.26898
Non-fossil end-use fuels (including biofuels),"Biofuels, synthesized fuels and hydrogen production by technology",Energy,Fuel production,Hydrous ethanol,Lignocellulosic,2G,GWh,TO,2035,162.9958
Non-fossil end-use fuels (including biofuels),"Biofuels, synthesized fuels and hydrogen production by technology",Energy,Fuel production,Hydrous ethanol,Lignocellulosic,2G,GWh,TO,2040,159.15821
Non-fossil end-use fuels (including biofuels),"Biofuels, synthesized fuels and hydrogen production by technology",Energy,Fuel production,Hydrous ethanol,Lignocellulosic,2G,GWh,TO,2045,163.38773
Non-fossil end-use fuels (including biofuels),"Biofuels, synthesized fuels and hydrogen production by technology",Energy,Fuel production,Hydrous ethanol,Lignocellulosic,2G,GWh,TO,2050,54.54237
Non-fossil end-use fuels (including biofuels),"Biofuels, synthesized fuels and hydrogen production by technology",Energy,Fuel production,Hydrous ethanol,Lignocellulosic,2G with CCS,GWh,AC,2025,0.0
Non-fossil end-use fuels (including biofuels),"Biofuels, synthesized fuels and hydrogen production by technology",Energy,Fuel production,Hydrous ethanol,Lignocellulosic,2G with CCS,GWh,AC,2030,0.18906
Non-fossil end-use fuels (including biofuels),"Biofuels, synthesized fuels and hydrogen production by technology",Energy,Fuel production,Hydrous ethanol,Lignocellulosic,2G with CCS,GWh,AC,2035,0.49005
Non-fossil end-use fuels (including biofuels),"Biofuels, synthesized fuels and hydrogen production by technology",Energy,Fuel production,Hydrous ethanol,Lignocellulosic,2G with CCS,GWh,AC,2040,3.02682
Non-fossil end-use fuels (including biofuels),"Biofuels, synthesized fuels and hydrogen production by technology",Energy,Fuel production,Hydrous ethanol,Lignocellulosic,2G with CCS,GWh,AC,2045,8.5321
Non-fossil end-use fuels (including biofuels),"Biofuels, synthesized fuels and hydrogen production by technology",Energy,Fuel production,Hydrous ethanol,Lignocellulosic,2G with CCS,GWh,AC,2050,7.50294
Non-fossil end-use fuels (including biofuels),"Biofuels, synthesized fuels and hydrogen production by technology",Energy,Fuel production,Hydrous ethanol,Lignocellulosic,2G with CCS,GWh,AL,2025,0.0
Non-fossil end-use fuels (including biofuels),"Biofuels, synthesized fuels and hydrogen production by technology",Energy,Fuel production,Hydrous ethanol,Lignocellulosic,2G with CCS,GWh,AL,2030,0.21469
Non-fossil end-use fuels (including biofuels),"Biofuels, synthesized fuels and hydrogen production by technology",Energy,Fuel production,Hydrous ethanol,Lignocellulosic,2G with CCS,GWh,AL,2035,0.68673
Non-fossil end-use fuels (including biofuels),"Biofuels, synthesized fuels and hydrogen production by technology",Energy,Fuel production,Hydrous ethanol,Lignocellulosic,2G with CCS,GWh,AL,2040,2.32508
Non-fossil end-use fuels (including biofuels),"Biofuels, synthesized fuels and hydrogen production by technology",Energy,Fuel production,Hydrous ethanol,Lignocellulosic,2G with CCS,GWh,AL,2045,4.76543
Non-fossil end-use fuels (including biofuels),"Biofuels, synthesized fuels and hydrogen production by technology",Energy,Fuel production,Hydrous ethanol,Lignocellulosic,2G with CCS,GWh,AL,2050,2.6947
Non-fossil end-use fuels (including biofuels),"Biofuels, synthesized fuels and hydrogen production by technology",Energy,Fuel production,Hydrous ethanol,Lignocellulosic,2G with CCS,GWh,AM,2025,0.0
Non-fossil end-use fuels (including biofuels),"Biofuels, synthesized fuels and hydrogen production by technology",Energy,Fuel production,Hydrous ethanol,Lignocellulosic,2G with CCS,GWh,AM,2030,0.12743
Non-fossil end-use fuels (including biofuels),"Biofuels, synthesized fuels and hydrogen production by technology",Energy,Fuel production,Hydrous ethanol,Lignocellulosic,2G with CCS,GWh,AM,2035,0.24843
Non-fossil end-use fuels (including biofuels),"Biofuels, synthesized fuels and hydrogen production by technology",Energy,Fuel production,Hydrous ethanol,Lignocellulosic,2G with CCS,GWh,AM,2040,0.93505
Non-fossil end-use fuels (including biofuels),"Biofuels, synthesized fuels and hydrogen production by technology",Energy,Fuel production,Hydrous ethanol,Lignocellulosic,2G with CCS,GWh,AM,2045,2.32631
Non-fossil end-use fuels (including biofuels),"Biofuels, synthesized fuels and hydrogen production by technology",Energy,Fuel production,Hydrous ethanol,Lignocellulosic,2G with CCS,GWh,AM,2050,0.61448
Non-fossil end-use fuels (including biofuels),"Biofuels, synthesized fuels and hydrogen production by technology",Energy,Fuel production,Hydrous ethanol,Lignocellulosic,2G with CCS,GWh,BA,2025,0.0
Non-fossil end-use fuels (including biofuels),"Biofuels, synthesized fuels and hydrogen production by technology",Energy,Fuel production,Hydrous ethanol,Lignocellulosic,2G with CCS,GWh,BA,2030,0.60914
Non-fossil end-use fuels (including biofuels),"Biofuels, synthesized fuels and hydrogen production by technology",Energy,Fuel production,Hydrous ethanol,Lignocellulosic,2G with CCS,GWh,BA,2035,4.00031
Non-fossil end-use fuels (including biofuels),"Biofuels, synthesized fuels and hydrogen production by technology",Energy,Fuel production,Hydrous ethanol,Lignocellulosic,2G with CCS,GWh,BA,2040,26.33817
Non-fossil end-use fuels (including biofuels),"Biofuels, synthesized fuels and hydrogen production by technology",Energy,Fuel production,Hydrous ethanol,Lignocellulosic,2G with CCS,GWh,BA,2045,30.04402
Non-fossil end-use fuels (including biofuels),"Biofuels, synthesized fuels and hydrogen production by technology",Energy,Fuel production,Hydrous ethanol,Lignocellulosic,2G with CCS,GWh,BA,2050,29.3477
Non-fossil end-use fuels (including biofuels),"Biofuels, synthesized fuels and hydrogen production by technology",Energy,Fuel production,Hydrous ethanol,Lignocellulosic,2G with CCS,GWh,CE,2025,0.0
Non-fossil end-use fuels (including biofuels),"Biofuels, synthesized fuels and hydrogen production by technology",Energy,Fuel production,Hydrous ethanol,Lignocellulosic,2G with CCS,GWh,CE,2030,0.33541
Non-fossil end-use fuels (including biofuels),"Biofuels, synthesized fuels and hydrogen production by technology",Energy,Fuel production,Hydrous ethanol,Lignocellulosic,2G with CCS,GWh,CE,2035,0.79365
Non-fossil end-use fuels (including biofuels),"Biofuels, synthesized fuels and hydrogen production by technology",Energy,Fuel production,Hydrous ethanol,Lignocellulosic,2G with CCS,GWh,CE,2040,4.54414
Non-fossil end-use fuels (including biofuels),"Biofuels, synthesized fuels and hydrogen production by technology",Energy,Fuel production,Hydrous ethanol,Lignocellulosic,2G with CCS,GWh,CE,2045,7.67482
Non-fossil end-use fuels (including biofuels),"Biofuels, synthesized fuels and hydrogen production by technology",Energy,Fuel production,Hydrous ethanol,Lignocellulosic,2G with CCS,GWh,CE,2050,5.15025
Non-fossil end-use fuels (including biofuels),"Biofuels, synthesized fuels and hydrogen production by technology",Energy,Fuel production,Hydrous ethanol,Lignocellulosic,2G with CCS,GWh,DF,2025,0.0
Non-fossil end-use fuels (including biofuels),"Biofuels, synthesized fuels and hydrogen production by technology",Energy,Fuel production,Hydrous ethanol,Lignocellulosic,2G with CCS,GWh,DF,2030,0.27075
Non-fossil end-use fuels (including biofuels),"Biofuels, synthesized fuels and hydrogen production by technology",Energy,Fuel production,Hydrous ethanol,Lignocellulosic,2G with CCS,GWh,DF,2035,1.58295
Non-fossil end-use fuels (including biofuels),"Biofuels, synthesized fuels and hydrogen production by technology",Energy,Fuel production,Hydrous ethanol,Lignocellulosic,2G with CCS,GWh,DF,2040,6.50849
Non-fossil end-use fuels (including biofuels),"Biofuels, synthesized fuels and hydrogen production by technology",Energy,Fuel production,Hydrous ethanol,Lignocellulosic,2G with CCS,GWh,DF,2045,9.94709
Non-fossil end-use fuels (including biofuels),"Biofuels, synthesized fuels and hydrogen production by technology",Energy,Fuel production,Hydrous ethanol,Lignocellulosic,2G with CCS,GWh,DF,2050,9.00692
Non-fossil end-use fuels (including biofuels),"Biofuels, synthesized fuels and hydrogen production by technology",Energy,Fuel production,Hydrous ethanol,Lignocellulosic,2G with CCS,GWh,ES,2025,0.0
Non-fossil end-use fuels (including biofuels),"Biofuels, synthesized fuels and hydrogen production by technology",Energy,Fuel production,Hydrous ethanol,Lignocellulosic,2G with CCS,GWh,ES,2030,0.44458
Non-fossil end-use fuels (including biofuels),"Biofuels, synthesized fuels and hydrogen production by technology",Energy,Fuel production,Hydrous ethanol,Lignocellulosic,2G with CCS,GWh,ES,2035,2.51835
Non-fossil end-use fuels (including biofuels),"Biofuels, synthesized fuels and hydrogen production by technology",Energy,Fuel production,Hydrous ethanol,Lignocellulosic,2G with CCS,GWh,ES,2040,13.70284
Non-fossil end-use fuels (including biofuels),"Biofuels, synthesized fuels and hydrogen production by technology",Energy,Fuel production,Hydrous ethanol,Lignocellulosic,2G with CCS,GWh,ES,2045,17.25896
Non-fossil end-use fuels (including biofuels),"Biofuels, synthesized fuels and hydrogen production by technology",Energy,Fuel production,Hydrous ethanol,Lignocellulosic,2G with CCS,GWh,ES,2050,16.68497
Non-fossil end-use fuels (including biofuels),"Biofuels, synthesized fuels and hydrogen production by technology",Energy,Fuel production,Hydrous ethanol,Lignocellulosic,2G with CCS,GWh,GO,2025,0.0
Non-fossil end-use fuels (including biofuels),"Biofuels, synthesized fuels and hydrogen production by technology",Energy,Fuel production,Hydrous ethanol,Lignocellulosic,2G with CCS,GWh,GO,2030,0.69126
Non-fossil end-use fuels (including biofuels),"Biofuels, synthesized fuels and hydrogen production by technology",Energy,Fuel production,Hydrous ethanol,Lignocellulosic,2G with CCS,GWh,GO,2035,4.35908
Non-fossil end-use fuels (including biofuels),"Biofuels, synthesized fuels and hydrogen production by technology",Energy,Fuel production,Hydrous ethanol,Lignocellulosic,2G with CCS,GWh,GO,2040,30.50163
Non-fossil end-use fuels (including biofuels),"Biofuels, synthesized fuels and hydrogen production by technology",Energy,Fuel production,Hydrous ethanol,Lignocellulosic,2G with CCS,GWh,GO,2045,34.49428
Non-fossil end-use fuels (including biofuels),"Biofuels, synthesized fuels and hydrogen production by technology",Energy,Fuel production,Hydrous ethanol,Lignocellulosic,2G with CCS,GWh,GO,2050,34.16164
Non-fossil end-use fuels (including biofuels),"Biofuels, synthesized fuels and hydrogen production by technology",Energy,Fuel production,Hydrous ethanol,Lignocellulosic,2G with CCS,GWh,MA,2025,0.0
Non-fossil end-use fuels (including biofuels),"Biofuels, synthesized fuels and hydrogen production by technology",Energy,Fuel production,Hydrous ethanol,Lignocellulosic,2G with CCS,GWh,MA,2030,0.36121
Non-fossil end-use fuels (including biofuels),"Biofuels, synthesized fuels and hydrogen production by technology",Energy,Fuel production,Hydrous ethanol,Lignocellulosic,2G with CCS,GWh,MA,2035,0.71811
Non-fossil end-use fuels (including biofuels),"Biofuels, synthesized fuels and hydrogen production by technology",Energy,Fuel production,Hydrous ethanol,Lignocellulosic,2G with CCS,GWh,MA,2040,4.04083
Non-fossil end-use fuels (including biofuels),"Biofuels, synthesized fuels and hydrogen production by technology",Energy,Fuel production,Hydrous ethanol,Lignocellulosic,2G with CCS,GWh,MA,2045,7.18442
Non-fossil end-use fuels (including biofuels),"Biofuels, synthesized fuels and hydrogen production by technology",Energy,Fuel production,Hydrous ethanol,Lignocellulosic,2G with CCS,GWh,MA,2050,4.69168
Non-fossil end-use fuels (including biofuels),"Biofuels, synthesized fuels and hydrogen production by technology",Energy,Fuel production,Hydrous ethanol,Lignocellulosic,2G with CCS,GWh,MG,2025,0.0
Non-fossil end-use fuels (including biofuels),"Biofuels, synthesized fuels and hydrogen production by technology",Energy,Fuel production,Hydrous ethanol,Lignocellulosic,2G with CCS,GWh,MG,2030,0.69823
Non-fossil end-use fuels (including biofuels),"Biofuels, synthesized fuels and hydrogen production by technology",Energy,Fuel production,Hydrous ethanol,Lignocellulosic,2G with CCS,GWh,MG,2035,3.76379
Non-fossil end-use fuels (including biofuels),"Biofuels, synthesized fuels and hydrogen production by technology",Energy,Fuel production,Hydrous ethanol,Lignocellulosic,2G with CCS,GWh,MG,2040,26.54508
Non-fossil end-use fuels (including biofuels),"Biofuels, synthesized fuels and hydrogen production by technology",Energy,Fuel production,Hydrous ethanol,Lignocellulosic,2G with CCS,GWh,MG,2045,30.47387
Non-fossil end-use fuels (including biofuels),"Biofuels, synthesized fuels and hydrogen production by technology",Energy,Fuel production,Hydrous ethanol,Lignocellulosic,2G with CCS,GWh,MG,2050,30.07757
Non-fossil end-use fuels (including biofuels),"Biofuels, synthesized fuels and hydrogen production by technology",Energy,Fuel production,Hydrous ethanol,Lignocellulosic,2G with CCS,GWh,MS,2025,0.0
Non-fossil end-use fuels (including biofuels),"Biofuels, synthesized fuels and hydrogen production by technology",Energy,Fuel production,Hydrous ethanol,Lignocellulosic,2G with CCS,GWh,MS,2030,1.00649
Non-fossil end-use fuels (including biofuels),"Biofuels, synthesized fuels and hydrogen production by technology",Energy,Fuel production,Hydrous ethanol,Lignocellulosic,2G with CCS,GWh,MS,2035,13.46242
Non-fossil end-use fuels (including biofuels),"Biofuels, synthesized fuels and hydrogen production by technology",Energy,Fuel production,Hydrous ethanol,Lignocellulosic,2G with CCS,GWh,MS,2040,28.10495
Non-fossil end-use fuels (including biofuels),"Biofuels, synthesized fuels and hydrogen production by technology",Energy,Fuel production,Hydrous ethanol,Lignocellulosic,2G with CCS,GWh,MS,2045,7240.46713
Non-fossil end-use fuels (including biofuels),"Biofuels, synthesized fuels and hydrogen production by technology",Energy,Fuel production,Hydrous ethanol,Lignocellulosic,2G with CCS,GWh,MS,2050,7241.70822
Non-fossil end-use fuels (including biofuels),"Biofuels, synthesized fuels and hydrogen production by technology",Energy,Fuel production,Hydrous ethanol,Lignocellulosic,2G with CCS,GWh,MT,2025,0.0
Non-fossil end-use fuels (including biofuels),"Biofuels, synthesized fuels and hydrogen production by technology",Energy,Fuel production,Hydrous ethanol,Lignocellulosic,2G with CCS,GWh,MT,2030,0.91594
Non-fossil end-use fuels (including biofuels),"Biofuels, synthesized fuels and hydrogen production by technology",Energy,Fuel production,Hydrous ethanol,Lignocellulosic,2G with CCS,GWh,MT,2035,12.70435
Non-fossil end-use fuels (including biofuels),"Biofuels, synthesized fuels and hydrogen production by technology",Energy,Fuel production,Hydrous ethanol,Lignocellulosic,2G with CCS,GWh,MT,2040,39.03161
Non-fossil end-use fuels (including biofuels),"Biofuels, synthesized fuels and hydrogen production by technology",Energy,Fuel production,Hydrous ethanol,Lignocellulosic,2G with CCS,GWh,MT,2045,3218.35693
Non-fossil end-use fuels (including biofuels),"Biofuels, synthesized fuels and hydrogen production by technology",Energy,Fuel production,Hydrous ethanol,Lignocellulosic,2G with CCS,GWh,MT,2050,3217.62725
Non-fossil end-use fuels (including biofuels),"Biofuels, synthesized fuels and hydrogen production by technology",Energy,Fuel production,Hydrous ethanol,Lignocellulosic,2G with CCS,GWh,PA,2025,0.0
Non-fossil end-use fuels (including biofuels),"Biofuels, synthesized fuels and hydrogen production by technology",Energy,Fuel production,Hydrous ethanol,Lignocellulosic,2G with CCS,GWh,PA,2030,0.30442
Non-fossil end-use fuels (including biofuels),"Biofuels, synthesized fuels and hydrogen production by technology",Energy,Fuel production,Hydrous ethanol,Lignocellulosic,2G with CCS,GWh,PA,2035,0.7651
Non-fossil end-use fuels (including biofuels),"Biofuels, synthesized fuels and hydrogen production by technology",Energy,Fuel production,Hydrous ethanol,Lignocellulosic,2G with CCS,GWh,PA,2040,5.49657
Non-fossil end-use fuels (including biofuels),"Biofuels, synthesized fuels and hydrogen production by technology",Energy,Fuel production,Hydrous ethanol,Lignocellulosic,2G with CCS,GWh,PA,2045,8.46278
Non-fossil end-use fuels (including biofuels),"Biofuels, synthesized fuels and hydrogen production by technology",Energy,Fuel production,Hydrous ethanol,Lignocellulosic,2G with CCS,GWh,PA,2050,6.82292
Non-fossil end-use fuels (including biofuels),"Biofuels, synthesized fuels and hydrogen production by technology",Energy,Fuel production,Hydrous ethanol,Lignocellulosic,2G with CCS,GWh,PB,2025,0.0
Non-fossil end-use fuels (including biofuels),"Biofuels, synthesized fuels and hydrogen production by technology",Energy,Fuel production,Hydrous ethanol,Lignocellulosic,2G with CCS,GWh,PB,2030,0.37355
Non-fossil end-use fuels (including biofuels),"Biofuels, synthesized fuels and hydrogen production by technology",Energy,Fuel production,Hydrous ethanol,Lignocellulosic,2G with CCS,GWh,PB,2035,0.98779
Non-fossil end-use fuels (including biofuels),"Biofuels, synthesized fuels and hydrogen production by technology",Energy,Fuel production,Hydrous ethanol,Lignocellulosic,2G with CCS,GWh,PB,2040,4.6388
Non-fossil end-use fuels (including biofuels),"Biofuels, synthesized fuels and hydrogen production by technology",Energy,Fuel production,Hydrous ethanol,Lignocellulosic,2G with CCS,GWh,PB,2045,7.00056
Non-fossil end-use fuels (including biofuels),"Biofuels, synthesized fuels and hydrogen production by technology",Energy,Fuel production,Hydrous ethanol,Lignocellulosic,2G with CCS,GWh,PB,2050,1.84214
Non-fossil end-use fuels (including biofuels),"Biofuels, synthesized fuels and hydrogen production by technology",Energy,Fuel production,Hydrous ethanol,Lignocellulosic,2G with CCS,GWh,PE,2025,0.0
Non-fossil end-use fuels (including biofuels),"Biofuels, synthesized fuels and hydrogen production by technology",Energy,Fuel production,Hydrous ethanol,Lignocellulosic,2G with CCS,GWh,PE,2030,0.3912
Non-fossil end-use fuels (including biofuels),"Biofuels, synthesized fuels and hydrogen production by technology",Energy,Fuel production,Hydrous ethanol,Lignocellulosic,2G with CCS,GWh,PE,2035,1.51132
Non-fossil end-use fuels (including biofuels),"Biofuels, synthesized fuels and hydrogen production by technology",Energy,Fuel production,Hydrous ethanol,Lignocellulosic,2G with CCS,GWh,PE,2040,6.13639
Non-fossil end-use fuels (including biofuels),"Biofuels, synthesized fuels and hydrogen production by technology",Energy,Fuel production,Hydrous ethanol,Lignocellulosic,2G with CCS,GWh,PE,2045,9.01501
Non-fossil end-use fuels (including biofuels),"Biofuels, synthesized fuels and hydrogen production by technology",Energy,Fuel production,Hydrous ethanol,Lignocellulosic,2G with CCS,GWh,PE,2050,2.17493
Non-fossil end-use fuels (including biofuels),"Biofuels, synthesized fuels and hydrogen production by technology",Energy,Fuel production,Hydrous ethanol,Lignocellulosic,2G with CCS,GWh,PI,2025,0.0
Non-fossil end-use fuels (including biofuels),"Biofuels, synthesized fuels and hydrogen production by technology",Energy,Fuel production,Hydrous ethanol,Lignocellulosic,2G with CCS,GWh,PI,2030,0.3397
Non-fossil end-use fuels (including biofuels),"Biofuels, synthesized fuels and hydrogen production by technology",Energy,Fuel production,Hydrous ethanol,Lignocellulosic,2G with CCS,GWh,PI,2035,1.10393
Non-fossil end-use fuels (including biofuels),"Biofuels, synthesized fuels and hydrogen production by technology",Energy,Fuel production,Hydrous ethanol,Lignocellulosic,2G with CCS,GWh,PI,2040,5.14542
Non-fossil end-use fuels (including biofuels),"Biofuels, synthesized fuels and hydrogen production by technology",Energy,Fuel production,Hydrous ethanol,Lignocellulosic,2G with CCS,GWh,PI,2045,8.24673
Non-fossil end-use fuels (including biofuels),"Biofuels, synthesized fuels and hydrogen production by technology",Energy,Fuel production,Hydrous ethanol,Lignocellulosic,2G with CCS,GWh,PI,2050,5.11764
Non-fossil end-use fuels (including biofuels),"Biofuels, synthesized fuels and hydrogen production by technology",Energy,Fuel production,Hydrous ethanol,Lignocellulosic,2G with CCS,GWh,PR,2025,0.0
Non-fossil end-use fuels (including biofuels),"Biofuels, synthesized fuels and hydrogen production by technology",Energy,Fuel production,Hydrous ethanol,Lignocellulosic,2G with CCS,GWh,PR,2030,0.9096
Non-fossil end-use fuels (including biofuels),"Biofuels, synthesized fuels and hydrogen production by technology",Energy,Fuel production,Hydrous ethanol,Lignocellulosic,2G with CCS,GWh,PR,2035,12.97722
Non-fossil end-use fuels (including biofuels),"Biofuels, synthesized fuels and hydrogen production by technology",Energy,Fuel production,Hydrous ethanol,Lignocellulosic,2G with CCS,GWh,PR,2040,35.33717
Non-fossil end-use fuels (including biofuels),"Biofuels, synthesized fuels and hydrogen production by technology",Energy,Fuel production,Hydrous ethanol,Lignocellulosic,2G with CCS,GWh,PR,2045,38.72817
Non-fossil end-use fuels (including biofuels),"Biofuels, synthesized fuels and hydrogen production by technology",Energy,Fuel production,Hydrous ethanol,Lignocellulosic,2G with CCS,GWh,PR,2050,38.61109
Non-fossil end-use fuels (including biofuels),"Biofuels, synthesized fuels and hydrogen production by technology",Energy,Fuel production,Hydrous ethanol,Lignocellulosic,2G with CCS,GWh,RJ,2025,0.0
Non-fossil end-use fuels (including biofuels),"Biofuels, synthesized fuels and hydrogen production by technology",Energy,Fuel production,Hydrous ethanol,Lignocellulosic,2G with CCS,GWh,RJ,2030,0.45319
Non-fossil end-use fuels (including biofuels),"Biofuels, synthesized fuels and hydrogen production by technology",Energy,Fuel production,Hydrous ethanol,Lignocellulosic,2G with CCS,GWh,RJ,2035,0.88578
Non-fossil end-use fuels (including biofuels),"Biofuels, synthesized fuels and hydrogen production by technology",Energy,Fuel production,Hydrous ethanol,Lignocellulosic,2G with CCS,GWh,RJ,2040,7.92766
Non-fossil end-use fuels (including biofuels),"Biofuels, synthesized fuels and hydrogen production by technology",Energy,Fuel production,Hydrous ethanol,Lignocellulosic,2G with CCS,GWh,RJ,2045,10.21706
Non-fossil end-use fuels (including biofuels),"Biofuels, synthesized fuels and hydrogen production by technology",Energy,Fuel production,Hydrous ethanol,Lignocellulosic,2G with CCS,GWh,RJ,2050,0.55972
Non-fossil end-use fuels (including biofuels),"Biofuels, synthesized fuels and hydrogen production by technology",Energy,Fuel production,Hydrous ethanol,Lignocellulosic,2G with CCS,GWh,RN,2025,0.0
Non-fossil end-use fuels (including biofuels),"Biofuels, synthesized fuels and hydrogen production by technology",Energy,Fuel production,Hydrous ethanol,Lignocellulosic,2G with CCS,GWh,RN,2030,0.39024
Non-fossil end-use fuels (including biofuels),"Biofuels, synthesized fuels and hydrogen production by technology",Energy,Fuel production,Hydrous ethanol,Lignocellulosic,2G with CCS,GWh,RN,2035,0.94808
Non-fossil end-use fuels (including biofuels),"Biofuels, synthesized fuels and hydrogen production by technology",Energy,Fuel production,Hydrous ethanol,Lignocellulosic,2G with CCS,GWh,RN,2040,6.79303
Non-fossil end-use fuels (including biofuels),"Biofuels, synthesized fuels and hydrogen production by technology",Energy,Fuel production,Hydrous ethanol,Lignocellulosic,2G with CCS,GWh,RN,2045,9.30236
Non-fossil end-use fuels (including biofuels),"Biofuels, synthesized fuels and hydrogen production by technology",Energy,Fuel production,Hydrous ethanol,Lignocellulosic,2G with CCS,GWh,RN,2050,7.25459
Non-fossil end-use fuels (including biofuels),"Biofuels, synthesized fuels and hydrogen production by technology",Energy,Fuel production,Hydrous ethanol,Lignocellulosic,2G with CCS,GWh,RO,2025,0.0
Non-fossil end-use fuels (including biofuels),"Biofuels, synthesized fuels and hydrogen production by technology",Energy,Fuel production,Hydrous ethanol,Lignocellulosic,2G with CCS,GWh,RO,2030,0.30137
Non-fossil end-use fuels (including biofuels),"Biofuels, synthesized fuels and hydrogen production by technology",Energy,Fuel production,Hydrous ethanol,Lignocellulosic,2G with CCS,GWh,RO,2035,0.81872
Non-fossil end-use fuels (including biofuels),"Biofuels, synthesized fuels and hydrogen production by technology",Energy,Fuel production,Hydrous ethanol,Lignocellulosic,2G with CCS,GWh,RO,2040,5.65692
Non-fossil end-use fuels (including biofuels),"Biofuels, synthesized fuels and hydrogen production by technology",Energy,Fuel production,Hydrous ethanol,Lignocellulosic,2G with CCS,GWh,RO,2045,9.51321
Non-fossil end-use fuels (including biofuels),"Biofuels, synthesized fuels and hydrogen production by technology",Energy,Fuel production,Hydrous ethanol,Lignocellulosic,2G with CCS,GWh,RO,2050,8.51442
Non-fossil end-use fuels (including biofuels),"Biofuels, synthesized fuels and hydrogen production by technology",Energy,Fuel production,Hydrous ethanol,Lignocellulosic,2G with CCS,GWh,RR,2025,0.0
Non-fossil end-use fuels (including biofuels),"Biofuels, synthesized fuels and hydrogen production by technology",Energy,Fuel production,Hydrous ethanol,Lignocellulosic,2G with CCS,GWh,RR,2030,0.1857
Non-fossil end-use fuels (including biofuels),"Biofuels, synthesized fuels and hydrogen production by technology",Energy,Fuel production,Hydrous ethanol,Lignocellulosic,2G with CCS,GWh,RR,2035,0.48157
Non-fossil end-use fuels (including biofuels),"Biofuels, synthesized fuels and hydrogen production by technology",Energy,Fuel production,Hydrous ethanol,Lignocellulosic,2G with CCS,GWh,RR,2040,3.06329
Non-fossil end-use fuels (including biofuels),"Biofuels, synthesized fuels and hydrogen production by technology",Energy,Fuel production,Hydrous ethanol,Lignocellulosic,2G with CCS,GWh,RR,2045,6.84944
Non-fossil end-use fuels (including biofuels),"Biofuels, synthesized fuels and hydrogen production by technology",Energy,Fuel production,Hydrous ethanol,Lignocellulosic,2G with CCS,GWh,RR,2050,5.91141
Non-fossil end-use fuels (including biofuels),"Biofuels, synthesized fuels and hydrogen production by technology",Energy,Fuel production,Hydrous ethanol,Lignocellulosic,2G with CCS,GWh,RS,2025,0.0
Non-fossil end-use fuels (including biofuels),"Biofuels, synthesized fuels and hydrogen production by technology",Energy,Fuel production,Hydrous ethanol,Lignocellulosic,2G with CCS,GWh,RS,2030,0.5979
Non-fossil end-use fuels (including biofuels),"Biofuels, synthesized fuels and hydrogen production by technology",Energy,Fuel production,Hydrous ethanol,Lignocellulosic,2G with CCS,GWh,RS,2035,2.3883
Non-fossil end-use fuels (including biofuels),"Biofuels, synthesized fuels and hydrogen production by technology",Energy,Fuel production,Hydrous ethanol,Lignocellulosic,2G with CCS,GWh,RS,2040,10.54268
Non-fossil end-use fuels (including biofuels),"Biofuels, synthesized fuels and hydrogen production by technology",Energy,Fuel production,Hydrous ethanol,Lignocellulosic,2G with CCS,GWh,RS,2045,13.99874
Non-fossil end-use fuels (including biofuels),"Biofuels, synthesized fuels and hydrogen production by technology",Energy,Fuel production,Hydrous ethanol,Lignocellulosic,2G with CCS,GWh,RS,2050,12.9826
Non-fossil end-use fuels (including biofuels),"Biofuels, synthesized fuels and hydrogen production by technology",Energy,Fuel production,Hydrous ethanol,Lignocellulosic,2G with CCS,GWh,SC,2025,0.0
Non-fossil end-use fuels (including biofuels),"Biofuels, synthesized fuels and hydrogen production by technology",Energy,Fuel production,Hydrous ethanol,Lignocellulosic,2G with CCS,GWh,SC,2030,0.44018
Non-fossil end-use fuels (including biofuels),"Biofuels, synthesized fuels and hydrogen production by technology",Energy,Fuel production,Hydrous ethanol,Lignocellulosic,2G with CCS,GWh,SC,2035,1.82909
Non-fossil end-use fuels (including biofuels),"Biofuels, synthesized fuels and hydrogen production by technology",Energy,Fuel production,Hydrous ethanol,Lignocellulosic,2G with CCS,GWh,SC,2040,9.12439
Non-fossil end-use fuels (including biofuels),"Biofuels, synthesized fuels and hydrogen production by technology",Energy,Fuel production,Hydrous ethanol,Lignocellulosic,2G with CCS,GWh,SC,2045,12.52979
Non-fossil end-use fuels (including biofuels),"Biofuels, synthesized fuels and hydrogen production by technology",Energy,Fuel production,Hydrous ethanol,Lignocellulosic,2G with CCS,GWh,SC,2050,11.29349
Non-fossil end-use fuels (including biofuels),"Biofuels, synthesized fuels and hydrogen production by technology",Energy,Fuel production,Hydrous ethanol,Lignocellulosic,2G with CCS,GWh,SE,2025,0.0
Non-fossil end-use fuels (including biofuels),"Biofuels, synthesized fuels and hydrogen production by technology",Energy,Fuel production,Hydrous ethanol,Lignocellulosic,2G with CCS,GWh,SE,2030,0.38691
Non-fossil end-use fuels (including biofuels),"Biofuels, synthesized fuels and hydrogen production by technology",Energy,Fuel production,Hydrous ethanol,Lignocellulosic,2G with CCS,GWh,SE,2035,1.2816
Non-fossil end-use fuels (including biofuels),"Biofuels, synthesized fuels and hydrogen production by technology",Energy,Fuel production,Hydrous ethanol,Lignocellulosic,2G with CCS,GWh,SE,2040,7.47923
Non-fossil end-use fuels (including biofuels),"Biofuels, synthesized fuels and hydrogen production by technology",Energy,Fuel production,Hydrous ethanol,Lignocellulosic,2G with CCS,GWh,SE,2045,10.38984
Non-fossil end-use fuels (including biofuels),"Biofuels, synthesized fuels and hydrogen production by technology",Energy,Fuel production,Hydrous ethanol,Lignocellulosic,2G with CCS,GWh,SE,2050,9.12693
Non-fossil end-use fuels (including biofuels),"Biofuels, synthesized fuels and hydrogen production by technology",Energy,Fuel production,Hydrous ethanol,Lignocellulosic,2G with CCS,GWh,SP,2025,0.0
Non-fossil end-use fuels (including biofuels),"Biofuels, synthesized fuels and hydrogen production by technology",Energy,Fuel production,Hydrous ethanol,Lignocellulosic,2G with CCS,GWh,SP,2030,0.91049
Non-fossil end-use fuels (including biofuels),"Biofuels, synthesized fuels and hydrogen production by technology",Energy,Fuel production,Hydrous ethanol,Lignocellulosic,2G with CCS,GWh,SP,2035,13.733
Non-fossil end-use fuels (including biofuels),"Biofuels, synthesized fuels and hydrogen production by technology",Energy,Fuel production,Hydrous ethanol,Lignocellulosic,2G with CCS,GWh,SP,2040,26.28793
Non-fossil end-use fuels (including biofuels),"Biofuels, synthesized fuels and hydrogen production by technology",Energy,Fuel production,Hydrous ethanol,Lignocellulosic,2G with CCS,GWh,SP,2045,28.38714
Non-fossil end-use fuels (including biofuels),"Biofuels, synthesized fuels and hydrogen production by technology",Energy,Fuel production,Hydrous ethanol,Lignocellulosic,2G with CCS,GWh,SP,2050,28.82145
Non-fossil end-use fuels (including biofuels),"Biofuels, synthesized fuels and hydrogen production by technology",Energy,Fuel production,Hydrous ethanol,Lignocellulosic,2G with CCS,GWh,TO,2025,0.0
Non-fossil end-use fuels (including biofuels),"Biofuels, synthesized fuels and hydrogen production by technology",Energy,Fuel production,Hydrous ethanol,Lignocellulosic,2G with CCS,GWh,TO,2030,0.46693
Non-fossil end-use fuels (including biofuels),"Biofuels, synthesized fuels and hydrogen production by technology",Energy,Fuel production,Hydrous ethanol,Lignocellulosic,2G with CCS,GWh,TO,2035,1.45048
Non-fossil end-use fuels (including biofuels),"Biofuels, synthesized fuels and hydrogen production by technology",Energy,Fuel production,Hydrous ethanol,Lignocellulosic,2G with CCS,GWh,TO,2040,10.53047
Non-fossil end-use fuels (including biofuels),"Biofuels, synthesized fuels and hydrogen production by technology",Energy,Fuel production,Hydrous ethanol,Lignocellulosic,2G with CCS,GWh,TO,2045,13.41489
Non-fossil end-use fuels (including biofuels),"Biofuels, synthesized fuels and hydrogen production by technology",Energy,Fuel production,Hydrous ethanol,Lignocellulosic,2G with CCS,GWh,TO,2050,11.63896
Non-fossil end-use fuels (including biofuels),"Biofuels, synthesized fuels and hydrogen production by technology",Energy,Fuel production,Hydrous ethanol,N/A,BECCS_corn_ethanol_existing,GWh,GO,2025,7170.03927
Non-fossil end-use fuels (including biofuels),"Biofuels, synthesized fuels and hydrogen production by technology",Energy,Fuel production,Hydrous ethanol,N/A,BECCS_corn_ethanol_existing,GWh,GO,2030,7184.12089
Non-fossil end-use fuels (including biofuels),"Biofuels, synthesized fuels and hydrogen production by technology",Energy,Fuel production,Hydrous ethanol,N/A,BECCS_corn_ethanol_existing,GWh,GO,2035,2287.50261
Non-fossil end-use fuels (including biofuels),"Biofuels, synthesized fuels and hydrogen production by technology",Energy,Fuel production,Hydrous ethanol,N/A,BECCS_corn_ethanol_existing,GWh,GO,2040,1839.71072
Non-fossil end-use fuels (including biofuels),"Biofuels, synthesized fuels and hydrogen production by technology",Energy,Fuel production,Hydrous ethanol,N/A,BECCS_corn_ethanol_existing,GWh,GO,2045,725.41649
Non-fossil end-use fuels (including biofuels),"Biofuels, synthesized fuels and hydrogen production by technology",Energy,Fuel production,Hydrous ethanol,N/A,BECCS_corn_ethanol_existing,GWh,GO,2050,681.588
Non-fossil end-use fuels (including biofuels),"Biofuels, synthesized fuels and hydrogen production by technology",Energy,Fuel production,Hydrous ethanol,N/A,BECCS_corn_ethanol_existing,GWh,MS,2025,5193.8799
Non-fossil end-use fuels (including biofuels),"Biofuels, synthesized fuels and hydrogen production by technology",Energy,Fuel production,Hydrous ethanol,N/A,BECCS_corn_ethanol_existing,GWh,MS,2030,5205.76976
Non-fossil end-use fuels (including biofuels),"Biofuels, synthesized fuels and hydrogen production by technology",Energy,Fuel production,Hydrous ethanol,N/A,BECCS_corn_ethanol_existing,GWh,MS,2035,1982.3869
Non-fossil end-use fuels (including biofuels),"Biofuels, synthesized fuels and hydrogen production by technology",Energy,Fuel production,Hydrous ethanol,N/A,BECCS_corn_ethanol_existing,GWh,MS,2040,2724.21683
Non-fossil end-use fuels (including biofuels),"Biofuels, synthesized fuels and hydrogen production by technology",Energy,Fuel production,Hydrous ethanol,N/A,BECCS_corn_ethanol_existing,GWh,MS,2045,2459.63632
Non-fossil end-use fuels (including biofuels),"Biofuels, synthesized fuels and hydrogen production by technology",Energy,Fuel production,Hydrous ethanol,N/A,BECCS_corn_ethanol_existing,GWh,MS,2050,2442.42514
Non-fossil end-use fuels (including biofuels),"Biofuels, synthesized fuels and hydrogen production by technology",Energy,Fuel production,Hydrous ethanol,N/A,BECCS_corn_ethanol_existing,GWh,MT,2025,17718.12318
Non-fossil end-use fuels (including biofuels),"Biofuels, synthesized fuels and hydrogen production by technology",Energy,Fuel production,Hydrous ethanol,N/A,BECCS_corn_ethanol_existing,GWh,MT,2030,17735.85792
Non-fossil end-use fuels (including biofuels),"Biofuels, synthesized fuels and hydrogen production by technology",Energy,Fuel production,Hydrous ethanol,N/A,BECCS_corn_ethanol_existing,GWh,MT,2035,3982.3298
Non-fossil end-use fuels (including biofuels),"Biofuels, synthesized fuels and hydrogen production by technology",Energy,Fuel production,Hydrous ethanol,N/A,BECCS_corn_ethanol_existing,GWh,MT,2040,142.55312
Non-fossil end-use fuels (including biofuels),"Biofuels, synthesized fuels and hydrogen production by technology",Energy,Fuel production,Hydrous ethanol,N/A,BECCS_corn_ethanol_existing,GWh,MT,2045,36.93767
Non-fossil end-use fuels (including biofuels),"Biofuels, synthesized fuels and hydrogen production by technology",Energy,Fuel production,Hydrous ethanol,N/A,BECCS_corn_ethanol_existing,GWh,MT,2050,12.45809
Non-fossil end-use fuels (including biofuels),"Biofuels, synthesized fuels and hydrogen production by technology",Energy,Fuel production,Hydrous ethanol,N/A,BECCS_corn_ethanol_existing,GWh,PR,2025,374.15917
Non-fossil end-use fuels (including biofuels),"Biofuels, synthesized fuels and hydrogen production by technology",Energy,Fuel production,Hydrous ethanol,N/A,BECCS_corn_ethanol_existing,GWh,PR,2030,359.68303
Non-fossil end-use fuels (including biofuels),"Biofuels, synthesized fuels and hydrogen production by technology",Energy,Fuel production,Hydrous ethanol,N/A,BECCS_corn_ethanol_existing,GWh,PR,2035,51.07536
Non-fossil end-use fuels (including biofuels),"Biofuels, synthesized fuels and hydrogen production by technology",Energy,Fuel production,Hydrous ethanol,N/A,BECCS_corn_ethanol_existing,GWh,PR,2040,22.09451
Non-fossil end-use fuels (including biofuels),"Biofuels, synthesized fuels and hydrogen production by technology",Energy,Fuel production,Hydrous ethanol,N/A,BECCS_corn_ethanol_existing,GWh,PR,2045,2.3025
Non-fossil end-use fuels (including biofuels),"Biofuels, synthesized fuels and hydrogen production by technology",Energy,Fuel production,Hydrous ethanol,N/A,BECCS_corn_ethanol_existing,GWh,PR,2050,0.9032
Non-fossil end-use fuels (including biofuels),"Biofuels, synthesized fuels and hydrogen production by technology",Energy,Fuel production,Hydrous ethanol,N/A,BECCS_corn_ethanol_existing,GWh,SP,2025,33.14906
Non-fossil end-use fuels (including biofuels),"Biofuels, synthesized fuels and hydrogen production by technology",Energy,Fuel production,Hydrous ethanol,N/A,BECCS_corn_ethanol_existing,GWh,SP,2030,32.62226
Non-fossil end-use fuels (including biofuels),"Biofuels, synthesized fuels and hydrogen production by technology",Energy,Fuel production,Hydrous ethanol,N/A,BECCS_corn_ethanol_existing,GWh,SP,2035,5.83406
Non-fossil end-use fuels (including biofuels),"Biofuels, synthesized fuels and hydrogen production by technology",Energy,Fuel production,Hydrous ethanol,N/A,BECCS_corn_ethanol_existing,GWh,SP,2040,16.77326
Non-fossil end-use fuels (including biofuels),"Biofuels, synthesized fuels and hydrogen production by technology",Energy,Fuel production,Hydrous ethanol,N/A,BECCS_corn_ethanol_existing,GWh,SP,2045,1.52667
Non-fossil end-use fuels (including biofuels),"Biofuels, synthesized fuels and hydrogen production by technology",Energy,Fuel production,Hydrous ethanol,N/A,BECCS_corn_ethanol_existing,GWh,SP,2050,0.9367
Non-fossil end-use fuels (including biofuels),"Biofuels, synthesized fuels and hydrogen production by technology",Energy,Fuel production,Hydrous ethanol,N/A,BECCS_sugarcane_ethanol_existing,GWh,BA,2025,734.95161
Non-fossil end-use fuels (including biofuels),"Biofuels, synthesized fuels and hydrogen production by technology",Energy,Fuel production,Hydrous ethanol,N/A,BECCS_sugarcane_ethanol_existing,GWh,BA,2030,984.27236
Non-fossil end-use fuels (including biofuels),"Biofuels, synthesized fuels and hydrogen production by technology",Energy,Fuel production,Hydrous ethanol,N/A,BECCS_sugarcane_ethanol_existing,GWh,BA,2035,1640.66289
Non-fossil end-use fuels (including biofuels),"Biofuels, synthesized fuels and hydrogen production by technology",Energy,Fuel production,Hydrous ethanol,N/A,BECCS_sugarcane_ethanol_existing,GWh,BA,2040,2429.06352
Non-fossil end-use fuels (including biofuels),"Biofuels, synthesized fuels and hydrogen production by technology",Energy,Fuel production,Hydrous ethanol,N/A,BECCS_sugarcane_ethanol_existing,GWh,BA,2045,2432.05674
Non-fossil end-use fuels (including biofuels),"Biofuels, synthesized fuels and hydrogen production by technology",Energy,Fuel production,Hydrous ethanol,N/A,BECCS_sugarcane_ethanol_existing,GWh,BA,2050,432.44868
Non-fossil end-use fuels (including biofuels),"Biofuels, synthesized fuels and hydrogen production by technology",Energy,Fuel production,Hydrous ethanol,N/A,BECCS_sugarcane_ethanol_existing,GWh,CE,2025,78.43959
Non-fossil end-use fuels (including biofuels),"Biofuels, synthesized fuels and hydrogen production by technology",Energy,Fuel production,Hydrous ethanol,N/A,BECCS_sugarcane_ethanol_existing,GWh,CE,2030,84.98741
Non-fossil end-use fuels (including biofuels),"Biofuels, synthesized fuels and hydrogen production by technology",Energy,Fuel production,Hydrous ethanol,N/A,BECCS_sugarcane_ethanol_existing,GWh,CE,2035,100.30309
Non-fossil end-use fuels (including biofuels),"Biofuels, synthesized fuels and hydrogen production by technology",Energy,Fuel production,Hydrous ethanol,N/A,BECCS_sugarcane_ethanol_existing,GWh,CE,2040,144.85756
Non-fossil end-use fuels (including biofuels),"Biofuels, synthesized fuels and hydrogen production by technology",Energy,Fuel production,Hydrous ethanol,N/A,BECCS_sugarcane_ethanol_existing,GWh,CE,2045,148.40273
Non-fossil end-use fuels (including biofuels),"Biofuels, synthesized fuels and hydrogen production by technology",Energy,Fuel production,Hydrous ethanol,N/A,BECCS_sugarcane_ethanol_existing,GWh,CE,2050,28.06434
Non-fossil end-use fuels (including biofuels),"Biofuels, synthesized fuels and hydrogen production by technology",Energy,Fuel production,Hydrous ethanol,N/A,BECCS_sugarcane_ethanol_existing,GWh,ES,2025,962.49335
Non-fossil end-use fuels (including biofuels),"Biofuels, synthesized fuels and hydrogen production by technology",Energy,Fuel production,Hydrous ethanol,N/A,BECCS_sugarcane_ethanol_existing,GWh,ES,2030,984.71779
Non-fossil end-use fuels (including biofuels),"Biofuels, synthesized fuels and hydrogen production by technology",Energy,Fuel production,Hydrous ethanol,N/A,BECCS_sugarcane_ethanol_existing,GWh,ES,2035,992.03856
Non-fossil end-use fuels (including biofuels),"Biofuels, synthesized fuels and hydrogen production by technology",Energy,Fuel production,Hydrous ethanol,N/A,BECCS_sugarcane_ethanol_existing,GWh,ES,2040,1365.61968
Non-fossil end-use fuels (including biofuels),"Biofuels, synthesized fuels and hydrogen production by technology",Energy,Fuel production,Hydrous ethanol,N/A,BECCS_sugarcane_ethanol_existing,GWh,ES,2045,1363.07856
Non-fossil end-use fuels (including biofuels),"Biofuels, synthesized fuels and hydrogen production by technology",Energy,Fuel production,Hydrous ethanol,N/A,BECCS_sugarcane_ethanol_existing,GWh,ES,2050,0.86873
Non-fossil end-use fuels (including biofuels),"Biofuels, synthesized fuels and hydrogen production by technology",Energy,Fuel production,Hydrous ethanol,N/A,BECCS_sugarcane_ethanol_existing,GWh,GO,2025,9161.93602
Non-fossil end-use fuels (including biofuels),"Biofuels, synthesized fuels and hydrogen production by technology",Energy,Fuel production,Hydrous ethanol,N/A,BECCS_sugarcane_ethanol_existing,GWh,GO,2030,14588.71823
Non-fossil end-use fuels (including biofuels),"Biofuels, synthesized fuels and hydrogen production by technology",Energy,Fuel production,Hydrous ethanol,N/A,BECCS_sugarcane_ethanol_existing,GWh,GO,2035,21966.34778
Non-fossil end-use fuels (including biofuels),"Biofuels, synthesized fuels and hydrogen production by technology",Energy,Fuel production,Hydrous ethanol,N/A,BECCS_sugarcane_ethanol_existing,GWh,GO,2040,30679.49119
Non-fossil end-use fuels (including biofuels),"Biofuels, synthesized fuels and hydrogen production by technology",Energy,Fuel production,Hydrous ethanol,N/A,BECCS_sugarcane_ethanol_existing,GWh,GO,2045,30679.5051
Non-fossil end-use fuels (including biofuels),"Biofuels, synthesized fuels and hydrogen production by technology",Energy,Fuel production,Hydrous ethanol,N/A,BECCS_sugarcane_ethanol_existing,GWh,GO,2050,1.91728
Non-fossil end-use fuels (including biofuels),"Biofuels, synthesized fuels and hydrogen production by technology",Energy,Fuel production,Hydrous ethanol,N/A,BECCS_sugarcane_ethanol_existing,GWh,MA,2025,795.89331
Non-fossil end-use fuels (including biofuels),"Biofuels, synthesized fuels and hydrogen production by technology",Energy,Fuel production,Hydrous ethanol,N/A,BECCS_sugarcane_ethanol_existing,GWh,MA,2030,1022.04085
Non-fossil end-use fuels (including biofuels),"Biofuels, synthesized fuels and hydrogen production by technology",Energy,Fuel production,Hydrous ethanol,N/A,BECCS_sugarcane_ethanol_existing,GWh,MA,2035,1575.79418
Non-fossil end-use fuels (including biofuels),"Biofuels, synthesized fuels and hydrogen production by technology",Energy,Fuel production,Hydrous ethanol,N/A,BECCS_sugarcane_ethanol_existing,GWh,MA,2040,2333.97719
Non-fossil end-use fuels (including biofuels),"Biofuels, synthesized fuels and hydrogen production by technology",Energy,Fuel production,Hydrous ethanol,N/A,BECCS_sugarcane_ethanol_existing,GWh,MA,2045,2340.19059
Non-fossil end-use fuels (including biofuels),"Biofuels, synthesized fuels and hydrogen production by technology",Energy,Fuel production,Hydrous ethanol,N/A,BECCS_sugarcane_ethanol_existing,GWh,MA,2050,433.79204
Non-fossil end-use fuels (including biofuels),"Biofuels, synthesized fuels and hydrogen production by technology",Energy,Fuel production,Hydrous ethanol,N/A,BECCS_sugarcane_ethanol_existing,GWh,MG,2025,2514.3349
Non-fossil end-use fuels (including biofuels),"Biofuels, synthesized fuels and hydrogen production by technology",Energy,Fuel production,Hydrous ethanol,N/A,BECCS_sugarcane_ethanol_existing,GWh,MG,2030,3528.80598
Non-fossil end-use fuels (including biofuels),"Biofuels, synthesized fuels and hydrogen production by technology",Energy,Fuel production,Hydrous ethanol,N/A,BECCS_sugarcane_ethanol_existing,GWh,MG,2035,17850.20347
Non-fossil end-use fuels (including biofuels),"Biofuels, synthesized fuels and hydrogen production by technology",Energy,Fuel production,Hydrous ethanol,N/A,BECCS_sugarcane_ethanol_existing,GWh,MG,2040,24944.38588
Non-fossil end-use fuels (including biofuels),"Biofuels, synthesized fuels and hydrogen production by technology",Energy,Fuel production,Hydrous ethanol,N/A,BECCS_sugarcane_ethanol_existing,GWh,MG,2045,24923.75984
Non-fossil end-use fuels (including biofuels),"Biofuels, synthesized fuels and hydrogen production by technology",Energy,Fuel production,Hydrous ethanol,N/A,BECCS_sugarcane_ethanol_existing,GWh,MG,2050,1.90696
Non-fossil end-use fuels (including biofuels),"Biofuels, synthesized fuels and hydrogen production by technology",Energy,Fuel production,Hydrous ethanol,N/A,BECCS_sugarcane_ethanol_existing,GWh,MS,2025,12843.18677
Non-fossil end-use fuels (including biofuels),"Biofuels, synthesized fuels and hydrogen production by technology",Energy,Fuel production,Hydrous ethanol,N/A,BECCS_sugarcane_ethanol_existing,GWh,MS,2030,13283.80763
Non-fossil end-use fuels (including biofuels),"Biofuels, synthesized fuels and hydrogen production by technology",Energy,Fuel production,Hydrous ethanol,N/A,BECCS_sugarcane_ethanol_existing,GWh,MS,2035,13630.26879
Non-fossil end-use fuels (including biofuels),"Biofuels, synthesized fuels and hydrogen production by technology",Energy,Fuel production,Hydrous ethanol,N/A,BECCS_sugarcane_ethanol_existing,GWh,MS,2040,18690.1391
Non-fossil end-use fuels (including biofuels),"Biofuels, synthesized fuels and hydrogen production by technology",Energy,Fuel production,Hydrous ethanol,N/A,BECCS_sugarcane_ethanol_existing,GWh,MS,2045,18290.02589
Non-fossil end-use fuels (including biofuels),"Biofuels, synthesized fuels and hydrogen production by technology",Energy,Fuel production,Hydrous ethanol,N/A,BECCS_sugarcane_ethanol_existing,GWh,MS,2050,1.4888
Non-fossil end-use fuels (including biofuels),"Biofuels, synthesized fuels and hydrogen production by technology",Energy,Fuel production,Hydrous ethanol,N/A,BECCS_sugarcane_ethanol_existing,GWh,MT,2025,5624.25289
Non-fossil end-use fuels (including biofuels),"Biofuels, synthesized fuels and hydrogen production by technology",Energy,Fuel production,Hydrous ethanol,N/A,BECCS_sugarcane_ethanol_existing,GWh,MT,2030,5786.71435
Non-fossil end-use fuels (including biofuels),"Biofuels, synthesized fuels and hydrogen production by technology",Energy,Fuel production,Hydrous ethanol,N/A,BECCS_sugarcane_ethanol_existing,GWh,MT,2035,5801.56158
Non-fossil end-use fuels (including biofuels),"Biofuels, synthesized fuels and hydrogen production by technology",Energy,Fuel production,Hydrous ethanol,N/A,BECCS_sugarcane_ethanol_existing,GWh,MT,2040,7949.10568
Non-fossil end-use fuels (including biofuels),"Biofuels, synthesized fuels and hydrogen production by technology",Energy,Fuel production,Hydrous ethanol,N/A,BECCS_sugarcane_ethanol_existing,GWh,MT,2045,7953.84968
Non-fossil end-use fuels (including biofuels),"Biofuels, synthesized fuels and hydrogen production by technology",Energy,Fuel production,Hydrous ethanol,N/A,BECCS_sugarcane_ethanol_existing,GWh,MT,2050,1.68857
Non-fossil end-use fuels (including biofuels),"Biofuels, synthesized fuels and hydrogen production by technology",Energy,Fuel production,Hydrous ethanol,N/A,BECCS_sugarcane_ethanol_existing,GWh,PA,2025,1.26204
Non-fossil end-use fuels (including biofuels),"Biofuels, synthesized fuels and hydrogen production by technology",Energy,Fuel production,Hydrous ethanol,N/A,BECCS_sugarcane_ethanol_existing,GWh,PA,2030,0.93499
Non-fossil end-use fuels (including biofuels),"Biofuels, synthesized fuels and hydrogen production by technology",Energy,Fuel production,Hydrous ethanol,N/A,BECCS_sugarcane_ethanol_existing,GWh,PA,2035,1.57805
Non-fossil end-use fuels (including biofuels),"Biofuels, synthesized fuels and hydrogen production by technology",Energy,Fuel production,Hydrous ethanol,N/A,BECCS_sugarcane_ethanol_existing,GWh,PA,2040,0.57688
Non-fossil end-use fuels (including biofuels),"Biofuels, synthesized fuels and hydrogen production by technology",Energy,Fuel production,Hydrous ethanol,N/A,BECCS_sugarcane_ethanol_existing,GWh,PA,2045,0.1384
Non-fossil end-use fuels (including biofuels),"Biofuels, synthesized fuels and hydrogen production by technology",Energy,Fuel production,Hydrous ethanol,N/A,BECCS_sugarcane_ethanol_existing,GWh,PA,2050,0.13443
Non-fossil end-use fuels (including biofuels),"Biofuels, synthesized fuels and hydrogen production by technology",Energy,Fuel production,Hydrous ethanol,N/A,BECCS_sugarcane_ethanol_existing,GWh,PB,2025,1750.79421
Non-fossil end-use fuels (including biofuels),"Biofuels, synthesized fuels and hydrogen production by technology",Energy,Fuel production,Hydrous ethanol,N/A,BECCS_sugarcane_ethanol_existing,GWh,PB,2030,1904.4023
Non-fossil end-use fuels (including biofuels),"Biofuels, synthesized fuels and hydrogen production by technology",Energy,Fuel production,Hydrous ethanol,N/A,BECCS_sugarcane_ethanol_existing,GWh,PB,2035,1940.05306
Non-fossil end-use fuels (including biofuels),"Biofuels, synthesized fuels and hydrogen production by technology",Energy,Fuel production,Hydrous ethanol,N/A,BECCS_sugarcane_ethanol_existing,GWh,PB,2040,2668.61743
Non-fossil end-use fuels (including biofuels),"Biofuels, synthesized fuels and hydrogen production by technology",Energy,Fuel production,Hydrous ethanol,N/A,BECCS_sugarcane_ethanol_existing,GWh,PB,2045,2664.71112
Non-fossil end-use fuels (including biofuels),"Biofuels, synthesized fuels and hydrogen production by technology",Energy,Fuel production,Hydrous ethanol,N/A,BECCS_sugarcane_ethanol_existing,GWh,PB,2050,819.09094
Non-fossil end-use fuels (including biofuels),"Biofuels, synthesized fuels and hydrogen production by technology",Energy,Fuel production,Hydrous ethanol,N/A,BECCS_sugarcane_ethanol_existing,GWh,PE,2025,2990.93878
Non-fossil end-use fuels (including biofuels),"Biofuels, synthesized fuels and hydrogen production by technology",Energy,Fuel production,Hydrous ethanol,N/A,BECCS_sugarcane_ethanol_existing,GWh,PE,2030,3012.51601
Non-fossil end-use fuels (including biofuels),"Biofuels, synthesized fuels and hydrogen production by technology",Energy,Fuel production,Hydrous ethanol,N/A,BECCS_sugarcane_ethanol_existing,GWh,PE,2035,3072.15542
Non-fossil end-use fuels (including biofuels),"Biofuels, synthesized fuels and hydrogen production by technology",Energy,Fuel production,Hydrous ethanol,N/A,BECCS_sugarcane_ethanol_existing,GWh,PE,2040,4200.25502
Non-fossil end-use fuels (including biofuels),"Biofuels, synthesized fuels and hydrogen production by technology",Energy,Fuel production,Hydrous ethanol,N/A,BECCS_sugarcane_ethanol_existing,GWh,PE,2045,4206.97465
Non-fossil end-use fuels (including biofuels),"Biofuels, synthesized fuels and hydrogen production by technology",Energy,Fuel production,Hydrous ethanol,N/A,BECCS_sugarcane_ethanol_existing,GWh,PE,2050,1470.24897
Non-fossil end-use fuels (including biofuels),"Biofuels, synthesized fuels and hydrogen production by technology",Energy,Fuel production,Hydrous ethanol,N/A,BECCS_sugarcane_ethanol_existing,GWh,PI,2025,201.22041
Non-fossil end-use fuels (including biofuels),"Biofuels, synthesized fuels and hydrogen production by technology",Energy,Fuel production,Hydrous ethanol,N/A,BECCS_sugarcane_ethanol_existing,GWh,PI,2030,214.12404
Non-fossil end-use fuels (including biofuels),"Biofuels, synthesized fuels and hydrogen production by technology",Energy,Fuel production,Hydrous ethanol,N/A,BECCS_sugarcane_ethanol_existing,GWh,PI,2035,291.57868
Non-fossil end-use fuels (including biofuels),"Biofuels, synthesized fuels and hydrogen production by technology",Energy,Fuel production,Hydrous ethanol,N/A,BECCS_sugarcane_ethanol_existing,GWh,PI,2040,427.55604
Non-fossil end-use fuels (including biofuels),"Biofuels, synthesized fuels and hydrogen production by technology",Energy,Fuel production,Hydrous ethanol,N/A,BECCS_sugarcane_ethanol_existing,GWh,PI,2045,432.4617
Non-fossil end-use fuels (including biofuels),"Biofuels, synthesized fuels and hydrogen production by technology",Energy,Fuel production,Hydrous ethanol,N/A,BECCS_sugarcane_ethanol_existing,GWh,PI,2050,78.46975
Non-fossil end-use fuels (including biofuels),"Biofuels, synthesized fuels and hydrogen production by technology",Energy,Fuel production,Hydrous ethanol,N/A,BECCS_sugarcane_ethanol_existing,GWh,PR,2025,1868.77465
Non-fossil end-use fuels (including biofuels),"Biofuels, synthesized fuels and hydrogen production by technology",Energy,Fuel production,Hydrous ethanol,N/A,BECCS_sugarcane_ethanol_existing,GWh,PR,2030,1183.08544
Non-fossil end-use fuels (including biofuels),"Biofuels, synthesized fuels and hydrogen production by technology",Energy,Fuel production,Hydrous ethanol,N/A,BECCS_sugarcane_ethanol_existing,GWh,PR,2035,8652.25202
Non-fossil end-use fuels (including biofuels),"Biofuels, synthesized fuels and hydrogen production by technology",Energy,Fuel production,Hydrous ethanol,N/A,BECCS_sugarcane_ethanol_existing,GWh,PR,2040,11603.34208
Non-fossil end-use fuels (including biofuels),"Biofuels, synthesized fuels and hydrogen production by technology",Energy,Fuel production,Hydrous ethanol,N/A,BECCS_sugarcane_ethanol_existing,GWh,PR,2045,7255.49574
Non-fossil end-use fuels (including biofuels),"Biofuels, synthesized fuels and hydrogen production by technology",Energy,Fuel production,Hydrous ethanol,N/A,BECCS_sugarcane_ethanol_existing,GWh,PR,2050,0.95434
Non-fossil end-use fuels (including biofuels),"Biofuels, synthesized fuels and hydrogen production by technology",Energy,Fuel production,Hydrous ethanol,N/A,BECCS_sugarcane_ethanol_existing,GWh,RJ,2025,654.56205
Non-fossil end-use fuels (including biofuels),"Biofuels, synthesized fuels and hydrogen production by technology",Energy,Fuel production,Hydrous ethanol,N/A,BECCS_sugarcane_ethanol_existing,GWh,RJ,2030,663.64146
Non-fossil end-use fuels (including biofuels),"Biofuels, synthesized fuels and hydrogen production by technology",Energy,Fuel production,Hydrous ethanol,N/A,BECCS_sugarcane_ethanol_existing,GWh,RJ,2035,664.5653
Non-fossil end-use fuels (including biofuels),"Biofuels, synthesized fuels and hydrogen production by technology",Energy,Fuel production,Hydrous ethanol,N/A,BECCS_sugarcane_ethanol_existing,GWh,RJ,2040,915.14155
Non-fossil end-use fuels (including biofuels),"Biofuels, synthesized fuels and hydrogen production by technology",Energy,Fuel production,Hydrous ethanol,N/A,BECCS_sugarcane_ethanol_existing,GWh,RJ,2045,922.55353
Non-fossil end-use fuels (including biofuels),"Biofuels, synthesized fuels and hydrogen production by technology",Energy,Fuel production,Hydrous ethanol,N/A,BECCS_sugarcane_ethanol_existing,GWh,RJ,2050,100.10049
Non-fossil end-use fuels (including biofuels),"Biofuels, synthesized fuels and hydrogen production by technology",Energy,Fuel production,Hydrous ethanol,N/A,BECCS_sugarcane_ethanol_existing,GWh,RN,2025,567.89797
Non-fossil end-use fuels (including biofuels),"Biofuels, synthesized fuels and hydrogen production by technology",Energy,Fuel production,Hydrous ethanol,N/A,BECCS_sugarcane_ethanol_existing,GWh,RN,2030,609.13301
Non-fossil end-use fuels (including biofuels),"Biofuels, synthesized fuels and hydrogen production by technology",Energy,Fuel production,Hydrous ethanol,N/A,BECCS_sugarcane_ethanol_existing,GWh,RN,2035,638.56223
Non-fossil end-use fuels (including biofuels),"Biofuels, synthesized fuels and hydrogen production by technology",Energy,Fuel production,Hydrous ethanol,N/A,BECCS_sugarcane_ethanol_existing,GWh,RN,2040,942.38465
Non-fossil end-use fuels (including biofuels),"Biofuels, synthesized fuels and hydrogen production by technology",Energy,Fuel production,Hydrous ethanol,N/A,BECCS_sugarcane_ethanol_existing,GWh,RN,2045,945.85445
Non-fossil end-use fuels (including biofuels),"Biofuels, synthesized fuels and hydrogen production by technology",Energy,Fuel production,Hydrous ethanol,N/A,BECCS_sugarcane_ethanol_existing,GWh,RN,2050,183.63033
Non-fossil end-use fuels (including biofuels),"Biofuels, synthesized fuels and hydrogen production by technology",Energy,Fuel production,Hydrous ethanol,N/A,BECCS_sugarcane_ethanol_existing,GWh,RS,2025,17.25704
Non-fossil end-use fuels (including biofuels),"Biofuels, synthesized fuels and hydrogen production by technology",Energy,Fuel production,Hydrous ethanol,N/A,BECCS_sugarcane_ethanol_existing,GWh,RS,2030,8.1664
Non-fossil end-use fuels (including biofuels),"Biofuels, synthesized fuels and hydrogen production by technology",Energy,Fuel production,Hydrous ethanol,N/A,BECCS_sugarcane_ethanol_existing,GWh,RS,2035,25.34229
Non-fossil end-use fuels (including biofuels),"Biofuels, synthesized fuels and hydrogen production by technology",Energy,Fuel production,Hydrous ethanol,N/A,BECCS_sugarcane_ethanol_existing,GWh,RS,2040,30.55852
Non-fossil end-use fuels (including biofuels),"Biofuels, synthesized fuels and hydrogen production by technology",Energy,Fuel production,Hydrous ethanol,N/A,BECCS_sugarcane_ethanol_existing,GWh,RS,2045,3.19453
Non-fossil end-use fuels (including biofuels),"Biofuels, synthesized fuels and hydrogen production by technology",Energy,Fuel production,Hydrous ethanol,N/A,BECCS_sugarcane_ethanol_existing,GWh,RS,2050,0.31954
Non-fossil end-use fuels (including biofuels),"Biofuels, synthesized fuels and hydrogen production by technology",Energy,Fuel production,Hydrous ethanol,N/A,BECCS_sugarcane_ethanol_existing,GWh,SE,2025,444.28368
Non-fossil end-use fuels (including biofuels),"Biofuels, synthesized fuels and hydrogen production by technology",Energy,Fuel production,Hydrous ethanol,N/A,BECCS_sugarcane_ethanol_existing,GWh,SE,2030,580.51828
Non-fossil end-use fuels (including biofuels),"Biofuels, synthesized fuels and hydrogen production by technology",Energy,Fuel production,Hydrous ethanol,N/A,BECCS_sugarcane_ethanol_existing,GWh,SE,2035,855.82649
Non-fossil end-use fuels (including biofuels),"Biofuels, synthesized fuels and hydrogen production by technology",Energy,Fuel production,Hydrous ethanol,N/A,BECCS_sugarcane_ethanol_existing,GWh,SE,2040,1264.25001
Non-fossil end-use fuels (including biofuels),"Biofuels, synthesized fuels and hydrogen production by technology",Energy,Fuel production,Hydrous ethanol,N/A,BECCS_sugarcane_ethanol_existing,GWh,SE,2045,1269.11083
Non-fossil end-use fuels (including biofuels),"Biofuels, synthesized fuels and hydrogen production by technology",Energy,Fuel production,Hydrous ethanol,N/A,BECCS_sugarcane_ethanol_existing,GWh,SE,2050,231.2196
Non-fossil end-use fuels (including biofuels),"Biofuels, synthesized fuels and hydrogen production by technology",Energy,Fuel production,Hydrous ethanol,N/A,BECCS_sugarcane_ethanol_existing,GWh,SP,2025,34210.31143
Non-fossil end-use fuels (including biofuels),"Biofuels, synthesized fuels and hydrogen production by technology",Energy,Fuel production,Hydrous ethanol,N/A,BECCS_sugarcane_ethanol_existing,GWh,SP,2030,35002.35672
Non-fossil end-use fuels (including biofuels),"Biofuels, synthesized fuels and hydrogen production by technology",Energy,Fuel production,Hydrous ethanol,N/A,BECCS_sugarcane_ethanol_existing,GWh,SP,2035,77474.9594
Non-fossil end-use fuels (including biofuels),"Biofuels, synthesized fuels and hydrogen production by technology",Energy,Fuel production,Hydrous ethanol,N/A,BECCS_sugarcane_ethanol_existing,GWh,SP,2040,101822.27217
Non-fossil end-use fuels (including biofuels),"Biofuels, synthesized fuels and hydrogen production by technology",Energy,Fuel production,Hydrous ethanol,N/A,BECCS_sugarcane_ethanol_existing,GWh,SP,2045,13769.80799
Non-fossil end-use fuels (including biofuels),"Biofuels, synthesized fuels and hydrogen production by technology",Energy,Fuel production,Hydrous ethanol,N/A,BECCS_sugarcane_ethanol_existing,GWh,SP,2050,1.33595
Non-fossil end-use fuels (including biofuels),"Biofuels, synthesized fuels and hydrogen production by technology",Energy,Fuel production,Hydrous ethanol,N/A,BECCS_sugarcane_ethanol_existing,GWh,TO,2025,524.56427
Non-fossil end-use fuels (including biofuels),"Biofuels, synthesized fuels and hydrogen production by technology",Energy,Fuel production,Hydrous ethanol,N/A,BECCS_sugarcane_ethanol_existing,GWh,TO,2030,691.10616
Non-fossil end-use fuels (including biofuels),"Biofuels, synthesized fuels and hydrogen production by technology",Energy,Fuel production,Hydrous ethanol,N/A,BECCS_sugarcane_ethanol_existing,GWh,TO,2035,1017.92815
Non-fossil end-use fuels (including biofuels),"Biofuels, synthesized fuels and hydrogen production by technology",Energy,Fuel production,Hydrous ethanol,N/A,BECCS_sugarcane_ethanol_existing,GWh,TO,2040,1428.34371
Non-fossil end-use fuels (including biofuels),"Biofuels, synthesized fuels and hydrogen production by technology",Energy,Fuel production,Hydrous ethanol,N/A,BECCS_sugarcane_ethanol_existing,GWh,TO,2045,1433.08424
Non-fossil end-use fuels (including biofuels),"Biofuels, synthesized fuels and hydrogen production by technology",Energy,Fuel production,Hydrous ethanol,N/A,BECCS_sugarcane_ethanol_existing,GWh,TO,2050,1.32496
Non-fossil end-use fuels (including biofuels),"Biofuels, synthesized fuels and hydrogen production by technology",Energy,Fuel production,Hydrous ethanol,Sugarcane,1G,GWh,BA,2025,11.14367
Non-fossil end-use fuels (including biofuels),"Biofuels, synthesized fuels and hydrogen production by technology",Energy,Fuel production,Hydrous ethanol,Sugarcane,1G,GWh,BA,2030,4.18107
Non-fossil end-use fuels (including biofuels),"Biofuels, synthesized fuels and hydrogen production by technology",Energy,Fuel production,Hydrous ethanol,Sugarcane,1G,GWh,BA,2035,868.77061
Non-fossil end-use fuels (including biofuels),"Biofuels, synthesized fuels and hydrogen production by technology",Energy,Fuel production,Hydrous ethanol,Sugarcane,1G,GWh,BA,2040,1279.03664
Non-fossil end-use fuels (including biofuels),"Biofuels, synthesized fuels and hydrogen production by technology",Energy,Fuel production,Hydrous ethanol,Sugarcane,1G,GWh,BA,2045,1288.15418
Non-fossil end-use fuels (including biofuels),"Biofuels, synthesized fuels and hydrogen production by technology",Energy,Fuel production,Hydrous ethanol,Sugarcane,1G,GWh,BA,2050,233.67439
Non-fossil end-use fuels (including biofuels),"Biofuels, synthesized fuels and hydrogen production by technology",Energy,Fuel production,Hydrous ethanol,Sugarcane,1G,GWh,CE,2025,7.31819
Non-fossil end-use fuels (including biofuels),"Biofuels, synthesized fuels and hydrogen production by technology",Energy,Fuel production,Hydrous ethanol,Sugarcane,1G,GWh,CE,2030,1.99119
Non-fossil end-use fuels (including biofuels),"Biofuels, synthesized fuels and hydrogen production by technology",Energy,Fuel production,Hydrous ethanol,Sugarcane,1G,GWh,CE,2035,3.82855
Non-fossil end-use fuels (including biofuels),"Biofuels, synthesized fuels and hydrogen production by technology",Energy,Fuel production,Hydrous ethanol,Sugarcane,1G,GWh,CE,2040,73.00961
Non-fossil end-use fuels (including biofuels),"Biofuels, synthesized fuels and hydrogen production by technology",Energy,Fuel production,Hydrous ethanol,Sugarcane,1G,GWh,CE,2045,112.52914
Non-fossil end-use fuels (including biofuels),"Biofuels, synthesized fuels and hydrogen production by technology",Energy,Fuel production,Hydrous ethanol,Sugarcane,1G,GWh,CE,2050,21.84839
Non-fossil end-use fuels (including biofuels),"Biofuels, synthesized fuels and hydrogen production by technology",Energy,Fuel production,Hydrous ethanol,Sugarcane,1G,GWh,DF,2025,1.9464
Non-fossil end-use fuels (including biofuels),"Biofuels, synthesized fuels and hydrogen production by technology",Energy,Fuel production,Hydrous ethanol,Sugarcane,1G,GWh,DF,2030,1.69602
Non-fossil end-use fuels (including biofuels),"Biofuels, synthesized fuels and hydrogen production by technology",Energy,Fuel production,Hydrous ethanol,Sugarcane,1G,GWh,DF,2035,2.338
Non-fossil end-use fuels (including biofuels),"Biofuels, synthesized fuels and hydrogen production by technology",Energy,Fuel production,Hydrous ethanol,Sugarcane,1G,GWh,DF,2040,6.77884
Non-fossil end-use fuels (including biofuels),"Biofuels, synthesized fuels and hydrogen production by technology",Energy,Fuel production,Hydrous ethanol,Sugarcane,1G,GWh,DF,2045,6.59974
Non-fossil end-use fuels (including biofuels),"Biofuels, synthesized fuels and hydrogen production by technology",Energy,Fuel production,Hydrous ethanol,Sugarcane,1G,GWh,DF,2050,0.31783
Non-fossil end-use fuels (including biofuels),"Biofuels, synthesized fuels and hydrogen production by technology",Energy,Fuel production,Hydrous ethanol,Sugarcane,1G,GWh,ES,2025,11.07065
Non-fossil end-use fuels (including biofuels),"Biofuels, synthesized fuels and hydrogen production by technology",Energy,Fuel production,Hydrous ethanol,Sugarcane,1G,GWh,ES,2030,5.89235
Non-fossil end-use fuels (including biofuels),"Biofuels, synthesized fuels and hydrogen production by technology",Energy,Fuel production,Hydrous ethanol,Sugarcane,1G,GWh,ES,2035,7.74253
Non-fossil end-use fuels (including biofuels),"Biofuels, synthesized fuels and hydrogen production by technology",Energy,Fuel production,Hydrous ethanol,Sugarcane,1G,GWh,ES,2040,45.48756
Non-fossil end-use fuels (including biofuels),"Biofuels, synthesized fuels and hydrogen production by technology",Energy,Fuel production,Hydrous ethanol,Sugarcane,1G,GWh,ES,2045,52.10189
Non-fossil end-use fuels (including biofuels),"Biofuels, synthesized fuels and hydrogen production by technology",Energy,Fuel production,Hydrous ethanol,Sugarcane,1G,GWh,ES,2050,1.18312
Non-fossil end-use fuels (including biofuels),"Biofuels, synthesized fuels and hydrogen production by technology",Energy,Fuel production,Hydrous ethanol,Sugarcane,1G,GWh,GO,2025,8.5525
Non-fossil end-use fuels (including biofuels),"Biofuels, synthesized fuels and hydrogen production by technology",Energy,Fuel production,Hydrous ethanol,Sugarcane,1G,GWh,GO,2030,1.64102
Non-fossil end-use fuels (including biofuels),"Biofuels, synthesized fuels and hydrogen production by technology",Energy,Fuel production,Hydrous ethanol,Sugarcane,1G,GWh,GO,2035,2.51041
Non-fossil end-use fuels (including biofuels),"Biofuels, synthesized fuels and hydrogen production by technology",Energy,Fuel production,Hydrous ethanol,Sugarcane,1G,GWh,GO,2040,41.92356
Non-fossil end-use fuels (including biofuels),"Biofuels, synthesized fuels and hydrogen production by technology",Energy,Fuel production,Hydrous ethanol,Sugarcane,1G,GWh,GO,2045,47.07997
Non-fossil end-use fuels (including biofuels),"Biofuels, synthesized fuels and hydrogen production by technology",Energy,Fuel production,Hydrous ethanol,Sugarcane,1G,GWh,GO,2050,2.06953
Non-fossil end-use fuels (including biofuels),"Biofuels, synthesized fuels and hydrogen production by technology",Energy,Fuel production,Hydrous ethanol,Sugarcane,1G,GWh,MA,2025,11.3113
Non-fossil end-use fuels (including biofuels),"Biofuels, synthesized fuels and hydrogen production by technology",Energy,Fuel production,Hydrous ethanol,Sugarcane,1G,GWh,MA,2030,4.34437
Non-fossil end-use fuels (including biofuels),"Biofuels, synthesized fuels and hydrogen production by technology",Energy,Fuel production,Hydrous ethanol,Sugarcane,1G,GWh,MA,2035,8.27312
Non-fossil end-use fuels (including biofuels),"Biofuels, synthesized fuels and hydrogen production by technology",Energy,Fuel production,Hydrous ethanol,Sugarcane,1G,GWh,MA,2040,160.82896
Non-fossil end-use fuels (including biofuels),"Biofuels, synthesized fuels and hydrogen production by technology",Energy,Fuel production,Hydrous ethanol,Sugarcane,1G,GWh,MA,2045,851.23857
Non-fossil end-use fuels (including biofuels),"Biofuels, synthesized fuels and hydrogen production by technology",Energy,Fuel production,Hydrous ethanol,Sugarcane,1G,GWh,MA,2050,163.48389
Non-fossil end-use fuels (including biofuels),"Biofuels, synthesized fuels and hydrogen production by technology",Energy,Fuel production,Hydrous ethanol,Sugarcane,1G,GWh,MG,2025,10.40686
Non-fossil end-use fuels (including biofuels),"Biofuels, synthesized fuels and hydrogen production by technology",Energy,Fuel production,Hydrous ethanol,Sugarcane,1G,GWh,MG,2030,3.90875
Non-fossil end-use fuels (including biofuels),"Biofuels, synthesized fuels and hydrogen production by technology",Energy,Fuel production,Hydrous ethanol,Sugarcane,1G,GWh,MG,2035,6.96843
Non-fossil end-use fuels (including biofuels),"Biofuels, synthesized fuels and hydrogen production by technology",Energy,Fuel production,Hydrous ethanol,Sugarcane,1G,GWh,MG,2040,44.33007
Non-fossil end-use fuels (including biofuels),"Biofuels, synthesized fuels and hydrogen production by technology",Energy,Fuel production,Hydrous ethanol,Sugarcane,1G,GWh,MG,2045,45.7853
Non-fossil end-use fuels (including biofuels),"Biofuels, synthesized fuels and hydrogen production by technology",Energy,Fuel production,Hydrous ethanol,Sugarcane,1G,GWh,MG,2050,2.09468
Non-fossil end-use fuels (including biofuels),"Biofuels, synthesized fuels and hydrogen production by technology",Energy,Fuel production,Hydrous ethanol,Sugarcane,1G,GWh,MS,2025,8.8989
Non-fossil end-use fuels (including biofuels),"Biofuels, synthesized fuels and hydrogen production by technology",Energy,Fuel production,Hydrous ethanol,Sugarcane,1G,GWh,MS,2030,1.62741
Non-fossil end-use fuels (including biofuels),"Biofuels, synthesized fuels and hydrogen production by technology",Energy,Fuel production,Hydrous ethanol,Sugarcane,1G,GWh,MS,2035,2.71686
Non-fossil end-use fuels (including biofuels),"Biofuels, synthesized fuels and hydrogen production by technology",Energy,Fuel production,Hydrous ethanol,Sugarcane,1G,GWh,MS,2040,63.20045
Non-fossil end-use fuels (including biofuels),"Biofuels, synthesized fuels and hydrogen production by technology",Energy,Fuel production,Hydrous ethanol,Sugarcane,1G,GWh,MS,2045,63.87577
Non-fossil end-use fuels (including biofuels),"Biofuels, synthesized fuels and hydrogen production by technology",Energy,Fuel production,Hydrous ethanol,Sugarcane,1G,GWh,MS,2050,1.66244
Non-fossil end-use fuels (including biofuels),"Biofuels, synthesized fuels and hydrogen production by technology",Energy,Fuel production,Hydrous ethanol,Sugarcane,1G,GWh,MT,2025,11.34126
Non-fossil end-use fuels (including biofuels),"Biofuels, synthesized fuels and hydrogen production by technology",Energy,Fuel production,Hydrous ethanol,Sugarcane,1G,GWh,MT,2030,5.60542
Non-fossil end-use fuels (including biofuels),"Biofuels, synthesized fuels and hydrogen production by technology",Energy,Fuel production,Hydrous ethanol,Sugarcane,1G,GWh,MT,2035,8.46995
Non-fossil end-use fuels (including biofuels),"Biofuels, synthesized fuels and hydrogen production by technology",Energy,Fuel production,Hydrous ethanol,Sugarcane,1G,GWh,MT,2040,48.15204
Non-fossil end-use fuels (including biofuels),"Biofuels, synthesized fuels and hydrogen production by technology",Energy,Fuel production,Hydrous ethanol,Sugarcane,1G,GWh,MT,2045,53.71604
Non-fossil end-use fuels (including biofuels),"Biofuels, synthesized fuels and hydrogen production by technology",Energy,Fuel production,Hydrous ethanol,Sugarcane,1G,GWh,MT,2050,2.64741
Non-fossil end-use fuels (including biofuels),"Biofuels, synthesized fuels and hydrogen production by technology",Energy,Fuel production,Hydrous ethanol,Sugarcane,1G,GWh,PA,2025,0.22976
Non-fossil end-use fuels (including biofuels),"Biofuels, synthesized fuels and hydrogen production by technology",Energy,Fuel production,Hydrous ethanol,Sugarcane,1G,GWh,PA,2030,0.19848
Non-fossil end-use fuels (including biofuels),"Biofuels, synthesized fuels and hydrogen production by technology",Energy,Fuel production,Hydrous ethanol,Sugarcane,1G,GWh,PA,2035,0.16885
Non-fossil end-use fuels (including biofuels),"Biofuels, synthesized fuels and hydrogen production by technology",Energy,Fuel production,Hydrous ethanol,Sugarcane,1G,GWh,PA,2040,0.35018
Non-fossil end-use fuels (including biofuels),"Biofuels, synthesized fuels and hydrogen production by technology",Energy,Fuel production,Hydrous ethanol,Sugarcane,1G,GWh,PA,2045,0.15653
Non-fossil end-use fuels (including biofuels),"Biofuels, synthesized fuels and hydrogen production by technology",Energy,Fuel production,Hydrous ethanol,Sugarcane,1G,GWh,PA,2050,0.12982
Non-fossil end-use fuels (including biofuels),"Biofuels, synthesized fuels and hydrogen production by technology",Energy,Fuel production,Hydrous ethanol,Sugarcane,1G,GWh,PB,2025,6.09615
Non-fossil end-use fuels (including biofuels),"Biofuels, synthesized fuels and hydrogen production by technology",Energy,Fuel production,Hydrous ethanol,Sugarcane,1G,GWh,PB,2030,2.64874
Non-fossil end-use fuels (including biofuels),"Biofuels, synthesized fuels and hydrogen production by technology",Energy,Fuel production,Hydrous ethanol,Sugarcane,1G,GWh,PB,2035,3.55468
Non-fossil end-use fuels (including biofuels),"Biofuels, synthesized fuels and hydrogen production by technology",Energy,Fuel production,Hydrous ethanol,Sugarcane,1G,GWh,PB,2040,15.37111
Non-fossil end-use fuels (including biofuels),"Biofuels, synthesized fuels and hydrogen production by technology",Energy,Fuel production,Hydrous ethanol,Sugarcane,1G,GWh,PB,2045,18.88479
Non-fossil end-use fuels (including biofuels),"Biofuels, synthesized fuels and hydrogen production by technology",Energy,Fuel production,Hydrous ethanol,Sugarcane,1G,GWh,PB,2050,9.94753
Non-fossil end-use fuels (including biofuels),"Biofuels, synthesized fuels and hydrogen production by technology",Energy,Fuel production,Hydrous ethanol,Sugarcane,1G,GWh,PE,2025,9.04141
Non-fossil end-use fuels (including biofuels),"Biofuels, synthesized fuels and hydrogen production by technology",Energy,Fuel production,Hydrous ethanol,Sugarcane,1G,GWh,PE,2030,4.13051
Non-fossil end-use fuels (including biofuels),"Biofuels, synthesized fuels and hydrogen production by technology",Energy,Fuel production,Hydrous ethanol,Sugarcane,1G,GWh,PE,2035,5.88596
Non-fossil end-use fuels (including biofuels),"Biofuels, synthesized fuels and hydrogen production by technology",Energy,Fuel production,Hydrous ethanol,Sugarcane,1G,GWh,PE,2040,21.93376
Non-fossil end-use fuels (including biofuels),"Biofuels, synthesized fuels and hydrogen production by technology",Energy,Fuel production,Hydrous ethanol,Sugarcane,1G,GWh,PE,2045,25.60937
Non-fossil end-use fuels (including biofuels),"Biofuels, synthesized fuels and hydrogen production by technology",Energy,Fuel production,Hydrous ethanol,Sugarcane,1G,GWh,PE,2050,15.33042
Non-fossil end-use fuels (including biofuels),"Biofuels, synthesized fuels and hydrogen production by technology",Energy,Fuel production,Hydrous ethanol,Sugarcane,1G,GWh,PI,2025,11.20061
Non-fossil end-use fuels (including biofuels),"Biofuels, synthesized fuels and hydrogen production by technology",Energy,Fuel production,Hydrous ethanol,Sugarcane,1G,GWh,PI,2030,3.62126
Non-fossil end-use fuels (including biofuels),"Biofuels, synthesized fuels and hydrogen production by technology",Energy,Fuel production,Hydrous ethanol,Sugarcane,1G,GWh,PI,2035,7.58956
Non-fossil end-use fuels (including biofuels),"Biofuels, synthesized fuels and hydrogen production by technology",Energy,Fuel production,Hydrous ethanol,Sugarcane,1G,GWh,PI,2040,105.74068
Non-fossil end-use fuels (including biofuels),"Biofuels, synthesized fuels and hydrogen production by technology",Energy,Fuel production,Hydrous ethanol,Sugarcane,1G,GWh,PI,2045,115.6932
Non-fossil end-use fuels (including biofuels),"Biofuels, synthesized fuels and hydrogen production by technology",Energy,Fuel production,Hydrous ethanol,Sugarcane,1G,GWh,PI,2050,25.13502
Non-fossil end-use fuels (including biofuels),"Biofuels, synthesized fuels and hydrogen production by technology",Energy,Fuel production,Hydrous ethanol,Sugarcane,1G,GWh,PR,2025,7.86268
Non-fossil end-use fuels (including biofuels),"Biofuels, synthesized fuels and hydrogen production by technology",Energy,Fuel production,Hydrous ethanol,Sugarcane,1G,GWh,PR,2030,0.94764
Non-fossil end-use fuels (including biofuels),"Biofuels, synthesized fuels and hydrogen production by technology",Energy,Fuel production,Hydrous ethanol,Sugarcane,1G,GWh,PR,2035,1.69959
Non-fossil end-use fuels (including biofuels),"Biofuels, synthesized fuels and hydrogen production by technology",Energy,Fuel production,Hydrous ethanol,Sugarcane,1G,GWh,PR,2040,29.49264
Non-fossil end-use fuels (including biofuels),"Biofuels, synthesized fuels and hydrogen production by technology",Energy,Fuel production,Hydrous ethanol,Sugarcane,1G,GWh,PR,2045,32.16347
Non-fossil end-use fuels (including biofuels),"Biofuels, synthesized fuels and hydrogen production by technology",Energy,Fuel production,Hydrous ethanol,Sugarcane,1G,GWh,PR,2050,1.28556
Non-fossil end-use fuels (including biofuels),"Biofuels, synthesized fuels and hydrogen production by technology",Energy,Fuel production,Hydrous ethanol,Sugarcane,1G,GWh,RJ,2025,12.88556
Non-fossil end-use fuels (including biofuels),"Biofuels, synthesized fuels and hydrogen production by technology",Energy,Fuel production,Hydrous ethanol,Sugarcane,1G,GWh,RJ,2030,20.8336
Non-fossil end-use fuels (including biofuels),"Biofuels, synthesized fuels and hydrogen production by technology",Energy,Fuel production,Hydrous ethanol,Sugarcane,1G,GWh,RJ,2035,25.16268
Non-fossil end-use fuels (including biofuels),"Biofuels, synthesized fuels and hydrogen production by technology",Energy,Fuel production,Hydrous ethanol,Sugarcane,1G,GWh,RJ,2040,1256.77709
Non-fossil end-use fuels (including biofuels),"Biofuels, synthesized fuels and hydrogen production by technology",Energy,Fuel production,Hydrous ethanol,Sugarcane,1G,GWh,RJ,2045,1269.5273
Non-fossil end-use fuels (including biofuels),"Biofuels, synthesized fuels and hydrogen production by technology",Energy,Fuel production,Hydrous ethanol,Sugarcane,1G,GWh,RJ,2050,148.82237
Non-fossil end-use fuels (including biofuels),"Biofuels, synthesized fuels and hydrogen production by technology",Energy,Fuel production,Hydrous ethanol,Sugarcane,1G,GWh,RN,2025,7.35978
Non-fossil end-use fuels (including biofuels),"Biofuels, synthesized fuels and hydrogen production by technology",Energy,Fuel production,Hydrous ethanol,Sugarcane,1G,GWh,RN,2030,4.69426
Non-fossil end-use fuels (including biofuels),"Biofuels, synthesized fuels and hydrogen production by technology",Energy,Fuel production,Hydrous ethanol,Sugarcane,1G,GWh,RN,2035,6.99365
Non-fossil end-use fuels (including biofuels),"Biofuels, synthesized fuels and hydrogen production by technology",Energy,Fuel production,Hydrous ethanol,Sugarcane,1G,GWh,RN,2040,79.59103
Non-fossil end-use fuels (including biofuels),"Biofuels, synthesized fuels and hydrogen production by technology",Energy,Fuel production,Hydrous ethanol,Sugarcane,1G,GWh,RN,2045,134.16425
Non-fossil end-use fuels (including biofuels),"Biofuels, synthesized fuels and hydrogen production by technology",Energy,Fuel production,Hydrous ethanol,Sugarcane,1G,GWh,RN,2050,29.63853
Non-fossil end-use fuels (including biofuels),"Biofuels, synthesized fuels and hydrogen production by technology",Energy,Fuel production,Hydrous ethanol,Sugarcane,1G,GWh,RO,2025,0.43211
Non-fossil end-use fuels (including biofuels),"Biofuels, synthesized fuels and hydrogen production by technology",Energy,Fuel production,Hydrous ethanol,Sugarcane,1G,GWh,RO,2030,0.48224
Non-fossil end-use fuels (including biofuels),"Biofuels, synthesized fuels and hydrogen production by technology",Energy,Fuel production,Hydrous ethanol,Sugarcane,1G,GWh,RO,2035,0.65762
Non-fossil end-use fuels (including biofuels),"Biofuels, synthesized fuels and hydrogen production by technology",Energy,Fuel production,Hydrous ethanol,Sugarcane,1G,GWh,RO,2040,0.35425
Non-fossil end-use fuels (including biofuels),"Biofuels, synthesized fuels and hydrogen production by technology",Energy,Fuel production,Hydrous ethanol,Sugarcane,1G,GWh,RO,2045,0.07969
Non-fossil end-use fuels (including biofuels),"Biofuels, synthesized fuels and hydrogen production by technology",Energy,Fuel production,Hydrous ethanol,Sugarcane,1G,GWh,RO,2050,0.09446
Non-fossil end-use fuels (including biofuels),"Biofuels, synthesized fuels and hydrogen production by technology",Energy,Fuel production,Hydrous ethanol,Sugarcane,1G,GWh,RS,2025,3.96196
Non-fossil end-use fuels (including biofuels),"Biofuels, synthesized fuels and hydrogen production by technology",Energy,Fuel production,Hydrous ethanol,Sugarcane,1G,GWh,RS,2030,0.33338
Non-fossil end-use fuels (including biofuels),"Biofuels, synthesized fuels and hydrogen production by technology",Energy,Fuel production,Hydrous ethanol,Sugarcane,1G,GWh,RS,2035,0.68671
Non-fossil end-use fuels (including biofuels),"Biofuels, synthesized fuels and hydrogen production by technology",Energy,Fuel production,Hydrous ethanol,Sugarcane,1G,GWh,RS,2040,12.04682
Non-fossil end-use fuels (including biofuels),"Biofuels, synthesized fuels and hydrogen production by technology",Energy,Fuel production,Hydrous ethanol,Sugarcane,1G,GWh,RS,2045,7.97774
Non-fossil end-use fuels (including biofuels),"Biofuels, synthesized fuels and hydrogen production by technology",Energy,Fuel production,Hydrous ethanol,Sugarcane,1G,GWh,RS,2050,0.37059
Non-fossil end-use fuels (including biofuels),"Biofuels, synthesized fuels and hydrogen production by technology",Energy,Fuel production,Hydrous ethanol,Sugarcane,1G,GWh,SC,2025,5.91695
Non-fossil end-use fuels (including biofuels),"Biofuels, synthesized fuels and hydrogen production by technology",Energy,Fuel production,Hydrous ethanol,Sugarcane,1G,GWh,SC,2030,1.54409
Non-fossil end-use fuels (including biofuels),"Biofuels, synthesized fuels and hydrogen production by technology",Energy,Fuel production,Hydrous ethanol,Sugarcane,1G,GWh,SC,2035,2.21032
Non-fossil end-use fuels (including biofuels),"Biofuels, synthesized fuels and hydrogen production by technology",Energy,Fuel production,Hydrous ethanol,Sugarcane,1G,GWh,SC,2040,13.99514
Non-fossil end-use fuels (including biofuels),"Biofuels, synthesized fuels and hydrogen production by technology",Energy,Fuel production,Hydrous ethanol,Sugarcane,1G,GWh,SC,2045,14.88872
Non-fossil end-use fuels (including biofuels),"Biofuels, synthesized fuels and hydrogen production by technology",Energy,Fuel production,Hydrous ethanol,Sugarcane,1G,GWh,SC,2050,0.46044
Non-fossil end-use fuels (including biofuels),"Biofuels, synthesized fuels and hydrogen production by technology",Energy,Fuel production,Hydrous ethanol,Sugarcane,1G,GWh,SE,2025,8.49749
Non-fossil end-use fuels (including biofuels),"Biofuels, synthesized fuels and hydrogen production by technology",Energy,Fuel production,Hydrous ethanol,Sugarcane,1G,GWh,SE,2030,2.21067
Non-fossil end-use fuels (including biofuels),"Biofuels, synthesized fuels and hydrogen production by technology",Energy,Fuel production,Hydrous ethanol,Sugarcane,1G,GWh,SE,2035,4.55179
Non-fossil end-use fuels (including biofuels),"Biofuels, synthesized fuels and hydrogen production by technology",Energy,Fuel production,Hydrous ethanol,Sugarcane,1G,GWh,SE,2040,39.89032
Non-fossil end-use fuels (including biofuels),"Biofuels, synthesized fuels and hydrogen production by technology",Energy,Fuel production,Hydrous ethanol,Sugarcane,1G,GWh,SE,2045,46.21564
Non-fossil end-use fuels (including biofuels),"Biofuels, synthesized fuels and hydrogen production by technology",Energy,Fuel production,Hydrous ethanol,Sugarcane,1G,GWh,SE,2050,10.53962
Non-fossil end-use fuels (including biofuels),"Biofuels, synthesized fuels and hydrogen production by technology",Energy,Fuel production,Hydrous ethanol,Sugarcane,1G,GWh,SP,2025,8.46614
Non-fossil end-use fuels (including biofuels),"Biofuels, synthesized fuels and hydrogen production by technology",Energy,Fuel production,Hydrous ethanol,Sugarcane,1G,GWh,SP,2030,1.43147
Non-fossil end-use fuels (including biofuels),"Biofuels, synthesized fuels and hydrogen production by technology",Energy,Fuel production,Hydrous ethanol,Sugarcane,1G,GWh,SP,2035,2.34648
Non-fossil end-use fuels (including biofuels),"Biofuels, synthesized fuels and hydrogen production by technology",Energy,Fuel production,Hydrous ethanol,Sugarcane,1G,GWh,SP,2040,38.40356
Non-fossil end-use fuels (including biofuels),"Biofuels, synthesized fuels and hydrogen production by technology",Energy,Fuel production,Hydrous ethanol,Sugarcane,1G,GWh,SP,2045,37.64712
Non-fossil end-use fuels (including biofuels),"Biofuels, synthesized fuels and hydrogen production by technology",Energy,Fuel production,Hydrous ethanol,Sugarcane,1G,GWh,SP,2050,1.51916
Non-fossil end-use fuels (including biofuels),"Biofuels, synthesized fuels and hydrogen production by technology",Energy,Fuel production,Hydrous ethanol,Sugarcane,1G,GWh,TO,2025,7.76
Non-fossil end-use fuels (including biofuels),"Biofuels, synthesized fuels and hydrogen production by technology",Energy,Fuel production,Hydrous ethanol,Sugarcane,1G,GWh,TO,2030,1.63744
Non-fossil end-use fuels (including biofuels),"Biofuels, synthesized fuels and hydrogen production by technology",Energy,Fuel production,Hydrous ethanol,Sugarcane,1G,GWh,TO,2035,2.27343
Non-fossil end-use fuels (including biofuels),"Biofuels, synthesized fuels and hydrogen production by technology",Energy,Fuel production,Hydrous ethanol,Sugarcane,1G,GWh,TO,2040,55.85053
Non-fossil end-use fuels (including biofuels),"Biofuels, synthesized fuels and hydrogen production by technology",Energy,Fuel production,Hydrous ethanol,Sugarcane,1G,GWh,TO,2045,61.41579
Non-fossil end-use fuels (including biofuels),"Biofuels, synthesized fuels and hydrogen production by technology",Energy,Fuel production,Hydrous ethanol,Sugarcane,1G,GWh,TO,2050,3.64719
Non-fossil end-use fuels (including biofuels),"Biofuels, synthesized fuels and hydrogen production by technology",Energy,Fuel production,Hydrous ethanol,Sugarcane,1G with CCS,GWh,BA,2025,0.0
Non-fossil end-use fuels (including biofuels),"Biofuels, synthesized fuels and hydrogen production by technology",Energy,Fuel production,Hydrous ethanol,Sugarcane,1G with CCS,GWh,BA,2030,0.31773
Non-fossil end-use fuels (including biofuels),"Biofuels, synthesized fuels and hydrogen production by technology",Energy,Fuel production,Hydrous ethanol,Sugarcane,1G with CCS,GWh,BA,2035,4.32489
Non-fossil end-use fuels (including biofuels),"Biofuels, synthesized fuels and hydrogen production by technology",Energy,Fuel production,Hydrous ethanol,Sugarcane,1G with CCS,GWh,BA,2040,2042.49094
Non-fossil end-use fuels (including biofuels),"Biofuels, synthesized fuels and hydrogen production by technology",Energy,Fuel production,Hydrous ethanol,Sugarcane,1G with CCS,GWh,BA,2045,2049.68136
Non-fossil end-use fuels (including biofuels),"Biofuels, synthesized fuels and hydrogen production by technology",Energy,Fuel production,Hydrous ethanol,Sugarcane,1G with CCS,GWh,BA,2050,4364.28258
Non-fossil end-use fuels (including biofuels),"Biofuels, synthesized fuels and hydrogen production by technology",Energy,Fuel production,Hydrous ethanol,Sugarcane,1G with CCS,GWh,CE,2025,0.0
Non-fossil end-use fuels (including biofuels),"Biofuels, synthesized fuels and hydrogen production by technology",Energy,Fuel production,Hydrous ethanol,Sugarcane,1G with CCS,GWh,CE,2030,0.11894
Non-fossil end-use fuels (including biofuels),"Biofuels, synthesized fuels and hydrogen production by technology",Energy,Fuel production,Hydrous ethanol,Sugarcane,1G with CCS,GWh,CE,2035,0.68688
Non-fossil end-use fuels (including biofuels),"Biofuels, synthesized fuels and hydrogen production by technology",Energy,Fuel production,Hydrous ethanol,Sugarcane,1G with CCS,GWh,CE,2040,8.47165
Non-fossil end-use fuels (including biofuels),"Biofuels, synthesized fuels and hydrogen production by technology",Energy,Fuel production,Hydrous ethanol,Sugarcane,1G with CCS,GWh,CE,2045,16.24523
Non-fossil end-use fuels (including biofuels),"Biofuels, synthesized fuels and hydrogen production by technology",Energy,Fuel production,Hydrous ethanol,Sugarcane,1G with CCS,GWh,CE,2050,57.1336
Non-fossil end-use fuels (including biofuels),"Biofuels, synthesized fuels and hydrogen production by technology",Energy,Fuel production,Hydrous ethanol,Sugarcane,1G with CCS,GWh,DF,2025,0.0
Non-fossil end-use fuels (including biofuels),"Biofuels, synthesized fuels and hydrogen production by technology",Energy,Fuel production,Hydrous ethanol,Sugarcane,1G with CCS,GWh,DF,2030,0.08351
Non-fossil end-use fuels (including biofuels),"Biofuels, synthesized fuels and hydrogen production by technology",Energy,Fuel production,Hydrous ethanol,Sugarcane,1G with CCS,GWh,DF,2035,1.55104
Non-fossil end-use fuels (including biofuels),"Biofuels, synthesized fuels and hydrogen production by technology",Energy,Fuel production,Hydrous ethanol,Sugarcane,1G with CCS,GWh,DF,2040,14.51752
Non-fossil end-use fuels (including biofuels),"Biofuels, synthesized fuels and hydrogen production by technology",Energy,Fuel production,Hydrous ethanol,Sugarcane,1G with CCS,GWh,DF,2045,20.38953
Non-fossil end-use fuels (including biofuels),"Biofuels, synthesized fuels and hydrogen production by technology",Energy,Fuel production,Hydrous ethanol,Sugarcane,1G with CCS,GWh,DF,2050,22.20264
Non-fossil end-use fuels (including biofuels),"Biofuels, synthesized fuels and hydrogen production by technology",Energy,Fuel production,Hydrous ethanol,Sugarcane,1G with CCS,GWh,ES,2025,0.0
Non-fossil end-use fuels (including biofuels),"Biofuels, synthesized fuels and hydrogen production by technology",Energy,Fuel production,Hydrous ethanol,Sugarcane,1G with CCS,GWh,ES,2030,0.23343
Non-fossil end-use fuels (including biofuels),"Biofuels, synthesized fuels and hydrogen production by technology",Energy,Fuel production,Hydrous ethanol,Sugarcane,1G with CCS,GWh,ES,2035,1.55145
Non-fossil end-use fuels (including biofuels),"Biofuels, synthesized fuels and hydrogen production by technology",Energy,Fuel production,Hydrous ethanol,Sugarcane,1G with CCS,GWh,ES,2040,134.99535
Non-fossil end-use fuels (including biofuels),"Biofuels, synthesized fuels and hydrogen production by technology",Energy,Fuel production,Hydrous ethanol,Sugarcane,1G with CCS,GWh,ES,2045,291.69748
Non-fossil end-use fuels (including biofuels),"Biofuels, synthesized fuels and hydrogen production by technology",Energy,Fuel production,Hydrous ethanol,Sugarcane,1G with CCS,GWh,ES,2050,2532.47246
Non-fossil end-use fuels (including biofuels),"Biofuels, synthesized fuels and hydrogen production by technology",Energy,Fuel production,Hydrous ethanol,Sugarcane,1G with CCS,GWh,GO,2025,0.0
Non-fossil end-use fuels (including biofuels),"Biofuels, synthesized fuels and hydrogen production by technology",Energy,Fuel production,Hydrous ethanol,Sugarcane,1G with CCS,GWh,GO,2030,0.35221
Non-fossil end-use fuels (including biofuels),"Biofuels, synthesized fuels and hydrogen production by technology",Energy,Fuel production,Hydrous ethanol,Sugarcane,1G with CCS,GWh,GO,2035,1.61623
Non-fossil end-use fuels (including biofuels),"Biofuels, synthesized fuels and hydrogen production by technology",Energy,Fuel production,Hydrous ethanol,Sugarcane,1G with CCS,GWh,GO,2040,40.40198
Non-fossil end-use fuels (including biofuels),"Biofuels, synthesized fuels and hydrogen production by technology",Energy,Fuel production,Hydrous ethanol,Sugarcane,1G with CCS,GWh,GO,2045,57.3454
Non-fossil end-use fuels (including biofuels),"Biofuels, synthesized fuels and hydrogen production by technology",Energy,Fuel production,Hydrous ethanol,Sugarcane,1G with CCS,GWh,GO,2050,35105.15733
Non-fossil end-use fuels (including biofuels),"Biofuels, synthesized fuels and hydrogen production by technology",Energy,Fuel production,Hydrous ethanol,Sugarcane,1G with CCS,GWh,MA,2025,0.0
Non-fossil end-use fuels (including biofuels),"Biofuels, synthesized fuels and hydrogen production by technology",Energy,Fuel production,Hydrous ethanol,Sugarcane,1G with CCS,GWh,MA,2030,0.11487
Non-fossil end-use fuels (including biofuels),"Biofuels, synthesized fuels and hydrogen production by technology",Energy,Fuel production,Hydrous ethanol,Sugarcane,1G with CCS,GWh,MA,2035,0.66248
Non-fossil end-use fuels (including biofuels),"Biofuels, synthesized fuels and hydrogen production by technology",Energy,Fuel production,Hydrous ethanol,Sugarcane,1G with CCS,GWh,MA,2040,8.63081
Non-fossil end-use fuels (including biofuels),"Biofuels, synthesized fuels and hydrogen production by technology",Energy,Fuel production,Hydrous ethanol,Sugarcane,1G with CCS,GWh,MA,2045,16.46415
Non-fossil end-use fuels (including biofuels),"Biofuels, synthesized fuels and hydrogen production by technology",Energy,Fuel production,Hydrous ethanol,Sugarcane,1G with CCS,GWh,MA,2050,63.3743
Non-fossil end-use fuels (including biofuels),"Biofuels, synthesized fuels and hydrogen production by technology",Energy,Fuel production,Hydrous ethanol,Sugarcane,1G with CCS,GWh,MG,2025,0.0
Non-fossil end-use fuels (including biofuels),"Biofuels, synthesized fuels and hydrogen production by technology",Energy,Fuel production,Hydrous ethanol,Sugarcane,1G with CCS,GWh,MG,2030,0.41111
Non-fossil end-use fuels (including biofuels),"Biofuels, synthesized fuels and hydrogen production by technology",Energy,Fuel production,Hydrous ethanol,Sugarcane,1G with CCS,GWh,MG,2035,2.04524
Non-fossil end-use fuels (including biofuels),"Biofuels, synthesized fuels and hydrogen production by technology",Energy,Fuel production,Hydrous ethanol,Sugarcane,1G with CCS,GWh,MG,2040,45.37289
Non-fossil end-use fuels (including biofuels),"Biofuels, synthesized fuels and hydrogen production by technology",Energy,Fuel production,Hydrous ethanol,Sugarcane,1G with CCS,GWh,MG,2045,59.80352
Non-fossil end-use fuels (including biofuels),"Biofuels, synthesized fuels and hydrogen production by technology",Energy,Fuel production,Hydrous ethanol,Sugarcane,1G with CCS,GWh,MG,2050,34515.11262
Non-fossil end-use fuels (including biofuels),"Biofuels, synthesized fuels and hydrogen production by technology",Energy,Fuel production,Hydrous ethanol,Sugarcane,1G with CCS,GWh,MS,2025,0.0
Non-fossil end-use fuels (including biofuels),"Biofuels, synthesized fuels and hydrogen production by technology",Energy,Fuel production,Hydrous ethanol,Sugarcane,1G with CCS,GWh,MS,2030,0.45162
Non-fossil end-use fuels (including biofuels),"Biofuels, synthesized fuels and hydrogen production by technology",Energy,Fuel production,Hydrous ethanol,Sugarcane,1G with CCS,GWh,MS,2035,2.73807
Non-fossil end-use fuels (including biofuels),"Biofuels, synthesized fuels and hydrogen production by technology",Energy,Fuel production,Hydrous ethanol,Sugarcane,1G with CCS,GWh,MS,2040,7343.93871
Non-fossil end-use fuels (including biofuels),"Biofuels, synthesized fuels and hydrogen production by technology",Energy,Fuel production,Hydrous ethanol,Sugarcane,1G with CCS,GWh,MS,2045,51688.19855
Non-fossil end-use fuels (including biofuels),"Biofuels, synthesized fuels and hydrogen production by technology",Energy,Fuel production,Hydrous ethanol,Sugarcane,1G with CCS,GWh,MS,2050,74297.83077
Non-fossil end-use fuels (including biofuels),"Biofuels, synthesized fuels and hydrogen production by technology",Energy,Fuel production,Hydrous ethanol,Sugarcane,1G with CCS,GWh,MT,2025,0.0
Non-fossil end-use fuels (including biofuels),"Biofuels, synthesized fuels and hydrogen production by technology",Energy,Fuel production,Hydrous ethanol,Sugarcane,1G with CCS,GWh,MT,2030,0.47828
Non-fossil end-use fuels (including biofuels),"Biofuels, synthesized fuels and hydrogen production by technology",Energy,Fuel production,Hydrous ethanol,Sugarcane,1G with CCS,GWh,MT,2035,3.68909
Non-fossil end-use fuels (including biofuels),"Biofuels, synthesized fuels and hydrogen production by technology",Energy,Fuel production,Hydrous ethanol,Sugarcane,1G with CCS,GWh,MT,2040,33096.19078
Non-fossil end-use fuels (including biofuels),"Biofuels, synthesized fuels and hydrogen production by technology",Energy,Fuel production,Hydrous ethanol,Sugarcane,1G with CCS,GWh,MT,2045,51883.16953
Non-fossil end-use fuels (including biofuels),"Biofuels, synthesized fuels and hydrogen production by technology",Energy,Fuel production,Hydrous ethanol,Sugarcane,1G with CCS,GWh,MT,2050,56123.06085
Non-fossil end-use fuels (including biofuels),"Biofuels, synthesized fuels and hydrogen production by technology",Energy,Fuel production,Hydrous ethanol,Sugarcane,1G with CCS,GWh,PA,2025,0.0
Non-fossil end-use fuels (including biofuels),"Biofuels, synthesized fuels and hydrogen production by technology",Energy,Fuel production,Hydrous ethanol,Sugarcane,1G with CCS,GWh,PA,2030,0.03729
Non-fossil end-use fuels (including biofuels),"Biofuels, synthesized fuels and hydrogen production by technology",Energy,Fuel production,Hydrous ethanol,Sugarcane,1G with CCS,GWh,PA,2035,0.06537
Non-fossil end-use fuels (including biofuels),"Biofuels, synthesized fuels and hydrogen production by technology",Energy,Fuel production,Hydrous ethanol,Sugarcane,1G with CCS,GWh,PA,2040,0.34744
Non-fossil end-use fuels (including biofuels),"Biofuels, synthesized fuels and hydrogen production by technology",Energy,Fuel production,Hydrous ethanol,Sugarcane,1G with CCS,GWh,PA,2045,1.25447
Non-fossil end-use fuels (including biofuels),"Biofuels, synthesized fuels and hydrogen production by technology",Energy,Fuel production,Hydrous ethanol,Sugarcane,1G with CCS,GWh,PA,2050,1.05567
Non-fossil end-use fuels (including biofuels),"Biofuels, synthesized fuels and hydrogen production by technology",Energy,Fuel production,Hydrous ethanol,Sugarcane,1G with CCS,GWh,PB,2025,0.0
Non-fossil end-use fuels (including biofuels),"Biofuels, synthesized fuels and hydrogen production by technology",Energy,Fuel production,Hydrous ethanol,Sugarcane,1G with CCS,GWh,PB,2030,0.13409
Non-fossil end-use fuels (including biofuels),"Biofuels, synthesized fuels and hydrogen production by technology",Energy,Fuel production,Hydrous ethanol,Sugarcane,1G with CCS,GWh,PB,2035,0.37266
Non-fossil end-use fuels (including biofuels),"Biofuels, synthesized fuels and hydrogen production by technology",Energy,Fuel production,Hydrous ethanol,Sugarcane,1G with CCS,GWh,PB,2040,3.20615
Non-fossil end-use fuels (including biofuels),"Biofuels, synthesized fuels and hydrogen production by technology",Energy,Fuel production,Hydrous ethanol,Sugarcane,1G with CCS,GWh,PB,2045,5.03316
Non-fossil end-use fuels (including biofuels),"Biofuels, synthesized fuels and hydrogen production by technology",Energy,Fuel production,Hydrous ethanol,Sugarcane,1G with CCS,GWh,PB,2050,7.44405
Non-fossil end-use fuels (including biofuels),"Biofuels, synthesized fuels and hydrogen production by technology",Energy,Fuel production,Hydrous ethanol,Sugarcane,1G with CCS,GWh,PE,2025,0.0
Non-fossil end-use fuels (including biofuels),"Biofuels, synthesized fuels and hydrogen production by technology",Energy,Fuel production,Hydrous ethanol,Sugarcane,1G with CCS,GWh,PE,2030,0.17973
Non-fossil end-use fuels (including biofuels),"Biofuels, synthesized fuels and hydrogen production by technology",Energy,Fuel production,Hydrous ethanol,Sugarcane,1G with CCS,GWh,PE,2035,0.44432
Non-fossil end-use fuels (including biofuels),"Biofuels, synthesized fuels and hydrogen production by technology",Energy,Fuel production,Hydrous ethanol,Sugarcane,1G with CCS,GWh,PE,2040,3.2814
Non-fossil end-use fuels (including biofuels),"Biofuels, synthesized fuels and hydrogen production by technology",Energy,Fuel production,Hydrous ethanol,Sugarcane,1G with CCS,GWh,PE,2045,6.96464
Non-fossil end-use fuels (including biofuels),"Biofuels, synthesized fuels and hydrogen production by technology",Energy,Fuel production,Hydrous ethanol,Sugarcane,1G with CCS,GWh,PE,2050,9.96577
Non-fossil end-use fuels (including biofuels),"Biofuels, synthesized fuels and hydrogen production by technology",Energy,Fuel production,Hydrous ethanol,Sugarcane,1G with CCS,GWh,PI,2025,0.0
Non-fossil end-use fuels (including biofuels),"Biofuels, synthesized fuels and hydrogen production by technology",Energy,Fuel production,Hydrous ethanol,Sugarcane,1G with CCS,GWh,PI,2030,0.11092
Non-fossil end-use fuels (including biofuels),"Biofuels, synthesized fuels and hydrogen production by technology",Energy,Fuel production,Hydrous ethanol,Sugarcane,1G with CCS,GWh,PI,2035,0.61274
Non-fossil end-use fuels (including biofuels),"Biofuels, synthesized fuels and hydrogen production by technology",Energy,Fuel production,Hydrous ethanol,Sugarcane,1G with CCS,GWh,PI,2040,7.50651
Non-fossil end-use fuels (including biofuels),"Biofuels, synthesized fuels and hydrogen production by technology",Energy,Fuel production,Hydrous ethanol,Sugarcane,1G with CCS,GWh,PI,2045,15.05649
Non-fossil end-use fuels (including biofuels),"Biofuels, synthesized fuels and hydrogen production by technology",Energy,Fuel production,Hydrous ethanol,Sugarcane,1G with CCS,GWh,PI,2050,15.26863
Non-fossil end-use fuels (including biofuels),"Biofuels, synthesized fuels and hydrogen production by technology",Energy,Fuel production,Hydrous ethanol,Sugarcane,1G with CCS,GWh,PR,2025,0.0
Non-fossil end-use fuels (including biofuels),"Biofuels, synthesized fuels and hydrogen production by technology",Energy,Fuel production,Hydrous ethanol,Sugarcane,1G with CCS,GWh,PR,2030,0.33351
Non-fossil end-use fuels (including biofuels),"Biofuels, synthesized fuels and hydrogen production by technology",Energy,Fuel production,Hydrous ethanol,Sugarcane,1G with CCS,GWh,PR,2035,1.64978
Non-fossil end-use fuels (including biofuels),"Biofuels, synthesized fuels and hydrogen production by technology",Energy,Fuel production,Hydrous ethanol,Sugarcane,1G with CCS,GWh,PR,2040,98.19652
Non-fossil end-use fuels (including biofuels),"Biofuels, synthesized fuels and hydrogen production by technology",Energy,Fuel production,Hydrous ethanol,Sugarcane,1G with CCS,GWh,PR,2045,2253.19643
Non-fossil end-use fuels (including biofuels),"Biofuels, synthesized fuels and hydrogen production by technology",Energy,Fuel production,Hydrous ethanol,Sugarcane,1G with CCS,GWh,PR,2050,17663.83064
Non-fossil end-use fuels (including biofuels),"Biofuels, synthesized fuels and hydrogen production by technology",Energy,Fuel production,Hydrous ethanol,Sugarcane,1G with CCS,GWh,RJ,2025,0.0
Non-fossil end-use fuels (including biofuels),"Biofuels, synthesized fuels and hydrogen production by technology",Energy,Fuel production,Hydrous ethanol,Sugarcane,1G with CCS,GWh,RJ,2030,0.21153
Non-fossil end-use fuels (including biofuels),"Biofuels, synthesized fuels and hydrogen production by technology",Energy,Fuel production,Hydrous ethanol,Sugarcane,1G with CCS,GWh,RJ,2035,1.4614
Non-fossil end-use fuels (including biofuels),"Biofuels, synthesized fuels and hydrogen production by technology",Energy,Fuel production,Hydrous ethanol,Sugarcane,1G with CCS,GWh,RJ,2040,160.3089
Non-fossil end-use fuels (including biofuels),"Biofuels, synthesized fuels and hydrogen production by technology",Energy,Fuel production,Hydrous ethanol,Sugarcane,1G with CCS,GWh,RJ,2045,168.70343
Non-fossil end-use fuels (including biofuels),"Biofuels, synthesized fuels and hydrogen production by technology",Energy,Fuel production,Hydrous ethanol,Sugarcane,1G with CCS,GWh,RJ,2050,428.90305
Non-fossil end-use fuels (including biofuels),"Biofuels, synthesized fuels and hydrogen production by technology",Energy,Fuel production,Hydrous ethanol,Sugarcane,1G with CCS,GWh,RN,2025,0.0
Non-fossil end-use fuels (including biofuels),"Biofuels, synthesized fuels and hydrogen production by technology",Energy,Fuel production,Hydrous ethanol,Sugarcane,1G with CCS,GWh,RN,2030,0.14673
Non-fossil end-use fuels (including biofuels),"Biofuels, synthesized fuels and hydrogen production by technology",Energy,Fuel production,Hydrous ethanol,Sugarcane,1G with CCS,GWh,RN,2035,0.57718
Non-fossil end-use fuels (including biofuels),"Biofuels, synthesized fuels and hydrogen production by technology",Energy,Fuel production,Hydrous ethanol,Sugarcane,1G with CCS,GWh,RN,2040,8.28771
Non-fossil end-use fuels (including biofuels),"Biofuels, synthesized fuels and hydrogen production by technology",Energy,Fuel production,Hydrous ethanol,Sugarcane,1G with CCS,GWh,RN,2045,14.97578
Non-fossil end-use fuels (including biofuels),"Biofuels, synthesized fuels and hydrogen production by technology",Energy,Fuel production,Hydrous ethanol,Sugarcane,1G with CCS,GWh,RN,2050,232.55989
Non-fossil end-use fuels (including biofuels),"Biofuels, synthesized fuels and hydrogen production by technology",Energy,Fuel production,Hydrous ethanol,Sugarcane,1G with CCS,GWh,RO,2025,0.0
Non-fossil end-use fuels (including biofuels),"Biofuels, synthesized fuels and hydrogen production by technology",Energy,Fuel production,Hydrous ethanol,Sugarcane,1G with CCS,GWh,RO,2030,0.04377
Non-fossil end-use fuels (including biofuels),"Biofuels, synthesized fuels and hydrogen production by technology",Energy,Fuel production,Hydrous ethanol,Sugarcane,1G with CCS,GWh,RO,2035,0.09318
Non-fossil end-use fuels (including biofuels),"Biofuels, synthesized fuels and hydrogen production by technology",Energy,Fuel production,Hydrous ethanol,Sugarcane,1G with CCS,GWh,RO,2040,0.34389
Non-fossil end-use fuels (including biofuels),"Biofuels, synthesized fuels and hydrogen production by technology",Energy,Fuel production,Hydrous ethanol,Sugarcane,1G with CCS,GWh,RO,2045,0.90926
Non-fossil end-use fuels (including biofuels),"Biofuels, synthesized fuels and hydrogen production by technology",Energy,Fuel production,Hydrous ethanol,Sugarcane,1G with CCS,GWh,RO,2050,0.87263
Non-fossil end-use fuels (including biofuels),"Biofuels, synthesized fuels and hydrogen production by technology",Energy,Fuel production,Hydrous ethanol,Sugarcane,1G with CCS,GWh,RS,2025,0.0
Non-fossil end-use fuels (including biofuels),"Biofuels, synthesized fuels and hydrogen production by technology",Energy,Fuel production,Hydrous ethanol,Sugarcane,1G with CCS,GWh,RS,2030,0.14213
Non-fossil end-use fuels (including biofuels),"Biofuels, synthesized fuels and hydrogen production by technology",Energy,Fuel production,Hydrous ethanol,Sugarcane,1G with CCS,GWh,RS,2035,1.17573
Non-fossil end-use fuels (including biofuels),"Biofuels, synthesized fuels and hydrogen production by technology",Energy,Fuel production,Hydrous ethanol,Sugarcane,1G with CCS,GWh,RS,2040,47.53336
Non-fossil end-use fuels (including biofuels),"Biofuels, synthesized fuels and hydrogen production by technology",Energy,Fuel production,Hydrous ethanol,Sugarcane,1G with CCS,GWh,RS,2045,55.1493
Non-fossil end-use fuels (including biofuels),"Biofuels, synthesized fuels and hydrogen production by technology",Energy,Fuel production,Hydrous ethanol,Sugarcane,1G with CCS,GWh,RS,2050,324.82518
Non-fossil end-use fuels (including biofuels),"Biofuels, synthesized fuels and hydrogen production by technology",Energy,Fuel production,Hydrous ethanol,Sugarcane,1G with CCS,GWh,SC,2025,0.0
Non-fossil end-use fuels (including biofuels),"Biofuels, synthesized fuels and hydrogen production by technology",Energy,Fuel production,Hydrous ethanol,Sugarcane,1G with CCS,GWh,SC,2030,0.18384
Non-fossil end-use fuels (including biofuels),"Biofuels, synthesized fuels and hydrogen production by technology",Energy,Fuel production,Hydrous ethanol,Sugarcane,1G with CCS,GWh,SC,2035,1.91399
Non-fossil end-use fuels (including biofuels),"Biofuels, synthesized fuels and hydrogen production by technology",Energy,Fuel production,Hydrous ethanol,Sugarcane,1G with CCS,GWh,SC,2040,65.72177
Non-fossil end-use fuels (including biofuels),"Biofuels, synthesized fuels and hydrogen production by technology",Energy,Fuel production,Hydrous ethanol,Sugarcane,1G with CCS,GWh,SC,2045,73.75344
Non-fossil end-use fuels (including biofuels),"Biofuels, synthesized fuels and hydrogen production by technology",Energy,Fuel production,Hydrous ethanol,Sugarcane,1G with CCS,GWh,SC,2050,98.99941
Non-fossil end-use fuels (including biofuels),"Biofuels, synthesized fuels and hydrogen production by technology",Energy,Fuel production,Hydrous ethanol,Sugarcane,1G with CCS,GWh,SE,2025,0.0
Non-fossil end-use fuels (including biofuels),"Biofuels, synthesized fuels and hydrogen production by technology",Energy,Fuel production,Hydrous ethanol,Sugarcane,1G with CCS,GWh,SE,2030,0.17649
Non-fossil end-use fuels (including biofuels),"Biofuels, synthesized fuels and hydrogen production by technology",Energy,Fuel production,Hydrous ethanol,Sugarcane,1G with CCS,GWh,SE,2035,0.60958
Non-fossil end-use fuels (including biofuels),"Biofuels, synthesized fuels and hydrogen production by technology",Energy,Fuel production,Hydrous ethanol,Sugarcane,1G with CCS,GWh,SE,2040,9.51184
Non-fossil end-use fuels (including biofuels),"Biofuels, synthesized fuels and hydrogen production by technology",Energy,Fuel production,Hydrous ethanol,Sugarcane,1G with CCS,GWh,SE,2045,16.90034
Non-fossil end-use fuels (including biofuels),"Biofuels, synthesized fuels and hydrogen production by technology",Energy,Fuel production,Hydrous ethanol,Sugarcane,1G with CCS,GWh,SE,2050,400.65842
Non-fossil end-use fuels (including biofuels),"Biofuels, synthesized fuels and hydrogen production by technology",Energy,Fuel production,Hydrous ethanol,Sugarcane,1G with CCS,GWh,SP,2025,0.0
Non-fossil end-use fuels (including biofuels),"Biofuels, synthesized fuels and hydrogen production by technology",Energy,Fuel production,Hydrous ethanol,Sugarcane,1G with CCS,GWh,SP,2030,0.46871
Non-fossil end-use fuels (including biofuels),"Biofuels, synthesized fuels and hydrogen production by technology",Energy,Fuel production,Hydrous ethanol,Sugarcane,1G with CCS,GWh,SP,2035,2.67353
Non-fossil end-use fuels (including biofuels),"Biofuels, synthesized fuels and hydrogen production by technology",Energy,Fuel production,Hydrous ethanol,Sugarcane,1G with CCS,GWh,SP,2040,7379.23599
Non-fossil end-use fuels (including biofuels),"Biofuels, synthesized fuels and hydrogen production by technology",Energy,Fuel production,Hydrous ethanol,Sugarcane,1G with CCS,GWh,SP,2045,53077.97629
Non-fossil end-use fuels (including biofuels),"Biofuels, synthesized fuels and hydrogen production by technology",Energy,Fuel production,Hydrous ethanol,Sugarcane,1G with CCS,GWh,SP,2050,64014.5968
Non-fossil end-use fuels (including biofuels),"Biofuels, synthesized fuels and hydrogen production by technology",Energy,Fuel production,Hydrous ethanol,Sugarcane,1G with CCS,GWh,TO,2025,0.0
Non-fossil end-use fuels (including biofuels),"Biofuels, synthesized fuels and hydrogen production by technology",Energy,Fuel production,Hydrous ethanol,Sugarcane,1G with CCS,GWh,TO,2030,0.24275
Non-fossil end-use fuels (including biofuels),"Biofuels, synthesized fuels and hydrogen production by technology",Energy,Fuel production,Hydrous ethanol,Sugarcane,1G with CCS,GWh,TO,2035,0.75345
Non-fossil end-use fuels (including biofuels),"Biofuels, synthesized fuels and hydrogen production by technology",Energy,Fuel production,Hydrous ethanol,Sugarcane,1G with CCS,GWh,TO,2040,6.33944
Non-fossil end-use fuels (including biofuels),"Biofuels, synthesized fuels and hydrogen production by technology",Energy,Fuel production,Hydrous ethanol,Sugarcane,1G with CCS,GWh,TO,2045,12.56676
Non-fossil end-use fuels (including biofuels),"Biofuels, synthesized fuels and hydrogen production by technology",Energy,Fuel production,Hydrous ethanol,Sugarcane,1G with CCS,GWh,TO,2050,12.89963
Non-fossil end-use fuels (including biofuels),"Biofuels, synthesized fuels and hydrogen production by technology",Energy,Fuel production,Hydrous ethanol,Sugarcane,1G2G,GWh,BA,2025,0.0
Non-fossil end-use fuels (including biofuels),"Biofuels, synthesized fuels and hydrogen production by technology",Energy,Fuel production,Hydrous ethanol,Sugarcane,1G2G,GWh,BA,2030,0.81457
Non-fossil end-use fuels (including biofuels),"Biofuels, synthesized fuels and hydrogen production by technology",Energy,Fuel production,Hydrous ethanol,Sugarcane,1G2G,GWh,BA,2035,1.27944
Non-fossil end-use fuels (including biofuels),"Biofuels, synthesized fuels and hydrogen production by technology",Energy,Fuel production,Hydrous ethanol,Sugarcane,1G2G,GWh,BA,2040,28.26038
Non-fossil end-use fuels (including biofuels),"Biofuels, synthesized fuels and hydrogen production by technology",Energy,Fuel production,Hydrous ethanol,Sugarcane,1G2G,GWh,BA,2045,23.78479
Non-fossil end-use fuels (including biofuels),"Biofuels, synthesized fuels and hydrogen production by technology",Energy,Fuel production,Hydrous ethanol,Sugarcane,1G2G,GWh,BA,2050,7.59432
Non-fossil end-use fuels (including biofuels),"Biofuels, synthesized fuels and hydrogen production by technology",Energy,Fuel production,Hydrous ethanol,Sugarcane,1G2G,GWh,CE,2025,0.0
Non-fossil end-use fuels (including biofuels),"Biofuels, synthesized fuels and hydrogen production by technology",Energy,Fuel production,Hydrous ethanol,Sugarcane,1G2G,GWh,CE,2030,0.43763
Non-fossil end-use fuels (including biofuels),"Biofuels, synthesized fuels and hydrogen production by technology",Energy,Fuel production,Hydrous ethanol,Sugarcane,1G2G,GWh,CE,2035,0.7249
Non-fossil end-use fuels (including biofuels),"Biofuels, synthesized fuels and hydrogen production by technology",Energy,Fuel production,Hydrous ethanol,Sugarcane,1G2G,GWh,CE,2040,13.13295
Non-fossil end-use fuels (including biofuels),"Biofuels, synthesized fuels and hydrogen production by technology",Energy,Fuel production,Hydrous ethanol,Sugarcane,1G2G,GWh,CE,2045,13.36369
Non-fossil end-use fuels (including biofuels),"Biofuels, synthesized fuels and hydrogen production by technology",Energy,Fuel production,Hydrous ethanol,Sugarcane,1G2G,GWh,CE,2050,4.0452
Non-fossil end-use fuels (including biofuels),"Biofuels, synthesized fuels and hydrogen production by technology",Energy,Fuel production,Hydrous ethanol,Sugarcane,1G2G,GWh,DF,2025,0.0
Non-fossil end-use fuels (including biofuels),"Biofuels, synthesized fuels and hydrogen production by technology",Energy,Fuel production,Hydrous ethanol,Sugarcane,1G2G,GWh,DF,2030,0.19822
Non-fossil end-use fuels (including biofuels),"Biofuels, synthesized fuels and hydrogen production by technology",Energy,Fuel production,Hydrous ethanol,Sugarcane,1G2G,GWh,DF,2035,0.33274
Non-fossil end-use fuels (including biofuels),"Biofuels, synthesized fuels and hydrogen production by technology",Energy,Fuel production,Hydrous ethanol,Sugarcane,1G2G,GWh,DF,2040,2.97134
Non-fossil end-use fuels (including biofuels),"Biofuels, synthesized fuels and hydrogen production by technology",Energy,Fuel production,Hydrous ethanol,Sugarcane,1G2G,GWh,DF,2045,1.20486
Non-fossil end-use fuels (including biofuels),"Biofuels, synthesized fuels and hydrogen production by technology",Energy,Fuel production,Hydrous ethanol,Sugarcane,1G2G,GWh,DF,2050,0.16616
Non-fossil end-use fuels (including biofuels),"Biofuels, synthesized fuels and hydrogen production by technology",Energy,Fuel production,Hydrous ethanol,Sugarcane,1G2G,GWh,ES,2025,0.0
Non-fossil end-use fuels (including biofuels),"Biofuels, synthesized fuels and hydrogen production by technology",Energy,Fuel production,Hydrous ethanol,Sugarcane,1G2G,GWh,ES,2030,0.56798
Non-fossil end-use fuels (including biofuels),"Biofuels, synthesized fuels and hydrogen production by technology",Energy,Fuel production,Hydrous ethanol,Sugarcane,1G2G,GWh,ES,2035,0.90935
Non-fossil end-use fuels (including biofuels),"Biofuels, synthesized fuels and hydrogen production by technology",Energy,Fuel production,Hydrous ethanol,Sugarcane,1G2G,GWh,ES,2040,15.01571
Non-fossil end-use fuels (including biofuels),"Biofuels, synthesized fuels and hydrogen production by technology",Energy,Fuel production,Hydrous ethanol,Sugarcane,1G2G,GWh,ES,2045,15.24098
Non-fossil end-use fuels (including biofuels),"Biofuels, synthesized fuels and hydrogen production by technology",Energy,Fuel production,Hydrous ethanol,Sugarcane,1G2G,GWh,ES,2050,0.72486
Non-fossil end-use fuels (including biofuels),"Biofuels, synthesized fuels and hydrogen production by technology",Energy,Fuel production,Hydrous ethanol,Sugarcane,1G2G,GWh,GO,2025,0.0
Non-fossil end-use fuels (including biofuels),"Biofuels, synthesized fuels and hydrogen production by technology",Energy,Fuel production,Hydrous ethanol,Sugarcane,1G2G,GWh,GO,2030,0.64036
Non-fossil end-use fuels (including biofuels),"Biofuels, synthesized fuels and hydrogen production by technology",Energy,Fuel production,Hydrous ethanol,Sugarcane,1G2G,GWh,GO,2035,1.19596
Non-fossil end-use fuels (including biofuels),"Biofuels, synthesized fuels and hydrogen production by technology",Energy,Fuel production,Hydrous ethanol,Sugarcane,1G2G,GWh,GO,2040,21.44527
Non-fossil end-use fuels (including biofuels),"Biofuels, synthesized fuels and hydrogen production by technology",Energy,Fuel production,Hydrous ethanol,Sugarcane,1G2G,GWh,GO,2045,18.26845
Non-fossil end-use fuels (including biofuels),"Biofuels, synthesized fuels and hydrogen production by technology",Energy,Fuel production,Hydrous ethanol,Sugarcane,1G2G,GWh,GO,2050,1.25829
Non-fossil end-use fuels (including biofuels),"Biofuels, synthesized fuels and hydrogen production by technology",Energy,Fuel production,Hydrous ethanol,Sugarcane,1G2G,GWh,MA,2025,0.0
Non-fossil end-use fuels (including biofuels),"Biofuels, synthesized fuels and hydrogen production by technology",Energy,Fuel production,Hydrous ethanol,Sugarcane,1G2G,GWh,MA,2030,0.76807
Non-fossil end-use fuels (including biofuels),"Biofuels, synthesized fuels and hydrogen production by technology",Energy,Fuel production,Hydrous ethanol,Sugarcane,1G2G,GWh,MA,2035,1.36365
Non-fossil end-use fuels (including biofuels),"Biofuels, synthesized fuels and hydrogen production by technology",Energy,Fuel production,Hydrous ethanol,Sugarcane,1G2G,GWh,MA,2040,24.99213
Non-fossil end-use fuels (including biofuels),"Biofuels, synthesized fuels and hydrogen production by technology",Energy,Fuel production,Hydrous ethanol,Sugarcane,1G2G,GWh,MA,2045,21.66978
Non-fossil end-use fuels (including biofuels),"Biofuels, synthesized fuels and hydrogen production by technology",Energy,Fuel production,Hydrous ethanol,Sugarcane,1G2G,GWh,MA,2050,6.83722
Non-fossil end-use fuels (including biofuels),"Biofuels, synthesized fuels and hydrogen production by technology",Energy,Fuel production,Hydrous ethanol,Sugarcane,1G2G,GWh,MG,2025,0.0
Non-fossil end-use fuels (including biofuels),"Biofuels, synthesized fuels and hydrogen production by technology",Energy,Fuel production,Hydrous ethanol,Sugarcane,1G2G,GWh,MG,2030,0.7574
Non-fossil end-use fuels (including biofuels),"Biofuels, synthesized fuels and hydrogen production by technology",Energy,Fuel production,Hydrous ethanol,Sugarcane,1G2G,GWh,MG,2035,1.32333
Non-fossil end-use fuels (including biofuels),"Biofuels, synthesized fuels and hydrogen production by technology",Energy,Fuel production,Hydrous ethanol,Sugarcane,1G2G,GWh,MG,2040,21.6701
Non-fossil end-use fuels (including biofuels),"Biofuels, synthesized fuels and hydrogen production by technology",Energy,Fuel production,Hydrous ethanol,Sugarcane,1G2G,GWh,MG,2045,18.91919
Non-fossil end-use fuels (including biofuels),"Biofuels, synthesized fuels and hydrogen production by technology",Energy,Fuel production,Hydrous ethanol,Sugarcane,1G2G,GWh,MG,2050,1.16919
Non-fossil end-use fuels (including biofuels),"Biofuels, synthesized fuels and hydrogen production by technology",Energy,Fuel production,Hydrous ethanol,Sugarcane,1G2G,GWh,MS,2025,0.0
Non-fossil end-use fuels (including biofuels),"Biofuels, synthesized fuels and hydrogen production by technology",Energy,Fuel production,Hydrous ethanol,Sugarcane,1G2G,GWh,MS,2030,0.65268
Non-fossil end-use fuels (including biofuels),"Biofuels, synthesized fuels and hydrogen production by technology",Energy,Fuel production,Hydrous ethanol,Sugarcane,1G2G,GWh,MS,2035,1.22861
Non-fossil end-use fuels (including biofuels),"Biofuels, synthesized fuels and hydrogen production by technology",Energy,Fuel production,Hydrous ethanol,Sugarcane,1G2G,GWh,MS,2040,22.78775
Non-fossil end-use fuels (including biofuels),"Biofuels, synthesized fuels and hydrogen production by technology",Energy,Fuel production,Hydrous ethanol,Sugarcane,1G2G,GWh,MS,2045,7.13025
Non-fossil end-use fuels (including biofuels),"Biofuels, synthesized fuels and hydrogen production by technology",Energy,Fuel production,Hydrous ethanol,Sugarcane,1G2G,GWh,MS,2050,0.97128
Non-fossil end-use fuels (including biofuels),"Biofuels, synthesized fuels and hydrogen production by technology",Energy,Fuel production,Hydrous ethanol,Sugarcane,1G2G,GWh,MT,2025,0.0
Non-fossil end-use fuels (including biofuels),"Biofuels, synthesized fuels and hydrogen production by technology",Energy,Fuel production,Hydrous ethanol,Sugarcane,1G2G,GWh,MT,2030,0.83912
Non-fossil end-use fuels (including biofuels),"Biofuels, synthesized fuels and hydrogen production by technology",Energy,Fuel production,Hydrous ethanol,Sugarcane,1G2G,GWh,MT,2035,1.28766
Non-fossil end-use fuels (including biofuels),"Biofuels, synthesized fuels and hydrogen production by technology",Energy,Fuel production,Hydrous ethanol,Sugarcane,1G2G,GWh,MT,2040,23.99235
Non-fossil end-use fuels (including biofuels),"Biofuels, synthesized fuels and hydrogen production by technology",Energy,Fuel production,Hydrous ethanol,Sugarcane,1G2G,GWh,MT,2045,11.17829
Non-fossil end-use fuels (including biofuels),"Biofuels, synthesized fuels and hydrogen production by technology",Energy,Fuel production,Hydrous ethanol,Sugarcane,1G2G,GWh,MT,2050,1.21931
Non-fossil end-use fuels (including biofuels),"Biofuels, synthesized fuels and hydrogen production by technology",Energy,Fuel production,Hydrous ethanol,Sugarcane,1G2G,GWh,PA,2025,0.0
Non-fossil end-use fuels (including biofuels),"Biofuels, synthesized fuels and hydrogen production by technology",Energy,Fuel production,Hydrous ethanol,Sugarcane,1G2G,GWh,PA,2030,0.09565
Non-fossil end-use fuels (including biofuels),"Biofuels, synthesized fuels and hydrogen production by technology",Energy,Fuel production,Hydrous ethanol,Sugarcane,1G2G,GWh,PA,2035,0.07201
Non-fossil end-use fuels (including biofuels),"Biofuels, synthesized fuels and hydrogen production by technology",Energy,Fuel production,Hydrous ethanol,Sugarcane,1G2G,GWh,PA,2040,0.29421
Non-fossil end-use fuels (including biofuels),"Biofuels, synthesized fuels and hydrogen production by technology",Energy,Fuel production,Hydrous ethanol,Sugarcane,1G2G,GWh,PA,2045,0.15571
Non-fossil end-use fuels (including biofuels),"Biofuels, synthesized fuels and hydrogen production by technology",Energy,Fuel production,Hydrous ethanol,Sugarcane,1G2G,GWh,PA,2050,0.0994
Non-fossil end-use fuels (including biofuels),"Biofuels, synthesized fuels and hydrogen production by technology",Energy,Fuel production,Hydrous ethanol,Sugarcane,1G2G,GWh,PB,2025,0.0
Non-fossil end-use fuels (including biofuels),"Biofuels, synthesized fuels and hydrogen production by technology",Energy,Fuel production,Hydrous ethanol,Sugarcane,1G2G,GWh,PB,2030,0.46036
Non-fossil end-use fuels (including biofuels),"Biofuels, synthesized fuels and hydrogen production by technology",Energy,Fuel production,Hydrous ethanol,Sugarcane,1G2G,GWh,PB,2035,0.51207
Non-fossil end-use fuels (including biofuels),"Biofuels, synthesized fuels and hydrogen production by technology",Energy,Fuel production,Hydrous ethanol,Sugarcane,1G2G,GWh,PB,2040,8.8765
Non-fossil end-use fuels (including biofuels),"Biofuels, synthesized fuels and hydrogen production by technology",Energy,Fuel production,Hydrous ethanol,Sugarcane,1G2G,GWh,PB,2045,5.3633
Non-fossil end-use fuels (including biofuels),"Biofuels, synthesized fuels and hydrogen production by technology",Energy,Fuel production,Hydrous ethanol,Sugarcane,1G2G,GWh,PB,2050,2.12839
Non-fossil end-use fuels (including biofuels),"Biofuels, synthesized fuels and hydrogen production by technology",Energy,Fuel production,Hydrous ethanol,Sugarcane,1G2G,GWh,PE,2025,0.0
Non-fossil end-use fuels (including biofuels),"Biofuels, synthesized fuels and hydrogen production by technology",Energy,Fuel production,Hydrous ethanol,Sugarcane,1G2G,GWh,PE,2030,0.55038
Non-fossil end-use fuels (including biofuels),"Biofuels, synthesized fuels and hydrogen production by technology",Energy,Fuel production,Hydrous ethanol,Sugarcane,1G2G,GWh,PE,2035,0.66819
Non-fossil end-use fuels (including biofuels),"Biofuels, synthesized fuels and hydrogen production by technology",Energy,Fuel production,Hydrous ethanol,Sugarcane,1G2G,GWh,PE,2040,12.18833
Non-fossil end-use fuels (including biofuels),"Biofuels, synthesized fuels and hydrogen production by technology",Energy,Fuel production,Hydrous ethanol,Sugarcane,1G2G,GWh,PE,2045,11.00941
Non-fossil end-use fuels (including biofuels),"Biofuels, synthesized fuels and hydrogen production by technology",Energy,Fuel production,Hydrous ethanol,Sugarcane,1G2G,GWh,PE,2050,4.07867
Non-fossil end-use fuels (including biofuels),"Biofuels, synthesized fuels and hydrogen production by technology",Energy,Fuel production,Hydrous ethanol,Sugarcane,1G2G,GWh,PI,2025,0.0
Non-fossil end-use fuels (including biofuels),"Biofuels, synthesized fuels and hydrogen production by technology",Energy,Fuel production,Hydrous ethanol,Sugarcane,1G2G,GWh,PI,2030,0.67925
Non-fossil end-use fuels (including biofuels),"Biofuels, synthesized fuels and hydrogen production by technology",Energy,Fuel production,Hydrous ethanol,Sugarcane,1G2G,GWh,PI,2035,1.21373
Non-fossil end-use fuels (including biofuels),"Biofuels, synthesized fuels and hydrogen production by technology",Energy,Fuel production,Hydrous ethanol,Sugarcane,1G2G,GWh,PI,2040,21.25524
Non-fossil end-use fuels (including biofuels),"Biofuels, synthesized fuels and hydrogen production by technology",Energy,Fuel production,Hydrous ethanol,Sugarcane,1G2G,GWh,PI,2045,18.99175
Non-fossil end-use fuels (including biofuels),"Biofuels, synthesized fuels and hydrogen production by technology",Energy,Fuel production,Hydrous ethanol,Sugarcane,1G2G,GWh,PI,2050,5.91622
Non-fossil end-use fuels (including biofuels),"Biofuels, synthesized fuels and hydrogen production by technology",Energy,Fuel production,Hydrous ethanol,Sugarcane,1G2G,GWh,PR,2025,0.0
Non-fossil end-use fuels (including biofuels),"Biofuels, synthesized fuels and hydrogen production by technology",Energy,Fuel production,Hydrous ethanol,Sugarcane,1G2G,GWh,PR,2030,0.4967
Non-fossil end-use fuels (including biofuels),"Biofuels, synthesized fuels and hydrogen production by technology",Energy,Fuel production,Hydrous ethanol,Sugarcane,1G2G,GWh,PR,2035,0.9154
Non-fossil end-use fuels (including biofuels),"Biofuels, synthesized fuels and hydrogen production by technology",Energy,Fuel production,Hydrous ethanol,Sugarcane,1G2G,GWh,PR,2040,16.85328
Non-fossil end-use fuels (including biofuels),"Biofuels, synthesized fuels and hydrogen production by technology",Energy,Fuel production,Hydrous ethanol,Sugarcane,1G2G,GWh,PR,2045,3.85654
Non-fossil end-use fuels (including biofuels),"Biofuels, synthesized fuels and hydrogen production by technology",Energy,Fuel production,Hydrous ethanol,Sugarcane,1G2G,GWh,PR,2050,0.62232
Non-fossil end-use fuels (including biofuels),"Biofuels, synthesized fuels and hydrogen production by technology",Energy,Fuel production,Hydrous ethanol,Sugarcane,1G2G,GWh,RJ,2025,0.0
Non-fossil end-use fuels (including biofuels),"Biofuels, synthesized fuels and hydrogen production by technology",Energy,Fuel production,Hydrous ethanol,Sugarcane,1G2G,GWh,RJ,2030,0.70679
Non-fossil end-use fuels (including biofuels),"Biofuels, synthesized fuels and hydrogen production by technology",Energy,Fuel production,Hydrous ethanol,Sugarcane,1G2G,GWh,RJ,2035,1.12995
Non-fossil end-use fuels (including biofuels),"Biofuels, synthesized fuels and hydrogen production by technology",Energy,Fuel production,Hydrous ethanol,Sugarcane,1G2G,GWh,RJ,2040,20.75084
Non-fossil end-use fuels (including biofuels),"Biofuels, synthesized fuels and hydrogen production by technology",Energy,Fuel production,Hydrous ethanol,Sugarcane,1G2G,GWh,RJ,2045,24.24455
Non-fossil end-use fuels (including biofuels),"Biofuels, synthesized fuels and hydrogen production by technology",Energy,Fuel production,Hydrous ethanol,Sugarcane,1G2G,GWh,RJ,2050,1.0482
Non-fossil end-use fuels (including biofuels),"Biofuels, synthesized fuels and hydrogen production by technology",Energy,Fuel production,Hydrous ethanol,Sugarcane,1G2G,GWh,RN,2025,0.0
Non-fossil end-use fuels (including biofuels),"Biofuels, synthesized fuels and hydrogen production by technology",Energy,Fuel production,Hydrous ethanol,Sugarcane,1G2G,GWh,RN,2030,0.5133
Non-fossil end-use fuels (including biofuels),"Biofuels, synthesized fuels and hydrogen production by technology",Energy,Fuel production,Hydrous ethanol,Sugarcane,1G2G,GWh,RN,2035,0.80282
Non-fossil end-use fuels (including biofuels),"Biofuels, synthesized fuels and hydrogen production by technology",Energy,Fuel production,Hydrous ethanol,Sugarcane,1G2G,GWh,RN,2040,15.08965
Non-fossil end-use fuels (including biofuels),"Biofuels, synthesized fuels and hydrogen production by technology",Energy,Fuel production,Hydrous ethanol,Sugarcane,1G2G,GWh,RN,2045,15.99608
Non-fossil end-use fuels (including biofuels),"Biofuels, synthesized fuels and hydrogen production by technology",Energy,Fuel production,Hydrous ethanol,Sugarcane,1G2G,GWh,RN,2050,4.403
Non-fossil end-use fuels (including biofuels),"Biofuels, synthesized fuels and hydrogen production by technology",Energy,Fuel production,Hydrous ethanol,Sugarcane,1G2G,GWh,RO,2025,0.0
Non-fossil end-use fuels (including biofuels),"Biofuels, synthesized fuels and hydrogen production by technology",Energy,Fuel production,Hydrous ethanol,Sugarcane,1G2G,GWh,RO,2030,0.1116
Non-fossil end-use fuels (including biofuels),"Biofuels, synthesized fuels and hydrogen production by technology",Energy,Fuel production,Hydrous ethanol,Sugarcane,1G2G,GWh,RO,2035,0.09438
Non-fossil end-use fuels (including biofuels),"Biofuels, synthesized fuels and hydrogen production by technology",Energy,Fuel production,Hydrous ethanol,Sugarcane,1G2G,GWh,RO,2040,0.23934
Non-fossil end-use fuels (including biofuels),"Biofuels, synthesized fuels and hydrogen production by technology",Energy,Fuel production,Hydrous ethanol,Sugarcane,1G2G,GWh,RO,2045,0.08101
Non-fossil end-use fuels (including biofuels),"Biofuels, synthesized fuels and hydrogen production by technology",Energy,Fuel production,Hydrous ethanol,Sugarcane,1G2G,GWh,RO,2050,0.07503
Non-fossil end-use fuels (including biofuels),"Biofuels, synthesized fuels and hydrogen production by technology",Energy,Fuel production,Hydrous ethanol,Sugarcane,1G2G,GWh,RS,2025,0.0
Non-fossil end-use fuels (including biofuels),"Biofuels, synthesized fuels and hydrogen production by technology",Energy,Fuel production,Hydrous ethanol,Sugarcane,1G2G,GWh,RS,2030,0.23331
Non-fossil end-use fuels (including biofuels),"Biofuels, synthesized fuels and hydrogen production by technology",Energy,Fuel production,Hydrous ethanol,Sugarcane,1G2G,GWh,RS,2035,0.38619
Non-fossil end-use fuels (including biofuels),"Biofuels, synthesized fuels and hydrogen production by technology",Energy,Fuel production,Hydrous ethanol,Sugarcane,1G2G,GWh,RS,2040,6.15505
Non-fossil end-use fuels (including biofuels),"Biofuels, synthesized fuels and hydrogen production by technology",Energy,Fuel production,Hydrous ethanol,Sugarcane,1G2G,GWh,RS,2045,1.89533
Non-fossil end-use fuels (including biofuels),"Biofuels, synthesized fuels and hydrogen production by technology",Energy,Fuel production,Hydrous ethanol,Sugarcane,1G2G,GWh,RS,2050,0.25739
Non-fossil end-use fuels (including biofuels),"Biofuels, synthesized fuels and hydrogen production by technology",Energy,Fuel production,Hydrous ethanol,Sugarcane,1G2G,GWh,SC,2025,0.0
Non-fossil end-use fuels (including biofuels),"Biofuels, synthesized fuels and hydrogen production by technology",Energy,Fuel production,Hydrous ethanol,Sugarcane,1G2G,GWh,SC,2030,0.28408
Non-fossil end-use fuels (including biofuels),"Biofuels, synthesized fuels and hydrogen production by technology",Energy,Fuel production,Hydrous ethanol,Sugarcane,1G2G,GWh,SC,2035,0.47165
Non-fossil end-use fuels (including biofuels),"Biofuels, synthesized fuels and hydrogen production by technology",Energy,Fuel production,Hydrous ethanol,Sugarcane,1G2G,GWh,SC,2040,6.53012
Non-fossil end-use fuels (including biofuels),"Biofuels, synthesized fuels and hydrogen production by technology",Energy,Fuel production,Hydrous ethanol,Sugarcane,1G2G,GWh,SC,2045,2.36393
Non-fossil end-use fuels (including biofuels),"Biofuels, synthesized fuels and hydrogen production by technology",Energy,Fuel production,Hydrous ethanol,Sugarcane,1G2G,GWh,SC,2050,0.27644
Non-fossil end-use fuels (including biofuels),"Biofuels, synthesized fuels and hydrogen production by technology",Energy,Fuel production,Hydrous ethanol,Sugarcane,1G2G,GWh,SE,2025,0.0
Non-fossil end-use fuels (including biofuels),"Biofuels, synthesized fuels and hydrogen production by technology",Energy,Fuel production,Hydrous ethanol,Sugarcane,1G2G,GWh,SE,2030,0.52979
Non-fossil end-use fuels (including biofuels),"Biofuels, synthesized fuels and hydrogen production by technology",Energy,Fuel production,Hydrous ethanol,Sugarcane,1G2G,GWh,SE,2035,0.83776
Non-fossil end-use fuels (including biofuels),"Biofuels, synthesized fuels and hydrogen production by technology",Energy,Fuel production,Hydrous ethanol,Sugarcane,1G2G,GWh,SE,2040,14.28653
Non-fossil end-use fuels (including biofuels),"Biofuels, synthesized fuels and hydrogen production by technology",Energy,Fuel production,Hydrous ethanol,Sugarcane,1G2G,GWh,SE,2045,14.31548
Non-fossil end-use fuels (including biofuels),"Biofuels, synthesized fuels and hydrogen production by technology",Energy,Fuel production,Hydrous ethanol,Sugarcane,1G2G,GWh,SE,2050,4.30709
Non-fossil end-use fuels (including biofuels),"Biofuels, synthesized fuels and hydrogen production by technology",Energy,Fuel production,Hydrous ethanol,Sugarcane,1G2G,GWh,SP,2025,0.0
Non-fossil end-use fuels (including biofuels),"Biofuels, synthesized fuels and hydrogen production by technology",Energy,Fuel production,Hydrous ethanol,Sugarcane,1G2G,GWh,SP,2030,0.6308
Non-fossil end-use fuels (including biofuels),"Biofuels, synthesized fuels and hydrogen production by technology",Energy,Fuel production,Hydrous ethanol,Sugarcane,1G2G,GWh,SP,2035,1.16936
Non-fossil end-use fuels (including biofuels),"Biofuels, synthesized fuels and hydrogen production by technology",Energy,Fuel production,Hydrous ethanol,Sugarcane,1G2G,GWh,SP,2040,19.97151
Non-fossil end-use fuels (including biofuels),"Biofuels, synthesized fuels and hydrogen production by technology",Energy,Fuel production,Hydrous ethanol,Sugarcane,1G2G,GWh,SP,2045,3.49374
Non-fossil end-use fuels (including biofuels),"Biofuels, synthesized fuels and hydrogen production by technology",Energy,Fuel production,Hydrous ethanol,Sugarcane,1G2G,GWh,SP,2050,0.85167
Non-fossil end-use fuels (including biofuels),"Biofuels, synthesized fuels and hydrogen production by technology",Energy,Fuel production,Hydrous ethanol,Sugarcane,1G2G,GWh,TO,2025,0.0
Non-fossil end-use fuels (including biofuels),"Biofuels, synthesized fuels and hydrogen production by technology",Energy,Fuel production,Hydrous ethanol,Sugarcane,1G2G,GWh,TO,2030,0.53009
Non-fossil end-use fuels (including biofuels),"Biofuels, synthesized fuels and hydrogen production by technology",Energy,Fuel production,Hydrous ethanol,Sugarcane,1G2G,GWh,TO,2035,0.95791
Non-fossil end-use fuels (including biofuels),"Biofuels, synthesized fuels and hydrogen production by technology",Energy,Fuel production,Hydrous ethanol,Sugarcane,1G2G,GWh,TO,2040,19.48831
Non-fossil end-use fuels (including biofuels),"Biofuels, synthesized fuels and hydrogen production by technology",Energy,Fuel production,Hydrous ethanol,Sugarcane,1G2G,GWh,TO,2045,12.43483
Non-fossil end-use fuels (including biofuels),"Biofuels, synthesized fuels and hydrogen production by technology",Energy,Fuel production,Hydrous ethanol,Sugarcane,1G2G,GWh,TO,2050,1.23802
Non-fossil end-use fuels (including biofuels),"Biofuels, synthesized fuels and hydrogen production by technology",Energy,Fuel production,Hydrous ethanol,Sugarcane,1G2G with CCS,GWh,BA,2025,0.0
Non-fossil end-use fuels (including biofuels),"Biofuels, synthesized fuels and hydrogen production by technology",Energy,Fuel production,Hydrous ethanol,Sugarcane,1G2G with CCS,GWh,BA,2030,0.64316
Non-fossil end-use fuels (including biofuels),"Biofuels, synthesized fuels and hydrogen production by technology",Energy,Fuel production,Hydrous ethanol,Sugarcane,1G2G with CCS,GWh,BA,2035,3044.61794
Non-fossil end-use fuels (including biofuels),"Biofuels, synthesized fuels and hydrogen production by technology",Energy,Fuel production,Hydrous ethanol,Sugarcane,1G2G with CCS,GWh,BA,2040,3043.16519
Non-fossil end-use fuels (including biofuels),"Biofuels, synthesized fuels and hydrogen production by technology",Energy,Fuel production,Hydrous ethanol,Sugarcane,1G2G with CCS,GWh,BA,2045,3039.49021
Non-fossil end-use fuels (including biofuels),"Biofuels, synthesized fuels and hydrogen production by technology",Energy,Fuel production,Hydrous ethanol,Sugarcane,1G2G with CCS,GWh,BA,2050,39.14175
Non-fossil end-use fuels (including biofuels),"Biofuels, synthesized fuels and hydrogen production by technology",Energy,Fuel production,Hydrous ethanol,Sugarcane,1G2G with CCS,GWh,CE,2025,0.0
Non-fossil end-use fuels (including biofuels),"Biofuels, synthesized fuels and hydrogen production by technology",Energy,Fuel production,Hydrous ethanol,Sugarcane,1G2G with CCS,GWh,CE,2030,0.26769
Non-fossil end-use fuels (including biofuels),"Biofuels, synthesized fuels and hydrogen production by technology",Energy,Fuel production,Hydrous ethanol,Sugarcane,1G2G with CCS,GWh,CE,2035,97.27494
Non-fossil end-use fuels (including biofuels),"Biofuels, synthesized fuels and hydrogen production by technology",Energy,Fuel production,Hydrous ethanol,Sugarcane,1G2G with CCS,GWh,CE,2040,76.21007
Non-fossil end-use fuels (including biofuels),"Biofuels, synthesized fuels and hydrogen production by technology",Energy,Fuel production,Hydrous ethanol,Sugarcane,1G2G with CCS,GWh,CE,2045,62.07386
Non-fossil end-use fuels (including biofuels),"Biofuels, synthesized fuels and hydrogen production by technology",Energy,Fuel production,Hydrous ethanol,Sugarcane,1G2G with CCS,GWh,CE,2050,5.07898
Non-fossil end-use fuels (including biofuels),"Biofuels, synthesized fuels and hydrogen production by technology",Energy,Fuel production,Hydrous ethanol,Sugarcane,1G2G with CCS,GWh,DF,2025,0.0
Non-fossil end-use fuels (including biofuels),"Biofuels, synthesized fuels and hydrogen production by technology",Energy,Fuel production,Hydrous ethanol,Sugarcane,1G2G with CCS,GWh,DF,2030,0.11924
Non-fossil end-use fuels (including biofuels),"Biofuels, synthesized fuels and hydrogen production by technology",Energy,Fuel production,Hydrous ethanol,Sugarcane,1G2G with CCS,GWh,DF,2035,0.83024
Non-fossil end-use fuels (including biofuels),"Biofuels, synthesized fuels and hydrogen production by technology",Energy,Fuel production,Hydrous ethanol,Sugarcane,1G2G with CCS,GWh,DF,2040,3.52342
Non-fossil end-use fuels (including biofuels),"Biofuels, synthesized fuels and hydrogen production by technology",Energy,Fuel production,Hydrous ethanol,Sugarcane,1G2G with CCS,GWh,DF,2045,5.91807
Non-fossil end-use fuels (including biofuels),"Biofuels, synthesized fuels and hydrogen production by technology",Energy,Fuel production,Hydrous ethanol,Sugarcane,1G2G with CCS,GWh,DF,2050,2.29935
Non-fossil end-use fuels (including biofuels),"Biofuels, synthesized fuels and hydrogen production by technology",Energy,Fuel production,Hydrous ethanol,Sugarcane,1G2G with CCS,GWh,ES,2025,0.0
Non-fossil end-use fuels (including biofuels),"Biofuels, synthesized fuels and hydrogen production by technology",Energy,Fuel production,Hydrous ethanol,Sugarcane,1G2G with CCS,GWh,ES,2030,0.41785
Non-fossil end-use fuels (including biofuels),"Biofuels, synthesized fuels and hydrogen production by technology",Energy,Fuel production,Hydrous ethanol,Sugarcane,1G2G with CCS,GWh,ES,2035,38.70344
Non-fossil end-use fuels (including biofuels),"Biofuels, synthesized fuels and hydrogen production by technology",Energy,Fuel production,Hydrous ethanol,Sugarcane,1G2G with CCS,GWh,ES,2040,29.99074
Non-fossil end-use fuels (including biofuels),"Biofuels, synthesized fuels and hydrogen production by technology",Energy,Fuel production,Hydrous ethanol,Sugarcane,1G2G with CCS,GWh,ES,2045,38.58456
Non-fossil end-use fuels (including biofuels),"Biofuels, synthesized fuels and hydrogen production by technology",Energy,Fuel production,Hydrous ethanol,Sugarcane,1G2G with CCS,GWh,ES,2050,15.18984
Non-fossil end-use fuels (including biofuels),"Biofuels, synthesized fuels and hydrogen production by technology",Energy,Fuel production,Hydrous ethanol,Sugarcane,1G2G with CCS,GWh,GO,2025,0.0
Non-fossil end-use fuels (including biofuels),"Biofuels, synthesized fuels and hydrogen production by technology",Energy,Fuel production,Hydrous ethanol,Sugarcane,1G2G with CCS,GWh,GO,2030,0.44623
Non-fossil end-use fuels (including biofuels),"Biofuels, synthesized fuels and hydrogen production by technology",Energy,Fuel production,Hydrous ethanol,Sugarcane,1G2G with CCS,GWh,GO,2035,2.52626
Non-fossil end-use fuels (including biofuels),"Biofuels, synthesized fuels and hydrogen production by technology",Energy,Fuel production,Hydrous ethanol,Sugarcane,1G2G with CCS,GWh,GO,2040,19.55723
Non-fossil end-use fuels (including biofuels),"Biofuels, synthesized fuels and hydrogen production by technology",Energy,Fuel production,Hydrous ethanol,Sugarcane,1G2G with CCS,GWh,GO,2045,25.79455
Non-fossil end-use fuels (including biofuels),"Biofuels, synthesized fuels and hydrogen production by technology",Energy,Fuel production,Hydrous ethanol,Sugarcane,1G2G with CCS,GWh,GO,2050,23.55316
Non-fossil end-use fuels (including biofuels),"Biofuels, synthesized fuels and hydrogen production by technology",Energy,Fuel production,Hydrous ethanol,Sugarcane,1G2G with CCS,GWh,MA,2025,0.0
Non-fossil end-use fuels (including biofuels),"Biofuels, synthesized fuels and hydrogen production by technology",Energy,Fuel production,Hydrous ethanol,Sugarcane,1G2G with CCS,GWh,MA,2030,0.25778
Non-fossil end-use fuels (including biofuels),"Biofuels, synthesized fuels and hydrogen production by technology",Energy,Fuel production,Hydrous ethanol,Sugarcane,1G2G with CCS,GWh,MA,2035,116.99309
Non-fossil end-use fuels (including biofuels),"Biofuels, synthesized fuels and hydrogen production by technology",Energy,Fuel production,Hydrous ethanol,Sugarcane,1G2G with CCS,GWh,MA,2040,91.66913
Non-fossil end-use fuels (including biofuels),"Biofuels, synthesized fuels and hydrogen production by technology",Energy,Fuel production,Hydrous ethanol,Sugarcane,1G2G with CCS,GWh,MA,2045,77.63005
Non-fossil end-use fuels (including biofuels),"Biofuels, synthesized fuels and hydrogen production by technology",Energy,Fuel production,Hydrous ethanol,Sugarcane,1G2G with CCS,GWh,MA,2050,4.35199
Non-fossil end-use fuels (including biofuels),"Biofuels, synthesized fuels and hydrogen production by technology",Energy,Fuel production,Hydrous ethanol,Sugarcane,1G2G with CCS,GWh,MG,2025,0.0
Non-fossil end-use fuels (including biofuels),"Biofuels, synthesized fuels and hydrogen production by technology",Energy,Fuel production,Hydrous ethanol,Sugarcane,1G2G with CCS,GWh,MG,2030,0.70261
Non-fossil end-use fuels (including biofuels),"Biofuels, synthesized fuels and hydrogen production by technology",Energy,Fuel production,Hydrous ethanol,Sugarcane,1G2G with CCS,GWh,MG,2035,1208.88733
Non-fossil end-use fuels (including biofuels),"Biofuels, synthesized fuels and hydrogen production by technology",Energy,Fuel production,Hydrous ethanol,Sugarcane,1G2G with CCS,GWh,MG,2040,1197.4762
Non-fossil end-use fuels (including biofuels),"Biofuels, synthesized fuels and hydrogen production by technology",Energy,Fuel production,Hydrous ethanol,Sugarcane,1G2G with CCS,GWh,MG,2045,1208.73102
Non-fossil end-use fuels (including biofuels),"Biofuels, synthesized fuels and hydrogen production by technology",Energy,Fuel production,Hydrous ethanol,Sugarcane,1G2G with CCS,GWh,MG,2050,52.14608
Non-fossil end-use fuels (including biofuels),"Biofuels, synthesized fuels and hydrogen production by technology",Energy,Fuel production,Hydrous ethanol,Sugarcane,1G2G with CCS,GWh,MS,2025,0.0
Non-fossil end-use fuels (including biofuels),"Biofuels, synthesized fuels and hydrogen production by technology",Energy,Fuel production,Hydrous ethanol,Sugarcane,1G2G with CCS,GWh,MS,2030,0.56703
Non-fossil end-use fuels (including biofuels),"Biofuels, synthesized fuels and hydrogen production by technology",Energy,Fuel production,Hydrous ethanol,Sugarcane,1G2G with CCS,GWh,MS,2035,7.35729
Non-fossil end-use fuels (including biofuels),"Biofuels, synthesized fuels and hydrogen production by technology",Energy,Fuel production,Hydrous ethanol,Sugarcane,1G2G with CCS,GWh,MS,2040,27.09775
Non-fossil end-use fuels (including biofuels),"Biofuels, synthesized fuels and hydrogen production by technology",Energy,Fuel production,Hydrous ethanol,Sugarcane,1G2G with CCS,GWh,MS,2045,33.32505
Non-fossil end-use fuels (including biofuels),"Biofuels, synthesized fuels and hydrogen production by technology",Energy,Fuel production,Hydrous ethanol,Sugarcane,1G2G with CCS,GWh,MS,2050,30.07932
Non-fossil end-use fuels (including biofuels),"Biofuels, synthesized fuels and hydrogen production by technology",Energy,Fuel production,Hydrous ethanol,Sugarcane,1G2G with CCS,GWh,MT,2025,0.0
Non-fossil end-use fuels (including biofuels),"Biofuels, synthesized fuels and hydrogen production by technology",Energy,Fuel production,Hydrous ethanol,Sugarcane,1G2G with CCS,GWh,MT,2030,0.89422
Non-fossil end-use fuels (including biofuels),"Biofuels, synthesized fuels and hydrogen production by technology",Energy,Fuel production,Hydrous ethanol,Sugarcane,1G2G with CCS,GWh,MT,2035,5664.50818
Non-fossil end-use fuels (including biofuels),"Biofuels, synthesized fuels and hydrogen production by technology",Energy,Fuel production,Hydrous ethanol,Sugarcane,1G2G with CCS,GWh,MT,2040,5256.93844
Non-fossil end-use fuels (including biofuels),"Biofuels, synthesized fuels and hydrogen production by technology",Energy,Fuel production,Hydrous ethanol,Sugarcane,1G2G with CCS,GWh,MT,2045,5515.71119
Non-fossil end-use fuels (including biofuels),"Biofuels, synthesized fuels and hydrogen production by technology",Energy,Fuel production,Hydrous ethanol,Sugarcane,1G2G with CCS,GWh,MT,2050,33.34321
Non-fossil end-use fuels (including biofuels),"Biofuels, synthesized fuels and hydrogen production by technology",Energy,Fuel production,Hydrous ethanol,Sugarcane,1G2G with CCS,GWh,PA,2025,0.0
Non-fossil end-use fuels (including biofuels),"Biofuels, synthesized fuels and hydrogen production by technology",Energy,Fuel production,Hydrous ethanol,Sugarcane,1G2G with CCS,GWh,PA,2030,0.0483
Non-fossil end-use fuels (including biofuels),"Biofuels, synthesized fuels and hydrogen production by technology",Energy,Fuel production,Hydrous ethanol,Sugarcane,1G2G with CCS,GWh,PA,2035,0.06783
Non-fossil end-use fuels (including biofuels),"Biofuels, synthesized fuels and hydrogen production by technology",Energy,Fuel production,Hydrous ethanol,Sugarcane,1G2G with CCS,GWh,PA,2040,0.28803
Non-fossil end-use fuels (including biofuels),"Biofuels, synthesized fuels and hydrogen production by technology",Energy,Fuel production,Hydrous ethanol,Sugarcane,1G2G with CCS,GWh,PA,2045,0.29048
Non-fossil end-use fuels (including biofuels),"Biofuels, synthesized fuels and hydrogen production by technology",Energy,Fuel production,Hydrous ethanol,Sugarcane,1G2G with CCS,GWh,PA,2050,0.16696
Non-fossil end-use fuels (including biofuels),"Biofuels, synthesized fuels and hydrogen production by technology",Energy,Fuel production,Hydrous ethanol,Sugarcane,1G2G with CCS,GWh,PB,2025,0.0
Non-fossil end-use fuels (including biofuels),"Biofuels, synthesized fuels and hydrogen production by technology",Energy,Fuel production,Hydrous ethanol,Sugarcane,1G2G with CCS,GWh,PB,2030,0.29486
Non-fossil end-use fuels (including biofuels),"Biofuels, synthesized fuels and hydrogen production by technology",Energy,Fuel production,Hydrous ethanol,Sugarcane,1G2G with CCS,GWh,PB,2035,1.17697
Non-fossil end-use fuels (including biofuels),"Biofuels, synthesized fuels and hydrogen production by technology",Energy,Fuel production,Hydrous ethanol,Sugarcane,1G2G with CCS,GWh,PB,2040,2.9268
Non-fossil end-use fuels (including biofuels),"Biofuels, synthesized fuels and hydrogen production by technology",Energy,Fuel production,Hydrous ethanol,Sugarcane,1G2G with CCS,GWh,PB,2045,1.70032
Non-fossil end-use fuels (including biofuels),"Biofuels, synthesized fuels and hydrogen production by technology",Energy,Fuel production,Hydrous ethanol,Sugarcane,1G2G with CCS,GWh,PB,2050,1.21102
Non-fossil end-use fuels (including biofuels),"Biofuels, synthesized fuels and hydrogen production by technology",Energy,Fuel production,Hydrous ethanol,Sugarcane,1G2G with CCS,GWh,PE,2025,0.0
Non-fossil end-use fuels (including biofuels),"Biofuels, synthesized fuels and hydrogen production by technology",Energy,Fuel production,Hydrous ethanol,Sugarcane,1G2G with CCS,GWh,PE,2030,0.31175
Non-fossil end-use fuels (including biofuels),"Biofuels, synthesized fuels and hydrogen production by technology",Energy,Fuel production,Hydrous ethanol,Sugarcane,1G2G with CCS,GWh,PE,2035,3.08097
Non-fossil end-use fuels (including biofuels),"Biofuels, synthesized fuels and hydrogen production by technology",Energy,Fuel production,Hydrous ethanol,Sugarcane,1G2G with CCS,GWh,PE,2040,3.23626
Non-fossil end-use fuels (including biofuels),"Biofuels, synthesized fuels and hydrogen production by technology",Energy,Fuel production,Hydrous ethanol,Sugarcane,1G2G with CCS,GWh,PE,2045,2.17471
Non-fossil end-use fuels (including biofuels),"Biofuels, synthesized fuels and hydrogen production by technology",Energy,Fuel production,Hydrous ethanol,Sugarcane,1G2G with CCS,GWh,PE,2050,1.55168
Non-fossil end-use fuels (including biofuels),"Biofuels, synthesized fuels and hydrogen production by technology",Energy,Fuel production,Hydrous ethanol,Sugarcane,1G2G with CCS,GWh,PI,2025,0.0
Non-fossil end-use fuels (including biofuels),"Biofuels, synthesized fuels and hydrogen production by technology",Energy,Fuel production,Hydrous ethanol,Sugarcane,1G2G with CCS,GWh,PI,2030,0.25084
Non-fossil end-use fuels (including biofuels),"Biofuels, synthesized fuels and hydrogen production by technology",Energy,Fuel production,Hydrous ethanol,Sugarcane,1G2G with CCS,GWh,PI,2035,27.94091
Non-fossil end-use fuels (including biofuels),"Biofuels, synthesized fuels and hydrogen production by technology",Energy,Fuel production,Hydrous ethanol,Sugarcane,1G2G with CCS,GWh,PI,2040,14.31634
Non-fossil end-use fuels (including biofuels),"Biofuels, synthesized fuels and hydrogen production by technology",Energy,Fuel production,Hydrous ethanol,Sugarcane,1G2G with CCS,GWh,PI,2045,7.03423
Non-fossil end-use fuels (including biofuels),"Biofuels, synthesized fuels and hydrogen production by technology",Energy,Fuel production,Hydrous ethanol,Sugarcane,1G2G with CCS,GWh,PI,2050,1.55861
Non-fossil end-use fuels (including biofuels),"Biofuels, synthesized fuels and hydrogen production by technology",Energy,Fuel production,Hydrous ethanol,Sugarcane,1G2G with CCS,GWh,PR,2025,0.0
Non-fossil end-use fuels (including biofuels),"Biofuels, synthesized fuels and hydrogen production by technology",Energy,Fuel production,Hydrous ethanol,Sugarcane,1G2G with CCS,GWh,PR,2030,0.43916
Non-fossil end-use fuels (including biofuels),"Biofuels, synthesized fuels and hydrogen production by technology",Energy,Fuel production,Hydrous ethanol,Sugarcane,1G2G with CCS,GWh,PR,2035,1.86417
Non-fossil end-use fuels (including biofuels),"Biofuels, synthesized fuels and hydrogen production by technology",Energy,Fuel production,Hydrous ethanol,Sugarcane,1G2G with CCS,GWh,PR,2040,20.42428
Non-fossil end-use fuels (including biofuels),"Biofuels, synthesized fuels and hydrogen production by technology",Energy,Fuel production,Hydrous ethanol,Sugarcane,1G2G with CCS,GWh,PR,2045,25.22266
Non-fossil end-use fuels (including biofuels),"Biofuels, synthesized fuels and hydrogen production by technology",Energy,Fuel production,Hydrous ethanol,Sugarcane,1G2G with CCS,GWh,PR,2050,19.37483
Non-fossil end-use fuels (including biofuels),"Biofuels, synthesized fuels and hydrogen production by technology",Energy,Fuel production,Hydrous ethanol,Sugarcane,1G2G with CCS,GWh,RJ,2025,0.0
Non-fossil end-use fuels (including biofuels),"Biofuels, synthesized fuels and hydrogen production by technology",Energy,Fuel production,Hydrous ethanol,Sugarcane,1G2G with CCS,GWh,RJ,2030,0.36336
Non-fossil end-use fuels (including biofuels),"Biofuels, synthesized fuels and hydrogen production by technology",Energy,Fuel production,Hydrous ethanol,Sugarcane,1G2G with CCS,GWh,RJ,2035,361.59742
Non-fossil end-use fuels (including biofuels),"Biofuels, synthesized fuels and hydrogen production by technology",Energy,Fuel production,Hydrous ethanol,Sugarcane,1G2G with CCS,GWh,RJ,2040,342.39326
Non-fossil end-use fuels (including biofuels),"Biofuels, synthesized fuels and hydrogen production by technology",Energy,Fuel production,Hydrous ethanol,Sugarcane,1G2G with CCS,GWh,RJ,2045,331.44493
Non-fossil end-use fuels (including biofuels),"Biofuels, synthesized fuels and hydrogen production by technology",Energy,Fuel production,Hydrous ethanol,Sugarcane,1G2G with CCS,GWh,RJ,2050,1.42855
Non-fossil end-use fuels (including biofuels),"Biofuels, synthesized fuels and hydrogen production by technology",Energy,Fuel production,Hydrous ethanol,Sugarcane,1G2G with CCS,GWh,RN,2025,0.0
Non-fossil end-use fuels (including biofuels),"Biofuels, synthesized fuels and hydrogen production by technology",Energy,Fuel production,Hydrous ethanol,Sugarcane,1G2G with CCS,GWh,RN,2030,0.31484
Non-fossil end-use fuels (including biofuels),"Biofuels, synthesized fuels and hydrogen production by technology",Energy,Fuel production,Hydrous ethanol,Sugarcane,1G2G with CCS,GWh,RN,2035,329.48771
Non-fossil end-use fuels (including biofuels),"Biofuels, synthesized fuels and hydrogen production by technology",Energy,Fuel production,Hydrous ethanol,Sugarcane,1G2G with CCS,GWh,RN,2040,297.1628
Non-fossil end-use fuels (including biofuels),"Biofuels, synthesized fuels and hydrogen production by technology",Energy,Fuel production,Hydrous ethanol,Sugarcane,1G2G with CCS,GWh,RN,2045,286.1611
Non-fossil end-use fuels (including biofuels),"Biofuels, synthesized fuels and hydrogen production by technology",Energy,Fuel production,Hydrous ethanol,Sugarcane,1G2G with CCS,GWh,RN,2050,6.88033
Non-fossil end-use fuels (including biofuels),"Biofuels, synthesized fuels and hydrogen production by technology",Energy,Fuel production,Hydrous ethanol,Sugarcane,1G2G with CCS,GWh,RO,2025,0.0
Non-fossil end-use fuels (including biofuels),"Biofuels, synthesized fuels and hydrogen production by technology",Energy,Fuel production,Hydrous ethanol,Sugarcane,1G2G with CCS,GWh,RO,2030,0.05287
Non-fossil end-use fuels (including biofuels),"Biofuels, synthesized fuels and hydrogen production by technology",Energy,Fuel production,Hydrous ethanol,Sugarcane,1G2G with CCS,GWh,RO,2035,0.08439
Non-fossil end-use fuels (including biofuels),"Biofuels, synthesized fuels and hydrogen production by technology",Energy,Fuel production,Hydrous ethanol,Sugarcane,1G2G with CCS,GWh,RO,2040,0.23455
Non-fossil end-use fuels (including biofuels),"Biofuels, synthesized fuels and hydrogen production by technology",Energy,Fuel production,Hydrous ethanol,Sugarcane,1G2G with CCS,GWh,RO,2045,0.235
Non-fossil end-use fuels (including biofuels),"Biofuels, synthesized fuels and hydrogen production by technology",Energy,Fuel production,Hydrous ethanol,Sugarcane,1G2G with CCS,GWh,RO,2050,0.15159
Non-fossil end-use fuels (including biofuels),"Biofuels, synthesized fuels and hydrogen production by technology",Energy,Fuel production,Hydrous ethanol,Sugarcane,1G2G with CCS,GWh,RS,2025,0.0
Non-fossil end-use fuels (including biofuels),"Biofuels, synthesized fuels and hydrogen production by technology",Energy,Fuel production,Hydrous ethanol,Sugarcane,1G2G with CCS,GWh,RS,2030,0.17008
Non-fossil end-use fuels (including biofuels),"Biofuels, synthesized fuels and hydrogen production by technology",Energy,Fuel production,Hydrous ethanol,Sugarcane,1G2G with CCS,GWh,RS,2035,1.04633
Non-fossil end-use fuels (including biofuels),"Biofuels, synthesized fuels and hydrogen production by technology",Energy,Fuel production,Hydrous ethanol,Sugarcane,1G2G with CCS,GWh,RS,2040,8.81043
Non-fossil end-use fuels (including biofuels),"Biofuels, synthesized fuels and hydrogen production by technology",Energy,Fuel production,Hydrous ethanol,Sugarcane,1G2G with CCS,GWh,RS,2045,13.65291
Non-fossil end-use fuels (including biofuels),"Biofuels, synthesized fuels and hydrogen production by technology",Energy,Fuel production,Hydrous ethanol,Sugarcane,1G2G with CCS,GWh,RS,2050,3.82137
Non-fossil end-use fuels (including biofuels),"Biofuels, synthesized fuels and hydrogen production by technology",Energy,Fuel production,Hydrous ethanol,Sugarcane,1G2G with CCS,GWh,SC,2025,0.0
Non-fossil end-use fuels (including biofuels),"Biofuels, synthesized fuels and hydrogen production by technology",Energy,Fuel production,Hydrous ethanol,Sugarcane,1G2G with CCS,GWh,SC,2030,0.19898
Non-fossil end-use fuels (including biofuels),"Biofuels, synthesized fuels and hydrogen production by technology",Energy,Fuel production,Hydrous ethanol,Sugarcane,1G2G with CCS,GWh,SC,2035,1.3258
Non-fossil end-use fuels (including biofuels),"Biofuels, synthesized fuels and hydrogen production by technology",Energy,Fuel production,Hydrous ethanol,Sugarcane,1G2G with CCS,GWh,SC,2040,9.46314
Non-fossil end-use fuels (including biofuels),"Biofuels, synthesized fuels and hydrogen production by technology",Energy,Fuel production,Hydrous ethanol,Sugarcane,1G2G with CCS,GWh,SC,2045,14.73091
Non-fossil end-use fuels (including biofuels),"Biofuels, synthesized fuels and hydrogen production by technology",Energy,Fuel production,Hydrous ethanol,Sugarcane,1G2G with CCS,GWh,SC,2050,3.66068
Non-fossil end-use fuels (including biofuels),"Biofuels, synthesized fuels and hydrogen production by technology",Energy,Fuel production,Hydrous ethanol,Sugarcane,1G2G with CCS,GWh,SE,2025,0.0
Non-fossil end-use fuels (including biofuels),"Biofuels, synthesized fuels and hydrogen production by technology",Energy,Fuel production,Hydrous ethanol,Sugarcane,1G2G with CCS,GWh,SE,2030,0.30268
Non-fossil end-use fuels (including biofuels),"Biofuels, synthesized fuels and hydrogen production by technology",Energy,Fuel production,Hydrous ethanol,Sugarcane,1G2G with CCS,GWh,SE,2035,573.28613
Non-fossil end-use fuels (including biofuels),"Biofuels, synthesized fuels and hydrogen production by technology",Energy,Fuel production,Hydrous ethanol,Sugarcane,1G2G with CCS,GWh,SE,2040,528.93795
Non-fossil end-use fuels (including biofuels),"Biofuels, synthesized fuels and hydrogen production by technology",Energy,Fuel production,Hydrous ethanol,Sugarcane,1G2G with CCS,GWh,SE,2045,512.51999
Non-fossil end-use fuels (including biofuels),"Biofuels, synthesized fuels and hydrogen production by technology",Energy,Fuel production,Hydrous ethanol,Sugarcane,1G2G with CCS,GWh,SE,2050,12.48847
Non-fossil end-use fuels (including biofuels),"Biofuels, synthesized fuels and hydrogen production by technology",Energy,Fuel production,Hydrous ethanol,Sugarcane,1G2G with CCS,GWh,SP,2025,0.0
Non-fossil end-use fuels (including biofuels),"Biofuels, synthesized fuels and hydrogen production by technology",Energy,Fuel production,Hydrous ethanol,Sugarcane,1G2G with CCS,GWh,SP,2030,0.54865
Non-fossil end-use fuels (including biofuels),"Biofuels, synthesized fuels and hydrogen production by technology",Energy,Fuel production,Hydrous ethanol,Sugarcane,1G2G with CCS,GWh,SP,2035,4.52808
Non-fossil end-use fuels (including biofuels),"Biofuels, synthesized fuels and hydrogen production by technology",Energy,Fuel production,Hydrous ethanol,Sugarcane,1G2G with CCS,GWh,SP,2040,25.28372
Non-fossil end-use fuels (including biofuels),"Biofuels, synthesized fuels and hydrogen production by technology",Energy,Fuel production,Hydrous ethanol,Sugarcane,1G2G with CCS,GWh,SP,2045,30.8673
Non-fossil end-use fuels (including biofuels),"Biofuels, synthesized fuels and hydrogen production by technology",Energy,Fuel production,Hydrous ethanol,Sugarcane,1G2G with CCS,GWh,SP,2050,26.75722
Non-fossil end-use fuels (including biofuels),"Biofuels, synthesized fuels and hydrogen production by technology",Energy,Fuel production,Hydrous ethanol,Sugarcane,1G2G with CCS,GWh,TO,2025,0.0
Non-fossil end-use fuels (including biofuels),"Biofuels, synthesized fuels and hydrogen production by technology",Energy,Fuel production,Hydrous ethanol,Sugarcane,1G2G with CCS,GWh,TO,2030,0.29945
Non-fossil end-use fuels (including biofuels),"Biofuels, synthesized fuels and hydrogen production by technology",Energy,Fuel production,Hydrous ethanol,Sugarcane,1G2G with CCS,GWh,TO,2035,0.70262
Non-fossil end-use fuels (including biofuels),"Biofuels, synthesized fuels and hydrogen production by technology",Energy,Fuel production,Hydrous ethanol,Sugarcane,1G2G with CCS,GWh,TO,2040,7.71076
Non-fossil end-use fuels (including biofuels),"Biofuels, synthesized fuels and hydrogen production by technology",Energy,Fuel production,Hydrous ethanol,Sugarcane,1G2G with CCS,GWh,TO,2045,7.83712
Non-fossil end-use fuels (including biofuels),"Biofuels, synthesized fuels and hydrogen production by technology",Energy,Fuel production,Hydrous ethanol,Sugarcane,1G2G with CCS,GWh,TO,2050,3.29736
Non-fossil end-use fuels (including biofuels),"Biofuels, synthesized fuels and hydrogen production by technology",Energy,Fuel production,Charcoal,Residue,Carbonization,GWh,BA,2025,10.96013
Non-fossil end-use fuels (including biofuels),"Biofuels, synthesized fuels and hydrogen production by technology",Energy,Fuel production,Charcoal,Residue,Carbonization,GWh,BA,2030,1.07723
Non-fossil end-use fuels (including biofuels),"Biofuels, synthesized fuels and hydrogen production by technology",Energy,Fuel production,Charcoal,Residue,Carbonization,GWh,BA,2035,1.10791
Non-fossil end-use fuels (including biofuels),"Biofuels, synthesized fuels and hydrogen production by technology",Energy,Fuel production,Charcoal,Residue,Carbonization,GWh,BA,2040,17.7444
Non-fossil end-use fuels (including biofuels),"Biofuels, synthesized fuels and hydrogen production by technology",Energy,Fuel production,Charcoal,Residue,Carbonization,GWh,BA,2045,1.87858
Non-fossil end-use fuels (including biofuels),"Biofuels, synthesized fuels and hydrogen production by technology",Energy,Fuel production,Charcoal,Residue,Carbonization,GWh,BA,2050,1.42967
Non-fossil end-use fuels (including biofuels),"Biofuels, synthesized fuels and hydrogen production by technology",Energy,Fuel production,Charcoal,Residue,Carbonization,GWh,ES,2025,9.29048
Non-fossil end-use fuels (including biofuels),"Biofuels, synthesized fuels and hydrogen production by technology",Energy,Fuel production,Charcoal,Residue,Carbonization,GWh,ES,2030,0.98953
Non-fossil end-use fuels (including biofuels),"Biofuels, synthesized fuels and hydrogen production by technology",Energy,Fuel production,Charcoal,Residue,Carbonization,GWh,ES,2035,1.00228
Non-fossil end-use fuels (including biofuels),"Biofuels, synthesized fuels and hydrogen production by technology",Energy,Fuel production,Charcoal,Residue,Carbonization,GWh,ES,2040,17.2352
Non-fossil end-use fuels (including biofuels),"Biofuels, synthesized fuels and hydrogen production by technology",Energy,Fuel production,Charcoal,Residue,Carbonization,GWh,ES,2045,1.7107
Non-fossil end-use fuels (including biofuels),"Biofuels, synthesized fuels and hydrogen production by technology",Energy,Fuel production,Charcoal,Residue,Carbonization,GWh,ES,2050,1.29768
Non-fossil end-use fuels (including biofuels),"Biofuels, synthesized fuels and hydrogen production by technology",Energy,Fuel production,Charcoal,Residue,Carbonization,GWh,GO,2025,8.28756
Non-fossil end-use fuels (including biofuels),"Biofuels, synthesized fuels and hydrogen production by technology",Energy,Fuel production,Charcoal,Residue,Carbonization,GWh,GO,2030,0.92966
Non-fossil end-use fuels (including biofuels),"Biofuels, synthesized fuels and hydrogen production by technology",Energy,Fuel production,Charcoal,Residue,Carbonization,GWh,GO,2035,0.92934
Non-fossil end-use fuels (including biofuels),"Biofuels, synthesized fuels and hydrogen production by technology",Energy,Fuel production,Charcoal,Residue,Carbonization,GWh,GO,2040,17.12392
Non-fossil end-use fuels (including biofuels),"Biofuels, synthesized fuels and hydrogen production by technology",Energy,Fuel production,Charcoal,Residue,Carbonization,GWh,GO,2045,1.63259
Non-fossil end-use fuels (including biofuels),"Biofuels, synthesized fuels and hydrogen production by technology",Energy,Fuel production,Charcoal,Residue,Carbonization,GWh,GO,2050,1.22246
Non-fossil end-use fuels (including biofuels),"Biofuels, synthesized fuels and hydrogen production by technology",Energy,Fuel production,Charcoal,Residue,Carbonization,GWh,MA,2025,7.31857
Non-fossil end-use fuels (including biofuels),"Biofuels, synthesized fuels and hydrogen production by technology",Energy,Fuel production,Charcoal,Residue,Carbonization,GWh,MA,2030,0.86596
Non-fossil end-use fuels (including biofuels),"Biofuels, synthesized fuels and hydrogen production by technology",Energy,Fuel production,Charcoal,Residue,Carbonization,GWh,MA,2035,0.85003
Non-fossil end-use fuels (including biofuels),"Biofuels, synthesized fuels and hydrogen production by technology",Energy,Fuel production,Charcoal,Residue,Carbonization,GWh,MA,2040,16.82408
Non-fossil end-use fuels (including biofuels),"Biofuels, synthesized fuels and hydrogen production by technology",Energy,Fuel production,Charcoal,Residue,Carbonization,GWh,MA,2045,1.5466
Non-fossil end-use fuels (including biofuels),"Biofuels, synthesized fuels and hydrogen production by technology",Energy,Fuel production,Charcoal,Residue,Carbonization,GWh,MA,2050,1.14905
Non-fossil end-use fuels (including biofuels),"Biofuels, synthesized fuels and hydrogen production by technology",Energy,Fuel production,Charcoal,Residue,Carbonization,GWh,MG,2025,12.56481
Non-fossil end-use fuels (including biofuels),"Biofuels, synthesized fuels and hydrogen production by technology",Energy,Fuel production,Charcoal,Residue,Carbonization,GWh,MG,2030,1.15058
Non-fossil end-use fuels (including biofuels),"Biofuels, synthesized fuels and hydrogen production by technology",Energy,Fuel production,Charcoal,Residue,Carbonization,GWh,MG,2035,1.30525
Non-fossil end-use fuels (including biofuels),"Biofuels, synthesized fuels and hydrogen production by technology",Energy,Fuel production,Charcoal,Residue,Carbonization,GWh,MG,2040,20.36628
Non-fossil end-use fuels (including biofuels),"Biofuels, synthesized fuels and hydrogen production by technology",Energy,Fuel production,Charcoal,Residue,Carbonization,GWh,MG,2045,2.11199
Non-fossil end-use fuels (including biofuels),"Biofuels, synthesized fuels and hydrogen production by technology",Energy,Fuel production,Charcoal,Residue,Carbonization,GWh,MG,2050,1.57548
Non-fossil end-use fuels (including biofuels),"Biofuels, synthesized fuels and hydrogen production by technology",Energy,Fuel production,Charcoal,Residue,Carbonization,GWh,MS,2025,12.24853
Non-fossil end-use fuels (including biofuels),"Biofuels, synthesized fuels and hydrogen production by technology",Energy,Fuel production,Charcoal,Residue,Carbonization,GWh,MS,2030,1.1379
Non-fossil end-use fuels (including biofuels),"Biofuels, synthesized fuels and hydrogen production by technology",Energy,Fuel production,Charcoal,Residue,Carbonization,GWh,MS,2035,1.23375
Non-fossil end-use fuels (including biofuels),"Biofuels, synthesized fuels and hydrogen production by technology",Energy,Fuel production,Charcoal,Residue,Carbonization,GWh,MS,2040,19.76593
Non-fossil end-use fuels (including biofuels),"Biofuels, synthesized fuels and hydrogen production by technology",Energy,Fuel production,Charcoal,Residue,Carbonization,GWh,MS,2045,2.03116
Non-fossil end-use fuels (including biofuels),"Biofuels, synthesized fuels and hydrogen production by technology",Energy,Fuel production,Charcoal,Residue,Carbonization,GWh,MS,2050,1.52299
Non-fossil end-use fuels (including biofuels),"Biofuels, synthesized fuels and hydrogen production by technology",Energy,Fuel production,Charcoal,Residue,Carbonization,GWh,MT,2025,8.4817
Non-fossil end-use fuels (including biofuels),"Biofuels, synthesized fuels and hydrogen production by technology",Energy,Fuel production,Charcoal,Residue,Carbonization,GWh,MT,2030,0.94172
Non-fossil end-use fuels (including biofuels),"Biofuels, synthesized fuels and hydrogen production by technology",Energy,Fuel production,Charcoal,Residue,Carbonization,GWh,MT,2035,0.94426
Non-fossil end-use fuels (including biofuels),"Biofuels, synthesized fuels and hydrogen production by technology",Energy,Fuel production,Charcoal,Residue,Carbonization,GWh,MT,2040,17.15512
Non-fossil end-use fuels (including biofuels),"Biofuels, synthesized fuels and hydrogen production by technology",Energy,Fuel production,Charcoal,Residue,Carbonization,GWh,MT,2045,1.6479
Non-fossil end-use fuels (including biofuels),"Biofuels, synthesized fuels and hydrogen production by technology",Energy,Fuel production,Charcoal,Residue,Carbonization,GWh,MT,2050,1.23706
Non-fossil end-use fuels (including biofuels),"Biofuels, synthesized fuels and hydrogen production by technology",Energy,Fuel production,Charcoal,Residue,Carbonization,GWh,PR,2025,11.69555
Non-fossil end-use fuels (including biofuels),"Biofuels, synthesized fuels and hydrogen production by technology",Energy,Fuel production,Charcoal,Residue,Carbonization,GWh,PR,2030,1.11315
Non-fossil end-use fuels (including biofuels),"Biofuels, synthesized fuels and hydrogen production by technology",Energy,Fuel production,Charcoal,Residue,Carbonization,GWh,PR,2035,1.1644
Non-fossil end-use fuels (including biofuels),"Biofuels, synthesized fuels and hydrogen production by technology",Energy,Fuel production,Charcoal,Residue,Carbonization,GWh,PR,2040,18.7962
Non-fossil end-use fuels (including biofuels),"Biofuels, synthesized fuels and hydrogen production by technology",Energy,Fuel production,Charcoal,Residue,Carbonization,GWh,PR,2045,1.95336
Non-fossil end-use fuels (including biofuels),"Biofuels, synthesized fuels and hydrogen production by technology",Energy,Fuel production,Charcoal,Residue,Carbonization,GWh,PR,2050,1.47659
Non-fossil end-use fuels (including biofuels),"Biofuels, synthesized fuels and hydrogen production by technology",Energy,Fuel production,Charcoal,Residue,Carbonization,GWh,RS,2025,11.76287
Non-fossil end-use fuels (including biofuels),"Biofuels, synthesized fuels and hydrogen production by technology",Energy,Fuel production,Charcoal,Residue,Carbonization,GWh,RS,2030,1.11633
Non-fossil end-use fuels (including biofuels),"Biofuels, synthesized fuels and hydrogen production by technology",Energy,Fuel production,Charcoal,Residue,Carbonization,GWh,RS,2035,1.17095
Non-fossil end-use fuels (including biofuels),"Biofuels, synthesized fuels and hydrogen production by technology",Energy,Fuel production,Charcoal,Residue,Carbonization,GWh,RS,2040,18.90468
Non-fossil end-use fuels (including biofuels),"Biofuels, synthesized fuels and hydrogen production by technology",Energy,Fuel production,Charcoal,Residue,Carbonization,GWh,RS,2045,1.96109
Non-fossil end-use fuels (including biofuels),"Biofuels, synthesized fuels and hydrogen production by technology",Energy,Fuel production,Charcoal,Residue,Carbonization,GWh,RS,2050,1.48124
Non-fossil end-use fuels (including biofuels),"Biofuels, synthesized fuels and hydrogen production by technology",Energy,Fuel production,Charcoal,Residue,Carbonization,GWh,SC,2025,10.35107
Non-fossil end-use fuels (including biofuels),"Biofuels, synthesized fuels and hydrogen production by technology",Energy,Fuel production,Charcoal,Residue,Carbonization,GWh,SC,2030,1.04675
Non-fossil end-use fuels (including biofuels),"Biofuels, synthesized fuels and hydrogen production by technology",Energy,Fuel production,Charcoal,Residue,Carbonization,GWh,SC,2035,1.06966
Non-fossil end-use fuels (including biofuels),"Biofuels, synthesized fuels and hydrogen production by technology",Energy,Fuel production,Charcoal,Residue,Carbonization,GWh,SC,2040,17.37922
Non-fossil end-use fuels (including biofuels),"Biofuels, synthesized fuels and hydrogen production by technology",Energy,Fuel production,Charcoal,Residue,Carbonization,GWh,SC,2045,1.81457
Non-fossil end-use fuels (including biofuels),"Biofuels, synthesized fuels and hydrogen production by technology",Energy,Fuel production,Charcoal,Residue,Carbonization,GWh,SC,2050,1.38142
Non-fossil end-use fuels (including biofuels),"Biofuels, synthesized fuels and hydrogen production by technology",Energy,Fuel production,Charcoal,Residue,Carbonization,GWh,SP,2025,12.11926
Non-fossil end-use fuels (including biofuels),"Biofuels, synthesized fuels and hydrogen production by technology",Energy,Fuel production,Charcoal,Residue,Carbonization,GWh,SP,2030,1.13247
Non-fossil end-use fuels (including biofuels),"Biofuels, synthesized fuels and hydrogen production by technology",Energy,Fuel production,Charcoal,Residue,Carbonization,GWh,SP,2035,1.21301
Non-fossil end-use fuels (including biofuels),"Biofuels, synthesized fuels and hydrogen production by technology",Energy,Fuel production,Charcoal,Residue,Carbonization,GWh,SP,2040,19.52223
Non-fossil end-use fuels (including biofuels),"Biofuels, synthesized fuels and hydrogen production by technology",Energy,Fuel production,Charcoal,Residue,Carbonization,GWh,SP,2045,2.00883
Non-fossil end-use fuels (including biofuels),"Biofuels, synthesized fuels and hydrogen production by technology",Energy,Fuel production,Charcoal,Residue,Carbonization,GWh,SP,2050,1.50957
Non-fossil end-use fuels (including biofuels),"Biofuels, synthesized fuels and hydrogen production by technology",Energy,Fuel production,Charcoal,Residue,Carbonization,GWh,TO,2025,6.27869
Non-fossil end-use fuels (including biofuels),"Biofuels, synthesized fuels and hydrogen production by technology",Energy,Fuel production,Charcoal,Residue,Carbonization,GWh,TO,2030,0.79108
Non-fossil end-use fuels (including biofuels),"Biofuels, synthesized fuels and hydrogen production by technology",Energy,Fuel production,Charcoal,Residue,Carbonization,GWh,TO,2035,0.75796
Non-fossil end-use fuels (including biofuels),"Biofuels, synthesized fuels and hydrogen production by technology",Energy,Fuel production,Charcoal,Residue,Carbonization,GWh,TO,2040,16.08053
Non-fossil end-use fuels (including biofuels),"Biofuels, synthesized fuels and hydrogen production by technology",Energy,Fuel production,Charcoal,Residue,Carbonization,GWh,TO,2045,1.43881
Non-fossil end-use fuels (including biofuels),"Biofuels, synthesized fuels and hydrogen production by technology",Energy,Fuel production,Charcoal,Residue,Carbonization,GWh,TO,2050,1.07042
Non-fossil end-use fuels (including biofuels),"Biofuels, synthesized fuels and hydrogen production by technology",Energy,Fuel production,Charcoal,Wood,Carbonization,GWh,BA,2025,24.78397
Non-fossil end-use fuels (including biofuels),"Biofuels, synthesized fuels and hydrogen production by technology",Energy,Fuel production,Charcoal,Wood,Carbonization,GWh,BA,2030,1.87272
Non-fossil end-use fuels (including biofuels),"Biofuels, synthesized fuels and hydrogen production by technology",Energy,Fuel production,Charcoal,Wood,Carbonization,GWh,BA,2035,1.61455
Non-fossil end-use fuels (including biofuels),"Biofuels, synthesized fuels and hydrogen production by technology",Energy,Fuel production,Charcoal,Wood,Carbonization,GWh,BA,2040,33.50959
Non-fossil end-use fuels (including biofuels),"Biofuels, synthesized fuels and hydrogen production by technology",Energy,Fuel production,Charcoal,Wood,Carbonization,GWh,BA,2045,2.28279
Non-fossil end-use fuels (including biofuels),"Biofuels, synthesized fuels and hydrogen production by technology",Energy,Fuel production,Charcoal,Wood,Carbonization,GWh,BA,2050,1.28414
Non-fossil end-use fuels (including biofuels),"Biofuels, synthesized fuels and hydrogen production by technology",Energy,Fuel production,Charcoal,Wood,Carbonization,GWh,CE,2025,45.75909
Non-fossil end-use fuels (including biofuels),"Biofuels, synthesized fuels and hydrogen production by technology",Energy,Fuel production,Charcoal,Wood,Carbonization,GWh,CE,2030,34.22741
Non-fossil end-use fuels (including biofuels),"Biofuels, synthesized fuels and hydrogen production by technology",Energy,Fuel production,Charcoal,Wood,Carbonization,GWh,CE,2035,24.13634
Non-fossil end-use fuels (including biofuels),"Biofuels, synthesized fuels and hydrogen production by technology",Energy,Fuel production,Charcoal,Wood,Carbonization,GWh,CE,2040,28.63384
Non-fossil end-use fuels (including biofuels),"Biofuels, synthesized fuels and hydrogen production by technology",Energy,Fuel production,Charcoal,Wood,Carbonization,GWh,CE,2045,6.09947
Non-fossil end-use fuels (including biofuels),"Biofuels, synthesized fuels and hydrogen production by technology",Energy,Fuel production,Charcoal,Wood,Carbonization,GWh,CE,2050,5.14288
Non-fossil end-use fuels (including biofuels),"Biofuels, synthesized fuels and hydrogen production by technology",Energy,Fuel production,Charcoal,Wood,Carbonization,GWh,DF,2025,108.21166
Non-fossil end-use fuels (including biofuels),"Biofuels, synthesized fuels and hydrogen production by technology",Energy,Fuel production,Charcoal,Wood,Carbonization,GWh,DF,2030,94.08783
Non-fossil end-use fuels (including biofuels),"Biofuels, synthesized fuels and hydrogen production by technology",Energy,Fuel production,Charcoal,Wood,Carbonization,GWh,DF,2035,54.81881
Non-fossil end-use fuels (including biofuels),"Biofuels, synthesized fuels and hydrogen production by technology",Energy,Fuel production,Charcoal,Wood,Carbonization,GWh,DF,2040,52.30878
Non-fossil end-use fuels (including biofuels),"Biofuels, synthesized fuels and hydrogen production by technology",Energy,Fuel production,Charcoal,Wood,Carbonization,GWh,DF,2045,4.23732
Non-fossil end-use fuels (including biofuels),"Biofuels, synthesized fuels and hydrogen production by technology",Energy,Fuel production,Charcoal,Wood,Carbonization,GWh,DF,2050,3.09478
Non-fossil end-use fuels (including biofuels),"Biofuels, synthesized fuels and hydrogen production by technology",Energy,Fuel production,Charcoal,Wood,Carbonization,GWh,ES,2025,186.74984
Non-fossil end-use fuels (including biofuels),"Biofuels, synthesized fuels and hydrogen production by technology",Energy,Fuel production,Charcoal,Wood,Carbonization,GWh,ES,2030,146.43028
Non-fossil end-use fuels (including biofuels),"Biofuels, synthesized fuels and hydrogen production by technology",Energy,Fuel production,Charcoal,Wood,Carbonization,GWh,ES,2035,89.76324
Non-fossil end-use fuels (including biofuels),"Biofuels, synthesized fuels and hydrogen production by technology",Energy,Fuel production,Charcoal,Wood,Carbonization,GWh,ES,2040,40.14698
Non-fossil end-use fuels (including biofuels),"Biofuels, synthesized fuels and hydrogen production by technology",Energy,Fuel production,Charcoal,Wood,Carbonization,GWh,ES,2045,4.22901
Non-fossil end-use fuels (including biofuels),"Biofuels, synthesized fuels and hydrogen production by technology",Energy,Fuel production,Charcoal,Wood,Carbonization,GWh,ES,2050,3.01668
Non-fossil end-use fuels (including biofuels),"Biofuels, synthesized fuels and hydrogen production by technology",Energy,Fuel production,Charcoal,Wood,Carbonization,GWh,GO,2025,70.78399
Non-fossil end-use fuels (including biofuels),"Biofuels, synthesized fuels and hydrogen production by technology",Energy,Fuel production,Charcoal,Wood,Carbonization,GWh,GO,2030,6.94028
Non-fossil end-use fuels (including biofuels),"Biofuels, synthesized fuels and hydrogen production by technology",Energy,Fuel production,Charcoal,Wood,Carbonization,GWh,GO,2035,6.1117
Non-fossil end-use fuels (including biofuels),"Biofuels, synthesized fuels and hydrogen production by technology",Energy,Fuel production,Charcoal,Wood,Carbonization,GWh,GO,2040,91.90851
Non-fossil end-use fuels (including biofuels),"Biofuels, synthesized fuels and hydrogen production by technology",Energy,Fuel production,Charcoal,Wood,Carbonization,GWh,GO,2045,8.36317
Non-fossil end-use fuels (including biofuels),"Biofuels, synthesized fuels and hydrogen production by technology",Energy,Fuel production,Charcoal,Wood,Carbonization,GWh,GO,2050,5.09192
Non-fossil end-use fuels (including biofuels),"Biofuels, synthesized fuels and hydrogen production by technology",Energy,Fuel production,Charcoal,Wood,Carbonization,GWh,MA,2025,2.47942
Non-fossil end-use fuels (including biofuels),"Biofuels, synthesized fuels and hydrogen production by technology",Energy,Fuel production,Charcoal,Wood,Carbonization,GWh,MA,2030,0.19449
Non-fossil end-use fuels (including biofuels),"Biofuels, synthesized fuels and hydrogen production by technology",Energy,Fuel production,Charcoal,Wood,Carbonization,GWh,MA,2035,0.27822
Non-fossil end-use fuels (including biofuels),"Biofuels, synthesized fuels and hydrogen production by technology",Energy,Fuel production,Charcoal,Wood,Carbonization,GWh,MA,2040,2.88858
Non-fossil end-use fuels (including biofuels),"Biofuels, synthesized fuels and hydrogen production by technology",Energy,Fuel production,Charcoal,Wood,Carbonization,GWh,MA,2045,0.247
Non-fossil end-use fuels (including biofuels),"Biofuels, synthesized fuels and hydrogen production by technology",Energy,Fuel production,Charcoal,Wood,Carbonization,GWh,MA,2050,0.27024
Non-fossil end-use fuels (including biofuels),"Biofuels, synthesized fuels and hydrogen production by technology",Energy,Fuel production,Charcoal,Wood,Carbonization,GWh,MG,2025,39.85562
Non-fossil end-use fuels (including biofuels),"Biofuels, synthesized fuels and hydrogen production by technology",Energy,Fuel production,Charcoal,Wood,Carbonization,GWh,MG,2030,3.85135
Non-fossil end-use fuels (including biofuels),"Biofuels, synthesized fuels and hydrogen production by technology",Energy,Fuel production,Charcoal,Wood,Carbonization,GWh,MG,2035,3.23604
Non-fossil end-use fuels (including biofuels),"Biofuels, synthesized fuels and hydrogen production by technology",Energy,Fuel production,Charcoal,Wood,Carbonization,GWh,MG,2040,47.69908
Non-fossil end-use fuels (including biofuels),"Biofuels, synthesized fuels and hydrogen production by technology",Energy,Fuel production,Charcoal,Wood,Carbonization,GWh,MG,2045,4.92049
Non-fossil end-use fuels (including biofuels),"Biofuels, synthesized fuels and hydrogen production by technology",Energy,Fuel production,Charcoal,Wood,Carbonization,GWh,MG,2050,2.7879
Non-fossil end-use fuels (including biofuels),"Biofuels, synthesized fuels and hydrogen production by technology",Energy,Fuel production,Charcoal,Wood,Carbonization,GWh,MS,2025,42593.75468
Non-fossil end-use fuels (including biofuels),"Biofuels, synthesized fuels and hydrogen production by technology",Energy,Fuel production,Charcoal,Wood,Carbonization,GWh,MS,2030,43096.92015
Non-fossil end-use fuels (including biofuels),"Biofuels, synthesized fuels and hydrogen production by technology",Energy,Fuel production,Charcoal,Wood,Carbonization,GWh,MS,2035,43125.34992
Non-fossil end-use fuels (including biofuels),"Biofuels, synthesized fuels and hydrogen production by technology",Energy,Fuel production,Charcoal,Wood,Carbonization,GWh,MS,2040,2640.68413
Non-fossil end-use fuels (including biofuels),"Biofuels, synthesized fuels and hydrogen production by technology",Energy,Fuel production,Charcoal,Wood,Carbonization,GWh,MS,2045,236.61324
Non-fossil end-use fuels (including biofuels),"Biofuels, synthesized fuels and hydrogen production by technology",Energy,Fuel production,Charcoal,Wood,Carbonization,GWh,MS,2050,12.00365
Non-fossil end-use fuels (including biofuels),"Biofuels, synthesized fuels and hydrogen production by technology",Energy,Fuel production,Charcoal,Wood,Carbonization,GWh,MT,2025,51.21904
Non-fossil end-use fuels (including biofuels),"Biofuels, synthesized fuels and hydrogen production by technology",Energy,Fuel production,Charcoal,Wood,Carbonization,GWh,MT,2030,4.7784
Non-fossil end-use fuels (including biofuels),"Biofuels, synthesized fuels and hydrogen production by technology",Energy,Fuel production,Charcoal,Wood,Carbonization,GWh,MT,2035,4.97612
Non-fossil end-use fuels (including biofuels),"Biofuels, synthesized fuels and hydrogen production by technology",Energy,Fuel production,Charcoal,Wood,Carbonization,GWh,MT,2040,79.82137
Non-fossil end-use fuels (including biofuels),"Biofuels, synthesized fuels and hydrogen production by technology",Energy,Fuel production,Charcoal,Wood,Carbonization,GWh,MT,2045,6.62906
Non-fossil end-use fuels (including biofuels),"Biofuels, synthesized fuels and hydrogen production by technology",Energy,Fuel production,Charcoal,Wood,Carbonization,GWh,MT,2050,3.84292
Non-fossil end-use fuels (including biofuels),"Biofuels, synthesized fuels and hydrogen production by technology",Energy,Fuel production,Charcoal,Wood,Carbonization,GWh,PA,2025,1.82244
Non-fossil end-use fuels (including biofuels),"Biofuels, synthesized fuels and hydrogen production by technology",Energy,Fuel production,Charcoal,Wood,Carbonization,GWh,PA,2030,1.33634
Non-fossil end-use fuels (including biofuels),"Biofuels, synthesized fuels and hydrogen production by technology",Energy,Fuel production,Charcoal,Wood,Carbonization,GWh,PA,2035,1.08726
Non-fossil end-use fuels (including biofuels),"Biofuels, synthesized fuels and hydrogen production by technology",Energy,Fuel production,Charcoal,Wood,Carbonization,GWh,PA,2040,0.88753
Non-fossil end-use fuels (including biofuels),"Biofuels, synthesized fuels and hydrogen production by technology",Energy,Fuel production,Charcoal,Wood,Carbonization,GWh,PA,2045,0.28009
Non-fossil end-use fuels (including biofuels),"Biofuels, synthesized fuels and hydrogen production by technology",Energy,Fuel production,Charcoal,Wood,Carbonization,GWh,PA,2050,0.40467
Non-fossil end-use fuels (including biofuels),"Biofuels, synthesized fuels and hydrogen production by technology",Energy,Fuel production,Charcoal,Wood,Carbonization,GWh,PE,2025,7.62137
Non-fossil end-use fuels (including biofuels),"Biofuels, synthesized fuels and hydrogen production by technology",Energy,Fuel production,Charcoal,Wood,Carbonization,GWh,PE,2030,4.49722
Non-fossil end-use fuels (including biofuels),"Biofuels, synthesized fuels and hydrogen production by technology",Energy,Fuel production,Charcoal,Wood,Carbonization,GWh,PE,2035,3.60657
Non-fossil end-use fuels (including biofuels),"Biofuels, synthesized fuels and hydrogen production by technology",Energy,Fuel production,Charcoal,Wood,Carbonization,GWh,PE,2040,9.20859
Non-fossil end-use fuels (including biofuels),"Biofuels, synthesized fuels and hydrogen production by technology",Energy,Fuel production,Charcoal,Wood,Carbonization,GWh,PE,2045,1.64715
Non-fossil end-use fuels (including biofuels),"Biofuels, synthesized fuels and hydrogen production by technology",Energy,Fuel production,Charcoal,Wood,Carbonization,GWh,PE,2050,1.13902
Non-fossil end-use fuels (including biofuels),"Biofuels, synthesized fuels and hydrogen production by technology",Energy,Fuel production,Charcoal,Wood,Carbonization,GWh,PI,2025,5.34816
Non-fossil end-use fuels (including biofuels),"Biofuels, synthesized fuels and hydrogen production by technology",Energy,Fuel production,Charcoal,Wood,Carbonization,GWh,PI,2030,0.51032
Non-fossil end-use fuels (including biofuels),"Biofuels, synthesized fuels and hydrogen production by technology",Energy,Fuel production,Charcoal,Wood,Carbonization,GWh,PI,2035,0.45536
Non-fossil end-use fuels (including biofuels),"Biofuels, synthesized fuels and hydrogen production by technology",Energy,Fuel production,Charcoal,Wood,Carbonization,GWh,PI,2040,4.73514
Non-fossil end-use fuels (including biofuels),"Biofuels, synthesized fuels and hydrogen production by technology",Energy,Fuel production,Charcoal,Wood,Carbonization,GWh,PI,2045,0.43703
Non-fossil end-use fuels (including biofuels),"Biofuels, synthesized fuels and hydrogen production by technology",Energy,Fuel production,Charcoal,Wood,Carbonization,GWh,PI,2050,0.40762
Non-fossil end-use fuels (including biofuels),"Biofuels, synthesized fuels and hydrogen production by technology",Energy,Fuel production,Charcoal,Wood,Carbonization,GWh,PR,2025,66.89065
Non-fossil end-use fuels (including biofuels),"Biofuels, synthesized fuels and hydrogen production by technology",Energy,Fuel production,Charcoal,Wood,Carbonization,GWh,PR,2030,7.02033
Non-fossil end-use fuels (including biofuels),"Biofuels, synthesized fuels and hydrogen production by technology",Energy,Fuel production,Charcoal,Wood,Carbonization,GWh,PR,2035,5.84797
Non-fossil end-use fuels (including biofuels),"Biofuels, synthesized fuels and hydrogen production by technology",Energy,Fuel production,Charcoal,Wood,Carbonization,GWh,PR,2040,82.42575
Non-fossil end-use fuels (including biofuels),"Biofuels, synthesized fuels and hydrogen production by technology",Energy,Fuel production,Charcoal,Wood,Carbonization,GWh,PR,2045,9.23815
Non-fossil end-use fuels (including biofuels),"Biofuels, synthesized fuels and hydrogen production by technology",Energy,Fuel production,Charcoal,Wood,Carbonization,GWh,PR,2050,7.26238
Non-fossil end-use fuels (including biofuels),"Biofuels, synthesized fuels and hydrogen production by technology",Energy,Fuel production,Charcoal,Wood,Carbonization,GWh,RJ,2025,6.92888
Non-fossil end-use fuels (including biofuels),"Biofuels, synthesized fuels and hydrogen production by technology",Energy,Fuel production,Charcoal,Wood,Carbonization,GWh,RJ,2030,3.28025
Non-fossil end-use fuels (including biofuels),"Biofuels, synthesized fuels and hydrogen production by technology",Energy,Fuel production,Charcoal,Wood,Carbonization,GWh,RJ,2035,1.93164
Non-fossil end-use fuels (including biofuels),"Biofuels, synthesized fuels and hydrogen production by technology",Energy,Fuel production,Charcoal,Wood,Carbonization,GWh,RJ,2040,3.36486
Non-fossil end-use fuels (including biofuels),"Biofuels, synthesized fuels and hydrogen production by technology",Energy,Fuel production,Charcoal,Wood,Carbonization,GWh,RJ,2045,1.13938
Non-fossil end-use fuels (including biofuels),"Biofuels, synthesized fuels and hydrogen production by technology",Energy,Fuel production,Charcoal,Wood,Carbonization,GWh,RJ,2050,0.97705
Non-fossil end-use fuels (including biofuels),"Biofuels, synthesized fuels and hydrogen production by technology",Energy,Fuel production,Charcoal,Wood,Carbonization,GWh,RO,2025,3.77165
Non-fossil end-use fuels (including biofuels),"Biofuels, synthesized fuels and hydrogen production by technology",Energy,Fuel production,Charcoal,Wood,Carbonization,GWh,RO,2030,2.5471
Non-fossil end-use fuels (including biofuels),"Biofuels, synthesized fuels and hydrogen production by technology",Energy,Fuel production,Charcoal,Wood,Carbonization,GWh,RO,2035,1.97317
Non-fossil end-use fuels (including biofuels),"Biofuels, synthesized fuels and hydrogen production by technology",Energy,Fuel production,Charcoal,Wood,Carbonization,GWh,RO,2040,2.27906
Non-fossil end-use fuels (including biofuels),"Biofuels, synthesized fuels and hydrogen production by technology",Energy,Fuel production,Charcoal,Wood,Carbonization,GWh,RO,2045,0.48249
Non-fossil end-use fuels (including biofuels),"Biofuels, synthesized fuels and hydrogen production by technology",Energy,Fuel production,Charcoal,Wood,Carbonization,GWh,RO,2050,0.53963
Non-fossil end-use fuels (including biofuels),"Biofuels, synthesized fuels and hydrogen production by technology",Energy,Fuel production,Charcoal,Wood,Carbonization,GWh,RS,2025,120.88816
Non-fossil end-use fuels (including biofuels),"Biofuels, synthesized fuels and hydrogen production by technology",Energy,Fuel production,Charcoal,Wood,Carbonization,GWh,RS,2030,12.01049
Non-fossil end-use fuels (including biofuels),"Biofuels, synthesized fuels and hydrogen production by technology",Energy,Fuel production,Charcoal,Wood,Carbonization,GWh,RS,2035,9.63419
Non-fossil end-use fuels (including biofuels),"Biofuels, synthesized fuels and hydrogen production by technology",Energy,Fuel production,Charcoal,Wood,Carbonization,GWh,RS,2040,114.94847
Non-fossil end-use fuels (including biofuels),"Biofuels, synthesized fuels and hydrogen production by technology",Energy,Fuel production,Charcoal,Wood,Carbonization,GWh,RS,2045,10.93662
Non-fossil end-use fuels (including biofuels),"Biofuels, synthesized fuels and hydrogen production by technology",Energy,Fuel production,Charcoal,Wood,Carbonization,GWh,RS,2050,8.17843
Non-fossil end-use fuels (including biofuels),"Biofuels, synthesized fuels and hydrogen production by technology",Energy,Fuel production,Charcoal,Wood,Carbonization,GWh,SC,2025,2369.06939
Non-fossil end-use fuels (including biofuels),"Biofuels, synthesized fuels and hydrogen production by technology",Energy,Fuel production,Charcoal,Wood,Carbonization,GWh,SC,2030,2606.50352
Non-fossil end-use fuels (including biofuels),"Biofuels, synthesized fuels and hydrogen production by technology",Energy,Fuel production,Charcoal,Wood,Carbonization,GWh,SC,2035,2603.60776
Non-fossil end-use fuels (including biofuels),"Biofuels, synthesized fuels and hydrogen production by technology",Energy,Fuel production,Charcoal,Wood,Carbonization,GWh,SC,2040,42267.59216
Non-fossil end-use fuels (including biofuels),"Biofuels, synthesized fuels and hydrogen production by technology",Energy,Fuel production,Charcoal,Wood,Carbonization,GWh,SC,2045,43791.92889
Non-fossil end-use fuels (including biofuels),"Biofuels, synthesized fuels and hydrogen production by technology",Energy,Fuel production,Charcoal,Wood,Carbonization,GWh,SC,2050,42027.9067
Non-fossil end-use fuels (including biofuels),"Biofuels, synthesized fuels and hydrogen production by technology",Energy,Fuel production,Charcoal,Wood,Carbonization,GWh,SE,2025,17.90857
Non-fossil end-use fuels (including biofuels),"Biofuels, synthesized fuels and hydrogen production by technology",Energy,Fuel production,Charcoal,Wood,Carbonization,GWh,SE,2030,19.948
Non-fossil end-use fuels (including biofuels),"Biofuels, synthesized fuels and hydrogen production by technology",Energy,Fuel production,Charcoal,Wood,Carbonization,GWh,SE,2035,12.8117
Non-fossil end-use fuels (including biofuels),"Biofuels, synthesized fuels and hydrogen production by technology",Energy,Fuel production,Charcoal,Wood,Carbonization,GWh,SE,2040,25.72611
Non-fossil end-use fuels (including biofuels),"Biofuels, synthesized fuels and hydrogen production by technology",Energy,Fuel production,Charcoal,Wood,Carbonization,GWh,SE,2045,3.66683
Non-fossil end-use fuels (including biofuels),"Biofuels, synthesized fuels and hydrogen production by technology",Energy,Fuel production,Charcoal,Wood,Carbonization,GWh,SE,2050,2.3704
Non-fossil end-use fuels (including biofuels),"Biofuels, synthesized fuels and hydrogen production by technology",Energy,Fuel production,Charcoal,Wood,Carbonization,GWh,SP,2025,29.55518
Non-fossil end-use fuels (including biofuels),"Biofuels, synthesized fuels and hydrogen production by technology",Energy,Fuel production,Charcoal,Wood,Carbonization,GWh,SP,2030,3.06967
Non-fossil end-use fuels (including biofuels),"Biofuels, synthesized fuels and hydrogen production by technology",Energy,Fuel production,Charcoal,Wood,Carbonization,GWh,SP,2035,2.11578
Non-fossil end-use fuels (including biofuels),"Biofuels, synthesized fuels and hydrogen production by technology",Energy,Fuel production,Charcoal,Wood,Carbonization,GWh,SP,2040,28.79043
Non-fossil end-use fuels (including biofuels),"Biofuels, synthesized fuels and hydrogen production by technology",Energy,Fuel production,Charcoal,Wood,Carbonization,GWh,SP,2045,3.28121
Non-fossil end-use fuels (including biofuels),"Biofuels, synthesized fuels and hydrogen production by technology",Energy,Fuel production,Charcoal,Wood,Carbonization,GWh,SP,2050,2.36394
Non-fossil end-use fuels (including biofuels),"Biofuels, synthesized fuels and hydrogen production by technology",Energy,Fuel production,Charcoal,Wood,Carbonization,GWh,TO,2025,7.36833
Non-fossil end-use fuels (including biofuels),"Biofuels, synthesized fuels and hydrogen production by technology",Energy,Fuel production,Charcoal,Wood,Carbonization,GWh,TO,2030,0.62837
Non-fossil end-use fuels (including biofuels),"Biofuels, synthesized fuels and hydrogen production by technology",Energy,Fuel production,Charcoal,Wood,Carbonization,GWh,TO,2035,0.42459
Non-fossil end-use fuels (including biofuels),"Biofuels, synthesized fuels and hydrogen production by technology",Energy,Fuel production,Charcoal,Wood,Carbonization,GWh,TO,2040,4.76068
Non-fossil end-use fuels (including biofuels),"Biofuels, synthesized fuels and hydrogen production by technology",Energy,Fuel production,Charcoal,Wood,Carbonization,GWh,TO,2045,0.40271
Non-fossil end-use fuels (including biofuels),"Biofuels, synthesized fuels and hydrogen production by technology",Energy,Fuel production,Charcoal,Wood,Carbonization,GWh,TO,2050,0.40476
Non-fossil end-use fuels (including biofuels),"Biofuels, synthesized fuels and hydrogen production by technology",Energy,Fuel production,Biodiesel,Soybean,FAME,GWh,BA,2025,87.26003
Non-fossil end-use fuels (including biofuels),"Biofuels, synthesized fuels and hydrogen production by technology",Energy,Fuel production,Biodiesel,Soybean,FAME,GWh,BA,2030,194.18907
Non-fossil end-use fuels (including biofuels),"Biofuels, synthesized fuels and hydrogen production by technology",Energy,Fuel production,Biodiesel,Soybean,FAME,GWh,BA,2035,4344.84568
Non-fossil end-use fuels (including biofuels),"Biofuels, synthesized fuels and hydrogen production by technology",Energy,Fuel production,Biodiesel,Soybean,FAME,GWh,BA,2040,4596.7273
Non-fossil end-use fuels (including biofuels),"Biofuels, synthesized fuels and hydrogen production by technology",Energy,Fuel production,Biodiesel,Soybean,FAME,GWh,BA,2045,5464.96797
Non-fossil end-use fuels (including biofuels),"Biofuels, synthesized fuels and hydrogen production by technology",Energy,Fuel production,Biodiesel,Soybean,FAME,GWh,BA,2050,5482.81183
Non-fossil end-use fuels (including biofuels),"Biofuels, synthesized fuels and hydrogen production by technology",Energy,Fuel production,Biodiesel,Soybean,FAME,GWh,CE,2025,0.29353
Non-fossil end-use fuels (including biofuels),"Biofuels, synthesized fuels and hydrogen production by technology",Energy,Fuel production,Biodiesel,Soybean,FAME,GWh,CE,2030,0.18207
Non-fossil end-use fuels (including biofuels),"Biofuels, synthesized fuels and hydrogen production by technology",Energy,Fuel production,Biodiesel,Soybean,FAME,GWh,CE,2035,0.16237
Non-fossil end-use fuels (including biofuels),"Biofuels, synthesized fuels and hydrogen production by technology",Energy,Fuel production,Biodiesel,Soybean,FAME,GWh,CE,2040,0.24553
Non-fossil end-use fuels (including biofuels),"Biofuels, synthesized fuels and hydrogen production by technology",Energy,Fuel production,Biodiesel,Soybean,FAME,GWh,CE,2045,0.1824
Non-fossil end-use fuels (including biofuels),"Biofuels, synthesized fuels and hydrogen production by technology",Energy,Fuel production,Biodiesel,Soybean,FAME,GWh,CE,2050,0.19035
Non-fossil end-use fuels (including biofuels),"Biofuels, synthesized fuels and hydrogen production by technology",Energy,Fuel production,Biodiesel,Soybean,FAME,GWh,DF,2025,22.63495
Non-fossil end-use fuels (including biofuels),"Biofuels, synthesized fuels and hydrogen production by technology",Energy,Fuel production,Biodiesel,Soybean,FAME,GWh,DF,2030,12.22947
Non-fossil end-use fuels (including biofuels),"Biofuels, synthesized fuels and hydrogen production by technology",Energy,Fuel production,Biodiesel,Soybean,FAME,GWh,DF,2035,12.85498
Non-fossil end-use fuels (including biofuels),"Biofuels, synthesized fuels and hydrogen production by technology",Energy,Fuel production,Biodiesel,Soybean,FAME,GWh,DF,2040,12.79336
Non-fossil end-use fuels (including biofuels),"Biofuels, synthesized fuels and hydrogen production by technology",Energy,Fuel production,Biodiesel,Soybean,FAME,GWh,DF,2045,6.42581
Non-fossil end-use fuels (including biofuels),"Biofuels, synthesized fuels and hydrogen production by technology",Energy,Fuel production,Biodiesel,Soybean,FAME,GWh,DF,2050,7.86328
Non-fossil end-use fuels (including biofuels),"Biofuels, synthesized fuels and hydrogen production by technology",Energy,Fuel production,Biodiesel,Soybean,FAME,GWh,ES,2025,1.20256
Non-fossil end-use fuels (including biofuels),"Biofuels, synthesized fuels and hydrogen production by technology",Energy,Fuel production,Biodiesel,Soybean,FAME,GWh,ES,2030,0.46475
Non-fossil end-use fuels (including biofuels),"Biofuels, synthesized fuels and hydrogen production by technology",Energy,Fuel production,Biodiesel,Soybean,FAME,GWh,ES,2035,0.37685
Non-fossil end-use fuels (including biofuels),"Biofuels, synthesized fuels and hydrogen production by technology",Energy,Fuel production,Biodiesel,Soybean,FAME,GWh,ES,2040,0.78565
Non-fossil end-use fuels (including biofuels),"Biofuels, synthesized fuels and hydrogen production by technology",Energy,Fuel production,Biodiesel,Soybean,FAME,GWh,ES,2045,0.38635
Non-fossil end-use fuels (including biofuels),"Biofuels, synthesized fuels and hydrogen production by technology",Energy,Fuel production,Biodiesel,Soybean,FAME,GWh,ES,2050,0.49514
Non-fossil end-use fuels (including biofuels),"Biofuels, synthesized fuels and hydrogen production by technology",Energy,Fuel production,Biodiesel,Soybean,FAME,GWh,GO,2025,64.14406
Non-fossil end-use fuels (including biofuels),"Biofuels, synthesized fuels and hydrogen production by technology",Energy,Fuel production,Biodiesel,Soybean,FAME,GWh,GO,2030,34.14271
Non-fossil end-use fuels (including biofuels),"Biofuels, synthesized fuels and hydrogen production by technology",Energy,Fuel production,Biodiesel,Soybean,FAME,GWh,GO,2035,22.5923
Non-fossil end-use fuels (including biofuels),"Biofuels, synthesized fuels and hydrogen production by technology",Energy,Fuel production,Biodiesel,Soybean,FAME,GWh,GO,2040,126.87947
Non-fossil end-use fuels (including biofuels),"Biofuels, synthesized fuels and hydrogen production by technology",Energy,Fuel production,Biodiesel,Soybean,FAME,GWh,GO,2045,147.02767
Non-fossil end-use fuels (including biofuels),"Biofuels, synthesized fuels and hydrogen production by technology",Energy,Fuel production,Biodiesel,Soybean,FAME,GWh,GO,2050,119.95549
Non-fossil end-use fuels (including biofuels),"Biofuels, synthesized fuels and hydrogen production by technology",Energy,Fuel production,Biodiesel,Soybean,FAME,GWh,MA,2025,3342.63543
Non-fossil end-use fuels (including biofuels),"Biofuels, synthesized fuels and hydrogen production by technology",Energy,Fuel production,Biodiesel,Soybean,FAME,GWh,MA,2030,2111.02766
Non-fossil end-use fuels (including biofuels),"Biofuels, synthesized fuels and hydrogen production by technology",Energy,Fuel production,Biodiesel,Soybean,FAME,GWh,MA,2035,265.07261
Non-fossil end-use fuels (including biofuels),"Biofuels, synthesized fuels and hydrogen production by technology",Energy,Fuel production,Biodiesel,Soybean,FAME,GWh,MA,2040,459.7535
Non-fossil end-use fuels (including biofuels),"Biofuels, synthesized fuels and hydrogen production by technology",Energy,Fuel production,Biodiesel,Soybean,FAME,GWh,MA,2045,609.84031
Non-fossil end-use fuels (including biofuels),"Biofuels, synthesized fuels and hydrogen production by technology",Energy,Fuel production,Biodiesel,Soybean,FAME,GWh,MA,2050,1072.18665
Non-fossil end-use fuels (including biofuels),"Biofuels, synthesized fuels and hydrogen production by technology",Energy,Fuel production,Biodiesel,Soybean,FAME,GWh,MG,2025,149.60799
Non-fossil end-use fuels (including biofuels),"Biofuels, synthesized fuels and hydrogen production by technology",Energy,Fuel production,Biodiesel,Soybean,FAME,GWh,MG,2030,3613.48331
Non-fossil end-use fuels (including biofuels),"Biofuels, synthesized fuels and hydrogen production by technology",Energy,Fuel production,Biodiesel,Soybean,FAME,GWh,MG,2035,17790.33501
Non-fossil end-use fuels (including biofuels),"Biofuels, synthesized fuels and hydrogen production by technology",Energy,Fuel production,Biodiesel,Soybean,FAME,GWh,MG,2040,18848.39414
Non-fossil end-use fuels (including biofuels),"Biofuels, synthesized fuels and hydrogen production by technology",Energy,Fuel production,Biodiesel,Soybean,FAME,GWh,MG,2045,18976.3513
Non-fossil end-use fuels (including biofuels),"Biofuels, synthesized fuels and hydrogen production by technology",Energy,Fuel production,Biodiesel,Soybean,FAME,GWh,MG,2050,19518.03335
Non-fossil end-use fuels (including biofuels),"Biofuels, synthesized fuels and hydrogen production by technology",Energy,Fuel production,Biodiesel,Soybean,FAME,GWh,MS,2025,66.87527
Non-fossil end-use fuels (including biofuels),"Biofuels, synthesized fuels and hydrogen production by technology",Energy,Fuel production,Biodiesel,Soybean,FAME,GWh,MS,2030,138.01641
Non-fossil end-use fuels (including biofuels),"Biofuels, synthesized fuels and hydrogen production by technology",Energy,Fuel production,Biodiesel,Soybean,FAME,GWh,MS,2035,12408.40318
Non-fossil end-use fuels (including biofuels),"Biofuels, synthesized fuels and hydrogen production by technology",Energy,Fuel production,Biodiesel,Soybean,FAME,GWh,MS,2040,14317.50705
Non-fossil end-use fuels (including biofuels),"Biofuels, synthesized fuels and hydrogen production by technology",Energy,Fuel production,Biodiesel,Soybean,FAME,GWh,MS,2045,15158.59269
Non-fossil end-use fuels (including biofuels),"Biofuels, synthesized fuels and hydrogen production by technology",Energy,Fuel production,Biodiesel,Soybean,FAME,GWh,MS,2050,15174.75842
Non-fossil end-use fuels (including biofuels),"Biofuels, synthesized fuels and hydrogen production by technology",Energy,Fuel production,Biodiesel,Soybean,FAME,GWh,MT,2025,62.91578
Non-fossil end-use fuels (including biofuels),"Biofuels, synthesized fuels and hydrogen production by technology",Energy,Fuel production,Biodiesel,Soybean,FAME,GWh,MT,2030,28.41226
Non-fossil end-use fuels (including biofuels),"Biofuels, synthesized fuels and hydrogen production by technology",Energy,Fuel production,Biodiesel,Soybean,FAME,GWh,MT,2035,52.11562
Non-fossil end-use fuels (including biofuels),"Biofuels, synthesized fuels and hydrogen production by technology",Energy,Fuel production,Biodiesel,Soybean,FAME,GWh,MT,2040,2279.04134
Non-fossil end-use fuels (including biofuels),"Biofuels, synthesized fuels and hydrogen production by technology",Energy,Fuel production,Biodiesel,Soybean,FAME,GWh,MT,2045,2920.8089
Non-fossil end-use fuels (including biofuels),"Biofuels, synthesized fuels and hydrogen production by technology",Energy,Fuel production,Biodiesel,Soybean,FAME,GWh,MT,2050,4059.30596
Non-fossil end-use fuels (including biofuels),"Biofuels, synthesized fuels and hydrogen production by technology",Energy,Fuel production,Biodiesel,Soybean,FAME,GWh,PA,2025,0.02251
Non-fossil end-use fuels (including biofuels),"Biofuels, synthesized fuels and hydrogen production by technology",Energy,Fuel production,Biodiesel,Soybean,FAME,GWh,PA,2030,0.02432
Non-fossil end-use fuels (including biofuels),"Biofuels, synthesized fuels and hydrogen production by technology",Energy,Fuel production,Biodiesel,Soybean,FAME,GWh,PA,2035,0.02443
Non-fossil end-use fuels (including biofuels),"Biofuels, synthesized fuels and hydrogen production by technology",Energy,Fuel production,Biodiesel,Soybean,FAME,GWh,PA,2040,0.0245
Non-fossil end-use fuels (including biofuels),"Biofuels, synthesized fuels and hydrogen production by technology",Energy,Fuel production,Biodiesel,Soybean,FAME,GWh,PA,2045,0.02452
Non-fossil end-use fuels (including biofuels),"Biofuels, synthesized fuels and hydrogen production by technology",Energy,Fuel production,Biodiesel,Soybean,FAME,GWh,PA,2050,0.02059
Non-fossil end-use fuels (including biofuels),"Biofuels, synthesized fuels and hydrogen production by technology",Energy,Fuel production,Biodiesel,Soybean,FAME,GWh,PE,2025,0.18153
Non-fossil end-use fuels (including biofuels),"Biofuels, synthesized fuels and hydrogen production by technology",Energy,Fuel production,Biodiesel,Soybean,FAME,GWh,PE,2030,0.13687
Non-fossil end-use fuels (including biofuels),"Biofuels, synthesized fuels and hydrogen production by technology",Energy,Fuel production,Biodiesel,Soybean,FAME,GWh,PE,2035,0.13282
Non-fossil end-use fuels (including biofuels),"Biofuels, synthesized fuels and hydrogen production by technology",Energy,Fuel production,Biodiesel,Soybean,FAME,GWh,PE,2040,0.15826
Non-fossil end-use fuels (including biofuels),"Biofuels, synthesized fuels and hydrogen production by technology",Energy,Fuel production,Biodiesel,Soybean,FAME,GWh,PE,2045,0.13727
Non-fossil end-use fuels (including biofuels),"Biofuels, synthesized fuels and hydrogen production by technology",Energy,Fuel production,Biodiesel,Soybean,FAME,GWh,PE,2050,0.12938
Non-fossil end-use fuels (including biofuels),"Biofuels, synthesized fuels and hydrogen production by technology",Energy,Fuel production,Biodiesel,Soybean,FAME,GWh,PI,2025,28.01682
Non-fossil end-use fuels (including biofuels),"Biofuels, synthesized fuels and hydrogen production by technology",Energy,Fuel production,Biodiesel,Soybean,FAME,GWh,PI,2030,17.66041
Non-fossil end-use fuels (including biofuels),"Biofuels, synthesized fuels and hydrogen production by technology",Energy,Fuel production,Biodiesel,Soybean,FAME,GWh,PI,2035,170.07466
Non-fossil end-use fuels (including biofuels),"Biofuels, synthesized fuels and hydrogen production by technology",Energy,Fuel production,Biodiesel,Soybean,FAME,GWh,PI,2040,211.7498
Non-fossil end-use fuels (including biofuels),"Biofuels, synthesized fuels and hydrogen production by technology",Energy,Fuel production,Biodiesel,Soybean,FAME,GWh,PI,2045,693.7209
Non-fossil end-use fuels (including biofuels),"Biofuels, synthesized fuels and hydrogen production by technology",Energy,Fuel production,Biodiesel,Soybean,FAME,GWh,PI,2050,800.2353
Non-fossil end-use fuels (including biofuels),"Biofuels, synthesized fuels and hydrogen production by technology",Energy,Fuel production,Biodiesel,Soybean,FAME,GWh,PR,2025,31.02275
Non-fossil end-use fuels (including biofuels),"Biofuels, synthesized fuels and hydrogen production by technology",Energy,Fuel production,Biodiesel,Soybean,FAME,GWh,PR,2030,14.68968
Non-fossil end-use fuels (including biofuels),"Biofuels, synthesized fuels and hydrogen production by technology",Energy,Fuel production,Biodiesel,Soybean,FAME,GWh,PR,2035,10.39886
Non-fossil end-use fuels (including biofuels),"Biofuels, synthesized fuels and hydrogen production by technology",Energy,Fuel production,Biodiesel,Soybean,FAME,GWh,PR,2040,86.22021
Non-fossil end-use fuels (including biofuels),"Biofuels, synthesized fuels and hydrogen production by technology",Energy,Fuel production,Biodiesel,Soybean,FAME,GWh,PR,2045,127.65848
Non-fossil end-use fuels (including biofuels),"Biofuels, synthesized fuels and hydrogen production by technology",Energy,Fuel production,Biodiesel,Soybean,FAME,GWh,PR,2050,116.91841
Non-fossil end-use fuels (including biofuels),"Biofuels, synthesized fuels and hydrogen production by technology",Energy,Fuel production,Biodiesel,Soybean,FAME,GWh,RO,2025,0.0419
Non-fossil end-use fuels (including biofuels),"Biofuels, synthesized fuels and hydrogen production by technology",Energy,Fuel production,Biodiesel,Soybean,FAME,GWh,RO,2030,0.04785
Non-fossil end-use fuels (including biofuels),"Biofuels, synthesized fuels and hydrogen production by technology",Energy,Fuel production,Biodiesel,Soybean,FAME,GWh,RO,2035,0.04777
Non-fossil end-use fuels (including biofuels),"Biofuels, synthesized fuels and hydrogen production by technology",Energy,Fuel production,Biodiesel,Soybean,FAME,GWh,RO,2040,0.04802
Non-fossil end-use fuels (including biofuels),"Biofuels, synthesized fuels and hydrogen production by technology",Energy,Fuel production,Biodiesel,Soybean,FAME,GWh,RO,2045,0.04798
Non-fossil end-use fuels (including biofuels),"Biofuels, synthesized fuels and hydrogen production by technology",Energy,Fuel production,Biodiesel,Soybean,FAME,GWh,RO,2050,0.04182
Non-fossil end-use fuels (including biofuels),"Biofuels, synthesized fuels and hydrogen production by technology",Energy,Fuel production,Biodiesel,Soybean,FAME,GWh,RS,2025,12.2598
Non-fossil end-use fuels (including biofuels),"Biofuels, synthesized fuels and hydrogen production by technology",Energy,Fuel production,Biodiesel,Soybean,FAME,GWh,RS,2030,8.97788
Non-fossil end-use fuels (including biofuels),"Biofuels, synthesized fuels and hydrogen production by technology",Energy,Fuel production,Biodiesel,Soybean,FAME,GWh,RS,2035,7.23159
Non-fossil end-use fuels (including biofuels),"Biofuels, synthesized fuels and hydrogen production by technology",Energy,Fuel production,Biodiesel,Soybean,FAME,GWh,RS,2040,29.22782
Non-fossil end-use fuels (including biofuels),"Biofuels, synthesized fuels and hydrogen production by technology",Energy,Fuel production,Biodiesel,Soybean,FAME,GWh,RS,2045,107.53816
Non-fossil end-use fuels (including biofuels),"Biofuels, synthesized fuels and hydrogen production by technology",Energy,Fuel production,Biodiesel,Soybean,FAME,GWh,RS,2050,106.32428
Non-fossil end-use fuels (including biofuels),"Biofuels, synthesized fuels and hydrogen production by technology",Energy,Fuel production,Biodiesel,Soybean,FAME,GWh,SC,2025,11.66468
Non-fossil end-use fuels (including biofuels),"Biofuels, synthesized fuels and hydrogen production by technology",Energy,Fuel production,Biodiesel,Soybean,FAME,GWh,SC,2030,8.64735
Non-fossil end-use fuels (including biofuels),"Biofuels, synthesized fuels and hydrogen production by technology",Energy,Fuel production,Biodiesel,Soybean,FAME,GWh,SC,2035,7.25861
Non-fossil end-use fuels (including biofuels),"Biofuels, synthesized fuels and hydrogen production by technology",Energy,Fuel production,Biodiesel,Soybean,FAME,GWh,SC,2040,30.59541
Non-fossil end-use fuels (including biofuels),"Biofuels, synthesized fuels and hydrogen production by technology",Energy,Fuel production,Biodiesel,Soybean,FAME,GWh,SC,2045,109.4004
Non-fossil end-use fuels (including biofuels),"Biofuels, synthesized fuels and hydrogen production by technology",Energy,Fuel production,Biodiesel,Soybean,FAME,GWh,SC,2050,108.4479
Non-fossil end-use fuels (including biofuels),"Biofuels, synthesized fuels and hydrogen production by technology",Energy,Fuel production,Biodiesel,Soybean,FAME,GWh,SE,2025,2.65978
Non-fossil end-use fuels (including biofuels),"Biofuels, synthesized fuels and hydrogen production by technology",Energy,Fuel production,Biodiesel,Soybean,FAME,GWh,SE,2030,0.48641
Non-fossil end-use fuels (including biofuels),"Biofuels, synthesized fuels and hydrogen production by technology",Energy,Fuel production,Biodiesel,Soybean,FAME,GWh,SE,2035,0.57613
Non-fossil end-use fuels (including biofuels),"Biofuels, synthesized fuels and hydrogen production by technology",Energy,Fuel production,Biodiesel,Soybean,FAME,GWh,SE,2040,2.13485
Non-fossil end-use fuels (including biofuels),"Biofuels, synthesized fuels and hydrogen production by technology",Energy,Fuel production,Biodiesel,Soybean,FAME,GWh,SE,2045,0.59976
Non-fossil end-use fuels (including biofuels),"Biofuels, synthesized fuels and hydrogen production by technology",Energy,Fuel production,Biodiesel,Soybean,FAME,GWh,SE,2050,0.92624
Non-fossil end-use fuels (including biofuels),"Biofuels, synthesized fuels and hydrogen production by technology",Energy,Fuel production,Biodiesel,Soybean,FAME,GWh,SP,2025,3613.90423
Non-fossil end-use fuels (including biofuels),"Biofuels, synthesized fuels and hydrogen production by technology",Energy,Fuel production,Biodiesel,Soybean,FAME,GWh,SP,2030,3789.76228
Non-fossil end-use fuels (including biofuels),"Biofuels, synthesized fuels and hydrogen production by technology",Energy,Fuel production,Biodiesel,Soybean,FAME,GWh,SP,2035,3943.85394
Non-fossil end-use fuels (including biofuels),"Biofuels, synthesized fuels and hydrogen production by technology",Energy,Fuel production,Biodiesel,Soybean,FAME,GWh,SP,2040,3899.61869
Non-fossil end-use fuels (including biofuels),"Biofuels, synthesized fuels and hydrogen production by technology",Energy,Fuel production,Biodiesel,Soybean,FAME,GWh,SP,2045,3962.37594
Non-fossil end-use fuels (including biofuels),"Biofuels, synthesized fuels and hydrogen production by technology",Energy,Fuel production,Biodiesel,Soybean,FAME,GWh,SP,2050,3787.463
Non-fossil end-use fuels (including biofuels),"Biofuels, synthesized fuels and hydrogen production by technology",Energy,Fuel production,Biodiesel,Soybean,FAME,GWh,TO,2025,39.18552
Non-fossil end-use fuels (including biofuels),"Biofuels, synthesized fuels and hydrogen production by technology",Energy,Fuel production,Biodiesel,Soybean,FAME,GWh,TO,2030,10.94125
Non-fossil end-use fuels (including biofuels),"Biofuels, synthesized fuels and hydrogen production by technology",Energy,Fuel production,Biodiesel,Soybean,FAME,GWh,TO,2035,597.50252
Non-fossil end-use fuels (including biofuels),"Biofuels, synthesized fuels and hydrogen production by technology",Energy,Fuel production,Biodiesel,Soybean,FAME,GWh,TO,2040,1523.14559
Non-fossil end-use fuels (including biofuels),"Biofuels, synthesized fuels and hydrogen production by technology",Energy,Fuel production,Biodiesel,Soybean,FAME,GWh,TO,2045,2262.8914
Non-fossil end-use fuels (including biofuels),"Biofuels, synthesized fuels and hydrogen production by technology",Energy,Fuel production,Biodiesel,Soybean,FAME,GWh,TO,2050,2711.30899
Non-fossil end-use fuels (including biofuels),"Biofuels, synthesized fuels and hydrogen production by technology",Energy,Fuel production,Biodiesel,Soybean,FAME (existing),GWh,BA,2025,17795.83594
Non-fossil end-use fuels (including biofuels),"Biofuels, synthesized fuels and hydrogen production by technology",Energy,Fuel production,Biodiesel,Soybean,FAME (existing),GWh,BA,2030,17918.42712
Non-fossil end-use fuels (including biofuels),"Biofuels, synthesized fuels and hydrogen production by technology",Energy,Fuel production,Biodiesel,Soybean,FAME (existing),GWh,BA,2035,17969.67315
Non-fossil end-use fuels (including biofuels),"Biofuels, synthesized fuels and hydrogen production by technology",Energy,Fuel production,Biodiesel,Soybean,FAME (existing),GWh,BA,2040,17916.66948
Non-fossil end-use fuels (including biofuels),"Biofuels, synthesized fuels and hydrogen production by technology",Energy,Fuel production,Biodiesel,Soybean,FAME (existing),GWh,BA,2045,17833.21863
Non-fossil end-use fuels (including biofuels),"Biofuels, synthesized fuels and hydrogen production by technology",Energy,Fuel production,Biodiesel,Soybean,FAME (existing),GWh,BA,2050,17914.37779
Non-fossil end-use fuels (including biofuels),"Biofuels, synthesized fuels and hydrogen production by technology",Energy,Fuel production,Biodiesel,Soybean,FAME (existing),GWh,GO,2025,32156.27718
Non-fossil end-use fuels (including biofuels),"Biofuels, synthesized fuels and hydrogen production by technology",Energy,Fuel production,Biodiesel,Soybean,FAME (existing),GWh,GO,2030,32245.35494
Non-fossil end-use fuels (including biofuels),"Biofuels, synthesized fuels and hydrogen production by technology",Energy,Fuel production,Biodiesel,Soybean,FAME (existing),GWh,GO,2035,32401.09771
Non-fossil end-use fuels (including biofuels),"Biofuels, synthesized fuels and hydrogen production by technology",Energy,Fuel production,Biodiesel,Soybean,FAME (existing),GWh,GO,2040,32214.92087
Non-fossil end-use fuels (including biofuels),"Biofuels, synthesized fuels and hydrogen production by technology",Energy,Fuel production,Biodiesel,Soybean,FAME (existing),GWh,GO,2045,32314.56758
Non-fossil end-use fuels (including biofuels),"Biofuels, synthesized fuels and hydrogen production by technology",Energy,Fuel production,Biodiesel,Soybean,FAME (existing),GWh,GO,2050,32349.2336
Non-fossil end-use fuels (including biofuels),"Biofuels, synthesized fuels and hydrogen production by technology",Energy,Fuel production,Biodiesel,Soybean,FAME (existing),GWh,MG,2025,3091.7924
Non-fossil end-use fuels (including biofuels),"Biofuels, synthesized fuels and hydrogen production by technology",Energy,Fuel production,Biodiesel,Soybean,FAME (existing),GWh,MG,2030,3126.44082
Non-fossil end-use fuels (including biofuels),"Biofuels, synthesized fuels and hydrogen production by technology",Energy,Fuel production,Biodiesel,Soybean,FAME (existing),GWh,MG,2035,3097.00329
Non-fossil end-use fuels (including biofuels),"Biofuels, synthesized fuels and hydrogen production by technology",Energy,Fuel production,Biodiesel,Soybean,FAME (existing),GWh,MG,2040,2993.67684
Non-fossil end-use fuels (including biofuels),"Biofuels, synthesized fuels and hydrogen production by technology",Energy,Fuel production,Biodiesel,Soybean,FAME (existing),GWh,MG,2045,2967.44717
Non-fossil end-use fuels (including biofuels),"Biofuels, synthesized fuels and hydrogen production by technology",Energy,Fuel production,Biodiesel,Soybean,FAME (existing),GWh,MG,2050,2956.77674
Non-fossil end-use fuels (including biofuels),"Biofuels, synthesized fuels and hydrogen production by technology",Energy,Fuel production,Biodiesel,Soybean,FAME (existing),GWh,MS,2025,10521.5836
Non-fossil end-use fuels (including biofuels),"Biofuels, synthesized fuels and hydrogen production by technology",Energy,Fuel production,Biodiesel,Soybean,FAME (existing),GWh,MS,2030,11240.09865
Non-fossil end-use fuels (including biofuels),"Biofuels, synthesized fuels and hydrogen production by technology",Energy,Fuel production,Biodiesel,Soybean,FAME (existing),GWh,MS,2035,11269.9884
Non-fossil end-use fuels (including biofuels),"Biofuels, synthesized fuels and hydrogen production by technology",Energy,Fuel production,Biodiesel,Soybean,FAME (existing),GWh,MS,2040,11182.28937
Non-fossil end-use fuels (including biofuels),"Biofuels, synthesized fuels and hydrogen production by technology",Energy,Fuel production,Biodiesel,Soybean,FAME (existing),GWh,MS,2045,11186.37453
Non-fossil end-use fuels (including biofuels),"Biofuels, synthesized fuels and hydrogen production by technology",Energy,Fuel production,Biodiesel,Soybean,FAME (existing),GWh,MS,2050,11216.1981
Non-fossil end-use fuels (including biofuels),"Biofuels, synthesized fuels and hydrogen production by technology",Energy,Fuel production,Biodiesel,Soybean,FAME (existing),GWh,MT,2025,3632.52323
Non-fossil end-use fuels (including biofuels),"Biofuels, synthesized fuels and hydrogen production by technology",Energy,Fuel production,Biodiesel,Soybean,FAME (existing),GWh,MT,2030,41544.91072
Non-fossil end-use fuels (including biofuels),"Biofuels, synthesized fuels and hydrogen production by technology",Energy,Fuel production,Biodiesel,Soybean,FAME (existing),GWh,MT,2035,47087.68035
Non-fossil end-use fuels (including biofuels),"Biofuels, synthesized fuels and hydrogen production by technology",Energy,Fuel production,Biodiesel,Soybean,FAME (existing),GWh,MT,2040,46980.38671
Non-fossil end-use fuels (including biofuels),"Biofuels, synthesized fuels and hydrogen production by technology",Energy,Fuel production,Biodiesel,Soybean,FAME (existing),GWh,MT,2045,47042.04557
Non-fossil end-use fuels (including biofuels),"Biofuels, synthesized fuels and hydrogen production by technology",Energy,Fuel production,Biodiesel,Soybean,FAME (existing),GWh,MT,2050,47080.17128
Non-fossil end-use fuels (including biofuels),"Biofuels, synthesized fuels and hydrogen production by technology",Energy,Fuel production,Biodiesel,Soybean,FAME (existing),GWh,PA,2025,0.03363
Non-fossil end-use fuels (including biofuels),"Biofuels, synthesized fuels and hydrogen production by technology",Energy,Fuel production,Biodiesel,Soybean,FAME (existing),GWh,PA,2030,0.02445
Non-fossil end-use fuels (including biofuels),"Biofuels, synthesized fuels and hydrogen production by technology",Energy,Fuel production,Biodiesel,Soybean,FAME (existing),GWh,PA,2035,0.02454
Non-fossil end-use fuels (including biofuels),"Biofuels, synthesized fuels and hydrogen production by technology",Energy,Fuel production,Biodiesel,Soybean,FAME (existing),GWh,PA,2040,0.02461
Non-fossil end-use fuels (including biofuels),"Biofuels, synthesized fuels and hydrogen production by technology",Energy,Fuel production,Biodiesel,Soybean,FAME (existing),GWh,PA,2045,0.02461
Non-fossil end-use fuels (including biofuels),"Biofuels, synthesized fuels and hydrogen production by technology",Energy,Fuel production,Biodiesel,Soybean,FAME (existing),GWh,PA,2050,0.02025
Non-fossil end-use fuels (including biofuels),"Biofuels, synthesized fuels and hydrogen production by technology",Energy,Fuel production,Biodiesel,Soybean,FAME (existing),GWh,PI,2025,65.05652
Non-fossil end-use fuels (including biofuels),"Biofuels, synthesized fuels and hydrogen production by technology",Energy,Fuel production,Biodiesel,Soybean,FAME (existing),GWh,PI,2030,125.76548
Non-fossil end-use fuels (including biofuels),"Biofuels, synthesized fuels and hydrogen production by technology",Energy,Fuel production,Biodiesel,Soybean,FAME (existing),GWh,PI,2035,717.71056
Non-fossil end-use fuels (including biofuels),"Biofuels, synthesized fuels and hydrogen production by technology",Energy,Fuel production,Biodiesel,Soybean,FAME (existing),GWh,PI,2040,827.61739
Non-fossil end-use fuels (including biofuels),"Biofuels, synthesized fuels and hydrogen production by technology",Energy,Fuel production,Biodiesel,Soybean,FAME (existing),GWh,PI,2045,1203.09632
Non-fossil end-use fuels (including biofuels),"Biofuels, synthesized fuels and hydrogen production by technology",Energy,Fuel production,Biodiesel,Soybean,FAME (existing),GWh,PI,2050,1393.45234
Non-fossil end-use fuels (including biofuels),"Biofuels, synthesized fuels and hydrogen production by technology",Energy,Fuel production,Biodiesel,Soybean,FAME (existing),GWh,PR,2025,2268.07584
Non-fossil end-use fuels (including biofuels),"Biofuels, synthesized fuels and hydrogen production by technology",Energy,Fuel production,Biodiesel,Soybean,FAME (existing),GWh,PR,2030,2322.67541
Non-fossil end-use fuels (including biofuels),"Biofuels, synthesized fuels and hydrogen production by technology",Energy,Fuel production,Biodiesel,Soybean,FAME (existing),GWh,PR,2035,4194.86844
Non-fossil end-use fuels (including biofuels),"Biofuels, synthesized fuels and hydrogen production by technology",Energy,Fuel production,Biodiesel,Soybean,FAME (existing),GWh,PR,2040,4288.65605
Non-fossil end-use fuels (including biofuels),"Biofuels, synthesized fuels and hydrogen production by technology",Energy,Fuel production,Biodiesel,Soybean,FAME (existing),GWh,PR,2045,4406.17249
Non-fossil end-use fuels (including biofuels),"Biofuels, synthesized fuels and hydrogen production by technology",Energy,Fuel production,Biodiesel,Soybean,FAME (existing),GWh,PR,2050,4423.01202
Non-fossil end-use fuels (including biofuels),"Biofuels, synthesized fuels and hydrogen production by technology",Energy,Fuel production,Biodiesel,Soybean,FAME (existing),GWh,RO,2025,0.06255
Non-fossil end-use fuels (including biofuels),"Biofuels, synthesized fuels and hydrogen production by technology",Energy,Fuel production,Biodiesel,Soybean,FAME (existing),GWh,RO,2030,0.0483
Non-fossil end-use fuels (including biofuels),"Biofuels, synthesized fuels and hydrogen production by technology",Energy,Fuel production,Biodiesel,Soybean,FAME (existing),GWh,RO,2035,0.04821
Non-fossil end-use fuels (including biofuels),"Biofuels, synthesized fuels and hydrogen production by technology",Energy,Fuel production,Biodiesel,Soybean,FAME (existing),GWh,RO,2040,0.04819
Non-fossil end-use fuels (including biofuels),"Biofuels, synthesized fuels and hydrogen production by technology",Energy,Fuel production,Biodiesel,Soybean,FAME (existing),GWh,RO,2045,0.04814
Non-fossil end-use fuels (including biofuels),"Biofuels, synthesized fuels and hydrogen production by technology",Energy,Fuel production,Biodiesel,Soybean,FAME (existing),GWh,RO,2050,0.04123
Non-fossil end-use fuels (including biofuels),"Biofuels, synthesized fuels and hydrogen production by technology",Energy,Fuel production,Biodiesel,Soybean,FAME (existing),GWh,RS,2025,241.98897
Non-fossil end-use fuels (including biofuels),"Biofuels, synthesized fuels and hydrogen production by technology",Energy,Fuel production,Biodiesel,Soybean,FAME (existing),GWh,RS,2030,243.00538
Non-fossil end-use fuels (including biofuels),"Biofuels, synthesized fuels and hydrogen production by technology",Energy,Fuel production,Biodiesel,Soybean,FAME (existing),GWh,RS,2035,251.48239
Non-fossil end-use fuels (including biofuels),"Biofuels, synthesized fuels and hydrogen production by technology",Energy,Fuel production,Biodiesel,Soybean,FAME (existing),GWh,RS,2040,204.21511
Non-fossil end-use fuels (including biofuels),"Biofuels, synthesized fuels and hydrogen production by technology",Energy,Fuel production,Biodiesel,Soybean,FAME (existing),GWh,RS,2045,128.70275
Non-fossil end-use fuels (including biofuels),"Biofuels, synthesized fuels and hydrogen production by technology",Energy,Fuel production,Biodiesel,Soybean,FAME (existing),GWh,RS,2050,131.85632
Non-fossil end-use fuels (including biofuels),"Biofuels, synthesized fuels and hydrogen production by technology",Energy,Fuel production,Biodiesel,Soybean,FAME (existing),GWh,SC,2025,272.53807
Non-fossil end-use fuels (including biofuels),"Biofuels, synthesized fuels and hydrogen production by technology",Energy,Fuel production,Biodiesel,Soybean,FAME (existing),GWh,SC,2030,280.28686
Non-fossil end-use fuels (including biofuels),"Biofuels, synthesized fuels and hydrogen production by technology",Energy,Fuel production,Biodiesel,Soybean,FAME (existing),GWh,SC,2035,291.62562
Non-fossil end-use fuels (including biofuels),"Biofuels, synthesized fuels and hydrogen production by technology",Energy,Fuel production,Biodiesel,Soybean,FAME (existing),GWh,SC,2040,240.26708
Non-fossil end-use fuels (including biofuels),"Biofuels, synthesized fuels and hydrogen production by technology",Energy,Fuel production,Biodiesel,Soybean,FAME (existing),GWh,SC,2045,171.00488
Non-fossil end-use fuels (including biofuels),"Biofuels, synthesized fuels and hydrogen production by technology",Energy,Fuel production,Biodiesel,Soybean,FAME (existing),GWh,SC,2050,174.15766
Non-fossil end-use fuels (including biofuels),"Biofuels, synthesized fuels and hydrogen production by technology",Energy,Fuel production,Biodiesel,Soybean,FAME (existing),GWh,SP,2025,7240.91732
Non-fossil end-use fuels (including biofuels),"Biofuels, synthesized fuels and hydrogen production by technology",Energy,Fuel production,Biodiesel,Soybean,FAME (existing),GWh,SP,2030,7092.80454
Non-fossil end-use fuels (including biofuels),"Biofuels, synthesized fuels and hydrogen production by technology",Energy,Fuel production,Biodiesel,Soybean,FAME (existing),GWh,SP,2035,7088.36272
Non-fossil end-use fuels (including biofuels),"Biofuels, synthesized fuels and hydrogen production by technology",Energy,Fuel production,Biodiesel,Soybean,FAME (existing),GWh,SP,2040,7080.96156
Non-fossil end-use fuels (including biofuels),"Biofuels, synthesized fuels and hydrogen production by technology",Energy,Fuel production,Biodiesel,Soybean,FAME (existing),GWh,SP,2045,7026.38815
Non-fossil end-use fuels (including biofuels),"Biofuels, synthesized fuels and hydrogen production by technology",Energy,Fuel production,Biodiesel,Soybean,FAME (existing),GWh,SP,2050,7214.99677
Non-fossil end-use fuels (including biofuels),"Biofuels, synthesized fuels and hydrogen production by technology",Energy,Fuel production,Biodiesel,Soybean,FAME (existing),GWh,TO,2025,58.92496
Non-fossil end-use fuels (including biofuels),"Biofuels, synthesized fuels and hydrogen production by technology",Energy,Fuel production,Biodiesel,Soybean,FAME (existing),GWh,TO,2030,287.85633
Non-fossil end-use fuels (including biofuels),"Biofuels, synthesized fuels and hydrogen production by technology",Energy,Fuel production,Biodiesel,Soybean,FAME (existing),GWh,TO,2035,1598.27822
Non-fossil end-use fuels (including biofuels),"Biofuels, synthesized fuels and hydrogen production by technology",Energy,Fuel production,Biodiesel,Soybean,FAME (existing),GWh,TO,2040,1846.65242
Non-fossil end-use fuels (including biofuels),"Biofuels, synthesized fuels and hydrogen production by technology",Energy,Fuel production,Biodiesel,Soybean,FAME (existing),GWh,TO,2045,1845.22934
Non-fossil end-use fuels (including biofuels),"Biofuels, synthesized fuels and hydrogen production by technology",Energy,Fuel production,Biodiesel,Soybean,FAME (existing),GWh,TO,2050,2274.16233
Non-fossil end-use fuels (including biofuels),"Biofuels, synthesized fuels and hydrogen production by technology",Energy,Fuel production,Renewable diesel,Residue,Fischer-Tropsch,GWh,AC,2025,0.0
Non-fossil end-use fuels (including biofuels),"Biofuels, synthesized fuels and hydrogen production by technology",Energy,Fuel production,Renewable diesel,Residue,Fischer-Tropsch,GWh,AC,2030,0.0
Non-fossil end-use fuels (including biofuels),"Biofuels, synthesized fuels and hydrogen production by technology",Energy,Fuel production,Renewable diesel,Residue,Fischer-Tropsch,GWh,AC,2035,0.07447
Non-fossil end-use fuels (including biofuels),"Biofuels, synthesized fuels and hydrogen production by technology",Energy,Fuel production,Renewable diesel,Residue,Fischer-Tropsch,GWh,AC,2040,1.12009
Non-fossil end-use fuels (including biofuels),"Biofuels, synthesized fuels and hydrogen production by technology",Energy,Fuel production,Renewable diesel,Residue,Fischer-Tropsch,GWh,AC,2045,0.40555
Non-fossil end-use fuels (including biofuels),"Biofuels, synthesized fuels and hydrogen production by technology",Energy,Fuel production,Renewable diesel,Residue,Fischer-Tropsch,GWh,AC,2050,0.25309
Non-fossil end-use fuels (including biofuels),"Biofuels, synthesized fuels and hydrogen production by technology",Energy,Fuel production,Renewable diesel,Residue,Fischer-Tropsch,GWh,AL,2025,0.0
Non-fossil end-use fuels (including biofuels),"Biofuels, synthesized fuels and hydrogen production by technology",Energy,Fuel production,Renewable diesel,Residue,Fischer-Tropsch,GWh,AL,2030,0.0
Non-fossil end-use fuels (including biofuels),"Biofuels, synthesized fuels and hydrogen production by technology",Energy,Fuel production,Renewable diesel,Residue,Fischer-Tropsch,GWh,AL,2035,0.06181
Non-fossil end-use fuels (including biofuels),"Biofuels, synthesized fuels and hydrogen production by technology",Energy,Fuel production,Renewable diesel,Residue,Fischer-Tropsch,GWh,AL,2040,0.79384
Non-fossil end-use fuels (including biofuels),"Biofuels, synthesized fuels and hydrogen production by technology",Energy,Fuel production,Renewable diesel,Residue,Fischer-Tropsch,GWh,AL,2045,0.33119
Non-fossil end-use fuels (including biofuels),"Biofuels, synthesized fuels and hydrogen production by technology",Energy,Fuel production,Renewable diesel,Residue,Fischer-Tropsch,GWh,AL,2050,0.22887
Non-fossil end-use fuels (including biofuels),"Biofuels, synthesized fuels and hydrogen production by technology",Energy,Fuel production,Renewable diesel,Residue,Fischer-Tropsch,GWh,AM,2025,0.0
Non-fossil end-use fuels (including biofuels),"Biofuels, synthesized fuels and hydrogen production by technology",Energy,Fuel production,Renewable diesel,Residue,Fischer-Tropsch,GWh,AM,2030,0.0
Non-fossil end-use fuels (including biofuels),"Biofuels, synthesized fuels and hydrogen production by technology",Energy,Fuel production,Renewable diesel,Residue,Fischer-Tropsch,GWh,AM,2035,0.04935
Non-fossil end-use fuels (including biofuels),"Biofuels, synthesized fuels and hydrogen production by technology",Energy,Fuel production,Renewable diesel,Residue,Fischer-Tropsch,GWh,AM,2040,0.43088
Non-fossil end-use fuels (including biofuels),"Biofuels, synthesized fuels and hydrogen production by technology",Energy,Fuel production,Renewable diesel,Residue,Fischer-Tropsch,GWh,AM,2045,0.10841
Non-fossil end-use fuels (including biofuels),"Biofuels, synthesized fuels and hydrogen production by technology",Energy,Fuel production,Renewable diesel,Residue,Fischer-Tropsch,GWh,AM,2050,0.10377
Non-fossil end-use fuels (including biofuels),"Biofuels, synthesized fuels and hydrogen production by technology",Energy,Fuel production,Renewable diesel,Residue,Fischer-Tropsch,GWh,BA,2025,0.0
Non-fossil end-use fuels (including biofuels),"Biofuels, synthesized fuels and hydrogen production by technology",Energy,Fuel production,Renewable diesel,Residue,Fischer-Tropsch,GWh,BA,2030,0.0
Non-fossil end-use fuels (including biofuels),"Biofuels, synthesized fuels and hydrogen production by technology",Energy,Fuel production,Renewable diesel,Residue,Fischer-Tropsch,GWh,BA,2035,0.29507
Non-fossil end-use fuels (including biofuels),"Biofuels, synthesized fuels and hydrogen production by technology",Energy,Fuel production,Renewable diesel,Residue,Fischer-Tropsch,GWh,BA,2040,4.13756
Non-fossil end-use fuels (including biofuels),"Biofuels, synthesized fuels and hydrogen production by technology",Energy,Fuel production,Renewable diesel,Residue,Fischer-Tropsch,GWh,BA,2045,1.61411
Non-fossil end-use fuels (including biofuels),"Biofuels, synthesized fuels and hydrogen production by technology",Energy,Fuel production,Renewable diesel,Residue,Fischer-Tropsch,GWh,BA,2050,1.04514
Non-fossil end-use fuels (including biofuels),"Biofuels, synthesized fuels and hydrogen production by technology",Energy,Fuel production,Renewable diesel,Residue,Fischer-Tropsch,GWh,CE,2025,0.0
Non-fossil end-use fuels (including biofuels),"Biofuels, synthesized fuels and hydrogen production by technology",Energy,Fuel production,Renewable diesel,Residue,Fischer-Tropsch,GWh,CE,2030,0.0
Non-fossil end-use fuels (including biofuels),"Biofuels, synthesized fuels and hydrogen production by technology",Energy,Fuel production,Renewable diesel,Residue,Fischer-Tropsch,GWh,CE,2035,0.13305
Non-fossil end-use fuels (including biofuels),"Biofuels, synthesized fuels and hydrogen production by technology",Energy,Fuel production,Renewable diesel,Residue,Fischer-Tropsch,GWh,CE,2040,2.10285
Non-fossil end-use fuels (including biofuels),"Biofuels, synthesized fuels and hydrogen production by technology",Energy,Fuel production,Renewable diesel,Residue,Fischer-Tropsch,GWh,CE,2045,0.62836
Non-fossil end-use fuels (including biofuels),"Biofuels, synthesized fuels and hydrogen production by technology",Energy,Fuel production,Renewable diesel,Residue,Fischer-Tropsch,GWh,CE,2050,0.34862
Non-fossil end-use fuels (including biofuels),"Biofuels, synthesized fuels and hydrogen production by technology",Energy,Fuel production,Renewable diesel,Residue,Fischer-Tropsch,GWh,DF,2025,0.0
Non-fossil end-use fuels (including biofuels),"Biofuels, synthesized fuels and hydrogen production by technology",Energy,Fuel production,Renewable diesel,Residue,Fischer-Tropsch,GWh,DF,2030,0.0
Non-fossil end-use fuels (including biofuels),"Biofuels, synthesized fuels and hydrogen production by technology",Energy,Fuel production,Renewable diesel,Residue,Fischer-Tropsch,GWh,DF,2035,0.0929
Non-fossil end-use fuels (including biofuels),"Biofuels, synthesized fuels and hydrogen production by technology",Energy,Fuel production,Renewable diesel,Residue,Fischer-Tropsch,GWh,DF,2040,1.58739
Non-fossil end-use fuels (including biofuels),"Biofuels, synthesized fuels and hydrogen production by technology",Energy,Fuel production,Renewable diesel,Residue,Fischer-Tropsch,GWh,DF,2045,0.4677
Non-fossil end-use fuels (including biofuels),"Biofuels, synthesized fuels and hydrogen production by technology",Energy,Fuel production,Renewable diesel,Residue,Fischer-Tropsch,GWh,DF,2050,0.27712
Non-fossil end-use fuels (including biofuels),"Biofuels, synthesized fuels and hydrogen production by technology",Energy,Fuel production,Renewable diesel,Residue,Fischer-Tropsch,GWh,ES,2025,0.0
Non-fossil end-use fuels (including biofuels),"Biofuels, synthesized fuels and hydrogen production by technology",Energy,Fuel production,Renewable diesel,Residue,Fischer-Tropsch,GWh,ES,2030,0.0
Non-fossil end-use fuels (including biofuels),"Biofuels, synthesized fuels and hydrogen production by technology",Energy,Fuel production,Renewable diesel,Residue,Fischer-Tropsch,GWh,ES,2035,0.18771
Non-fossil end-use fuels (including biofuels),"Biofuels, synthesized fuels and hydrogen production by technology",Energy,Fuel production,Renewable diesel,Residue,Fischer-Tropsch,GWh,ES,2040,2.36286
Non-fossil end-use fuels (including biofuels),"Biofuels, synthesized fuels and hydrogen production by technology",Energy,Fuel production,Renewable diesel,Residue,Fischer-Tropsch,GWh,ES,2045,1.04157
Non-fossil end-use fuels (including biofuels),"Biofuels, synthesized fuels and hydrogen production by technology",Energy,Fuel production,Renewable diesel,Residue,Fischer-Tropsch,GWh,ES,2050,0.5579
Non-fossil end-use fuels (including biofuels),"Biofuels, synthesized fuels and hydrogen production by technology",Energy,Fuel production,Renewable diesel,Residue,Fischer-Tropsch,GWh,GO,2025,0.0
Non-fossil end-use fuels (including biofuels),"Biofuels, synthesized fuels and hydrogen production by technology",Energy,Fuel production,Renewable diesel,Residue,Fischer-Tropsch,GWh,GO,2030,0.0
Non-fossil end-use fuels (including biofuels),"Biofuels, synthesized fuels and hydrogen production by technology",Energy,Fuel production,Renewable diesel,Residue,Fischer-Tropsch,GWh,GO,2035,0.30698
Non-fossil end-use fuels (including biofuels),"Biofuels, synthesized fuels and hydrogen production by technology",Energy,Fuel production,Renewable diesel,Residue,Fischer-Tropsch,GWh,GO,2040,4.15274
Non-fossil end-use fuels (including biofuels),"Biofuels, synthesized fuels and hydrogen production by technology",Energy,Fuel production,Renewable diesel,Residue,Fischer-Tropsch,GWh,GO,2045,1.58942
Non-fossil end-use fuels (including biofuels),"Biofuels, synthesized fuels and hydrogen production by technology",Energy,Fuel production,Renewable diesel,Residue,Fischer-Tropsch,GWh,GO,2050,1.16037
Non-fossil end-use fuels (including biofuels),"Biofuels, synthesized fuels and hydrogen production by technology",Energy,Fuel production,Renewable diesel,Residue,Fischer-Tropsch,GWh,MA,2025,0.0
Non-fossil end-use fuels (including biofuels),"Biofuels, synthesized fuels and hydrogen production by technology",Energy,Fuel production,Renewable diesel,Residue,Fischer-Tropsch,GWh,MA,2030,0.0
Non-fossil end-use fuels (including biofuels),"Biofuels, synthesized fuels and hydrogen production by technology",Energy,Fuel production,Renewable diesel,Residue,Fischer-Tropsch,GWh,MA,2035,0.27677
Non-fossil end-use fuels (including biofuels),"Biofuels, synthesized fuels and hydrogen production by technology",Energy,Fuel production,Renewable diesel,Residue,Fischer-Tropsch,GWh,MA,2040,3.56554
Non-fossil end-use fuels (including biofuels),"Biofuels, synthesized fuels and hydrogen production by technology",Energy,Fuel production,Renewable diesel,Residue,Fischer-Tropsch,GWh,MA,2045,1.02351
Non-fossil end-use fuels (including biofuels),"Biofuels, synthesized fuels and hydrogen production by technology",Energy,Fuel production,Renewable diesel,Residue,Fischer-Tropsch,GWh,MA,2050,0.65321
Non-fossil end-use fuels (including biofuels),"Biofuels, synthesized fuels and hydrogen production by technology",Energy,Fuel production,Renewable diesel,Residue,Fischer-Tropsch,GWh,MG,2025,0.0
Non-fossil end-use fuels (including biofuels),"Biofuels, synthesized fuels and hydrogen production by technology",Energy,Fuel production,Renewable diesel,Residue,Fischer-Tropsch,GWh,MG,2030,0.0
Non-fossil end-use fuels (including biofuels),"Biofuels, synthesized fuels and hydrogen production by technology",Energy,Fuel production,Renewable diesel,Residue,Fischer-Tropsch,GWh,MG,2035,0.27945
Non-fossil end-use fuels (including biofuels),"Biofuels, synthesized fuels and hydrogen production by technology",Energy,Fuel production,Renewable diesel,Residue,Fischer-Tropsch,GWh,MG,2040,3.96191
Non-fossil end-use fuels (including biofuels),"Biofuels, synthesized fuels and hydrogen production by technology",Energy,Fuel production,Renewable diesel,Residue,Fischer-Tropsch,GWh,MG,2045,1.6158
Non-fossil end-use fuels (including biofuels),"Biofuels, synthesized fuels and hydrogen production by technology",Energy,Fuel production,Renewable diesel,Residue,Fischer-Tropsch,GWh,MG,2050,1.10897
Non-fossil end-use fuels (including biofuels),"Biofuels, synthesized fuels and hydrogen production by technology",Energy,Fuel production,Renewable diesel,Residue,Fischer-Tropsch,GWh,MS,2025,0.0
Non-fossil end-use fuels (including biofuels),"Biofuels, synthesized fuels and hydrogen production by technology",Energy,Fuel production,Renewable diesel,Residue,Fischer-Tropsch,GWh,MS,2030,0.0
Non-fossil end-use fuels (including biofuels),"Biofuels, synthesized fuels and hydrogen production by technology",Energy,Fuel production,Renewable diesel,Residue,Fischer-Tropsch,GWh,MS,2035,0.30831
Non-fossil end-use fuels (including biofuels),"Biofuels, synthesized fuels and hydrogen production by technology",Energy,Fuel production,Renewable diesel,Residue,Fischer-Tropsch,GWh,MS,2040,4.02109
Non-fossil end-use fuels (including biofuels),"Biofuels, synthesized fuels and hydrogen production by technology",Energy,Fuel production,Renewable diesel,Residue,Fischer-Tropsch,GWh,MS,2045,2.01807
Non-fossil end-use fuels (including biofuels),"Biofuels, synthesized fuels and hydrogen production by technology",Energy,Fuel production,Renewable diesel,Residue,Fischer-Tropsch,GWh,MS,2050,1.30186
Non-fossil end-use fuels (including biofuels),"Biofuels, synthesized fuels and hydrogen production by technology",Energy,Fuel production,Renewable diesel,Residue,Fischer-Tropsch,GWh,MT,2025,0.0
Non-fossil end-use fuels (including biofuels),"Biofuels, synthesized fuels and hydrogen production by technology",Energy,Fuel production,Renewable diesel,Residue,Fischer-Tropsch,GWh,MT,2030,0.0
Non-fossil end-use fuels (including biofuels),"Biofuels, synthesized fuels and hydrogen production by technology",Energy,Fuel production,Renewable diesel,Residue,Fischer-Tropsch,GWh,MT,2035,0.32673
Non-fossil end-use fuels (including biofuels),"Biofuels, synthesized fuels and hydrogen production by technology",Energy,Fuel production,Renewable diesel,Residue,Fischer-Tropsch,GWh,MT,2040,4.3226
Non-fossil end-use fuels (including biofuels),"Biofuels, synthesized fuels and hydrogen production by technology",Energy,Fuel production,Renewable diesel,Residue,Fischer-Tropsch,GWh,MT,2045,1.85884
Non-fossil end-use fuels (including biofuels),"Biofuels, synthesized fuels and hydrogen production by technology",Energy,Fuel production,Renewable diesel,Residue,Fischer-Tropsch,GWh,MT,2050,1.2069
Non-fossil end-use fuels (including biofuels),"Biofuels, synthesized fuels and hydrogen production by technology",Energy,Fuel production,Renewable diesel,Residue,Fischer-Tropsch,GWh,PA,2025,0.0
Non-fossil end-use fuels (including biofuels),"Biofuels, synthesized fuels and hydrogen production by technology",Energy,Fuel production,Renewable diesel,Residue,Fischer-Tropsch,GWh,PA,2030,0.0
Non-fossil end-use fuels (including biofuels),"Biofuels, synthesized fuels and hydrogen production by technology",Energy,Fuel production,Renewable diesel,Residue,Fischer-Tropsch,GWh,PA,2035,0.16851
Non-fossil end-use fuels (including biofuels),"Biofuels, synthesized fuels and hydrogen production by technology",Energy,Fuel production,Renewable diesel,Residue,Fischer-Tropsch,GWh,PA,2040,2.36543
Non-fossil end-use fuels (including biofuels),"Biofuels, synthesized fuels and hydrogen production by technology",Energy,Fuel production,Renewable diesel,Residue,Fischer-Tropsch,GWh,PA,2045,0.64313
Non-fossil end-use fuels (including biofuels),"Biofuels, synthesized fuels and hydrogen production by technology",Energy,Fuel production,Renewable diesel,Residue,Fischer-Tropsch,GWh,PA,2050,0.36989
Non-fossil end-use fuels (including biofuels),"Biofuels, synthesized fuels and hydrogen production by technology",Energy,Fuel production,Renewable diesel,Residue,Fischer-Tropsch,GWh,PB,2025,0.0
Non-fossil end-use fuels (including biofuels),"Biofuels, synthesized fuels and hydrogen production by technology",Energy,Fuel production,Renewable diesel,Residue,Fischer-Tropsch,GWh,PB,2030,0.0
Non-fossil end-use fuels (including biofuels),"Biofuels, synthesized fuels and hydrogen production by technology",Energy,Fuel production,Renewable diesel,Residue,Fischer-Tropsch,GWh,PB,2035,0.11855
Non-fossil end-use fuels (including biofuels),"Biofuels, synthesized fuels and hydrogen production by technology",Energy,Fuel production,Renewable diesel,Residue,Fischer-Tropsch,GWh,PB,2040,1.9921
Non-fossil end-use fuels (including biofuels),"Biofuels, synthesized fuels and hydrogen production by technology",Energy,Fuel production,Renewable diesel,Residue,Fischer-Tropsch,GWh,PB,2045,1.01923
Non-fossil end-use fuels (including biofuels),"Biofuels, synthesized fuels and hydrogen production by technology",Energy,Fuel production,Renewable diesel,Residue,Fischer-Tropsch,GWh,PB,2050,0.36769
Non-fossil end-use fuels (including biofuels),"Biofuels, synthesized fuels and hydrogen production by technology",Energy,Fuel production,Renewable diesel,Residue,Fischer-Tropsch,GWh,PE,2025,0.0
Non-fossil end-use fuels (including biofuels),"Biofuels, synthesized fuels and hydrogen production by technology",Energy,Fuel production,Renewable diesel,Residue,Fischer-Tropsch,GWh,PE,2030,0.0
Non-fossil end-use fuels (including biofuels),"Biofuels, synthesized fuels and hydrogen production by technology",Energy,Fuel production,Renewable diesel,Residue,Fischer-Tropsch,GWh,PE,2035,0.16879
Non-fossil end-use fuels (including biofuels),"Biofuels, synthesized fuels and hydrogen production by technology",Energy,Fuel production,Renewable diesel,Residue,Fischer-Tropsch,GWh,PE,2040,2.53796
Non-fossil end-use fuels (including biofuels),"Biofuels, synthesized fuels and hydrogen production by technology",Energy,Fuel production,Renewable diesel,Residue,Fischer-Tropsch,GWh,PE,2045,1.40837
Non-fossil end-use fuels (including biofuels),"Biofuels, synthesized fuels and hydrogen production by technology",Energy,Fuel production,Renewable diesel,Residue,Fischer-Tropsch,GWh,PE,2050,0.38628
Non-fossil end-use fuels (including biofuels),"Biofuels, synthesized fuels and hydrogen production by technology",Energy,Fuel production,Renewable diesel,Residue,Fischer-Tropsch,GWh,PI,2025,0.0
Non-fossil end-use fuels (including biofuels),"Biofuels, synthesized fuels and hydrogen production by technology",Energy,Fuel production,Renewable diesel,Residue,Fischer-Tropsch,GWh,PI,2030,0.0
Non-fossil end-use fuels (including biofuels),"Biofuels, synthesized fuels and hydrogen production by technology",Energy,Fuel production,Renewable diesel,Residue,Fischer-Tropsch,GWh,PI,2035,0.25898
Non-fossil end-use fuels (including biofuels),"Biofuels, synthesized fuels and hydrogen production by technology",Energy,Fuel production,Renewable diesel,Residue,Fischer-Tropsch,GWh,PI,2040,3.45728
Non-fossil end-use fuels (including biofuels),"Biofuels, synthesized fuels and hydrogen production by technology",Energy,Fuel production,Renewable diesel,Residue,Fischer-Tropsch,GWh,PI,2045,0.98133
Non-fossil end-use fuels (including biofuels),"Biofuels, synthesized fuels and hydrogen production by technology",Energy,Fuel production,Renewable diesel,Residue,Fischer-Tropsch,GWh,PI,2050,0.59015
Non-fossil end-use fuels (including biofuels),"Biofuels, synthesized fuels and hydrogen production by technology",Energy,Fuel production,Renewable diesel,Residue,Fischer-Tropsch,GWh,PR,2025,0.0
Non-fossil end-use fuels (including biofuels),"Biofuels, synthesized fuels and hydrogen production by technology",Energy,Fuel production,Renewable diesel,Residue,Fischer-Tropsch,GWh,PR,2030,0.0
Non-fossil end-use fuels (including biofuels),"Biofuels, synthesized fuels and hydrogen production by technology",Energy,Fuel production,Renewable diesel,Residue,Fischer-Tropsch,GWh,PR,2035,0.31077
Non-fossil end-use fuels (including biofuels),"Biofuels, synthesized fuels and hydrogen production by technology",Energy,Fuel production,Renewable diesel,Residue,Fischer-Tropsch,GWh,PR,2040,4.07323
Non-fossil end-use fuels (including biofuels),"Biofuels, synthesized fuels and hydrogen production by technology",Energy,Fuel production,Renewable diesel,Residue,Fischer-Tropsch,GWh,PR,2045,1.06578
Non-fossil end-use fuels (including biofuels),"Biofuels, synthesized fuels and hydrogen production by technology",Energy,Fuel production,Renewable diesel,Residue,Fischer-Tropsch,GWh,PR,2050,0.98447
Non-fossil end-use fuels (including biofuels),"Biofuels, synthesized fuels and hydrogen production by technology",Energy,Fuel production,Renewable diesel,Residue,Fischer-Tropsch,GWh,RJ,2025,0.0
Non-fossil end-use fuels (including biofuels),"Biofuels, synthesized fuels and hydrogen production by technology",Energy,Fuel production,Renewable diesel,Residue,Fischer-Tropsch,GWh,RJ,2030,0.0
Non-fossil end-use fuels (including biofuels),"Biofuels, synthesized fuels and hydrogen production by technology",Energy,Fuel production,Renewable diesel,Residue,Fischer-Tropsch,GWh,RJ,2035,0.20496
Non-fossil end-use fuels (including biofuels),"Biofuels, synthesized fuels and hydrogen production by technology",Energy,Fuel production,Renewable diesel,Residue,Fischer-Tropsch,GWh,RJ,2040,2.58293
Non-fossil end-use fuels (including biofuels),"Biofuels, synthesized fuels and hydrogen production by technology",Energy,Fuel production,Renewable diesel,Residue,Fischer-Tropsch,GWh,RJ,2045,0.9893
Non-fossil end-use fuels (including biofuels),"Biofuels, synthesized fuels and hydrogen production by technology",Energy,Fuel production,Renewable diesel,Residue,Fischer-Tropsch,GWh,RJ,2050,0.28295
Non-fossil end-use fuels (including biofuels),"Biofuels, synthesized fuels and hydrogen production by technology",Energy,Fuel production,Renewable diesel,Residue,Fischer-Tropsch,GWh,RN,2025,0.0
Non-fossil end-use fuels (including biofuels),"Biofuels, synthesized fuels and hydrogen production by technology",Energy,Fuel production,Renewable diesel,Residue,Fischer-Tropsch,GWh,RN,2030,0.0
Non-fossil end-use fuels (including biofuels),"Biofuels, synthesized fuels and hydrogen production by technology",Energy,Fuel production,Renewable diesel,Residue,Fischer-Tropsch,GWh,RN,2035,0.14256
Non-fossil end-use fuels (including biofuels),"Biofuels, synthesized fuels and hydrogen production by technology",Energy,Fuel production,Renewable diesel,Residue,Fischer-Tropsch,GWh,RN,2040,2.2627
Non-fossil end-use fuels (including biofuels),"Biofuels, synthesized fuels and hydrogen production by technology",Energy,Fuel production,Renewable diesel,Residue,Fischer-Tropsch,GWh,RN,2045,1.17984
Non-fossil end-use fuels (including biofuels),"Biofuels, synthesized fuels and hydrogen production by technology",Energy,Fuel production,Renewable diesel,Residue,Fischer-Tropsch,GWh,RN,2050,0.48431
Non-fossil end-use fuels (including biofuels),"Biofuels, synthesized fuels and hydrogen production by technology",Energy,Fuel production,Renewable diesel,Residue,Fischer-Tropsch,GWh,RO,2025,0.0
Non-fossil end-use fuels (including biofuels),"Biofuels, synthesized fuels and hydrogen production by technology",Energy,Fuel production,Renewable diesel,Residue,Fischer-Tropsch,GWh,RO,2030,0.0
Non-fossil end-use fuels (including biofuels),"Biofuels, synthesized fuels and hydrogen production by technology",Energy,Fuel production,Renewable diesel,Residue,Fischer-Tropsch,GWh,RO,2035,0.16949
Non-fossil end-use fuels (including biofuels),"Biofuels, synthesized fuels and hydrogen production by technology",Energy,Fuel production,Renewable diesel,Residue,Fischer-Tropsch,GWh,RO,2040,2.36156
Non-fossil end-use fuels (including biofuels),"Biofuels, synthesized fuels and hydrogen production by technology",Energy,Fuel production,Renewable diesel,Residue,Fischer-Tropsch,GWh,RO,2045,0.64504
Non-fossil end-use fuels (including biofuels),"Biofuels, synthesized fuels and hydrogen production by technology",Energy,Fuel production,Renewable diesel,Residue,Fischer-Tropsch,GWh,RO,2050,0.36919
Non-fossil end-use fuels (including biofuels),"Biofuels, synthesized fuels and hydrogen production by technology",Energy,Fuel production,Renewable diesel,Residue,Fischer-Tropsch,GWh,RR,2025,0.0
Non-fossil end-use fuels (including biofuels),"Biofuels, synthesized fuels and hydrogen production by technology",Energy,Fuel production,Renewable diesel,Residue,Fischer-Tropsch,GWh,RR,2030,0.0
Non-fossil end-use fuels (including biofuels),"Biofuels, synthesized fuels and hydrogen production by technology",Energy,Fuel production,Renewable diesel,Residue,Fischer-Tropsch,GWh,RR,2035,0.07451
Non-fossil end-use fuels (including biofuels),"Biofuels, synthesized fuels and hydrogen production by technology",Energy,Fuel production,Renewable diesel,Residue,Fischer-Tropsch,GWh,RR,2040,1.11001
Non-fossil end-use fuels (including biofuels),"Biofuels, synthesized fuels and hydrogen production by technology",Energy,Fuel production,Renewable diesel,Residue,Fischer-Tropsch,GWh,RR,2045,0.40148
Non-fossil end-use fuels (including biofuels),"Biofuels, synthesized fuels and hydrogen production by technology",Energy,Fuel production,Renewable diesel,Residue,Fischer-Tropsch,GWh,RR,2050,0.2512
Non-fossil end-use fuels (including biofuels),"Biofuels, synthesized fuels and hydrogen production by technology",Energy,Fuel production,Renewable diesel,Residue,Fischer-Tropsch,GWh,RS,2025,0.0
Non-fossil end-use fuels (including biofuels),"Biofuels, synthesized fuels and hydrogen production by technology",Energy,Fuel production,Renewable diesel,Residue,Fischer-Tropsch,GWh,RS,2030,0.0
Non-fossil end-use fuels (including biofuels),"Biofuels, synthesized fuels and hydrogen production by technology",Energy,Fuel production,Renewable diesel,Residue,Fischer-Tropsch,GWh,RS,2035,0.24702
Non-fossil end-use fuels (including biofuels),"Biofuels, synthesized fuels and hydrogen production by technology",Energy,Fuel production,Renewable diesel,Residue,Fischer-Tropsch,GWh,RS,2040,3.10468
Non-fossil end-use fuels (including biofuels),"Biofuels, synthesized fuels and hydrogen production by technology",Energy,Fuel production,Renewable diesel,Residue,Fischer-Tropsch,GWh,RS,2045,0.88814
Non-fossil end-use fuels (including biofuels),"Biofuels, synthesized fuels and hydrogen production by technology",Energy,Fuel production,Renewable diesel,Residue,Fischer-Tropsch,GWh,RS,2050,0.54042
Non-fossil end-use fuels (including biofuels),"Biofuels, synthesized fuels and hydrogen production by technology",Energy,Fuel production,Renewable diesel,Residue,Fischer-Tropsch,GWh,SC,2025,0.0
Non-fossil end-use fuels (including biofuels),"Biofuels, synthesized fuels and hydrogen production by technology",Energy,Fuel production,Renewable diesel,Residue,Fischer-Tropsch,GWh,SC,2030,0.0
Non-fossil end-use fuels (including biofuels),"Biofuels, synthesized fuels and hydrogen production by technology",Energy,Fuel production,Renewable diesel,Residue,Fischer-Tropsch,GWh,SC,2035,0.19006
Non-fossil end-use fuels (including biofuels),"Biofuels, synthesized fuels and hydrogen production by technology",Energy,Fuel production,Renewable diesel,Residue,Fischer-Tropsch,GWh,SC,2040,2.55874
Non-fossil end-use fuels (including biofuels),"Biofuels, synthesized fuels and hydrogen production by technology",Energy,Fuel production,Renewable diesel,Residue,Fischer-Tropsch,GWh,SC,2045,0.78927
Non-fossil end-use fuels (including biofuels),"Biofuels, synthesized fuels and hydrogen production by technology",Energy,Fuel production,Renewable diesel,Residue,Fischer-Tropsch,GWh,SC,2050,0.43662
Non-fossil end-use fuels (including biofuels),"Biofuels, synthesized fuels and hydrogen production by technology",Energy,Fuel production,Renewable diesel,Residue,Fischer-Tropsch,GWh,SE,2025,0.0
Non-fossil end-use fuels (including biofuels),"Biofuels, synthesized fuels and hydrogen production by technology",Energy,Fuel production,Renewable diesel,Residue,Fischer-Tropsch,GWh,SE,2030,0.0
Non-fossil end-use fuels (including biofuels),"Biofuels, synthesized fuels and hydrogen production by technology",Energy,Fuel production,Renewable diesel,Residue,Fischer-Tropsch,GWh,SE,2035,0.19001
Non-fossil end-use fuels (including biofuels),"Biofuels, synthesized fuels and hydrogen production by technology",Energy,Fuel production,Renewable diesel,Residue,Fischer-Tropsch,GWh,SE,2040,2.81819
Non-fossil end-use fuels (including biofuels),"Biofuels, synthesized fuels and hydrogen production by technology",Energy,Fuel production,Renewable diesel,Residue,Fischer-Tropsch,GWh,SE,2045,1.14694
Non-fossil end-use fuels (including biofuels),"Biofuels, synthesized fuels and hydrogen production by technology",Energy,Fuel production,Renewable diesel,Residue,Fischer-Tropsch,GWh,SE,2050,0.54095
Non-fossil end-use fuels (including biofuels),"Biofuels, synthesized fuels and hydrogen production by technology",Energy,Fuel production,Renewable diesel,Residue,Fischer-Tropsch,GWh,SP,2025,0.0
Non-fossil end-use fuels (including biofuels),"Biofuels, synthesized fuels and hydrogen production by technology",Energy,Fuel production,Renewable diesel,Residue,Fischer-Tropsch,GWh,SP,2030,0.0
Non-fossil end-use fuels (including biofuels),"Biofuels, synthesized fuels and hydrogen production by technology",Energy,Fuel production,Renewable diesel,Residue,Fischer-Tropsch,GWh,SP,2035,0.27982
Non-fossil end-use fuels (including biofuels),"Biofuels, synthesized fuels and hydrogen production by technology",Energy,Fuel production,Renewable diesel,Residue,Fischer-Tropsch,GWh,SP,2040,3.77798
Non-fossil end-use fuels (including biofuels),"Biofuels, synthesized fuels and hydrogen production by technology",Energy,Fuel production,Renewable diesel,Residue,Fischer-Tropsch,GWh,SP,2045,1.5272
Non-fossil end-use fuels (including biofuels),"Biofuels, synthesized fuels and hydrogen production by technology",Energy,Fuel production,Renewable diesel,Residue,Fischer-Tropsch,GWh,SP,2050,0.85519
Non-fossil end-use fuels (including biofuels),"Biofuels, synthesized fuels and hydrogen production by technology",Energy,Fuel production,Renewable diesel,Residue,Fischer-Tropsch,GWh,TO,2025,0.0
Non-fossil end-use fuels (including biofuels),"Biofuels, synthesized fuels and hydrogen production by technology",Energy,Fuel production,Renewable diesel,Residue,Fischer-Tropsch,GWh,TO,2030,0.0
Non-fossil end-use fuels (including biofuels),"Biofuels, synthesized fuels and hydrogen production by technology",Energy,Fuel production,Renewable diesel,Residue,Fischer-Tropsch,GWh,TO,2035,0.27531
Non-fossil end-use fuels (including biofuels),"Biofuels, synthesized fuels and hydrogen production by technology",Energy,Fuel production,Renewable diesel,Residue,Fischer-Tropsch,GWh,TO,2040,3.71874
Non-fossil end-use fuels (including biofuels),"Biofuels, synthesized fuels and hydrogen production by technology",Energy,Fuel production,Renewable diesel,Residue,Fischer-Tropsch,GWh,TO,2045,1.34342
Non-fossil end-use fuels (including biofuels),"Biofuels, synthesized fuels and hydrogen production by technology",Energy,Fuel production,Renewable diesel,Residue,Fischer-Tropsch,GWh,TO,2050,0.65894
Non-fossil end-use fuels (including biofuels),"Biofuels, synthesized fuels and hydrogen production by technology",Energy,Fuel production,Renewable diesel,Wood,Fischer-Tropsch,GWh,BA,2025,0.0
Non-fossil end-use fuels (including biofuels),"Biofuels, synthesized fuels and hydrogen production by technology",Energy,Fuel production,Renewable diesel,Wood,Fischer-Tropsch,GWh,BA,2030,0.0
Non-fossil end-use fuels (including biofuels),"Biofuels, synthesized fuels and hydrogen production by technology",Energy,Fuel production,Renewable diesel,Wood,Fischer-Tropsch,GWh,BA,2035,0.25912
Non-fossil end-use fuels (including biofuels),"Biofuels, synthesized fuels and hydrogen production by technology",Energy,Fuel production,Renewable diesel,Wood,Fischer-Tropsch,GWh,BA,2040,3.07226
Non-fossil end-use fuels (including biofuels),"Biofuels, synthesized fuels and hydrogen production by technology",Energy,Fuel production,Renewable diesel,Wood,Fischer-Tropsch,GWh,BA,2045,0.57862
Non-fossil end-use fuels (including biofuels),"Biofuels, synthesized fuels and hydrogen production by technology",Energy,Fuel production,Renewable diesel,Wood,Fischer-Tropsch,GWh,BA,2050,0.35566
Non-fossil end-use fuels (including biofuels),"Biofuels, synthesized fuels and hydrogen production by technology",Energy,Fuel production,Renewable diesel,Wood,Fischer-Tropsch,GWh,CE,2025,0.0
Non-fossil end-use fuels (including biofuels),"Biofuels, synthesized fuels and hydrogen production by technology",Energy,Fuel production,Renewable diesel,Wood,Fischer-Tropsch,GWh,CE,2030,0.0
Non-fossil end-use fuels (including biofuels),"Biofuels, synthesized fuels and hydrogen production by technology",Energy,Fuel production,Renewable diesel,Wood,Fischer-Tropsch,GWh,CE,2035,0.05293
Non-fossil end-use fuels (including biofuels),"Biofuels, synthesized fuels and hydrogen production by technology",Energy,Fuel production,Renewable diesel,Wood,Fischer-Tropsch,GWh,CE,2040,0.62288
Non-fossil end-use fuels (including biofuels),"Biofuels, synthesized fuels and hydrogen production by technology",Energy,Fuel production,Renewable diesel,Wood,Fischer-Tropsch,GWh,CE,2045,0.20005
Non-fossil end-use fuels (including biofuels),"Biofuels, synthesized fuels and hydrogen production by technology",Energy,Fuel production,Renewable diesel,Wood,Fischer-Tropsch,GWh,CE,2050,0.12424
Non-fossil end-use fuels (including biofuels),"Biofuels, synthesized fuels and hydrogen production by technology",Energy,Fuel production,Renewable diesel,Wood,Fischer-Tropsch,GWh,DF,2025,0.0
Non-fossil end-use fuels (including biofuels),"Biofuels, synthesized fuels and hydrogen production by technology",Energy,Fuel production,Renewable diesel,Wood,Fischer-Tropsch,GWh,DF,2030,0.0
Non-fossil end-use fuels (including biofuels),"Biofuels, synthesized fuels and hydrogen production by technology",Energy,Fuel production,Renewable diesel,Wood,Fischer-Tropsch,GWh,DF,2035,0.1254
Non-fossil end-use fuels (including biofuels),"Biofuels, synthesized fuels and hydrogen production by technology",Energy,Fuel production,Renewable diesel,Wood,Fischer-Tropsch,GWh,DF,2040,1.56193
Non-fossil end-use fuels (including biofuels),"Biofuels, synthesized fuels and hydrogen production by technology",Energy,Fuel production,Renewable diesel,Wood,Fischer-Tropsch,GWh,DF,2045,0.36851
Non-fossil end-use fuels (including biofuels),"Biofuels, synthesized fuels and hydrogen production by technology",Energy,Fuel production,Renewable diesel,Wood,Fischer-Tropsch,GWh,DF,2050,0.188
Non-fossil end-use fuels (including biofuels),"Biofuels, synthesized fuels and hydrogen production by technology",Energy,Fuel production,Renewable diesel,Wood,Fischer-Tropsch,GWh,ES,2025,0.0
Non-fossil end-use fuels (including biofuels),"Biofuels, synthesized fuels and hydrogen production by technology",Energy,Fuel production,Renewable diesel,Wood,Fischer-Tropsch,GWh,ES,2030,0.0
Non-fossil end-use fuels (including biofuels),"Biofuels, synthesized fuels and hydrogen production by technology",Energy,Fuel production,Renewable diesel,Wood,Fischer-Tropsch,GWh,ES,2035,0.07237
Non-fossil end-use fuels (including biofuels),"Biofuels, synthesized fuels and hydrogen production by technology",Energy,Fuel production,Renewable diesel,Wood,Fischer-Tropsch,GWh,ES,2040,1.07374
Non-fossil end-use fuels (including biofuels),"Biofuels, synthesized fuels and hydrogen production by technology",Energy,Fuel production,Renewable diesel,Wood,Fischer-Tropsch,GWh,ES,2045,0.25766
Non-fossil end-use fuels (including biofuels),"Biofuels, synthesized fuels and hydrogen production by technology",Energy,Fuel production,Renewable diesel,Wood,Fischer-Tropsch,GWh,ES,2050,0.13935
Non-fossil end-use fuels (including biofuels),"Biofuels, synthesized fuels and hydrogen production by technology",Energy,Fuel production,Renewable diesel,Wood,Fischer-Tropsch,GWh,GO,2025,0.0
Non-fossil end-use fuels (including biofuels),"Biofuels, synthesized fuels and hydrogen production by technology",Energy,Fuel production,Renewable diesel,Wood,Fischer-Tropsch,GWh,GO,2030,0.0
Non-fossil end-use fuels (including biofuels),"Biofuels, synthesized fuels and hydrogen production by technology",Energy,Fuel production,Renewable diesel,Wood,Fischer-Tropsch,GWh,GO,2035,0.27656
Non-fossil end-use fuels (including biofuels),"Biofuels, synthesized fuels and hydrogen production by technology",Energy,Fuel production,Renewable diesel,Wood,Fischer-Tropsch,GWh,GO,2040,3.28313
Non-fossil end-use fuels (including biofuels),"Biofuels, synthesized fuels and hydrogen production by technology",Energy,Fuel production,Renewable diesel,Wood,Fischer-Tropsch,GWh,GO,2045,0.66391
Non-fossil end-use fuels (including biofuels),"Biofuels, synthesized fuels and hydrogen production by technology",Energy,Fuel production,Renewable diesel,Wood,Fischer-Tropsch,GWh,GO,2050,0.40425
Non-fossil end-use fuels (including biofuels),"Biofuels, synthesized fuels and hydrogen production by technology",Energy,Fuel production,Renewable diesel,Wood,Fischer-Tropsch,GWh,MA,2025,0.0
Non-fossil end-use fuels (including biofuels),"Biofuels, synthesized fuels and hydrogen production by technology",Energy,Fuel production,Renewable diesel,Wood,Fischer-Tropsch,GWh,MA,2030,0.0
Non-fossil end-use fuels (including biofuels),"Biofuels, synthesized fuels and hydrogen production by technology",Energy,Fuel production,Renewable diesel,Wood,Fischer-Tropsch,GWh,MA,2035,0.12434
Non-fossil end-use fuels (including biofuels),"Biofuels, synthesized fuels and hydrogen production by technology",Energy,Fuel production,Renewable diesel,Wood,Fischer-Tropsch,GWh,MA,2040,1.43039
Non-fossil end-use fuels (including biofuels),"Biofuels, synthesized fuels and hydrogen production by technology",Energy,Fuel production,Renewable diesel,Wood,Fischer-Tropsch,GWh,MA,2045,0.16906
Non-fossil end-use fuels (including biofuels),"Biofuels, synthesized fuels and hydrogen production by technology",Energy,Fuel production,Renewable diesel,Wood,Fischer-Tropsch,GWh,MA,2050,0.16813
Non-fossil end-use fuels (including biofuels),"Biofuels, synthesized fuels and hydrogen production by technology",Energy,Fuel production,Renewable diesel,Wood,Fischer-Tropsch,GWh,MG,2025,0.0
Non-fossil end-use fuels (including biofuels),"Biofuels, synthesized fuels and hydrogen production by technology",Energy,Fuel production,Renewable diesel,Wood,Fischer-Tropsch,GWh,MG,2030,0.0
Non-fossil end-use fuels (including biofuels),"Biofuels, synthesized fuels and hydrogen production by technology",Energy,Fuel production,Renewable diesel,Wood,Fischer-Tropsch,GWh,MG,2035,0.27052
Non-fossil end-use fuels (including biofuels),"Biofuels, synthesized fuels and hydrogen production by technology",Energy,Fuel production,Renewable diesel,Wood,Fischer-Tropsch,GWh,MG,2040,3.21906
Non-fossil end-use fuels (including biofuels),"Biofuels, synthesized fuels and hydrogen production by technology",Energy,Fuel production,Renewable diesel,Wood,Fischer-Tropsch,GWh,MG,2045,0.63275
Non-fossil end-use fuels (including biofuels),"Biofuels, synthesized fuels and hydrogen production by technology",Energy,Fuel production,Renewable diesel,Wood,Fischer-Tropsch,GWh,MG,2050,0.3993
Non-fossil end-use fuels (including biofuels),"Biofuels, synthesized fuels and hydrogen production by technology",Energy,Fuel production,Renewable diesel,Wood,Fischer-Tropsch,GWh,MS,2025,0.0
Non-fossil end-use fuels (including biofuels),"Biofuels, synthesized fuels and hydrogen production by technology",Energy,Fuel production,Renewable diesel,Wood,Fischer-Tropsch,GWh,MS,2030,0.0
Non-fossil end-use fuels (including biofuels),"Biofuels, synthesized fuels and hydrogen production by technology",Energy,Fuel production,Renewable diesel,Wood,Fischer-Tropsch,GWh,MS,2035,0.28195
Non-fossil end-use fuels (including biofuels),"Biofuels, synthesized fuels and hydrogen production by technology",Energy,Fuel production,Renewable diesel,Wood,Fischer-Tropsch,GWh,MS,2040,3.38079
Non-fossil end-use fuels (including biofuels),"Biofuels, synthesized fuels and hydrogen production by technology",Energy,Fuel production,Renewable diesel,Wood,Fischer-Tropsch,GWh,MS,2045,0.70112
Non-fossil end-use fuels (including biofuels),"Biofuels, synthesized fuels and hydrogen production by technology",Energy,Fuel production,Renewable diesel,Wood,Fischer-Tropsch,GWh,MS,2050,0.4213
Non-fossil end-use fuels (including biofuels),"Biofuels, synthesized fuels and hydrogen production by technology",Energy,Fuel production,Renewable diesel,Wood,Fischer-Tropsch,GWh,MT,2025,0.0
Non-fossil end-use fuels (including biofuels),"Biofuels, synthesized fuels and hydrogen production by technology",Energy,Fuel production,Renewable diesel,Wood,Fischer-Tropsch,GWh,MT,2030,0.0
Non-fossil end-use fuels (including biofuels),"Biofuels, synthesized fuels and hydrogen production by technology",Energy,Fuel production,Renewable diesel,Wood,Fischer-Tropsch,GWh,MT,2035,0.27528
Non-fossil end-use fuels (including biofuels),"Biofuels, synthesized fuels and hydrogen production by technology",Energy,Fuel production,Renewable diesel,Wood,Fischer-Tropsch,GWh,MT,2040,3.31755
Non-fossil end-use fuels (including biofuels),"Biofuels, synthesized fuels and hydrogen production by technology",Energy,Fuel production,Renewable diesel,Wood,Fischer-Tropsch,GWh,MT,2045,0.65089
Non-fossil end-use fuels (including biofuels),"Biofuels, synthesized fuels and hydrogen production by technology",Energy,Fuel production,Renewable diesel,Wood,Fischer-Tropsch,GWh,MT,2050,0.45475
Non-fossil end-use fuels (including biofuels),"Biofuels, synthesized fuels and hydrogen production by technology",Energy,Fuel production,Renewable diesel,Wood,Fischer-Tropsch,GWh,PA,2025,0.0
Non-fossil end-use fuels (including biofuels),"Biofuels, synthesized fuels and hydrogen production by technology",Energy,Fuel production,Renewable diesel,Wood,Fischer-Tropsch,GWh,PA,2030,0.0
Non-fossil end-use fuels (including biofuels),"Biofuels, synthesized fuels and hydrogen production by technology",Energy,Fuel production,Renewable diesel,Wood,Fischer-Tropsch,GWh,PA,2035,0.03731
Non-fossil end-use fuels (including biofuels),"Biofuels, synthesized fuels and hydrogen production by technology",Energy,Fuel production,Renewable diesel,Wood,Fischer-Tropsch,GWh,PA,2040,0.24577
Non-fossil end-use fuels (including biofuels),"Biofuels, synthesized fuels and hydrogen production by technology",Energy,Fuel production,Renewable diesel,Wood,Fischer-Tropsch,GWh,PA,2045,0.08298
Non-fossil end-use fuels (including biofuels),"Biofuels, synthesized fuels and hydrogen production by technology",Energy,Fuel production,Renewable diesel,Wood,Fischer-Tropsch,GWh,PA,2050,0.07957
Non-fossil end-use fuels (including biofuels),"Biofuels, synthesized fuels and hydrogen production by technology",Energy,Fuel production,Renewable diesel,Wood,Fischer-Tropsch,GWh,PE,2025,0.0
Non-fossil end-use fuels (including biofuels),"Biofuels, synthesized fuels and hydrogen production by technology",Energy,Fuel production,Renewable diesel,Wood,Fischer-Tropsch,GWh,PE,2030,0.0
Non-fossil end-use fuels (including biofuels),"Biofuels, synthesized fuels and hydrogen production by technology",Energy,Fuel production,Renewable diesel,Wood,Fischer-Tropsch,GWh,PE,2035,0.04992
Non-fossil end-use fuels (including biofuels),"Biofuels, synthesized fuels and hydrogen production by technology",Energy,Fuel production,Renewable diesel,Wood,Fischer-Tropsch,GWh,PE,2040,0.55478
Non-fossil end-use fuels (including biofuels),"Biofuels, synthesized fuels and hydrogen production by technology",Energy,Fuel production,Renewable diesel,Wood,Fischer-Tropsch,GWh,PE,2045,0.17218
Non-fossil end-use fuels (including biofuels),"Biofuels, synthesized fuels and hydrogen production by technology",Energy,Fuel production,Renewable diesel,Wood,Fischer-Tropsch,GWh,PE,2050,0.11136
Non-fossil end-use fuels (including biofuels),"Biofuels, synthesized fuels and hydrogen production by technology",Energy,Fuel production,Renewable diesel,Wood,Fischer-Tropsch,GWh,PI,2025,0.0
Non-fossil end-use fuels (including biofuels),"Biofuels, synthesized fuels and hydrogen production by technology",Energy,Fuel production,Renewable diesel,Wood,Fischer-Tropsch,GWh,PI,2030,0.0
Non-fossil end-use fuels (including biofuels),"Biofuels, synthesized fuels and hydrogen production by technology",Energy,Fuel production,Renewable diesel,Wood,Fischer-Tropsch,GWh,PI,2035,0.17028
Non-fossil end-use fuels (including biofuels),"Biofuels, synthesized fuels and hydrogen production by technology",Energy,Fuel production,Renewable diesel,Wood,Fischer-Tropsch,GWh,PI,2040,1.96791
Non-fossil end-use fuels (including biofuels),"Biofuels, synthesized fuels and hydrogen production by technology",Energy,Fuel production,Renewable diesel,Wood,Fischer-Tropsch,GWh,PI,2045,0.25375
Non-fossil end-use fuels (including biofuels),"Biofuels, synthesized fuels and hydrogen production by technology",Energy,Fuel production,Renewable diesel,Wood,Fischer-Tropsch,GWh,PI,2050,0.2354
Non-fossil end-use fuels (including biofuels),"Biofuels, synthesized fuels and hydrogen production by technology",Energy,Fuel production,Renewable diesel,Wood,Fischer-Tropsch,GWh,PR,2025,0.0
Non-fossil end-use fuels (including biofuels),"Biofuels, synthesized fuels and hydrogen production by technology",Energy,Fuel production,Renewable diesel,Wood,Fischer-Tropsch,GWh,PR,2030,0.0
Non-fossil end-use fuels (including biofuels),"Biofuels, synthesized fuels and hydrogen production by technology",Energy,Fuel production,Renewable diesel,Wood,Fischer-Tropsch,GWh,PR,2035,0.27545
Non-fossil end-use fuels (including biofuels),"Biofuels, synthesized fuels and hydrogen production by technology",Energy,Fuel production,Renewable diesel,Wood,Fischer-Tropsch,GWh,PR,2040,3.25616
Non-fossil end-use fuels (including biofuels),"Biofuels, synthesized fuels and hydrogen production by technology",Energy,Fuel production,Renewable diesel,Wood,Fischer-Tropsch,GWh,PR,2045,0.63642
Non-fossil end-use fuels (including biofuels),"Biofuels, synthesized fuels and hydrogen production by technology",Energy,Fuel production,Renewable diesel,Wood,Fischer-Tropsch,GWh,PR,2050,0.43676
Non-fossil end-use fuels (including biofuels),"Biofuels, synthesized fuels and hydrogen production by technology",Energy,Fuel production,Renewable diesel,Wood,Fischer-Tropsch,GWh,RJ,2025,0.0
Non-fossil end-use fuels (including biofuels),"Biofuels, synthesized fuels and hydrogen production by technology",Energy,Fuel production,Renewable diesel,Wood,Fischer-Tropsch,GWh,RJ,2030,0.0
Non-fossil end-use fuels (including biofuels),"Biofuels, synthesized fuels and hydrogen production by technology",Energy,Fuel production,Renewable diesel,Wood,Fischer-Tropsch,GWh,RJ,2035,0.04129
Non-fossil end-use fuels (including biofuels),"Biofuels, synthesized fuels and hydrogen production by technology",Energy,Fuel production,Renewable diesel,Wood,Fischer-Tropsch,GWh,RJ,2040,0.35218
Non-fossil end-use fuels (including biofuels),"Biofuels, synthesized fuels and hydrogen production by technology",Energy,Fuel production,Renewable diesel,Wood,Fischer-Tropsch,GWh,RJ,2045,0.12513
Non-fossil end-use fuels (including biofuels),"Biofuels, synthesized fuels and hydrogen production by technology",Energy,Fuel production,Renewable diesel,Wood,Fischer-Tropsch,GWh,RJ,2050,0.09039
Non-fossil end-use fuels (including biofuels),"Biofuels, synthesized fuels and hydrogen production by technology",Energy,Fuel production,Renewable diesel,Wood,Fischer-Tropsch,GWh,RO,2025,0.0
Non-fossil end-use fuels (including biofuels),"Biofuels, synthesized fuels and hydrogen production by technology",Energy,Fuel production,Renewable diesel,Wood,Fischer-Tropsch,GWh,RO,2030,0.0
Non-fossil end-use fuels (including biofuels),"Biofuels, synthesized fuels and hydrogen production by technology",Energy,Fuel production,Renewable diesel,Wood,Fischer-Tropsch,GWh,RO,2035,0.04143
Non-fossil end-use fuels (including biofuels),"Biofuels, synthesized fuels and hydrogen production by technology",Energy,Fuel production,Renewable diesel,Wood,Fischer-Tropsch,GWh,RO,2040,0.32892
Non-fossil end-use fuels (including biofuels),"Biofuels, synthesized fuels and hydrogen production by technology",Energy,Fuel production,Renewable diesel,Wood,Fischer-Tropsch,GWh,RO,2045,0.10456
Non-fossil end-use fuels (including biofuels),"Biofuels, synthesized fuels and hydrogen production by technology",Energy,Fuel production,Renewable diesel,Wood,Fischer-Tropsch,GWh,RO,2050,0.08435
Non-fossil end-use fuels (including biofuels),"Biofuels, synthesized fuels and hydrogen production by technology",Energy,Fuel production,Renewable diesel,Wood,Fischer-Tropsch,GWh,RS,2025,0.0
Non-fossil end-use fuels (including biofuels),"Biofuels, synthesized fuels and hydrogen production by technology",Energy,Fuel production,Renewable diesel,Wood,Fischer-Tropsch,GWh,RS,2030,0.0
Non-fossil end-use fuels (including biofuels),"Biofuels, synthesized fuels and hydrogen production by technology",Energy,Fuel production,Renewable diesel,Wood,Fischer-Tropsch,GWh,RS,2035,0.27728
Non-fossil end-use fuels (including biofuels),"Biofuels, synthesized fuels and hydrogen production by technology",Energy,Fuel production,Renewable diesel,Wood,Fischer-Tropsch,GWh,RS,2040,3.27802
Non-fossil end-use fuels (including biofuels),"Biofuels, synthesized fuels and hydrogen production by technology",Energy,Fuel production,Renewable diesel,Wood,Fischer-Tropsch,GWh,RS,2045,0.65799
Non-fossil end-use fuels (including biofuels),"Biofuels, synthesized fuels and hydrogen production by technology",Energy,Fuel production,Renewable diesel,Wood,Fischer-Tropsch,GWh,RS,2050,0.45208
Non-fossil end-use fuels (including biofuels),"Biofuels, synthesized fuels and hydrogen production by technology",Energy,Fuel production,Renewable diesel,Wood,Fischer-Tropsch,GWh,SC,2025,0.0
Non-fossil end-use fuels (including biofuels),"Biofuels, synthesized fuels and hydrogen production by technology",Energy,Fuel production,Renewable diesel,Wood,Fischer-Tropsch,GWh,SC,2030,0.0
Non-fossil end-use fuels (including biofuels),"Biofuels, synthesized fuels and hydrogen production by technology",Energy,Fuel production,Renewable diesel,Wood,Fischer-Tropsch,GWh,SC,2035,0.28617
Non-fossil end-use fuels (including biofuels),"Biofuels, synthesized fuels and hydrogen production by technology",Energy,Fuel production,Renewable diesel,Wood,Fischer-Tropsch,GWh,SC,2040,3.37566
Non-fossil end-use fuels (including biofuels),"Biofuels, synthesized fuels and hydrogen production by technology",Energy,Fuel production,Renewable diesel,Wood,Fischer-Tropsch,GWh,SC,2045,0.71368
Non-fossil end-use fuels (including biofuels),"Biofuels, synthesized fuels and hydrogen production by technology",Energy,Fuel production,Renewable diesel,Wood,Fischer-Tropsch,GWh,SC,2050,0.48245
Non-fossil end-use fuels (including biofuels),"Biofuels, synthesized fuels and hydrogen production by technology",Energy,Fuel production,Renewable diesel,Wood,Fischer-Tropsch,GWh,SE,2025,0.0
Non-fossil end-use fuels (including biofuels),"Biofuels, synthesized fuels and hydrogen production by technology",Energy,Fuel production,Renewable diesel,Wood,Fischer-Tropsch,GWh,SE,2030,0.0
Non-fossil end-use fuels (including biofuels),"Biofuels, synthesized fuels and hydrogen production by technology",Energy,Fuel production,Renewable diesel,Wood,Fischer-Tropsch,GWh,SE,2035,0.09748
Non-fossil end-use fuels (including biofuels),"Biofuels, synthesized fuels and hydrogen production by technology",Energy,Fuel production,Renewable diesel,Wood,Fischer-Tropsch,GWh,SE,2040,1.53101
Non-fossil end-use fuels (including biofuels),"Biofuels, synthesized fuels and hydrogen production by technology",Energy,Fuel production,Renewable diesel,Wood,Fischer-Tropsch,GWh,SE,2045,0.33544
Non-fossil end-use fuels (including biofuels),"Biofuels, synthesized fuels and hydrogen production by technology",Energy,Fuel production,Renewable diesel,Wood,Fischer-Tropsch,GWh,SE,2050,0.17227
Non-fossil end-use fuels (including biofuels),"Biofuels, synthesized fuels and hydrogen production by technology",Energy,Fuel production,Renewable diesel,Wood,Fischer-Tropsch,GWh,SP,2025,0.0
Non-fossil end-use fuels (including biofuels),"Biofuels, synthesized fuels and hydrogen production by technology",Energy,Fuel production,Renewable diesel,Wood,Fischer-Tropsch,GWh,SP,2030,0.0
Non-fossil end-use fuels (including biofuels),"Biofuels, synthesized fuels and hydrogen production by technology",Energy,Fuel production,Renewable diesel,Wood,Fischer-Tropsch,GWh,SP,2035,0.26454
Non-fossil end-use fuels (including biofuels),"Biofuels, synthesized fuels and hydrogen production by technology",Energy,Fuel production,Renewable diesel,Wood,Fischer-Tropsch,GWh,SP,2040,3.12325
Non-fossil end-use fuels (including biofuels),"Biofuels, synthesized fuels and hydrogen production by technology",Energy,Fuel production,Renewable diesel,Wood,Fischer-Tropsch,GWh,SP,2045,0.59798
Non-fossil end-use fuels (including biofuels),"Biofuels, synthesized fuels and hydrogen production by technology",Energy,Fuel production,Renewable diesel,Wood,Fischer-Tropsch,GWh,SP,2050,0.40564
Non-fossil end-use fuels (including biofuels),"Biofuels, synthesized fuels and hydrogen production by technology",Energy,Fuel production,Renewable diesel,Wood,Fischer-Tropsch,GWh,TO,2025,0.0
Non-fossil end-use fuels (including biofuels),"Biofuels, synthesized fuels and hydrogen production by technology",Energy,Fuel production,Renewable diesel,Wood,Fischer-Tropsch,GWh,TO,2030,0.0
Non-fossil end-use fuels (including biofuels),"Biofuels, synthesized fuels and hydrogen production by technology",Energy,Fuel production,Renewable diesel,Wood,Fischer-Tropsch,GWh,TO,2035,0.18031
Non-fossil end-use fuels (including biofuels),"Biofuels, synthesized fuels and hydrogen production by technology",Energy,Fuel production,Renewable diesel,Wood,Fischer-Tropsch,GWh,TO,2040,2.08747
Non-fossil end-use fuels (including biofuels),"Biofuels, synthesized fuels and hydrogen production by technology",Energy,Fuel production,Renewable diesel,Wood,Fischer-Tropsch,GWh,TO,2045,0.28076
Non-fossil end-use fuels (including biofuels),"Biofuels, synthesized fuels and hydrogen production by technology",Energy,Fuel production,Renewable diesel,Wood,Fischer-Tropsch,GWh,TO,2050,0.21103
Non-fossil end-use fuels (including biofuels),"Biofuels, synthesized fuels and hydrogen production by technology",Energy,Fuel production,Renewable gasoline,Residue,Fischer-Tropsch,GWh,AC,2025,0.0
Non-fossil end-use fuels (including biofuels),"Biofuels, synthesized fuels and hydrogen production by technology",Energy,Fuel production,Renewable gasoline,Residue,Fischer-Tropsch,GWh,AC,2030,0.0
Non-fossil end-use fuels (including biofuels),"Biofuels, synthesized fuels and hydrogen production by technology",Energy,Fuel production,Renewable gasoline,Residue,Fischer-Tropsch,GWh,AC,2035,0.06365
Non-fossil end-use fuels (including biofuels),"Biofuels, synthesized fuels and hydrogen production by technology",Energy,Fuel production,Renewable gasoline,Residue,Fischer-Tropsch,GWh,AC,2040,0.80304
Non-fossil end-use fuels (including biofuels),"Biofuels, synthesized fuels and hydrogen production by technology",Energy,Fuel production,Renewable gasoline,Residue,Fischer-Tropsch,GWh,AC,2045,0.31418
Non-fossil end-use fuels (including biofuels),"Biofuels, synthesized fuels and hydrogen production by technology",Energy,Fuel production,Renewable gasoline,Residue,Fischer-Tropsch,GWh,AC,2050,0.18846
Non-fossil end-use fuels (including biofuels),"Biofuels, synthesized fuels and hydrogen production by technology",Energy,Fuel production,Renewable gasoline,Residue,Fischer-Tropsch,GWh,AL,2025,0.0
Non-fossil end-use fuels (including biofuels),"Biofuels, synthesized fuels and hydrogen production by technology",Energy,Fuel production,Renewable gasoline,Residue,Fischer-Tropsch,GWh,AL,2030,0.0
Non-fossil end-use fuels (including biofuels),"Biofuels, synthesized fuels and hydrogen production by technology",Energy,Fuel production,Renewable gasoline,Residue,Fischer-Tropsch,GWh,AL,2035,0.05723
Non-fossil end-use fuels (including biofuels),"Biofuels, synthesized fuels and hydrogen production by technology",Energy,Fuel production,Renewable gasoline,Residue,Fischer-Tropsch,GWh,AL,2040,0.61138
Non-fossil end-use fuels (including biofuels),"Biofuels, synthesized fuels and hydrogen production by technology",Energy,Fuel production,Renewable gasoline,Residue,Fischer-Tropsch,GWh,AL,2045,0.25881
Non-fossil end-use fuels (including biofuels),"Biofuels, synthesized fuels and hydrogen production by technology",Energy,Fuel production,Renewable gasoline,Residue,Fischer-Tropsch,GWh,AL,2050,0.16603
Non-fossil end-use fuels (including biofuels),"Biofuels, synthesized fuels and hydrogen production by technology",Energy,Fuel production,Renewable gasoline,Residue,Fischer-Tropsch,GWh,AM,2025,0.0
Non-fossil end-use fuels (including biofuels),"Biofuels, synthesized fuels and hydrogen production by technology",Energy,Fuel production,Renewable gasoline,Residue,Fischer-Tropsch,GWh,AM,2030,0.0
Non-fossil end-use fuels (including biofuels),"Biofuels, synthesized fuels and hydrogen production by technology",Energy,Fuel production,Renewable gasoline,Residue,Fischer-Tropsch,GWh,AM,2035,0.04801
Non-fossil end-use fuels (including biofuels),"Biofuels, synthesized fuels and hydrogen production by technology",Energy,Fuel production,Renewable gasoline,Residue,Fischer-Tropsch,GWh,AM,2040,0.38316
Non-fossil end-use fuels (including biofuels),"Biofuels, synthesized fuels and hydrogen production by technology",Energy,Fuel production,Renewable gasoline,Residue,Fischer-Tropsch,GWh,AM,2045,0.09875
Non-fossil end-use fuels (including biofuels),"Biofuels, synthesized fuels and hydrogen production by technology",Energy,Fuel production,Renewable gasoline,Residue,Fischer-Tropsch,GWh,AM,2050,0.08397
Non-fossil end-use fuels (including biofuels),"Biofuels, synthesized fuels and hydrogen production by technology",Energy,Fuel production,Renewable gasoline,Residue,Fischer-Tropsch,GWh,BA,2025,0.0
Non-fossil end-use fuels (including biofuels),"Biofuels, synthesized fuels and hydrogen production by technology",Energy,Fuel production,Renewable gasoline,Residue,Fischer-Tropsch,GWh,BA,2030,0.0
Non-fossil end-use fuels (including biofuels),"Biofuels, synthesized fuels and hydrogen production by technology",Energy,Fuel production,Renewable gasoline,Residue,Fischer-Tropsch,GWh,BA,2035,0.26284
Non-fossil end-use fuels (including biofuels),"Biofuels, synthesized fuels and hydrogen production by technology",Energy,Fuel production,Renewable gasoline,Residue,Fischer-Tropsch,GWh,BA,2040,3.81118
Non-fossil end-use fuels (including biofuels),"Biofuels, synthesized fuels and hydrogen production by technology",Energy,Fuel production,Renewable gasoline,Residue,Fischer-Tropsch,GWh,BA,2045,1.53509
Non-fossil end-use fuels (including biofuels),"Biofuels, synthesized fuels and hydrogen production by technology",Energy,Fuel production,Renewable gasoline,Residue,Fischer-Tropsch,GWh,BA,2050,0.8534
Non-fossil end-use fuels (including biofuels),"Biofuels, synthesized fuels and hydrogen production by technology",Energy,Fuel production,Renewable gasoline,Residue,Fischer-Tropsch,GWh,CE,2025,0.0
Non-fossil end-use fuels (including biofuels),"Biofuels, synthesized fuels and hydrogen production by technology",Energy,Fuel production,Renewable gasoline,Residue,Fischer-Tropsch,GWh,CE,2030,0.0
Non-fossil end-use fuels (including biofuels),"Biofuels, synthesized fuels and hydrogen production by technology",Energy,Fuel production,Renewable gasoline,Residue,Fischer-Tropsch,GWh,CE,2035,0.09841
Non-fossil end-use fuels (including biofuels),"Biofuels, synthesized fuels and hydrogen production by technology",Energy,Fuel production,Renewable gasoline,Residue,Fischer-Tropsch,GWh,CE,2040,1.46168
Non-fossil end-use fuels (including biofuels),"Biofuels, synthesized fuels and hydrogen production by technology",Energy,Fuel production,Renewable gasoline,Residue,Fischer-Tropsch,GWh,CE,2045,0.43925
Non-fossil end-use fuels (including biofuels),"Biofuels, synthesized fuels and hydrogen production by technology",Energy,Fuel production,Renewable gasoline,Residue,Fischer-Tropsch,GWh,CE,2050,0.24334
Non-fossil end-use fuels (including biofuels),"Biofuels, synthesized fuels and hydrogen production by technology",Energy,Fuel production,Renewable gasoline,Residue,Fischer-Tropsch,GWh,DF,2025,0.0
Non-fossil end-use fuels (including biofuels),"Biofuels, synthesized fuels and hydrogen production by technology",Energy,Fuel production,Renewable gasoline,Residue,Fischer-Tropsch,GWh,DF,2030,0.0
Non-fossil end-use fuels (including biofuels),"Biofuels, synthesized fuels and hydrogen production by technology",Energy,Fuel production,Renewable gasoline,Residue,Fischer-Tropsch,GWh,DF,2035,0.07678
Non-fossil end-use fuels (including biofuels),"Biofuels, synthesized fuels and hydrogen production by technology",Energy,Fuel production,Renewable gasoline,Residue,Fischer-Tropsch,GWh,DF,2040,1.16403
Non-fossil end-use fuels (including biofuels),"Biofuels, synthesized fuels and hydrogen production by technology",Energy,Fuel production,Renewable gasoline,Residue,Fischer-Tropsch,GWh,DF,2045,0.37289
Non-fossil end-use fuels (including biofuels),"Biofuels, synthesized fuels and hydrogen production by technology",Energy,Fuel production,Renewable gasoline,Residue,Fischer-Tropsch,GWh,DF,2050,0.21472
Non-fossil end-use fuels (including biofuels),"Biofuels, synthesized fuels and hydrogen production by technology",Energy,Fuel production,Renewable gasoline,Residue,Fischer-Tropsch,GWh,ES,2025,0.0
Non-fossil end-use fuels (including biofuels),"Biofuels, synthesized fuels and hydrogen production by technology",Energy,Fuel production,Renewable gasoline,Residue,Fischer-Tropsch,GWh,ES,2030,0.0
Non-fossil end-use fuels (including biofuels),"Biofuels, synthesized fuels and hydrogen production by technology",Energy,Fuel production,Renewable gasoline,Residue,Fischer-Tropsch,GWh,ES,2035,0.13588
Non-fossil end-use fuels (including biofuels),"Biofuels, synthesized fuels and hydrogen production by technology",Energy,Fuel production,Renewable gasoline,Residue,Fischer-Tropsch,GWh,ES,2040,1.68106
Non-fossil end-use fuels (including biofuels),"Biofuels, synthesized fuels and hydrogen production by technology",Energy,Fuel production,Renewable gasoline,Residue,Fischer-Tropsch,GWh,ES,2045,0.78606
Non-fossil end-use fuels (including biofuels),"Biofuels, synthesized fuels and hydrogen production by technology",Energy,Fuel production,Renewable gasoline,Residue,Fischer-Tropsch,GWh,ES,2050,0.3767
Non-fossil end-use fuels (including biofuels),"Biofuels, synthesized fuels and hydrogen production by technology",Energy,Fuel production,Renewable gasoline,Residue,Fischer-Tropsch,GWh,GO,2025,0.0
Non-fossil end-use fuels (including biofuels),"Biofuels, synthesized fuels and hydrogen production by technology",Energy,Fuel production,Renewable gasoline,Residue,Fischer-Tropsch,GWh,GO,2030,0.0
Non-fossil end-use fuels (including biofuels),"Biofuels, synthesized fuels and hydrogen production by technology",Energy,Fuel production,Renewable gasoline,Residue,Fischer-Tropsch,GWh,GO,2035,0.28636
Non-fossil end-use fuels (including biofuels),"Biofuels, synthesized fuels and hydrogen production by technology",Energy,Fuel production,Renewable gasoline,Residue,Fischer-Tropsch,GWh,GO,2040,3.42977
Non-fossil end-use fuels (including biofuels),"Biofuels, synthesized fuels and hydrogen production by technology",Energy,Fuel production,Renewable gasoline,Residue,Fischer-Tropsch,GWh,GO,2045,1.30542
Non-fossil end-use fuels (including biofuels),"Biofuels, synthesized fuels and hydrogen production by technology",Energy,Fuel production,Renewable gasoline,Residue,Fischer-Tropsch,GWh,GO,2050,0.86112
Non-fossil end-use fuels (including biofuels),"Biofuels, synthesized fuels and hydrogen production by technology",Energy,Fuel production,Renewable gasoline,Residue,Fischer-Tropsch,GWh,MA,2025,0.0
Non-fossil end-use fuels (including biofuels),"Biofuels, synthesized fuels and hydrogen production by technology",Energy,Fuel production,Renewable gasoline,Residue,Fischer-Tropsch,GWh,MA,2030,0.0
Non-fossil end-use fuels (including biofuels),"Biofuels, synthesized fuels and hydrogen production by technology",Energy,Fuel production,Renewable gasoline,Residue,Fischer-Tropsch,GWh,MA,2035,0.23776
Non-fossil end-use fuels (including biofuels),"Biofuels, synthesized fuels and hydrogen production by technology",Energy,Fuel production,Renewable gasoline,Residue,Fischer-Tropsch,GWh,MA,2040,3.02702
Non-fossil end-use fuels (including biofuels),"Biofuels, synthesized fuels and hydrogen production by technology",Energy,Fuel production,Renewable gasoline,Residue,Fischer-Tropsch,GWh,MA,2045,0.83761
Non-fossil end-use fuels (including biofuels),"Biofuels, synthesized fuels and hydrogen production by technology",Energy,Fuel production,Renewable gasoline,Residue,Fischer-Tropsch,GWh,MA,2050,0.50885
Non-fossil end-use fuels (including biofuels),"Biofuels, synthesized fuels and hydrogen production by technology",Energy,Fuel production,Renewable gasoline,Residue,Fischer-Tropsch,GWh,MG,2025,0.0
Non-fossil end-use fuels (including biofuels),"Biofuels, synthesized fuels and hydrogen production by technology",Energy,Fuel production,Renewable gasoline,Residue,Fischer-Tropsch,GWh,MG,2030,0.0
Non-fossil end-use fuels (including biofuels),"Biofuels, synthesized fuels and hydrogen production by technology",Energy,Fuel production,Renewable gasoline,Residue,Fischer-Tropsch,GWh,MG,2035,0.24506
Non-fossil end-use fuels (including biofuels),"Biofuels, synthesized fuels and hydrogen production by technology",Energy,Fuel production,Renewable gasoline,Residue,Fischer-Tropsch,GWh,MG,2040,3.27848
Non-fossil end-use fuels (including biofuels),"Biofuels, synthesized fuels and hydrogen production by technology",Energy,Fuel production,Renewable gasoline,Residue,Fischer-Tropsch,GWh,MG,2045,1.25706
Non-fossil end-use fuels (including biofuels),"Biofuels, synthesized fuels and hydrogen production by technology",Energy,Fuel production,Renewable gasoline,Residue,Fischer-Tropsch,GWh,MG,2050,0.80945
Non-fossil end-use fuels (including biofuels),"Biofuels, synthesized fuels and hydrogen production by technology",Energy,Fuel production,Renewable gasoline,Residue,Fischer-Tropsch,GWh,MS,2025,0.0
Non-fossil end-use fuels (including biofuels),"Biofuels, synthesized fuels and hydrogen production by technology",Energy,Fuel production,Renewable gasoline,Residue,Fischer-Tropsch,GWh,MS,2030,0.0
Non-fossil end-use fuels (including biofuels),"Biofuels, synthesized fuels and hydrogen production by technology",Energy,Fuel production,Renewable gasoline,Residue,Fischer-Tropsch,GWh,MS,2035,0.27935
Non-fossil end-use fuels (including biofuels),"Biofuels, synthesized fuels and hydrogen production by technology",Energy,Fuel production,Renewable gasoline,Residue,Fischer-Tropsch,GWh,MS,2040,3.30331
Non-fossil end-use fuels (including biofuels),"Biofuels, synthesized fuels and hydrogen production by technology",Energy,Fuel production,Renewable gasoline,Residue,Fischer-Tropsch,GWh,MS,2045,1.41951
Non-fossil end-use fuels (including biofuels),"Biofuels, synthesized fuels and hydrogen production by technology",Energy,Fuel production,Renewable gasoline,Residue,Fischer-Tropsch,GWh,MS,2050,0.88062
Non-fossil end-use fuels (including biofuels),"Biofuels, synthesized fuels and hydrogen production by technology",Energy,Fuel production,Renewable gasoline,Residue,Fischer-Tropsch,GWh,MT,2025,0.0
Non-fossil end-use fuels (including biofuels),"Biofuels, synthesized fuels and hydrogen production by technology",Energy,Fuel production,Renewable gasoline,Residue,Fischer-Tropsch,GWh,MT,2030,0.0
Non-fossil end-use fuels (including biofuels),"Biofuels, synthesized fuels and hydrogen production by technology",Energy,Fuel production,Renewable gasoline,Residue,Fischer-Tropsch,GWh,MT,2035,0.31881
Non-fossil end-use fuels (including biofuels),"Biofuels, synthesized fuels and hydrogen production by technology",Energy,Fuel production,Renewable gasoline,Residue,Fischer-Tropsch,GWh,MT,2040,3.99882
Non-fossil end-use fuels (including biofuels),"Biofuels, synthesized fuels and hydrogen production by technology",Energy,Fuel production,Renewable gasoline,Residue,Fischer-Tropsch,GWh,MT,2045,1.58366
Non-fossil end-use fuels (including biofuels),"Biofuels, synthesized fuels and hydrogen production by technology",Energy,Fuel production,Renewable gasoline,Residue,Fischer-Tropsch,GWh,MT,2050,0.88492
Non-fossil end-use fuels (including biofuels),"Biofuels, synthesized fuels and hydrogen production by technology",Energy,Fuel production,Renewable gasoline,Residue,Fischer-Tropsch,GWh,PA,2025,0.0
Non-fossil end-use fuels (including biofuels),"Biofuels, synthesized fuels and hydrogen production by technology",Energy,Fuel production,Renewable gasoline,Residue,Fischer-Tropsch,GWh,PA,2030,0.0
Non-fossil end-use fuels (including biofuels),"Biofuels, synthesized fuels and hydrogen production by technology",Energy,Fuel production,Renewable gasoline,Residue,Fischer-Tropsch,GWh,PA,2035,0.11473
Non-fossil end-use fuels (including biofuels),"Biofuels, synthesized fuels and hydrogen production by technology",Energy,Fuel production,Renewable gasoline,Residue,Fischer-Tropsch,GWh,PA,2040,1.68229
Non-fossil end-use fuels (including biofuels),"Biofuels, synthesized fuels and hydrogen production by technology",Energy,Fuel production,Renewable gasoline,Residue,Fischer-Tropsch,GWh,PA,2045,0.4936
Non-fossil end-use fuels (including biofuels),"Biofuels, synthesized fuels and hydrogen production by technology",Energy,Fuel production,Renewable gasoline,Residue,Fischer-Tropsch,GWh,PA,2050,0.26709
Non-fossil end-use fuels (including biofuels),"Biofuels, synthesized fuels and hydrogen production by technology",Energy,Fuel production,Renewable gasoline,Residue,Fischer-Tropsch,GWh,PB,2025,0.0
Non-fossil end-use fuels (including biofuels),"Biofuels, synthesized fuels and hydrogen production by technology",Energy,Fuel production,Renewable gasoline,Residue,Fischer-Tropsch,GWh,PB,2030,0.0
Non-fossil end-use fuels (including biofuels),"Biofuels, synthesized fuels and hydrogen production by technology",Energy,Fuel production,Renewable gasoline,Residue,Fischer-Tropsch,GWh,PB,2035,0.09352
Non-fossil end-use fuels (including biofuels),"Biofuels, synthesized fuels and hydrogen production by technology",Energy,Fuel production,Renewable gasoline,Residue,Fischer-Tropsch,GWh,PB,2040,1.35317
Non-fossil end-use fuels (including biofuels),"Biofuels, synthesized fuels and hydrogen production by technology",Energy,Fuel production,Renewable gasoline,Residue,Fischer-Tropsch,GWh,PB,2045,0.61852
Non-fossil end-use fuels (including biofuels),"Biofuels, synthesized fuels and hydrogen production by technology",Energy,Fuel production,Renewable gasoline,Residue,Fischer-Tropsch,GWh,PB,2050,0.25876
Non-fossil end-use fuels (including biofuels),"Biofuels, synthesized fuels and hydrogen production by technology",Energy,Fuel production,Renewable gasoline,Residue,Fischer-Tropsch,GWh,PE,2025,0.0
Non-fossil end-use fuels (including biofuels),"Biofuels, synthesized fuels and hydrogen production by technology",Energy,Fuel production,Renewable gasoline,Residue,Fischer-Tropsch,GWh,PE,2030,0.0
Non-fossil end-use fuels (including biofuels),"Biofuels, synthesized fuels and hydrogen production by technology",Energy,Fuel production,Renewable gasoline,Residue,Fischer-Tropsch,GWh,PE,2035,0.1255
Non-fossil end-use fuels (including biofuels),"Biofuels, synthesized fuels and hydrogen production by technology",Energy,Fuel production,Renewable gasoline,Residue,Fischer-Tropsch,GWh,PE,2040,1.77362
Non-fossil end-use fuels (including biofuels),"Biofuels, synthesized fuels and hydrogen production by technology",Energy,Fuel production,Renewable gasoline,Residue,Fischer-Tropsch,GWh,PE,2045,0.84869
Non-fossil end-use fuels (including biofuels),"Biofuels, synthesized fuels and hydrogen production by technology",Energy,Fuel production,Renewable gasoline,Residue,Fischer-Tropsch,GWh,PE,2050,0.3222
Non-fossil end-use fuels (including biofuels),"Biofuels, synthesized fuels and hydrogen production by technology",Energy,Fuel production,Renewable gasoline,Residue,Fischer-Tropsch,GWh,PI,2025,0.0
Non-fossil end-use fuels (including biofuels),"Biofuels, synthesized fuels and hydrogen production by technology",Energy,Fuel production,Renewable gasoline,Residue,Fischer-Tropsch,GWh,PI,2030,0.0
Non-fossil end-use fuels (including biofuels),"Biofuels, synthesized fuels and hydrogen production by technology",Energy,Fuel production,Renewable gasoline,Residue,Fischer-Tropsch,GWh,PI,2035,0.22148
Non-fossil end-use fuels (including biofuels),"Biofuels, synthesized fuels and hydrogen production by technology",Energy,Fuel production,Renewable gasoline,Residue,Fischer-Tropsch,GWh,PI,2040,2.72793
Non-fossil end-use fuels (including biofuels),"Biofuels, synthesized fuels and hydrogen production by technology",Energy,Fuel production,Renewable gasoline,Residue,Fischer-Tropsch,GWh,PI,2045,0.79913
Non-fossil end-use fuels (including biofuels),"Biofuels, synthesized fuels and hydrogen production by technology",Energy,Fuel production,Renewable gasoline,Residue,Fischer-Tropsch,GWh,PI,2050,0.44215
Non-fossil end-use fuels (including biofuels),"Biofuels, synthesized fuels and hydrogen production by technology",Energy,Fuel production,Renewable gasoline,Residue,Fischer-Tropsch,GWh,PR,2025,0.0
Non-fossil end-use fuels (including biofuels),"Biofuels, synthesized fuels and hydrogen production by technology",Energy,Fuel production,Renewable gasoline,Residue,Fischer-Tropsch,GWh,PR,2030,0.0
Non-fossil end-use fuels (including biofuels),"Biofuels, synthesized fuels and hydrogen production by technology",Energy,Fuel production,Renewable gasoline,Residue,Fischer-Tropsch,GWh,PR,2035,0.28671
Non-fossil end-use fuels (including biofuels),"Biofuels, synthesized fuels and hydrogen production by technology",Energy,Fuel production,Renewable gasoline,Residue,Fischer-Tropsch,GWh,PR,2040,3.35401
Non-fossil end-use fuels (including biofuels),"Biofuels, synthesized fuels and hydrogen production by technology",Energy,Fuel production,Renewable gasoline,Residue,Fischer-Tropsch,GWh,PR,2045,0.89627
Non-fossil end-use fuels (including biofuels),"Biofuels, synthesized fuels and hydrogen production by technology",Energy,Fuel production,Renewable gasoline,Residue,Fischer-Tropsch,GWh,PR,2050,0.72724
Non-fossil end-use fuels (including biofuels),"Biofuels, synthesized fuels and hydrogen production by technology",Energy,Fuel production,Renewable gasoline,Residue,Fischer-Tropsch,GWh,RJ,2025,0.0
Non-fossil end-use fuels (including biofuels),"Biofuels, synthesized fuels and hydrogen production by technology",Energy,Fuel production,Renewable gasoline,Residue,Fischer-Tropsch,GWh,RJ,2030,0.0
Non-fossil end-use fuels (including biofuels),"Biofuels, synthesized fuels and hydrogen production by technology",Energy,Fuel production,Renewable gasoline,Residue,Fischer-Tropsch,GWh,RJ,2035,0.15871
Non-fossil end-use fuels (including biofuels),"Biofuels, synthesized fuels and hydrogen production by technology",Energy,Fuel production,Renewable gasoline,Residue,Fischer-Tropsch,GWh,RJ,2040,1.85853
Non-fossil end-use fuels (including biofuels),"Biofuels, synthesized fuels and hydrogen production by technology",Energy,Fuel production,Renewable gasoline,Residue,Fischer-Tropsch,GWh,RJ,2045,0.78292
Non-fossil end-use fuels (including biofuels),"Biofuels, synthesized fuels and hydrogen production by technology",Energy,Fuel production,Renewable gasoline,Residue,Fischer-Tropsch,GWh,RJ,2050,0.21337
Non-fossil end-use fuels (including biofuels),"Biofuels, synthesized fuels and hydrogen production by technology",Energy,Fuel production,Renewable gasoline,Residue,Fischer-Tropsch,GWh,RN,2025,0.0
Non-fossil end-use fuels (including biofuels),"Biofuels, synthesized fuels and hydrogen production by technology",Energy,Fuel production,Renewable gasoline,Residue,Fischer-Tropsch,GWh,RN,2030,0.0
Non-fossil end-use fuels (including biofuels),"Biofuels, synthesized fuels and hydrogen production by technology",Energy,Fuel production,Renewable gasoline,Residue,Fischer-Tropsch,GWh,RN,2035,0.1093
Non-fossil end-use fuels (including biofuels),"Biofuels, synthesized fuels and hydrogen production by technology",Energy,Fuel production,Renewable gasoline,Residue,Fischer-Tropsch,GWh,RN,2040,1.52975
Non-fossil end-use fuels (including biofuels),"Biofuels, synthesized fuels and hydrogen production by technology",Energy,Fuel production,Renewable gasoline,Residue,Fischer-Tropsch,GWh,RN,2045,0.79571
Non-fossil end-use fuels (including biofuels),"Biofuels, synthesized fuels and hydrogen production by technology",Energy,Fuel production,Renewable gasoline,Residue,Fischer-Tropsch,GWh,RN,2050,0.33994
Non-fossil end-use fuels (including biofuels),"Biofuels, synthesized fuels and hydrogen production by technology",Energy,Fuel production,Renewable gasoline,Residue,Fischer-Tropsch,GWh,RO,2025,0.0
Non-fossil end-use fuels (including biofuels),"Biofuels, synthesized fuels and hydrogen production by technology",Energy,Fuel production,Renewable gasoline,Residue,Fischer-Tropsch,GWh,RO,2030,0.0
Non-fossil end-use fuels (including biofuels),"Biofuels, synthesized fuels and hydrogen production by technology",Energy,Fuel production,Renewable gasoline,Residue,Fischer-Tropsch,GWh,RO,2035,0.11569
Non-fossil end-use fuels (including biofuels),"Biofuels, synthesized fuels and hydrogen production by technology",Energy,Fuel production,Renewable gasoline,Residue,Fischer-Tropsch,GWh,RO,2040,1.67445
Non-fossil end-use fuels (including biofuels),"Biofuels, synthesized fuels and hydrogen production by technology",Energy,Fuel production,Renewable gasoline,Residue,Fischer-Tropsch,GWh,RO,2045,0.49228
Non-fossil end-use fuels (including biofuels),"Biofuels, synthesized fuels and hydrogen production by technology",Energy,Fuel production,Renewable gasoline,Residue,Fischer-Tropsch,GWh,RO,2050,0.26657
Non-fossil end-use fuels (including biofuels),"Biofuels, synthesized fuels and hydrogen production by technology",Energy,Fuel production,Renewable gasoline,Residue,Fischer-Tropsch,GWh,RR,2025,0.0
Non-fossil end-use fuels (including biofuels),"Biofuels, synthesized fuels and hydrogen production by technology",Energy,Fuel production,Renewable gasoline,Residue,Fischer-Tropsch,GWh,RR,2030,0.0
Non-fossil end-use fuels (including biofuels),"Biofuels, synthesized fuels and hydrogen production by technology",Energy,Fuel production,Renewable gasoline,Residue,Fischer-Tropsch,GWh,RR,2035,0.06384
Non-fossil end-use fuels (including biofuels),"Biofuels, synthesized fuels and hydrogen production by technology",Energy,Fuel production,Renewable gasoline,Residue,Fischer-Tropsch,GWh,RR,2040,0.79499
Non-fossil end-use fuels (including biofuels),"Biofuels, synthesized fuels and hydrogen production by technology",Energy,Fuel production,Renewable gasoline,Residue,Fischer-Tropsch,GWh,RR,2045,0.30968
Non-fossil end-use fuels (including biofuels),"Biofuels, synthesized fuels and hydrogen production by technology",Energy,Fuel production,Renewable gasoline,Residue,Fischer-Tropsch,GWh,RR,2050,0.18626
Non-fossil end-use fuels (including biofuels),"Biofuels, synthesized fuels and hydrogen production by technology",Energy,Fuel production,Renewable gasoline,Residue,Fischer-Tropsch,GWh,RS,2025,0.0
Non-fossil end-use fuels (including biofuels),"Biofuels, synthesized fuels and hydrogen production by technology",Energy,Fuel production,Renewable gasoline,Residue,Fischer-Tropsch,GWh,RS,2030,0.0
Non-fossil end-use fuels (including biofuels),"Biofuels, synthesized fuels and hydrogen production by technology",Energy,Fuel production,Renewable gasoline,Residue,Fischer-Tropsch,GWh,RS,2035,0.18835
Non-fossil end-use fuels (including biofuels),"Biofuels, synthesized fuels and hydrogen production by technology",Energy,Fuel production,Renewable gasoline,Residue,Fischer-Tropsch,GWh,RS,2040,2.2619
Non-fossil end-use fuels (including biofuels),"Biofuels, synthesized fuels and hydrogen production by technology",Energy,Fuel production,Renewable gasoline,Residue,Fischer-Tropsch,GWh,RS,2045,0.6969
Non-fossil end-use fuels (including biofuels),"Biofuels, synthesized fuels and hydrogen production by technology",Energy,Fuel production,Renewable gasoline,Residue,Fischer-Tropsch,GWh,RS,2050,0.40321
Non-fossil end-use fuels (including biofuels),"Biofuels, synthesized fuels and hydrogen production by technology",Energy,Fuel production,Renewable gasoline,Residue,Fischer-Tropsch,GWh,SC,2025,0.0
Non-fossil end-use fuels (including biofuels),"Biofuels, synthesized fuels and hydrogen production by technology",Energy,Fuel production,Renewable gasoline,Residue,Fischer-Tropsch,GWh,SC,2030,0.0
Non-fossil end-use fuels (including biofuels),"Biofuels, synthesized fuels and hydrogen production by technology",Energy,Fuel production,Renewable gasoline,Residue,Fischer-Tropsch,GWh,SC,2035,0.13976
Non-fossil end-use fuels (including biofuels),"Biofuels, synthesized fuels and hydrogen production by technology",Energy,Fuel production,Renewable gasoline,Residue,Fischer-Tropsch,GWh,SC,2040,1.90498
Non-fossil end-use fuels (including biofuels),"Biofuels, synthesized fuels and hydrogen production by technology",Energy,Fuel production,Renewable gasoline,Residue,Fischer-Tropsch,GWh,SC,2045,0.5778
Non-fossil end-use fuels (including biofuels),"Biofuels, synthesized fuels and hydrogen production by technology",Energy,Fuel production,Renewable gasoline,Residue,Fischer-Tropsch,GWh,SC,2050,0.31643
Non-fossil end-use fuels (including biofuels),"Biofuels, synthesized fuels and hydrogen production by technology",Energy,Fuel production,Renewable gasoline,Residue,Fischer-Tropsch,GWh,SE,2025,0.0
Non-fossil end-use fuels (including biofuels),"Biofuels, synthesized fuels and hydrogen production by technology",Energy,Fuel production,Renewable gasoline,Residue,Fischer-Tropsch,GWh,SE,2030,0.0
Non-fossil end-use fuels (including biofuels),"Biofuels, synthesized fuels and hydrogen production by technology",Energy,Fuel production,Renewable gasoline,Residue,Fischer-Tropsch,GWh,SE,2035,0.13836
Non-fossil end-use fuels (including biofuels),"Biofuels, synthesized fuels and hydrogen production by technology",Energy,Fuel production,Renewable gasoline,Residue,Fischer-Tropsch,GWh,SE,2040,1.96258
Non-fossil end-use fuels (including biofuels),"Biofuels, synthesized fuels and hydrogen production by technology",Energy,Fuel production,Renewable gasoline,Residue,Fischer-Tropsch,GWh,SE,2045,0.92156
Non-fossil end-use fuels (including biofuels),"Biofuels, synthesized fuels and hydrogen production by technology",Energy,Fuel production,Renewable gasoline,Residue,Fischer-Tropsch,GWh,SE,2050,0.44246
Non-fossil end-use fuels (including biofuels),"Biofuels, synthesized fuels and hydrogen production by technology",Energy,Fuel production,Renewable gasoline,Residue,Fischer-Tropsch,GWh,SP,2025,0.0
Non-fossil end-use fuels (including biofuels),"Biofuels, synthesized fuels and hydrogen production by technology",Energy,Fuel production,Renewable gasoline,Residue,Fischer-Tropsch,GWh,SP,2030,0.0
Non-fossil end-use fuels (including biofuels),"Biofuels, synthesized fuels and hydrogen production by technology",Energy,Fuel production,Renewable gasoline,Residue,Fischer-Tropsch,GWh,SP,2035,0.24796
Non-fossil end-use fuels (including biofuels),"Biofuels, synthesized fuels and hydrogen production by technology",Energy,Fuel production,Renewable gasoline,Residue,Fischer-Tropsch,GWh,SP,2040,3.28329
Non-fossil end-use fuels (including biofuels),"Biofuels, synthesized fuels and hydrogen production by technology",Energy,Fuel production,Renewable gasoline,Residue,Fischer-Tropsch,GWh,SP,2045,1.21425
Non-fossil end-use fuels (including biofuels),"Biofuels, synthesized fuels and hydrogen production by technology",Energy,Fuel production,Renewable gasoline,Residue,Fischer-Tropsch,GWh,SP,2050,0.62692
Non-fossil end-use fuels (including biofuels),"Biofuels, synthesized fuels and hydrogen production by technology",Energy,Fuel production,Renewable gasoline,Residue,Fischer-Tropsch,GWh,TO,2025,0.0
Non-fossil end-use fuels (including biofuels),"Biofuels, synthesized fuels and hydrogen production by technology",Energy,Fuel production,Renewable gasoline,Residue,Fischer-Tropsch,GWh,TO,2030,0.0
Non-fossil end-use fuels (including biofuels),"Biofuels, synthesized fuels and hydrogen production by technology",Energy,Fuel production,Renewable gasoline,Residue,Fischer-Tropsch,GWh,TO,2035,0.23687
Non-fossil end-use fuels (including biofuels),"Biofuels, synthesized fuels and hydrogen production by technology",Energy,Fuel production,Renewable gasoline,Residue,Fischer-Tropsch,GWh,TO,2040,3.21472
Non-fossil end-use fuels (including biofuels),"Biofuels, synthesized fuels and hydrogen production by technology",Energy,Fuel production,Renewable gasoline,Residue,Fischer-Tropsch,GWh,TO,2045,1.07273
Non-fossil end-use fuels (including biofuels),"Biofuels, synthesized fuels and hydrogen production by technology",Energy,Fuel production,Renewable gasoline,Residue,Fischer-Tropsch,GWh,TO,2050,0.51128
Non-fossil end-use fuels (including biofuels),"Biofuels, synthesized fuels and hydrogen production by technology",Energy,Fuel production,Renewable gasoline,Wood,Fischer-Tropsch,GWh,BA,2025,0.0
Non-fossil end-use fuels (including biofuels),"Biofuels, synthesized fuels and hydrogen production by technology",Energy,Fuel production,Renewable gasoline,Wood,Fischer-Tropsch,GWh,BA,2030,0.0
Non-fossil end-use fuels (including biofuels),"Biofuels, synthesized fuels and hydrogen production by technology",Energy,Fuel production,Renewable gasoline,Wood,Fischer-Tropsch,GWh,BA,2035,0.24124
Non-fossil end-use fuels (including biofuels),"Biofuels, synthesized fuels and hydrogen production by technology",Energy,Fuel production,Renewable gasoline,Wood,Fischer-Tropsch,GWh,BA,2040,2.89016
Non-fossil end-use fuels (including biofuels),"Biofuels, synthesized fuels and hydrogen production by technology",Energy,Fuel production,Renewable gasoline,Wood,Fischer-Tropsch,GWh,BA,2045,0.48438
Non-fossil end-use fuels (including biofuels),"Biofuels, synthesized fuels and hydrogen production by technology",Energy,Fuel production,Renewable gasoline,Wood,Fischer-Tropsch,GWh,BA,2050,0.2381
Non-fossil end-use fuels (including biofuels),"Biofuels, synthesized fuels and hydrogen production by technology",Energy,Fuel production,Renewable gasoline,Wood,Fischer-Tropsch,GWh,CE,2025,0.0
Non-fossil end-use fuels (including biofuels),"Biofuels, synthesized fuels and hydrogen production by technology",Energy,Fuel production,Renewable gasoline,Wood,Fischer-Tropsch,GWh,CE,2030,0.0
Non-fossil end-use fuels (including biofuels),"Biofuels, synthesized fuels and hydrogen production by technology",Energy,Fuel production,Renewable gasoline,Wood,Fischer-Tropsch,GWh,CE,2035,0.04993
Non-fossil end-use fuels (including biofuels),"Biofuels, synthesized fuels and hydrogen production by technology",Energy,Fuel production,Renewable gasoline,Wood,Fischer-Tropsch,GWh,CE,2040,0.50338
Non-fossil end-use fuels (including biofuels),"Biofuels, synthesized fuels and hydrogen production by technology",Energy,Fuel production,Renewable gasoline,Wood,Fischer-Tropsch,GWh,CE,2045,0.16826
Non-fossil end-use fuels (including biofuels),"Biofuels, synthesized fuels and hydrogen production by technology",Energy,Fuel production,Renewable gasoline,Wood,Fischer-Tropsch,GWh,CE,2050,0.09999
Non-fossil end-use fuels (including biofuels),"Biofuels, synthesized fuels and hydrogen production by technology",Energy,Fuel production,Renewable gasoline,Wood,Fischer-Tropsch,GWh,DF,2025,0.0
Non-fossil end-use fuels (including biofuels),"Biofuels, synthesized fuels and hydrogen production by technology",Energy,Fuel production,Renewable gasoline,Wood,Fischer-Tropsch,GWh,DF,2030,0.0
Non-fossil end-use fuels (including biofuels),"Biofuels, synthesized fuels and hydrogen production by technology",Energy,Fuel production,Renewable gasoline,Wood,Fischer-Tropsch,GWh,DF,2035,0.09449
Non-fossil end-use fuels (including biofuels),"Biofuels, synthesized fuels and hydrogen production by technology",Energy,Fuel production,Renewable gasoline,Wood,Fischer-Tropsch,GWh,DF,2040,1.25187
Non-fossil end-use fuels (including biofuels),"Biofuels, synthesized fuels and hydrogen production by technology",Energy,Fuel production,Renewable gasoline,Wood,Fischer-Tropsch,GWh,DF,2045,0.3003
Non-fossil end-use fuels (including biofuels),"Biofuels, synthesized fuels and hydrogen production by technology",Energy,Fuel production,Renewable gasoline,Wood,Fischer-Tropsch,GWh,DF,2050,0.15595
Non-fossil end-use fuels (including biofuels),"Biofuels, synthesized fuels and hydrogen production by technology",Energy,Fuel production,Renewable gasoline,Wood,Fischer-Tropsch,GWh,ES,2025,0.0
Non-fossil end-use fuels (including biofuels),"Biofuels, synthesized fuels and hydrogen production by technology",Energy,Fuel production,Renewable gasoline,Wood,Fischer-Tropsch,GWh,ES,2030,0.0
Non-fossil end-use fuels (including biofuels),"Biofuels, synthesized fuels and hydrogen production by technology",Energy,Fuel production,Renewable gasoline,Wood,Fischer-Tropsch,GWh,ES,2035,0.06365
Non-fossil end-use fuels (including biofuels),"Biofuels, synthesized fuels and hydrogen production by technology",Energy,Fuel production,Renewable gasoline,Wood,Fischer-Tropsch,GWh,ES,2040,0.81558
Non-fossil end-use fuels (including biofuels),"Biofuels, synthesized fuels and hydrogen production by technology",Energy,Fuel production,Renewable gasoline,Wood,Fischer-Tropsch,GWh,ES,2045,0.21745
Non-fossil end-use fuels (including biofuels),"Biofuels, synthesized fuels and hydrogen production by technology",Energy,Fuel production,Renewable gasoline,Wood,Fischer-Tropsch,GWh,ES,2050,0.11548
Non-fossil end-use fuels (including biofuels),"Biofuels, synthesized fuels and hydrogen production by technology",Energy,Fuel production,Renewable gasoline,Wood,Fischer-Tropsch,GWh,GO,2025,0.0
Non-fossil end-use fuels (including biofuels),"Biofuels, synthesized fuels and hydrogen production by technology",Energy,Fuel production,Renewable gasoline,Wood,Fischer-Tropsch,GWh,GO,2030,0.0
Non-fossil end-use fuels (including biofuels),"Biofuels, synthesized fuels and hydrogen production by technology",Energy,Fuel production,Renewable gasoline,Wood,Fischer-Tropsch,GWh,GO,2035,0.25784
Non-fossil end-use fuels (including biofuels),"Biofuels, synthesized fuels and hydrogen production by technology",Energy,Fuel production,Renewable gasoline,Wood,Fischer-Tropsch,GWh,GO,2040,3.07057
Non-fossil end-use fuels (including biofuels),"Biofuels, synthesized fuels and hydrogen production by technology",Energy,Fuel production,Renewable gasoline,Wood,Fischer-Tropsch,GWh,GO,2045,0.56292
Non-fossil end-use fuels (including biofuels),"Biofuels, synthesized fuels and hydrogen production by technology",Energy,Fuel production,Renewable gasoline,Wood,Fischer-Tropsch,GWh,GO,2050,0.26056
Non-fossil end-use fuels (including biofuels),"Biofuels, synthesized fuels and hydrogen production by technology",Energy,Fuel production,Renewable gasoline,Wood,Fischer-Tropsch,GWh,MA,2025,0.0
Non-fossil end-use fuels (including biofuels),"Biofuels, synthesized fuels and hydrogen production by technology",Energy,Fuel production,Renewable gasoline,Wood,Fischer-Tropsch,GWh,MA,2030,0.0
Non-fossil end-use fuels (including biofuels),"Biofuels, synthesized fuels and hydrogen production by technology",Energy,Fuel production,Renewable gasoline,Wood,Fischer-Tropsch,GWh,MA,2035,0.12382
Non-fossil end-use fuels (including biofuels),"Biofuels, synthesized fuels and hydrogen production by technology",Energy,Fuel production,Renewable gasoline,Wood,Fischer-Tropsch,GWh,MA,2040,1.38117
Non-fossil end-use fuels (including biofuels),"Biofuels, synthesized fuels and hydrogen production by technology",Energy,Fuel production,Renewable gasoline,Wood,Fischer-Tropsch,GWh,MA,2045,0.16751
Non-fossil end-use fuels (including biofuels),"Biofuels, synthesized fuels and hydrogen production by technology",Energy,Fuel production,Renewable gasoline,Wood,Fischer-Tropsch,GWh,MA,2050,0.17897
Non-fossil end-use fuels (including biofuels),"Biofuels, synthesized fuels and hydrogen production by technology",Energy,Fuel production,Renewable gasoline,Wood,Fischer-Tropsch,GWh,MG,2025,0.0
Non-fossil end-use fuels (including biofuels),"Biofuels, synthesized fuels and hydrogen production by technology",Energy,Fuel production,Renewable gasoline,Wood,Fischer-Tropsch,GWh,MG,2030,0.0
Non-fossil end-use fuels (including biofuels),"Biofuels, synthesized fuels and hydrogen production by technology",Energy,Fuel production,Renewable gasoline,Wood,Fischer-Tropsch,GWh,MG,2035,0.25258
Non-fossil end-use fuels (including biofuels),"Biofuels, synthesized fuels and hydrogen production by technology",Energy,Fuel production,Renewable gasoline,Wood,Fischer-Tropsch,GWh,MG,2040,3.00344
Non-fossil end-use fuels (including biofuels),"Biofuels, synthesized fuels and hydrogen production by technology",Energy,Fuel production,Renewable gasoline,Wood,Fischer-Tropsch,GWh,MG,2045,0.54474
Non-fossil end-use fuels (including biofuels),"Biofuels, synthesized fuels and hydrogen production by technology",Energy,Fuel production,Renewable gasoline,Wood,Fischer-Tropsch,GWh,MG,2050,0.26664
Non-fossil end-use fuels (including biofuels),"Biofuels, synthesized fuels and hydrogen production by technology",Energy,Fuel production,Renewable gasoline,Wood,Fischer-Tropsch,GWh,MS,2025,0.0
Non-fossil end-use fuels (including biofuels),"Biofuels, synthesized fuels and hydrogen production by technology",Energy,Fuel production,Renewable gasoline,Wood,Fischer-Tropsch,GWh,MS,2030,0.0
Non-fossil end-use fuels (including biofuels),"Biofuels, synthesized fuels and hydrogen production by technology",Energy,Fuel production,Renewable gasoline,Wood,Fischer-Tropsch,GWh,MS,2035,0.26177
Non-fossil end-use fuels (including biofuels),"Biofuels, synthesized fuels and hydrogen production by technology",Energy,Fuel production,Renewable gasoline,Wood,Fischer-Tropsch,GWh,MS,2040,3.08807
Non-fossil end-use fuels (including biofuels),"Biofuels, synthesized fuels and hydrogen production by technology",Energy,Fuel production,Renewable gasoline,Wood,Fischer-Tropsch,GWh,MS,2045,0.61683
Non-fossil end-use fuels (including biofuels),"Biofuels, synthesized fuels and hydrogen production by technology",Energy,Fuel production,Renewable gasoline,Wood,Fischer-Tropsch,GWh,MS,2050,0.31368
Non-fossil end-use fuels (including biofuels),"Biofuels, synthesized fuels and hydrogen production by technology",Energy,Fuel production,Renewable gasoline,Wood,Fischer-Tropsch,GWh,MT,2025,0.0
Non-fossil end-use fuels (including biofuels),"Biofuels, synthesized fuels and hydrogen production by technology",Energy,Fuel production,Renewable gasoline,Wood,Fischer-Tropsch,GWh,MT,2030,0.0
Non-fossil end-use fuels (including biofuels),"Biofuels, synthesized fuels and hydrogen production by technology",Energy,Fuel production,Renewable gasoline,Wood,Fischer-Tropsch,GWh,MT,2035,0.2514
Non-fossil end-use fuels (including biofuels),"Biofuels, synthesized fuels and hydrogen production by technology",Energy,Fuel production,Renewable gasoline,Wood,Fischer-Tropsch,GWh,MT,2040,3.06399
Non-fossil end-use fuels (including biofuels),"Biofuels, synthesized fuels and hydrogen production by technology",Energy,Fuel production,Renewable gasoline,Wood,Fischer-Tropsch,GWh,MT,2045,0.58827
Non-fossil end-use fuels (including biofuels),"Biofuels, synthesized fuels and hydrogen production by technology",Energy,Fuel production,Renewable gasoline,Wood,Fischer-Tropsch,GWh,MT,2050,0.30818
Non-fossil end-use fuels (including biofuels),"Biofuels, synthesized fuels and hydrogen production by technology",Energy,Fuel production,Renewable gasoline,Wood,Fischer-Tropsch,GWh,PA,2025,0.0
Non-fossil end-use fuels (including biofuels),"Biofuels, synthesized fuels and hydrogen production by technology",Energy,Fuel production,Renewable gasoline,Wood,Fischer-Tropsch,GWh,PA,2030,0.0
Non-fossil end-use fuels (including biofuels),"Biofuels, synthesized fuels and hydrogen production by technology",Energy,Fuel production,Renewable gasoline,Wood,Fischer-Tropsch,GWh,PA,2035,0.03685
Non-fossil end-use fuels (including biofuels),"Biofuels, synthesized fuels and hydrogen production by technology",Energy,Fuel production,Renewable gasoline,Wood,Fischer-Tropsch,GWh,PA,2040,0.23398
Non-fossil end-use fuels (including biofuels),"Biofuels, synthesized fuels and hydrogen production by technology",Energy,Fuel production,Renewable gasoline,Wood,Fischer-Tropsch,GWh,PA,2045,0.07895
Non-fossil end-use fuels (including biofuels),"Biofuels, synthesized fuels and hydrogen production by technology",Energy,Fuel production,Renewable gasoline,Wood,Fischer-Tropsch,GWh,PA,2050,0.07129
Non-fossil end-use fuels (including biofuels),"Biofuels, synthesized fuels and hydrogen production by technology",Energy,Fuel production,Renewable gasoline,Wood,Fischer-Tropsch,GWh,PE,2025,0.0
Non-fossil end-use fuels (including biofuels),"Biofuels, synthesized fuels and hydrogen production by technology",Energy,Fuel production,Renewable gasoline,Wood,Fischer-Tropsch,GWh,PE,2030,0.0
Non-fossil end-use fuels (including biofuels),"Biofuels, synthesized fuels and hydrogen production by technology",Energy,Fuel production,Renewable gasoline,Wood,Fischer-Tropsch,GWh,PE,2035,0.04766
Non-fossil end-use fuels (including biofuels),"Biofuels, synthesized fuels and hydrogen production by technology",Energy,Fuel production,Renewable gasoline,Wood,Fischer-Tropsch,GWh,PE,2040,0.45994
Non-fossil end-use fuels (including biofuels),"Biofuels, synthesized fuels and hydrogen production by technology",Energy,Fuel production,Renewable gasoline,Wood,Fischer-Tropsch,GWh,PE,2045,0.14749
Non-fossil end-use fuels (including biofuels),"Biofuels, synthesized fuels and hydrogen production by technology",Energy,Fuel production,Renewable gasoline,Wood,Fischer-Tropsch,GWh,PE,2050,0.09058
Non-fossil end-use fuels (including biofuels),"Biofuels, synthesized fuels and hydrogen production by technology",Energy,Fuel production,Renewable gasoline,Wood,Fischer-Tropsch,GWh,PI,2025,0.0
Non-fossil end-use fuels (including biofuels),"Biofuels, synthesized fuels and hydrogen production by technology",Energy,Fuel production,Renewable gasoline,Wood,Fischer-Tropsch,GWh,PI,2030,0.0
Non-fossil end-use fuels (including biofuels),"Biofuels, synthesized fuels and hydrogen production by technology",Energy,Fuel production,Renewable gasoline,Wood,Fischer-Tropsch,GWh,PI,2035,0.16886
Non-fossil end-use fuels (including biofuels),"Biofuels, synthesized fuels and hydrogen production by technology",Energy,Fuel production,Renewable gasoline,Wood,Fischer-Tropsch,GWh,PI,2040,1.89753
Non-fossil end-use fuels (including biofuels),"Biofuels, synthesized fuels and hydrogen production by technology",Energy,Fuel production,Renewable gasoline,Wood,Fischer-Tropsch,GWh,PI,2045,0.24775
Non-fossil end-use fuels (including biofuels),"Biofuels, synthesized fuels and hydrogen production by technology",Energy,Fuel production,Renewable gasoline,Wood,Fischer-Tropsch,GWh,PI,2050,0.25166
Non-fossil end-use fuels (including biofuels),"Biofuels, synthesized fuels and hydrogen production by technology",Energy,Fuel production,Renewable gasoline,Wood,Fischer-Tropsch,GWh,PR,2025,0.0
Non-fossil end-use fuels (including biofuels),"Biofuels, synthesized fuels and hydrogen production by technology",Energy,Fuel production,Renewable gasoline,Wood,Fischer-Tropsch,GWh,PR,2030,0.0
Non-fossil end-use fuels (including biofuels),"Biofuels, synthesized fuels and hydrogen production by technology",Energy,Fuel production,Renewable gasoline,Wood,Fischer-Tropsch,GWh,PR,2035,0.26903
Non-fossil end-use fuels (including biofuels),"Biofuels, synthesized fuels and hydrogen production by technology",Energy,Fuel production,Renewable gasoline,Wood,Fischer-Tropsch,GWh,PR,2040,3.06799
Non-fossil end-use fuels (including biofuels),"Biofuels, synthesized fuels and hydrogen production by technology",Energy,Fuel production,Renewable gasoline,Wood,Fischer-Tropsch,GWh,PR,2045,0.53228
Non-fossil end-use fuels (including biofuels),"Biofuels, synthesized fuels and hydrogen production by technology",Energy,Fuel production,Renewable gasoline,Wood,Fischer-Tropsch,GWh,PR,2050,0.43144
Non-fossil end-use fuels (including biofuels),"Biofuels, synthesized fuels and hydrogen production by technology",Energy,Fuel production,Renewable gasoline,Wood,Fischer-Tropsch,GWh,RJ,2025,0.0
Non-fossil end-use fuels (including biofuels),"Biofuels, synthesized fuels and hydrogen production by technology",Energy,Fuel production,Renewable gasoline,Wood,Fischer-Tropsch,GWh,RJ,2030,0.0
Non-fossil end-use fuels (including biofuels),"Biofuels, synthesized fuels and hydrogen production by technology",Energy,Fuel production,Renewable gasoline,Wood,Fischer-Tropsch,GWh,RJ,2035,0.04051
Non-fossil end-use fuels (including biofuels),"Biofuels, synthesized fuels and hydrogen production by technology",Energy,Fuel production,Renewable gasoline,Wood,Fischer-Tropsch,GWh,RJ,2040,0.31961
Non-fossil end-use fuels (including biofuels),"Biofuels, synthesized fuels and hydrogen production by technology",Energy,Fuel production,Renewable gasoline,Wood,Fischer-Tropsch,GWh,RJ,2045,0.11517
Non-fossil end-use fuels (including biofuels),"Biofuels, synthesized fuels and hydrogen production by technology",Energy,Fuel production,Renewable gasoline,Wood,Fischer-Tropsch,GWh,RJ,2050,0.07864
Non-fossil end-use fuels (including biofuels),"Biofuels, synthesized fuels and hydrogen production by technology",Energy,Fuel production,Renewable gasoline,Wood,Fischer-Tropsch,GWh,RO,2025,0.0
Non-fossil end-use fuels (including biofuels),"Biofuels, synthesized fuels and hydrogen production by technology",Energy,Fuel production,Renewable gasoline,Wood,Fischer-Tropsch,GWh,RO,2030,0.0
Non-fossil end-use fuels (including biofuels),"Biofuels, synthesized fuels and hydrogen production by technology",Energy,Fuel production,Renewable gasoline,Wood,Fischer-Tropsch,GWh,RO,2035,0.04073
Non-fossil end-use fuels (including biofuels),"Biofuels, synthesized fuels and hydrogen production by technology",Energy,Fuel production,Renewable gasoline,Wood,Fischer-Tropsch,GWh,RO,2040,0.30884
Non-fossil end-use fuels (including biofuels),"Biofuels, synthesized fuels and hydrogen production by technology",Energy,Fuel production,Renewable gasoline,Wood,Fischer-Tropsch,GWh,RO,2045,0.09838
Non-fossil end-use fuels (including biofuels),"Biofuels, synthesized fuels and hydrogen production by technology",Energy,Fuel production,Renewable gasoline,Wood,Fischer-Tropsch,GWh,RO,2050,0.07565
Non-fossil end-use fuels (including biofuels),"Biofuels, synthesized fuels and hydrogen production by technology",Energy,Fuel production,Renewable gasoline,Wood,Fischer-Tropsch,GWh,RS,2025,0.0
Non-fossil end-use fuels (including biofuels),"Biofuels, synthesized fuels and hydrogen production by technology",Energy,Fuel production,Renewable gasoline,Wood,Fischer-Tropsch,GWh,RS,2030,0.0
Non-fossil end-use fuels (including biofuels),"Biofuels, synthesized fuels and hydrogen production by technology",Energy,Fuel production,Renewable gasoline,Wood,Fischer-Tropsch,GWh,RS,2035,0.27283
Non-fossil end-use fuels (including biofuels),"Biofuels, synthesized fuels and hydrogen production by technology",Energy,Fuel production,Renewable gasoline,Wood,Fischer-Tropsch,GWh,RS,2040,3.10161
Non-fossil end-use fuels (including biofuels),"Biofuels, synthesized fuels and hydrogen production by technology",Energy,Fuel production,Renewable gasoline,Wood,Fischer-Tropsch,GWh,RS,2045,0.60302
Non-fossil end-use fuels (including biofuels),"Biofuels, synthesized fuels and hydrogen production by technology",Energy,Fuel production,Renewable gasoline,Wood,Fischer-Tropsch,GWh,RS,2050,0.45601
Non-fossil end-use fuels (including biofuels),"Biofuels, synthesized fuels and hydrogen production by technology",Energy,Fuel production,Renewable gasoline,Wood,Fischer-Tropsch,GWh,SC,2025,0.0
Non-fossil end-use fuels (including biofuels),"Biofuels, synthesized fuels and hydrogen production by technology",Energy,Fuel production,Renewable gasoline,Wood,Fischer-Tropsch,GWh,SC,2030,0.0
Non-fossil end-use fuels (including biofuels),"Biofuels, synthesized fuels and hydrogen production by technology",Energy,Fuel production,Renewable gasoline,Wood,Fischer-Tropsch,GWh,SC,2035,0.2819
Non-fossil end-use fuels (including biofuels),"Biofuels, synthesized fuels and hydrogen production by technology",Energy,Fuel production,Renewable gasoline,Wood,Fischer-Tropsch,GWh,SC,2040,3.22885
Non-fossil end-use fuels (including biofuels),"Biofuels, synthesized fuels and hydrogen production by technology",Energy,Fuel production,Renewable gasoline,Wood,Fischer-Tropsch,GWh,SC,2045,0.66352
Non-fossil end-use fuels (including biofuels),"Biofuels, synthesized fuels and hydrogen production by technology",Energy,Fuel production,Renewable gasoline,Wood,Fischer-Tropsch,GWh,SC,2050,0.51432
Non-fossil end-use fuels (including biofuels),"Biofuels, synthesized fuels and hydrogen production by technology",Energy,Fuel production,Renewable gasoline,Wood,Fischer-Tropsch,GWh,SE,2025,0.0
Non-fossil end-use fuels (including biofuels),"Biofuels, synthesized fuels and hydrogen production by technology",Energy,Fuel production,Renewable gasoline,Wood,Fischer-Tropsch,GWh,SE,2030,0.0
Non-fossil end-use fuels (including biofuels),"Biofuels, synthesized fuels and hydrogen production by technology",Energy,Fuel production,Renewable gasoline,Wood,Fischer-Tropsch,GWh,SE,2035,0.07992
Non-fossil end-use fuels (including biofuels),"Biofuels, synthesized fuels and hydrogen production by technology",Energy,Fuel production,Renewable gasoline,Wood,Fischer-Tropsch,GWh,SE,2040,1.09566
Non-fossil end-use fuels (including biofuels),"Biofuels, synthesized fuels and hydrogen production by technology",Energy,Fuel production,Renewable gasoline,Wood,Fischer-Tropsch,GWh,SE,2045,0.255
Non-fossil end-use fuels (including biofuels),"Biofuels, synthesized fuels and hydrogen production by technology",Energy,Fuel production,Renewable gasoline,Wood,Fischer-Tropsch,GWh,SE,2050,0.13204
Non-fossil end-use fuels (including biofuels),"Biofuels, synthesized fuels and hydrogen production by technology",Energy,Fuel production,Renewable gasoline,Wood,Fischer-Tropsch,GWh,SP,2025,0.0
Non-fossil end-use fuels (including biofuels),"Biofuels, synthesized fuels and hydrogen production by technology",Energy,Fuel production,Renewable gasoline,Wood,Fischer-Tropsch,GWh,SP,2030,0.0
Non-fossil end-use fuels (including biofuels),"Biofuels, synthesized fuels and hydrogen production by technology",Energy,Fuel production,Renewable gasoline,Wood,Fischer-Tropsch,GWh,SP,2035,0.25782
Non-fossil end-use fuels (including biofuels),"Biofuels, synthesized fuels and hydrogen production by technology",Energy,Fuel production,Renewable gasoline,Wood,Fischer-Tropsch,GWh,SP,2040,2.8959
Non-fossil end-use fuels (including biofuels),"Biofuels, synthesized fuels and hydrogen production by technology",Energy,Fuel production,Renewable gasoline,Wood,Fischer-Tropsch,GWh,SP,2045,0.54815
Non-fossil end-use fuels (including biofuels),"Biofuels, synthesized fuels and hydrogen production by technology",Energy,Fuel production,Renewable gasoline,Wood,Fischer-Tropsch,GWh,SP,2050,0.38525
Non-fossil end-use fuels (including biofuels),"Biofuels, synthesized fuels and hydrogen production by technology",Energy,Fuel production,Renewable gasoline,Wood,Fischer-Tropsch,GWh,TO,2025,0.0
Non-fossil end-use fuels (including biofuels),"Biofuels, synthesized fuels and hydrogen production by technology",Energy,Fuel production,Renewable gasoline,Wood,Fischer-Tropsch,GWh,TO,2030,0.0
Non-fossil end-use fuels (including biofuels),"Biofuels, synthesized fuels and hydrogen production by technology",Energy,Fuel production,Renewable gasoline,Wood,Fischer-Tropsch,GWh,TO,2035,0.17656
Non-fossil end-use fuels (including biofuels),"Biofuels, synthesized fuels and hydrogen production by technology",Energy,Fuel production,Renewable gasoline,Wood,Fischer-Tropsch,GWh,TO,2040,1.96734
Non-fossil end-use fuels (including biofuels),"Biofuels, synthesized fuels and hydrogen production by technology",Energy,Fuel production,Renewable gasoline,Wood,Fischer-Tropsch,GWh,TO,2045,0.22737
Non-fossil end-use fuels (including biofuels),"Biofuels, synthesized fuels and hydrogen production by technology",Energy,Fuel production,Renewable gasoline,Wood,Fischer-Tropsch,GWh,TO,2050,0.21628
Non-fossil end-use fuels (including biofuels),"Biofuels, synthesized fuels and hydrogen production by technology",Energy,Fuel production,Biomethane,Residue,Gasification,GWh,AC,2025,0.0
Non-fossil end-use fuels (including biofuels),"Biofuels, synthesized fuels and hydrogen production by technology",Energy,Fuel production,Biomethane,Residue,Gasification,GWh,AC,2030,0.0
Non-fossil end-use fuels (including biofuels),"Biofuels, synthesized fuels and hydrogen production by technology",Energy,Fuel production,Biomethane,Residue,Gasification,GWh,AC,2035,0.12509
Non-fossil end-use fuels (including biofuels),"Biofuels, synthesized fuels and hydrogen production by technology",Energy,Fuel production,Biomethane,Residue,Gasification,GWh,AC,2040,1.55997
Non-fossil end-use fuels (including biofuels),"Biofuels, synthesized fuels and hydrogen production by technology",Energy,Fuel production,Biomethane,Residue,Gasification,GWh,AC,2045,3.20701
Non-fossil end-use fuels (including biofuels),"Biofuels, synthesized fuels and hydrogen production by technology",Energy,Fuel production,Biomethane,Residue,Gasification,GWh,AC,2050,3.08017
Non-fossil end-use fuels (including biofuels),"Biofuels, synthesized fuels and hydrogen production by technology",Energy,Fuel production,Biomethane,Residue,Gasification,GWh,AL,2025,0.0
Non-fossil end-use fuels (including biofuels),"Biofuels, synthesized fuels and hydrogen production by technology",Energy,Fuel production,Biomethane,Residue,Gasification,GWh,AL,2030,0.0
Non-fossil end-use fuels (including biofuels),"Biofuels, synthesized fuels and hydrogen production by technology",Energy,Fuel production,Biomethane,Residue,Gasification,GWh,AL,2035,0.11179
Non-fossil end-use fuels (including biofuels),"Biofuels, synthesized fuels and hydrogen production by technology",Energy,Fuel production,Biomethane,Residue,Gasification,GWh,AL,2040,1.26617
Non-fossil end-use fuels (including biofuels),"Biofuels, synthesized fuels and hydrogen production by technology",Energy,Fuel production,Biomethane,Residue,Gasification,GWh,AL,2045,2.90536
Non-fossil end-use fuels (including biofuels),"Biofuels, synthesized fuels and hydrogen production by technology",Energy,Fuel production,Biomethane,Residue,Gasification,GWh,AL,2050,2.78263
Non-fossil end-use fuels (including biofuels),"Biofuels, synthesized fuels and hydrogen production by technology",Energy,Fuel production,Biomethane,Residue,Gasification,GWh,AM,2025,0.0
Non-fossil end-use fuels (including biofuels),"Biofuels, synthesized fuels and hydrogen production by technology",Energy,Fuel production,Biomethane,Residue,Gasification,GWh,AM,2030,0.0
Non-fossil end-use fuels (including biofuels),"Biofuels, synthesized fuels and hydrogen production by technology",Energy,Fuel production,Biomethane,Residue,Gasification,GWh,AM,2035,0.09306
Non-fossil end-use fuels (including biofuels),"Biofuels, synthesized fuels and hydrogen production by technology",Energy,Fuel production,Biomethane,Residue,Gasification,GWh,AM,2040,0.75494
Non-fossil end-use fuels (including biofuels),"Biofuels, synthesized fuels and hydrogen production by technology",Energy,Fuel production,Biomethane,Residue,Gasification,GWh,AM,2045,2.06649
Non-fossil end-use fuels (including biofuels),"Biofuels, synthesized fuels and hydrogen production by technology",Energy,Fuel production,Biomethane,Residue,Gasification,GWh,AM,2050,1.8297
Non-fossil end-use fuels (including biofuels),"Biofuels, synthesized fuels and hydrogen production by technology",Energy,Fuel production,Biomethane,Residue,Gasification,GWh,BA,2025,0.0
Non-fossil end-use fuels (including biofuels),"Biofuels, synthesized fuels and hydrogen production by technology",Energy,Fuel production,Biomethane,Residue,Gasification,GWh,BA,2030,0.0
Non-fossil end-use fuels (including biofuels),"Biofuels, synthesized fuels and hydrogen production by technology",Energy,Fuel production,Biomethane,Residue,Gasification,GWh,BA,2035,0.37278
Non-fossil end-use fuels (including biofuels),"Biofuels, synthesized fuels and hydrogen production by technology",Energy,Fuel production,Biomethane,Residue,Gasification,GWh,BA,2040,7.57759
Non-fossil end-use fuels (including biofuels),"Biofuels, synthesized fuels and hydrogen production by technology",Energy,Fuel production,Biomethane,Residue,Gasification,GWh,BA,2045,9.36011
Non-fossil end-use fuels (including biofuels),"Biofuels, synthesized fuels and hydrogen production by technology",Energy,Fuel production,Biomethane,Residue,Gasification,GWh,BA,2050,9.24138
Non-fossil end-use fuels (including biofuels),"Biofuels, synthesized fuels and hydrogen production by technology",Energy,Fuel production,Biomethane,Residue,Gasification,GWh,CE,2025,0.0
Non-fossil end-use fuels (including biofuels),"Biofuels, synthesized fuels and hydrogen production by technology",Energy,Fuel production,Biomethane,Residue,Gasification,GWh,CE,2030,0.0
Non-fossil end-use fuels (including biofuels),"Biofuels, synthesized fuels and hydrogen production by technology",Energy,Fuel production,Biomethane,Residue,Gasification,GWh,CE,2035,0.16634
Non-fossil end-use fuels (including biofuels),"Biofuels, synthesized fuels and hydrogen production by technology",Energy,Fuel production,Biomethane,Residue,Gasification,GWh,CE,2040,2.49818
Non-fossil end-use fuels (including biofuels),"Biofuels, synthesized fuels and hydrogen production by technology",Energy,Fuel production,Biomethane,Residue,Gasification,GWh,CE,2045,4.17524
Non-fossil end-use fuels (including biofuels),"Biofuels, synthesized fuels and hydrogen production by technology",Energy,Fuel production,Biomethane,Residue,Gasification,GWh,CE,2050,4.05824
Non-fossil end-use fuels (including biofuels),"Biofuels, synthesized fuels and hydrogen production by technology",Energy,Fuel production,Biomethane,Residue,Gasification,GWh,DF,2025,0.0
Non-fossil end-use fuels (including biofuels),"Biofuels, synthesized fuels and hydrogen production by technology",Energy,Fuel production,Biomethane,Residue,Gasification,GWh,DF,2030,0.0
Non-fossil end-use fuels (including biofuels),"Biofuels, synthesized fuels and hydrogen production by technology",Energy,Fuel production,Biomethane,Residue,Gasification,GWh,DF,2035,0.14689
Non-fossil end-use fuels (including biofuels),"Biofuels, synthesized fuels and hydrogen production by technology",Energy,Fuel production,Biomethane,Residue,Gasification,GWh,DF,2040,2.02291
Non-fossil end-use fuels (including biofuels),"Biofuels, synthesized fuels and hydrogen production by technology",Energy,Fuel production,Biomethane,Residue,Gasification,GWh,DF,2045,3.69993
Non-fossil end-use fuels (including biofuels),"Biofuels, synthesized fuels and hydrogen production by technology",Energy,Fuel production,Biomethane,Residue,Gasification,GWh,DF,2050,3.58446
Non-fossil end-use fuels (including biofuels),"Biofuels, synthesized fuels and hydrogen production by technology",Energy,Fuel production,Biomethane,Residue,Gasification,GWh,ES,2025,0.0
Non-fossil end-use fuels (including biofuels),"Biofuels, synthesized fuels and hydrogen production by technology",Energy,Fuel production,Biomethane,Residue,Gasification,GWh,ES,2030,0.0
Non-fossil end-use fuels (including biofuels),"Biofuels, synthesized fuels and hydrogen production by technology",Energy,Fuel production,Biomethane,Residue,Gasification,GWh,ES,2035,0.24098
Non-fossil end-use fuels (including biofuels),"Biofuels, synthesized fuels and hydrogen production by technology",Energy,Fuel production,Biomethane,Residue,Gasification,GWh,ES,2040,3.074
Non-fossil end-use fuels (including biofuels),"Biofuels, synthesized fuels and hydrogen production by technology",Energy,Fuel production,Biomethane,Residue,Gasification,GWh,ES,2045,4.76927
Non-fossil end-use fuels (including biofuels),"Biofuels, synthesized fuels and hydrogen production by technology",Energy,Fuel production,Biomethane,Residue,Gasification,GWh,ES,2050,4.66417
Non-fossil end-use fuels (including biofuels),"Biofuels, synthesized fuels and hydrogen production by technology",Energy,Fuel production,Biomethane,Residue,Gasification,GWh,GO,2025,0.0
Non-fossil end-use fuels (including biofuels),"Biofuels, synthesized fuels and hydrogen production by technology",Energy,Fuel production,Biomethane,Residue,Gasification,GWh,GO,2030,0.0
Non-fossil end-use fuels (including biofuels),"Biofuels, synthesized fuels and hydrogen production by technology",Energy,Fuel production,Biomethane,Residue,Gasification,GWh,GO,2035,0.43475
Non-fossil end-use fuels (including biofuels),"Biofuels, synthesized fuels and hydrogen production by technology",Energy,Fuel production,Biomethane,Residue,Gasification,GWh,GO,2040,5.45098
Non-fossil end-use fuels (including biofuels),"Biofuels, synthesized fuels and hydrogen production by technology",Energy,Fuel production,Biomethane,Residue,Gasification,GWh,GO,2045,7.15829
Non-fossil end-use fuels (including biofuels),"Biofuels, synthesized fuels and hydrogen production by technology",Energy,Fuel production,Biomethane,Residue,Gasification,GWh,GO,2050,7.08874
Non-fossil end-use fuels (including biofuels),"Biofuels, synthesized fuels and hydrogen production by technology",Energy,Fuel production,Biomethane,Residue,Gasification,GWh,MA,2025,0.0
Non-fossil end-use fuels (including biofuels),"Biofuels, synthesized fuels and hydrogen production by technology",Energy,Fuel production,Biomethane,Residue,Gasification,GWh,MA,2030,0.0
Non-fossil end-use fuels (including biofuels),"Biofuels, synthesized fuels and hydrogen production by technology",Energy,Fuel production,Biomethane,Residue,Gasification,GWh,MA,2035,0.31228
Non-fossil end-use fuels (including biofuels),"Biofuels, synthesized fuels and hydrogen production by technology",Energy,Fuel production,Biomethane,Residue,Gasification,GWh,MA,2040,5.26929
Non-fossil end-use fuels (including biofuels),"Biofuels, synthesized fuels and hydrogen production by technology",Energy,Fuel production,Biomethane,Residue,Gasification,GWh,MA,2045,6.91448
Non-fossil end-use fuels (including biofuels),"Biofuels, synthesized fuels and hydrogen production by technology",Energy,Fuel production,Biomethane,Residue,Gasification,GWh,MA,2050,6.7595
Non-fossil end-use fuels (including biofuels),"Biofuels, synthesized fuels and hydrogen production by technology",Energy,Fuel production,Biomethane,Residue,Gasification,GWh,MG,2025,0.0
Non-fossil end-use fuels (including biofuels),"Biofuels, synthesized fuels and hydrogen production by technology",Energy,Fuel production,Biomethane,Residue,Gasification,GWh,MG,2030,0.0
Non-fossil end-use fuels (including biofuels),"Biofuels, synthesized fuels and hydrogen production by technology",Energy,Fuel production,Biomethane,Residue,Gasification,GWh,MG,2035,0.33766
Non-fossil end-use fuels (including biofuels),"Biofuels, synthesized fuels and hydrogen production by technology",Energy,Fuel production,Biomethane,Residue,Gasification,GWh,MG,2040,5.95824
Non-fossil end-use fuels (including biofuels),"Biofuels, synthesized fuels and hydrogen production by technology",Energy,Fuel production,Biomethane,Residue,Gasification,GWh,MG,2045,7.73414
Non-fossil end-use fuels (including biofuels),"Biofuels, synthesized fuels and hydrogen production by technology",Energy,Fuel production,Biomethane,Residue,Gasification,GWh,MG,2050,7.65537
Non-fossil end-use fuels (including biofuels),"Biofuels, synthesized fuels and hydrogen production by technology",Energy,Fuel production,Biomethane,Residue,Gasification,GWh,MS,2025,0.0
Non-fossil end-use fuels (including biofuels),"Biofuels, synthesized fuels and hydrogen production by technology",Energy,Fuel production,Biomethane,Residue,Gasification,GWh,MS,2030,0.0
Non-fossil end-use fuels (including biofuels),"Biofuels, synthesized fuels and hydrogen production by technology",Energy,Fuel production,Biomethane,Residue,Gasification,GWh,MS,2035,0.37243
Non-fossil end-use fuels (including biofuels),"Biofuels, synthesized fuels and hydrogen production by technology",Energy,Fuel production,Biomethane,Residue,Gasification,GWh,MS,2040,5.01758
Non-fossil end-use fuels (including biofuels),"Biofuels, synthesized fuels and hydrogen production by technology",Energy,Fuel production,Biomethane,Residue,Gasification,GWh,MS,2045,6.74383
Non-fossil end-use fuels (including biofuels),"Biofuels, synthesized fuels and hydrogen production by technology",Energy,Fuel production,Biomethane,Residue,Gasification,GWh,MS,2050,6.66533
Non-fossil end-use fuels (including biofuels),"Biofuels, synthesized fuels and hydrogen production by technology",Energy,Fuel production,Biomethane,Residue,Gasification,GWh,MT,2025,0.0
Non-fossil end-use fuels (including biofuels),"Biofuels, synthesized fuels and hydrogen production by technology",Energy,Fuel production,Biomethane,Residue,Gasification,GWh,MT,2030,0.0
Non-fossil end-use fuels (including biofuels),"Biofuels, synthesized fuels and hydrogen production by technology",Energy,Fuel production,Biomethane,Residue,Gasification,GWh,MT,2035,0.65229
Non-fossil end-use fuels (including biofuels),"Biofuels, synthesized fuels and hydrogen production by technology",Energy,Fuel production,Biomethane,Residue,Gasification,GWh,MT,2040,8.68038
Non-fossil end-use fuels (including biofuels),"Biofuels, synthesized fuels and hydrogen production by technology",Energy,Fuel production,Biomethane,Residue,Gasification,GWh,MT,2045,10.7681
Non-fossil end-use fuels (including biofuels),"Biofuels, synthesized fuels and hydrogen production by technology",Energy,Fuel production,Biomethane,Residue,Gasification,GWh,MT,2050,10.72741
Non-fossil end-use fuels (including biofuels),"Biofuels, synthesized fuels and hydrogen production by technology",Energy,Fuel production,Biomethane,Residue,Gasification,GWh,PA,2025,0.0
Non-fossil end-use fuels (including biofuels),"Biofuels, synthesized fuels and hydrogen production by technology",Energy,Fuel production,Biomethane,Residue,Gasification,GWh,PA,2030,0.0
Non-fossil end-use fuels (including biofuels),"Biofuels, synthesized fuels and hydrogen production by technology",Energy,Fuel production,Biomethane,Residue,Gasification,GWh,PA,2035,0.20312
Non-fossil end-use fuels (including biofuels),"Biofuels, synthesized fuels and hydrogen production by technology",Energy,Fuel production,Biomethane,Residue,Gasification,GWh,PA,2040,3.12841
Non-fossil end-use fuels (including biofuels),"Biofuels, synthesized fuels and hydrogen production by technology",Energy,Fuel production,Biomethane,Residue,Gasification,GWh,PA,2045,4.76679
Non-fossil end-use fuels (including biofuels),"Biofuels, synthesized fuels and hydrogen production by technology",Energy,Fuel production,Biomethane,Residue,Gasification,GWh,PA,2050,4.63112
Non-fossil end-use fuels (including biofuels),"Biofuels, synthesized fuels and hydrogen production by technology",Energy,Fuel production,Biomethane,Residue,Gasification,GWh,PB,2025,0.0
Non-fossil end-use fuels (including biofuels),"Biofuels, synthesized fuels and hydrogen production by technology",Energy,Fuel production,Biomethane,Residue,Gasification,GWh,PB,2030,0.0
Non-fossil end-use fuels (including biofuels),"Biofuels, synthesized fuels and hydrogen production by technology",Energy,Fuel production,Biomethane,Residue,Gasification,GWh,PB,2035,0.15773
Non-fossil end-use fuels (including biofuels),"Biofuels, synthesized fuels and hydrogen production by technology",Energy,Fuel production,Biomethane,Residue,Gasification,GWh,PB,2040,2.32258
Non-fossil end-use fuels (including biofuels),"Biofuels, synthesized fuels and hydrogen production by technology",Energy,Fuel production,Biomethane,Residue,Gasification,GWh,PB,2045,4.00413
Non-fossil end-use fuels (including biofuels),"Biofuels, synthesized fuels and hydrogen production by technology",Energy,Fuel production,Biomethane,Residue,Gasification,GWh,PB,2050,3.75977
Non-fossil end-use fuels (including biofuels),"Biofuels, synthesized fuels and hydrogen production by technology",Energy,Fuel production,Biomethane,Residue,Gasification,GWh,PE,2025,0.0
Non-fossil end-use fuels (including biofuels),"Biofuels, synthesized fuels and hydrogen production by technology",Energy,Fuel production,Biomethane,Residue,Gasification,GWh,PE,2030,0.0
Non-fossil end-use fuels (including biofuels),"Biofuels, synthesized fuels and hydrogen production by technology",Energy,Fuel production,Biomethane,Residue,Gasification,GWh,PE,2035,0.20529
Non-fossil end-use fuels (including biofuels),"Biofuels, synthesized fuels and hydrogen production by technology",Energy,Fuel production,Biomethane,Residue,Gasification,GWh,PE,2040,3.49337
Non-fossil end-use fuels (including biofuels),"Biofuels, synthesized fuels and hydrogen production by technology",Energy,Fuel production,Biomethane,Residue,Gasification,GWh,PE,2045,5.22719
Non-fossil end-use fuels (including biofuels),"Biofuels, synthesized fuels and hydrogen production by technology",Energy,Fuel production,Biomethane,Residue,Gasification,GWh,PE,2050,4.95589
Non-fossil end-use fuels (including biofuels),"Biofuels, synthesized fuels and hydrogen production by technology",Energy,Fuel production,Biomethane,Residue,Gasification,GWh,PI,2025,0.0
Non-fossil end-use fuels (including biofuels),"Biofuels, synthesized fuels and hydrogen production by technology",Energy,Fuel production,Biomethane,Residue,Gasification,GWh,PI,2030,0.0
Non-fossil end-use fuels (including biofuels),"Biofuels, synthesized fuels and hydrogen production by technology",Energy,Fuel production,Biomethane,Residue,Gasification,GWh,PI,2035,0.31429
Non-fossil end-use fuels (including biofuels),"Biofuels, synthesized fuels and hydrogen production by technology",Energy,Fuel production,Biomethane,Residue,Gasification,GWh,PI,2040,4.53192
Non-fossil end-use fuels (including biofuels),"Biofuels, synthesized fuels and hydrogen production by technology",Energy,Fuel production,Biomethane,Residue,Gasification,GWh,PI,2045,6.17705
Non-fossil end-use fuels (including biofuels),"Biofuels, synthesized fuels and hydrogen production by technology",Energy,Fuel production,Biomethane,Residue,Gasification,GWh,PI,2050,6.0396
Non-fossil end-use fuels (including biofuels),"Biofuels, synthesized fuels and hydrogen production by technology",Energy,Fuel production,Biomethane,Residue,Gasification,GWh,PR,2025,0.0
Non-fossil end-use fuels (including biofuels),"Biofuels, synthesized fuels and hydrogen production by technology",Energy,Fuel production,Biomethane,Residue,Gasification,GWh,PR,2030,0.0
Non-fossil end-use fuels (including biofuels),"Biofuels, synthesized fuels and hydrogen production by technology",Energy,Fuel production,Biomethane,Residue,Gasification,GWh,PR,2035,0.34396
Non-fossil end-use fuels (including biofuels),"Biofuels, synthesized fuels and hydrogen production by technology",Energy,Fuel production,Biomethane,Residue,Gasification,GWh,PR,2040,4.83563
Non-fossil end-use fuels (including biofuels),"Biofuels, synthesized fuels and hydrogen production by technology",Energy,Fuel production,Biomethane,Residue,Gasification,GWh,PR,2045,6.48464
Non-fossil end-use fuels (including biofuels),"Biofuels, synthesized fuels and hydrogen production by technology",Energy,Fuel production,Biomethane,Residue,Gasification,GWh,PR,2050,6.41285
Non-fossil end-use fuels (including biofuels),"Biofuels, synthesized fuels and hydrogen production by technology",Energy,Fuel production,Biomethane,Residue,Gasification,GWh,RJ,2025,0.0
Non-fossil end-use fuels (including biofuels),"Biofuels, synthesized fuels and hydrogen production by technology",Energy,Fuel production,Biomethane,Residue,Gasification,GWh,RJ,2030,0.0
Non-fossil end-use fuels (including biofuels),"Biofuels, synthesized fuels and hydrogen production by technology",Energy,Fuel production,Biomethane,Residue,Gasification,GWh,RJ,2035,0.23924
Non-fossil end-use fuels (including biofuels),"Biofuels, synthesized fuels and hydrogen production by technology",Energy,Fuel production,Biomethane,Residue,Gasification,GWh,RJ,2040,3.03522
Non-fossil end-use fuels (including biofuels),"Biofuels, synthesized fuels and hydrogen production by technology",Energy,Fuel production,Biomethane,Residue,Gasification,GWh,RJ,2045,4.44739
Non-fossil end-use fuels (including biofuels),"Biofuels, synthesized fuels and hydrogen production by technology",Energy,Fuel production,Biomethane,Residue,Gasification,GWh,RJ,2050,4.26649
Non-fossil end-use fuels (including biofuels),"Biofuels, synthesized fuels and hydrogen production by technology",Energy,Fuel production,Biomethane,Residue,Gasification,GWh,RN,2025,0.0
Non-fossil end-use fuels (including biofuels),"Biofuels, synthesized fuels and hydrogen production by technology",Energy,Fuel production,Biomethane,Residue,Gasification,GWh,RN,2030,0.0
Non-fossil end-use fuels (including biofuels),"Biofuels, synthesized fuels and hydrogen production by technology",Energy,Fuel production,Biomethane,Residue,Gasification,GWh,RN,2035,0.18348
Non-fossil end-use fuels (including biofuels),"Biofuels, synthesized fuels and hydrogen production by technology",Energy,Fuel production,Biomethane,Residue,Gasification,GWh,RN,2040,2.60634
Non-fossil end-use fuels (including biofuels),"Biofuels, synthesized fuels and hydrogen production by technology",Energy,Fuel production,Biomethane,Residue,Gasification,GWh,RN,2045,4.31446
Non-fossil end-use fuels (including biofuels),"Biofuels, synthesized fuels and hydrogen production by technology",Energy,Fuel production,Biomethane,Residue,Gasification,GWh,RN,2050,4.12838
Non-fossil end-use fuels (including biofuels),"Biofuels, synthesized fuels and hydrogen production by technology",Energy,Fuel production,Biomethane,Residue,Gasification,GWh,RO,2025,0.0
Non-fossil end-use fuels (including biofuels),"Biofuels, synthesized fuels and hydrogen production by technology",Energy,Fuel production,Biomethane,Residue,Gasification,GWh,RO,2030,0.0
Non-fossil end-use fuels (including biofuels),"Biofuels, synthesized fuels and hydrogen production by technology",Energy,Fuel production,Biomethane,Residue,Gasification,GWh,RO,2035,0.20451
Non-fossil end-use fuels (including biofuels),"Biofuels, synthesized fuels and hydrogen production by technology",Energy,Fuel production,Biomethane,Residue,Gasification,GWh,RO,2040,3.16096
Non-fossil end-use fuels (including biofuels),"Biofuels, synthesized fuels and hydrogen production by technology",Energy,Fuel production,Biomethane,Residue,Gasification,GWh,RO,2045,4.79793
Non-fossil end-use fuels (including biofuels),"Biofuels, synthesized fuels and hydrogen production by technology",Energy,Fuel production,Biomethane,Residue,Gasification,GWh,RO,2050,4.66198
Non-fossil end-use fuels (including biofuels),"Biofuels, synthesized fuels and hydrogen production by technology",Energy,Fuel production,Biomethane,Residue,Gasification,GWh,RR,2025,0.0
Non-fossil end-use fuels (including biofuels),"Biofuels, synthesized fuels and hydrogen production by technology",Energy,Fuel production,Biomethane,Residue,Gasification,GWh,RR,2030,0.0
Non-fossil end-use fuels (including biofuels),"Biofuels, synthesized fuels and hydrogen production by technology",Energy,Fuel production,Biomethane,Residue,Gasification,GWh,RR,2035,0.1248
Non-fossil end-use fuels (including biofuels),"Biofuels, synthesized fuels and hydrogen production by technology",Energy,Fuel production,Biomethane,Residue,Gasification,GWh,RR,2040,1.57693
Non-fossil end-use fuels (including biofuels),"Biofuels, synthesized fuels and hydrogen production by technology",Energy,Fuel production,Biomethane,Residue,Gasification,GWh,RR,2045,3.22573
Non-fossil end-use fuels (including biofuels),"Biofuels, synthesized fuels and hydrogen production by technology",Energy,Fuel production,Biomethane,Residue,Gasification,GWh,RR,2050,3.10343
Non-fossil end-use fuels (including biofuels),"Biofuels, synthesized fuels and hydrogen production by technology",Energy,Fuel production,Biomethane,Residue,Gasification,GWh,RS,2025,0.0
Non-fossil end-use fuels (including biofuels),"Biofuels, synthesized fuels and hydrogen production by technology",Energy,Fuel production,Biomethane,Residue,Gasification,GWh,RS,2030,0.0
Non-fossil end-use fuels (including biofuels),"Biofuels, synthesized fuels and hydrogen production by technology",Energy,Fuel production,Biomethane,Residue,Gasification,GWh,RS,2035,0.27655
Non-fossil end-use fuels (including biofuels),"Biofuels, synthesized fuels and hydrogen production by technology",Energy,Fuel production,Biomethane,Residue,Gasification,GWh,RS,2040,3.0861
Non-fossil end-use fuels (including biofuels),"Biofuels, synthesized fuels and hydrogen production by technology",Energy,Fuel production,Biomethane,Residue,Gasification,GWh,RS,2045,4.77402
Non-fossil end-use fuels (including biofuels),"Biofuels, synthesized fuels and hydrogen production by technology",Energy,Fuel production,Biomethane,Residue,Gasification,GWh,RS,2050,4.65101
Non-fossil end-use fuels (including biofuels),"Biofuels, synthesized fuels and hydrogen production by technology",Energy,Fuel production,Biomethane,Residue,Gasification,GWh,SC,2025,0.0
Non-fossil end-use fuels (including biofuels),"Biofuels, synthesized fuels and hydrogen production by technology",Energy,Fuel production,Biomethane,Residue,Gasification,GWh,SC,2030,0.0
Non-fossil end-use fuels (including biofuels),"Biofuels, synthesized fuels and hydrogen production by technology",Energy,Fuel production,Biomethane,Residue,Gasification,GWh,SC,2035,0.24141
Non-fossil end-use fuels (including biofuels),"Biofuels, synthesized fuels and hydrogen production by technology",Energy,Fuel production,Biomethane,Residue,Gasification,GWh,SC,2040,3.02499
Non-fossil end-use fuels (including biofuels),"Biofuels, synthesized fuels and hydrogen production by technology",Energy,Fuel production,Biomethane,Residue,Gasification,GWh,SC,2045,4.66831
Non-fossil end-use fuels (including biofuels),"Biofuels, synthesized fuels and hydrogen production by technology",Energy,Fuel production,Biomethane,Residue,Gasification,GWh,SC,2050,4.53223
Non-fossil end-use fuels (including biofuels),"Biofuels, synthesized fuels and hydrogen production by technology",Energy,Fuel production,Biomethane,Residue,Gasification,GWh,SE,2025,0.0
Non-fossil end-use fuels (including biofuels),"Biofuels, synthesized fuels and hydrogen production by technology",Energy,Fuel production,Biomethane,Residue,Gasification,GWh,SE,2030,0.0
Non-fossil end-use fuels (including biofuels),"Biofuels, synthesized fuels and hydrogen production by technology",Energy,Fuel production,Biomethane,Residue,Gasification,GWh,SE,2035,0.21204
Non-fossil end-use fuels (including biofuels),"Biofuels, synthesized fuels and hydrogen production by technology",Energy,Fuel production,Biomethane,Residue,Gasification,GWh,SE,2040,3.7637
Non-fossil end-use fuels (including biofuels),"Biofuels, synthesized fuels and hydrogen production by technology",Energy,Fuel production,Biomethane,Residue,Gasification,GWh,SE,2045,5.45283
Non-fossil end-use fuels (including biofuels),"Biofuels, synthesized fuels and hydrogen production by technology",Energy,Fuel production,Biomethane,Residue,Gasification,GWh,SE,2050,5.31336
Non-fossil end-use fuels (including biofuels),"Biofuels, synthesized fuels and hydrogen production by technology",Energy,Fuel production,Biomethane,Residue,Gasification,GWh,SP,2025,0.0
Non-fossil end-use fuels (including biofuels),"Biofuels, synthesized fuels and hydrogen production by technology",Energy,Fuel production,Biomethane,Residue,Gasification,GWh,SP,2030,0.0
Non-fossil end-use fuels (including biofuels),"Biofuels, synthesized fuels and hydrogen production by technology",Energy,Fuel production,Biomethane,Residue,Gasification,GWh,SP,2035,0.37546
Non-fossil end-use fuels (including biofuels),"Biofuels, synthesized fuels and hydrogen production by technology",Energy,Fuel production,Biomethane,Residue,Gasification,GWh,SP,2040,7.46834
Non-fossil end-use fuels (including biofuels),"Biofuels, synthesized fuels and hydrogen production by technology",Energy,Fuel production,Biomethane,Residue,Gasification,GWh,SP,2045,8.83192
Non-fossil end-use fuels (including biofuels),"Biofuels, synthesized fuels and hydrogen production by technology",Energy,Fuel production,Biomethane,Residue,Gasification,GWh,SP,2050,8.79875
Non-fossil end-use fuels (including biofuels),"Biofuels, synthesized fuels and hydrogen production by technology",Energy,Fuel production,Biomethane,Residue,Gasification,GWh,TO,2025,0.0
Non-fossil end-use fuels (including biofuels),"Biofuels, synthesized fuels and hydrogen production by technology",Energy,Fuel production,Biomethane,Residue,Gasification,GWh,TO,2030,0.0
Non-fossil end-use fuels (including biofuels),"Biofuels, synthesized fuels and hydrogen production by technology",Energy,Fuel production,Biomethane,Residue,Gasification,GWh,TO,2035,0.32248
Non-fossil end-use fuels (including biofuels),"Biofuels, synthesized fuels and hydrogen production by technology",Energy,Fuel production,Biomethane,Residue,Gasification,GWh,TO,2040,6.62744
Non-fossil end-use fuels (including biofuels),"Biofuels, synthesized fuels and hydrogen production by technology",Energy,Fuel production,Biomethane,Residue,Gasification,GWh,TO,2045,8.27587
Non-fossil end-use fuels (including biofuels),"Biofuels, synthesized fuels and hydrogen production by technology",Energy,Fuel production,Biomethane,Residue,Gasification,GWh,TO,2050,8.10853
Non-fossil end-use fuels (including biofuels),"Biofuels, synthesized fuels and hydrogen production by technology",Energy,Fuel production,Biomethane,Residue,Gasification with CCS,GWh,AC,2025,0.0
Non-fossil end-use fuels (including biofuels),"Biofuels, synthesized fuels and hydrogen production by technology",Energy,Fuel production,Biomethane,Residue,Gasification with CCS,GWh,AC,2030,0.0
Non-fossil end-use fuels (including biofuels),"Biofuels, synthesized fuels and hydrogen production by technology",Energy,Fuel production,Biomethane,Residue,Gasification with CCS,GWh,AC,2035,0.10942
Non-fossil end-use fuels (including biofuels),"Biofuels, synthesized fuels and hydrogen production by technology",Energy,Fuel production,Biomethane,Residue,Gasification with CCS,GWh,AC,2040,1.56626
Non-fossil end-use fuels (including biofuels),"Biofuels, synthesized fuels and hydrogen production by technology",Energy,Fuel production,Biomethane,Residue,Gasification with CCS,GWh,AC,2045,2.90046
Non-fossil end-use fuels (including biofuels),"Biofuels, synthesized fuels and hydrogen production by technology",Energy,Fuel production,Biomethane,Residue,Gasification with CCS,GWh,AC,2050,2.78187
Non-fossil end-use fuels (including biofuels),"Biofuels, synthesized fuels and hydrogen production by technology",Energy,Fuel production,Biomethane,Residue,Gasification with CCS,GWh,AL,2025,0.0
Non-fossil end-use fuels (including biofuels),"Biofuels, synthesized fuels and hydrogen production by technology",Energy,Fuel production,Biomethane,Residue,Gasification with CCS,GWh,AL,2030,0.0
Non-fossil end-use fuels (including biofuels),"Biofuels, synthesized fuels and hydrogen production by technology",Energy,Fuel production,Biomethane,Residue,Gasification with CCS,GWh,AL,2035,0.11577
Non-fossil end-use fuels (including biofuels),"Biofuels, synthesized fuels and hydrogen production by technology",Energy,Fuel production,Biomethane,Residue,Gasification with CCS,GWh,AL,2040,1.39909
Non-fossil end-use fuels (including biofuels),"Biofuels, synthesized fuels and hydrogen production by technology",Energy,Fuel production,Biomethane,Residue,Gasification with CCS,GWh,AL,2045,2.68597
Non-fossil end-use fuels (including biofuels),"Biofuels, synthesized fuels and hydrogen production by technology",Energy,Fuel production,Biomethane,Residue,Gasification with CCS,GWh,AL,2050,2.5775
Non-fossil end-use fuels (including biofuels),"Biofuels, synthesized fuels and hydrogen production by technology",Energy,Fuel production,Biomethane,Residue,Gasification with CCS,GWh,AM,2025,0.0
Non-fossil end-use fuels (including biofuels),"Biofuels, synthesized fuels and hydrogen production by technology",Energy,Fuel production,Biomethane,Residue,Gasification with CCS,GWh,AM,2030,0.0
Non-fossil end-use fuels (including biofuels),"Biofuels, synthesized fuels and hydrogen production by technology",Energy,Fuel production,Biomethane,Residue,Gasification with CCS,GWh,AM,2035,0.08087
Non-fossil end-use fuels (including biofuels),"Biofuels, synthesized fuels and hydrogen production by technology",Energy,Fuel production,Biomethane,Residue,Gasification with CCS,GWh,AM,2040,0.70179
Non-fossil end-use fuels (including biofuels),"Biofuels, synthesized fuels and hydrogen production by technology",Energy,Fuel production,Biomethane,Residue,Gasification with CCS,GWh,AM,2045,1.85506
Non-fossil end-use fuels (including biofuels),"Biofuels, synthesized fuels and hydrogen production by technology",Energy,Fuel production,Biomethane,Residue,Gasification with CCS,GWh,AM,2050,1.63117
Non-fossil end-use fuels (including biofuels),"Biofuels, synthesized fuels and hydrogen production by technology",Energy,Fuel production,Biomethane,Residue,Gasification with CCS,GWh,BA,2025,0.0
Non-fossil end-use fuels (including biofuels),"Biofuels, synthesized fuels and hydrogen production by technology",Energy,Fuel production,Biomethane,Residue,Gasification with CCS,GWh,BA,2030,0.0
Non-fossil end-use fuels (including biofuels),"Biofuels, synthesized fuels and hydrogen production by technology",Energy,Fuel production,Biomethane,Residue,Gasification with CCS,GWh,BA,2035,0.38654
Non-fossil end-use fuels (including biofuels),"Biofuels, synthesized fuels and hydrogen production by technology",Energy,Fuel production,Biomethane,Residue,Gasification with CCS,GWh,BA,2040,8.01991
Non-fossil end-use fuels (including biofuels),"Biofuels, synthesized fuels and hydrogen production by technology",Energy,Fuel production,Biomethane,Residue,Gasification with CCS,GWh,BA,2045,9.68438
Non-fossil end-use fuels (including biofuels),"Biofuels, synthesized fuels and hydrogen production by technology",Energy,Fuel production,Biomethane,Residue,Gasification with CCS,GWh,BA,2050,9.60639
Non-fossil end-use fuels (including biofuels),"Biofuels, synthesized fuels and hydrogen production by technology",Energy,Fuel production,Biomethane,Residue,Gasification with CCS,GWh,CE,2025,0.0
Non-fossil end-use fuels (including biofuels),"Biofuels, synthesized fuels and hydrogen production by technology",Energy,Fuel production,Biomethane,Residue,Gasification with CCS,GWh,CE,2030,0.0
Non-fossil end-use fuels (including biofuels),"Biofuels, synthesized fuels and hydrogen production by technology",Energy,Fuel production,Biomethane,Residue,Gasification with CCS,GWh,CE,2035,0.12618
Non-fossil end-use fuels (including biofuels),"Biofuels, synthesized fuels and hydrogen production by technology",Energy,Fuel production,Biomethane,Residue,Gasification with CCS,GWh,CE,2040,2.11761
Non-fossil end-use fuels (including biofuels),"Biofuels, synthesized fuels and hydrogen production by technology",Energy,Fuel production,Biomethane,Residue,Gasification with CCS,GWh,CE,2045,3.74674
Non-fossil end-use fuels (including biofuels),"Biofuels, synthesized fuels and hydrogen production by technology",Energy,Fuel production,Biomethane,Residue,Gasification with CCS,GWh,CE,2050,3.63536
Non-fossil end-use fuels (including biofuels),"Biofuels, synthesized fuels and hydrogen production by technology",Energy,Fuel production,Biomethane,Residue,Gasification with CCS,GWh,DF,2025,0.0
Non-fossil end-use fuels (including biofuels),"Biofuels, synthesized fuels and hydrogen production by technology",Energy,Fuel production,Biomethane,Residue,Gasification with CCS,GWh,DF,2030,0.0
Non-fossil end-use fuels (including biofuels),"Biofuels, synthesized fuels and hydrogen production by technology",Energy,Fuel production,Biomethane,Residue,Gasification with CCS,GWh,DF,2035,0.14043
Non-fossil end-use fuels (including biofuels),"Biofuels, synthesized fuels and hydrogen production by technology",Energy,Fuel production,Biomethane,Residue,Gasification with CCS,GWh,DF,2040,2.40349
Non-fossil end-use fuels (including biofuels),"Biofuels, synthesized fuels and hydrogen production by technology",Energy,Fuel production,Biomethane,Residue,Gasification with CCS,GWh,DF,2045,4.06078
Non-fossil end-use fuels (including biofuels),"Biofuels, synthesized fuels and hydrogen production by technology",Energy,Fuel production,Biomethane,Residue,Gasification with CCS,GWh,DF,2050,3.97343
Non-fossil end-use fuels (including biofuels),"Biofuels, synthesized fuels and hydrogen production by technology",Energy,Fuel production,Biomethane,Residue,Gasification with CCS,GWh,ES,2025,0.0
Non-fossil end-use fuels (including biofuels),"Biofuels, synthesized fuels and hydrogen production by technology",Energy,Fuel production,Biomethane,Residue,Gasification with CCS,GWh,ES,2030,0.0
Non-fossil end-use fuels (including biofuels),"Biofuels, synthesized fuels and hydrogen production by technology",Energy,Fuel production,Biomethane,Residue,Gasification with CCS,GWh,ES,2035,0.23695
Non-fossil end-use fuels (including biofuels),"Biofuels, synthesized fuels and hydrogen production by technology",Energy,Fuel production,Biomethane,Residue,Gasification with CCS,GWh,ES,2040,4.23956
Non-fossil end-use fuels (including biofuels),"Biofuels, synthesized fuels and hydrogen production by technology",Energy,Fuel production,Biomethane,Residue,Gasification with CCS,GWh,ES,2045,5.90902
Non-fossil end-use fuels (including biofuels),"Biofuels, synthesized fuels and hydrogen production by technology",Energy,Fuel production,Biomethane,Residue,Gasification with CCS,GWh,ES,2050,5.84941
Non-fossil end-use fuels (including biofuels),"Biofuels, synthesized fuels and hydrogen production by technology",Energy,Fuel production,Biomethane,Residue,Gasification with CCS,GWh,GO,2025,0.0
Non-fossil end-use fuels (including biofuels),"Biofuels, synthesized fuels and hydrogen production by technology",Energy,Fuel production,Biomethane,Residue,Gasification with CCS,GWh,GO,2030,0.0
Non-fossil end-use fuels (including biofuels),"Biofuels, synthesized fuels and hydrogen production by technology",Energy,Fuel production,Biomethane,Residue,Gasification with CCS,GWh,GO,2035,0.5093
Non-fossil end-use fuels (including biofuels),"Biofuels, synthesized fuels and hydrogen production by technology",Energy,Fuel production,Biomethane,Residue,Gasification with CCS,GWh,GO,2040,6.65818
Non-fossil end-use fuels (including biofuels),"Biofuels, synthesized fuels and hydrogen production by technology",Energy,Fuel production,Biomethane,Residue,Gasification with CCS,GWh,GO,2045,8.42624
Non-fossil end-use fuels (including biofuels),"Biofuels, synthesized fuels and hydrogen production by technology",Energy,Fuel production,Biomethane,Residue,Gasification with CCS,GWh,GO,2050,8.43462
Non-fossil end-use fuels (including biofuels),"Biofuels, synthesized fuels and hydrogen production by technology",Energy,Fuel production,Biomethane,Residue,Gasification with CCS,GWh,MA,2025,0.0
Non-fossil end-use fuels (including biofuels),"Biofuels, synthesized fuels and hydrogen production by technology",Energy,Fuel production,Biomethane,Residue,Gasification with CCS,GWh,MA,2030,0.0
Non-fossil end-use fuels (including biofuels),"Biofuels, synthesized fuels and hydrogen production by technology",Energy,Fuel production,Biomethane,Residue,Gasification with CCS,GWh,MA,2035,0.12939
Non-fossil end-use fuels (including biofuels),"Biofuels, synthesized fuels and hydrogen production by technology",Energy,Fuel production,Biomethane,Residue,Gasification with CCS,GWh,MA,2040,2.20349
Non-fossil end-use fuels (including biofuels),"Biofuels, synthesized fuels and hydrogen production by technology",Energy,Fuel production,Biomethane,Residue,Gasification with CCS,GWh,MA,2045,3.8456
Non-fossil end-use fuels (including biofuels),"Biofuels, synthesized fuels and hydrogen production by technology",Energy,Fuel production,Biomethane,Residue,Gasification with CCS,GWh,MA,2050,3.72341
Non-fossil end-use fuels (including biofuels),"Biofuels, synthesized fuels and hydrogen production by technology",Energy,Fuel production,Biomethane,Residue,Gasification with CCS,GWh,MG,2025,0.0
Non-fossil end-use fuels (including biofuels),"Biofuels, synthesized fuels and hydrogen production by technology",Energy,Fuel production,Biomethane,Residue,Gasification with CCS,GWh,MG,2030,0.0
Non-fossil end-use fuels (including biofuels),"Biofuels, synthesized fuels and hydrogen production by technology",Energy,Fuel production,Biomethane,Residue,Gasification with CCS,GWh,MG,2035,0.46615
Non-fossil end-use fuels (including biofuels),"Biofuels, synthesized fuels and hydrogen production by technology",Energy,Fuel production,Biomethane,Residue,Gasification with CCS,GWh,MG,2040,7.69745
Non-fossil end-use fuels (including biofuels),"Biofuels, synthesized fuels and hydrogen production by technology",Energy,Fuel production,Biomethane,Residue,Gasification with CCS,GWh,MG,2045,9.41238
Non-fossil end-use fuels (including biofuels),"Biofuels, synthesized fuels and hydrogen production by technology",Energy,Fuel production,Biomethane,Residue,Gasification with CCS,GWh,MG,2050,9.46372
Non-fossil end-use fuels (including biofuels),"Biofuels, synthesized fuels and hydrogen production by technology",Energy,Fuel production,Biomethane,Residue,Gasification with CCS,GWh,MS,2025,0.0
Non-fossil end-use fuels (including biofuels),"Biofuels, synthesized fuels and hydrogen production by technology",Energy,Fuel production,Biomethane,Residue,Gasification with CCS,GWh,MS,2030,0.0
Non-fossil end-use fuels (including biofuels),"Biofuels, synthesized fuels and hydrogen production by technology",Energy,Fuel production,Biomethane,Residue,Gasification with CCS,GWh,MS,2035,0.55499
Non-fossil end-use fuels (including biofuels),"Biofuels, synthesized fuels and hydrogen production by technology",Energy,Fuel production,Biomethane,Residue,Gasification with CCS,GWh,MS,2040,6.86341
Non-fossil end-use fuels (including biofuels),"Biofuels, synthesized fuels and hydrogen production by technology",Energy,Fuel production,Biomethane,Residue,Gasification with CCS,GWh,MS,2045,8.74739
Non-fossil end-use fuels (including biofuels),"Biofuels, synthesized fuels and hydrogen production by technology",Energy,Fuel production,Biomethane,Residue,Gasification with CCS,GWh,MS,2050,9.12677
Non-fossil end-use fuels (including biofuels),"Biofuels, synthesized fuels and hydrogen production by technology",Energy,Fuel production,Biomethane,Residue,Gasification with CCS,GWh,MT,2025,0.0
Non-fossil end-use fuels (including biofuels),"Biofuels, synthesized fuels and hydrogen production by technology",Energy,Fuel production,Biomethane,Residue,Gasification with CCS,GWh,MT,2030,0.0
Non-fossil end-use fuels (including biofuels),"Biofuels, synthesized fuels and hydrogen production by technology",Energy,Fuel production,Biomethane,Residue,Gasification with CCS,GWh,MT,2035,0.59708
Non-fossil end-use fuels (including biofuels),"Biofuels, synthesized fuels and hydrogen production by technology",Energy,Fuel production,Biomethane,Residue,Gasification with CCS,GWh,MT,2040,9.24125
Non-fossil end-use fuels (including biofuels),"Biofuels, synthesized fuels and hydrogen production by technology",Energy,Fuel production,Biomethane,Residue,Gasification with CCS,GWh,MT,2045,10.76712
Non-fossil end-use fuels (including biofuels),"Biofuels, synthesized fuels and hydrogen production by technology",Energy,Fuel production,Biomethane,Residue,Gasification with CCS,GWh,MT,2050,11.00815
Non-fossil end-use fuels (including biofuels),"Biofuels, synthesized fuels and hydrogen production by technology",Energy,Fuel production,Biomethane,Residue,Gasification with CCS,GWh,PA,2025,0.0
Non-fossil end-use fuels (including biofuels),"Biofuels, synthesized fuels and hydrogen production by technology",Energy,Fuel production,Biomethane,Residue,Gasification with CCS,GWh,PA,2030,0.0
Non-fossil end-use fuels (including biofuels),"Biofuels, synthesized fuels and hydrogen production by technology",Energy,Fuel production,Biomethane,Residue,Gasification with CCS,GWh,PA,2035,0.19276
Non-fossil end-use fuels (including biofuels),"Biofuels, synthesized fuels and hydrogen production by technology",Energy,Fuel production,Biomethane,Residue,Gasification with CCS,GWh,PA,2040,3.60869
Non-fossil end-use fuels (including biofuels),"Biofuels, synthesized fuels and hydrogen production by technology",Energy,Fuel production,Biomethane,Residue,Gasification with CCS,GWh,PA,2045,4.95999
Non-fossil end-use fuels (including biofuels),"Biofuels, synthesized fuels and hydrogen production by technology",Energy,Fuel production,Biomethane,Residue,Gasification with CCS,GWh,PA,2050,4.81647
Non-fossil end-use fuels (including biofuels),"Biofuels, synthesized fuels and hydrogen production by technology",Energy,Fuel production,Biomethane,Residue,Gasification with CCS,GWh,PB,2025,0.0
Non-fossil end-use fuels (including biofuels),"Biofuels, synthesized fuels and hydrogen production by technology",Energy,Fuel production,Biomethane,Residue,Gasification with CCS,GWh,PB,2030,0.0
Non-fossil end-use fuels (including biofuels),"Biofuels, synthesized fuels and hydrogen production by technology",Energy,Fuel production,Biomethane,Residue,Gasification with CCS,GWh,PB,2035,0.13948
Non-fossil end-use fuels (including biofuels),"Biofuels, synthesized fuels and hydrogen production by technology",Energy,Fuel production,Biomethane,Residue,Gasification with CCS,GWh,PB,2040,2.13844
Non-fossil end-use fuels (including biofuels),"Biofuels, synthesized fuels and hydrogen production by technology",Energy,Fuel production,Biomethane,Residue,Gasification with CCS,GWh,PB,2045,3.448
Non-fossil end-use fuels (including biofuels),"Biofuels, synthesized fuels and hydrogen production by technology",Energy,Fuel production,Biomethane,Residue,Gasification with CCS,GWh,PB,2050,3.25948
Non-fossil end-use fuels (including biofuels),"Biofuels, synthesized fuels and hydrogen production by technology",Energy,Fuel production,Biomethane,Residue,Gasification with CCS,GWh,PE,2025,0.0
Non-fossil end-use fuels (including biofuels),"Biofuels, synthesized fuels and hydrogen production by technology",Energy,Fuel production,Biomethane,Residue,Gasification with CCS,GWh,PE,2030,0.0
Non-fossil end-use fuels (including biofuels),"Biofuels, synthesized fuels and hydrogen production by technology",Energy,Fuel production,Biomethane,Residue,Gasification with CCS,GWh,PE,2035,0.15997
Non-fossil end-use fuels (including biofuels),"Biofuels, synthesized fuels and hydrogen production by technology",Energy,Fuel production,Biomethane,Residue,Gasification with CCS,GWh,PE,2040,2.86711
Non-fossil end-use fuels (including biofuels),"Biofuels, synthesized fuels and hydrogen production by technology",Energy,Fuel production,Biomethane,Residue,Gasification with CCS,GWh,PE,2045,4.22045
Non-fossil end-use fuels (including biofuels),"Biofuels, synthesized fuels and hydrogen production by technology",Energy,Fuel production,Biomethane,Residue,Gasification with CCS,GWh,PE,2050,3.99166
Non-fossil end-use fuels (including biofuels),"Biofuels, synthesized fuels and hydrogen production by technology",Energy,Fuel production,Biomethane,Residue,Gasification with CCS,GWh,PI,2025,0.0
Non-fossil end-use fuels (including biofuels),"Biofuels, synthesized fuels and hydrogen production by technology",Energy,Fuel production,Biomethane,Residue,Gasification with CCS,GWh,PI,2030,0.0
Non-fossil end-use fuels (including biofuels),"Biofuels, synthesized fuels and hydrogen production by technology",Energy,Fuel production,Biomethane,Residue,Gasification with CCS,GWh,PI,2035,0.14213
Non-fossil end-use fuels (including biofuels),"Biofuels, synthesized fuels and hydrogen production by technology",Energy,Fuel production,Biomethane,Residue,Gasification with CCS,GWh,PI,2040,2.43761
Non-fossil end-use fuels (including biofuels),"Biofuels, synthesized fuels and hydrogen production by technology",Energy,Fuel production,Biomethane,Residue,Gasification with CCS,GWh,PI,2045,4.06885
Non-fossil end-use fuels (including biofuels),"Biofuels, synthesized fuels and hydrogen production by technology",Energy,Fuel production,Biomethane,Residue,Gasification with CCS,GWh,PI,2050,3.93302
Non-fossil end-use fuels (including biofuels),"Biofuels, synthesized fuels and hydrogen production by technology",Energy,Fuel production,Biomethane,Residue,Gasification with CCS,GWh,PR,2025,0.0
Non-fossil end-use fuels (including biofuels),"Biofuels, synthesized fuels and hydrogen production by technology",Energy,Fuel production,Biomethane,Residue,Gasification with CCS,GWh,PR,2030,0.0
Non-fossil end-use fuels (including biofuels),"Biofuels, synthesized fuels and hydrogen production by technology",Energy,Fuel production,Biomethane,Residue,Gasification with CCS,GWh,PR,2035,0.52104
Non-fossil end-use fuels (including biofuels),"Biofuels, synthesized fuels and hydrogen production by technology",Energy,Fuel production,Biomethane,Residue,Gasification with CCS,GWh,PR,2040,5.7864
Non-fossil end-use fuels (including biofuels),"Biofuels, synthesized fuels and hydrogen production by technology",Energy,Fuel production,Biomethane,Residue,Gasification with CCS,GWh,PR,2045,7.48078
Non-fossil end-use fuels (including biofuels),"Biofuels, synthesized fuels and hydrogen production by technology",Energy,Fuel production,Biomethane,Residue,Gasification with CCS,GWh,PR,2050,7.75752
Non-fossil end-use fuels (including biofuels),"Biofuels, synthesized fuels and hydrogen production by technology",Energy,Fuel production,Biomethane,Residue,Gasification with CCS,GWh,RJ,2025,0.0
Non-fossil end-use fuels (including biofuels),"Biofuels, synthesized fuels and hydrogen production by technology",Energy,Fuel production,Biomethane,Residue,Gasification with CCS,GWh,RJ,2030,0.0
Non-fossil end-use fuels (including biofuels),"Biofuels, synthesized fuels and hydrogen production by technology",Energy,Fuel production,Biomethane,Residue,Gasification with CCS,GWh,RJ,2035,0.1869
Non-fossil end-use fuels (including biofuels),"Biofuels, synthesized fuels and hydrogen production by technology",Energy,Fuel production,Biomethane,Residue,Gasification with CCS,GWh,RJ,2040,3.27901
Non-fossil end-use fuels (including biofuels),"Biofuels, synthesized fuels and hydrogen production by technology",Energy,Fuel production,Biomethane,Residue,Gasification with CCS,GWh,RJ,2045,4.54997
Non-fossil end-use fuels (including biofuels),"Biofuels, synthesized fuels and hydrogen production by technology",Energy,Fuel production,Biomethane,Residue,Gasification with CCS,GWh,RJ,2050,4.43084
Non-fossil end-use fuels (including biofuels),"Biofuels, synthesized fuels and hydrogen production by technology",Energy,Fuel production,Biomethane,Residue,Gasification with CCS,GWh,RN,2025,0.0
Non-fossil end-use fuels (including biofuels),"Biofuels, synthesized fuels and hydrogen production by technology",Energy,Fuel production,Biomethane,Residue,Gasification with CCS,GWh,RN,2030,0.0
Non-fossil end-use fuels (including biofuels),"Biofuels, synthesized fuels and hydrogen production by technology",Energy,Fuel production,Biomethane,Residue,Gasification with CCS,GWh,RN,2035,0.15697
Non-fossil end-use fuels (including biofuels),"Biofuels, synthesized fuels and hydrogen production by technology",Energy,Fuel production,Biomethane,Residue,Gasification with CCS,GWh,RN,2040,2.48288
Non-fossil end-use fuels (including biofuels),"Biofuels, synthesized fuels and hydrogen production by technology",Energy,Fuel production,Biomethane,Residue,Gasification with CCS,GWh,RN,2045,3.80441
Non-fossil end-use fuels (including biofuels),"Biofuels, synthesized fuels and hydrogen production by technology",Energy,Fuel production,Biomethane,Residue,Gasification with CCS,GWh,RN,2050,3.69156
Non-fossil end-use fuels (including biofuels),"Biofuels, synthesized fuels and hydrogen production by technology",Energy,Fuel production,Biomethane,Residue,Gasification with CCS,GWh,RO,2025,0.0
Non-fossil end-use fuels (including biofuels),"Biofuels, synthesized fuels and hydrogen production by technology",Energy,Fuel production,Biomethane,Residue,Gasification with CCS,GWh,RO,2030,0.0
Non-fossil end-use fuels (including biofuels),"Biofuels, synthesized fuels and hydrogen production by technology",Energy,Fuel production,Biomethane,Residue,Gasification with CCS,GWh,RO,2035,0.19459
Non-fossil end-use fuels (including biofuels),"Biofuels, synthesized fuels and hydrogen production by technology",Energy,Fuel production,Biomethane,Residue,Gasification with CCS,GWh,RO,2040,3.60799
Non-fossil end-use fuels (including biofuels),"Biofuels, synthesized fuels and hydrogen production by technology",Energy,Fuel production,Biomethane,Residue,Gasification with CCS,GWh,RO,2045,4.97358
Non-fossil end-use fuels (including biofuels),"Biofuels, synthesized fuels and hydrogen production by technology",Energy,Fuel production,Biomethane,Residue,Gasification with CCS,GWh,RO,2050,4.84848
Non-fossil end-use fuels (including biofuels),"Biofuels, synthesized fuels and hydrogen production by technology",Energy,Fuel production,Biomethane,Residue,Gasification with CCS,GWh,RR,2025,0.0
Non-fossil end-use fuels (including biofuels),"Biofuels, synthesized fuels and hydrogen production by technology",Energy,Fuel production,Biomethane,Residue,Gasification with CCS,GWh,RR,2030,0.0
Non-fossil end-use fuels (including biofuels),"Biofuels, synthesized fuels and hydrogen production by technology",Energy,Fuel production,Biomethane,Residue,Gasification with CCS,GWh,RR,2035,0.10929
Non-fossil end-use fuels (including biofuels),"Biofuels, synthesized fuels and hydrogen production by technology",Energy,Fuel production,Biomethane,Residue,Gasification with CCS,GWh,RR,2040,1.56305
Non-fossil end-use fuels (including biofuels),"Biofuels, synthesized fuels and hydrogen production by technology",Energy,Fuel production,Biomethane,Residue,Gasification with CCS,GWh,RR,2045,2.89697
Non-fossil end-use fuels (including biofuels),"Biofuels, synthesized fuels and hydrogen production by technology",Energy,Fuel production,Biomethane,Residue,Gasification with CCS,GWh,RR,2050,2.77642
Non-fossil end-use fuels (including biofuels),"Biofuels, synthesized fuels and hydrogen production by technology",Energy,Fuel production,Biomethane,Residue,Gasification with CCS,GWh,RS,2025,0.0
Non-fossil end-use fuels (including biofuels),"Biofuels, synthesized fuels and hydrogen production by technology",Energy,Fuel production,Biomethane,Residue,Gasification with CCS,GWh,RS,2030,0.0
Non-fossil end-use fuels (including biofuels),"Biofuels, synthesized fuels and hydrogen production by technology",Energy,Fuel production,Biomethane,Residue,Gasification with CCS,GWh,RS,2035,0.39966
Non-fossil end-use fuels (including biofuels),"Biofuels, synthesized fuels and hydrogen production by technology",Energy,Fuel production,Biomethane,Residue,Gasification with CCS,GWh,RS,2040,4.34164
Non-fossil end-use fuels (including biofuels),"Biofuels, synthesized fuels and hydrogen production by technology",Energy,Fuel production,Biomethane,Residue,Gasification with CCS,GWh,RS,2045,6.03639
Non-fossil end-use fuels (including biofuels),"Biofuels, synthesized fuels and hydrogen production by technology",Energy,Fuel production,Biomethane,Residue,Gasification with CCS,GWh,RS,2050,5.98421
Non-fossil end-use fuels (including biofuels),"Biofuels, synthesized fuels and hydrogen production by technology",Energy,Fuel production,Biomethane,Residue,Gasification with CCS,GWh,SC,2025,0.0
Non-fossil end-use fuels (including biofuels),"Biofuels, synthesized fuels and hydrogen production by technology",Energy,Fuel production,Biomethane,Residue,Gasification with CCS,GWh,SC,2030,0.0
Non-fossil end-use fuels (including biofuels),"Biofuels, synthesized fuels and hydrogen production by technology",Energy,Fuel production,Biomethane,Residue,Gasification with CCS,GWh,SC,2035,0.28564
Non-fossil end-use fuels (including biofuels),"Biofuels, synthesized fuels and hydrogen production by technology",Energy,Fuel production,Biomethane,Residue,Gasification with CCS,GWh,SC,2040,4.31658
Non-fossil end-use fuels (including biofuels),"Biofuels, synthesized fuels and hydrogen production by technology",Energy,Fuel production,Biomethane,Residue,Gasification with CCS,GWh,SC,2045,5.99374
Non-fossil end-use fuels (including biofuels),"Biofuels, synthesized fuels and hydrogen production by technology",Energy,Fuel production,Biomethane,Residue,Gasification with CCS,GWh,SC,2050,5.91757
Non-fossil end-use fuels (including biofuels),"Biofuels, synthesized fuels and hydrogen production by technology",Energy,Fuel production,Biomethane,Residue,Gasification with CCS,GWh,SE,2025,0.0
Non-fossil end-use fuels (including biofuels),"Biofuels, synthesized fuels and hydrogen production by technology",Energy,Fuel production,Biomethane,Residue,Gasification with CCS,GWh,SE,2030,0.0
Non-fossil end-use fuels (including biofuels),"Biofuels, synthesized fuels and hydrogen production by technology",Energy,Fuel production,Biomethane,Residue,Gasification with CCS,GWh,SE,2035,0.15667
Non-fossil end-use fuels (including biofuels),"Biofuels, synthesized fuels and hydrogen production by technology",Energy,Fuel production,Biomethane,Residue,Gasification with CCS,GWh,SE,2040,3.17874
Non-fossil end-use fuels (including biofuels),"Biofuels, synthesized fuels and hydrogen production by technology",Energy,Fuel production,Biomethane,Residue,Gasification with CCS,GWh,SE,2045,4.54433
Non-fossil end-use fuels (including biofuels),"Biofuels, synthesized fuels and hydrogen production by technology",Energy,Fuel production,Biomethane,Residue,Gasification with CCS,GWh,SE,2050,4.43321
Non-fossil end-use fuels (including biofuels),"Biofuels, synthesized fuels and hydrogen production by technology",Energy,Fuel production,Biomethane,Residue,Gasification with CCS,GWh,SP,2025,0.0
Non-fossil end-use fuels (including biofuels),"Biofuels, synthesized fuels and hydrogen production by technology",Energy,Fuel production,Biomethane,Residue,Gasification with CCS,GWh,SP,2030,0.0
Non-fossil end-use fuels (including biofuels),"Biofuels, synthesized fuels and hydrogen production by technology",Energy,Fuel production,Biomethane,Residue,Gasification with CCS,GWh,SP,2035,0.49562
Non-fossil end-use fuels (including biofuels),"Biofuels, synthesized fuels and hydrogen production by technology",Energy,Fuel production,Biomethane,Residue,Gasification with CCS,GWh,SP,2040,7.97657
Non-fossil end-use fuels (including biofuels),"Biofuels, synthesized fuels and hydrogen production by technology",Energy,Fuel production,Biomethane,Residue,Gasification with CCS,GWh,SP,2045,9.50955
Non-fossil end-use fuels (including biofuels),"Biofuels, synthesized fuels and hydrogen production by technology",Energy,Fuel production,Biomethane,Residue,Gasification with CCS,GWh,SP,2050,9.79622
Non-fossil end-use fuels (including biofuels),"Biofuels, synthesized fuels and hydrogen production by technology",Energy,Fuel production,Biomethane,Residue,Gasification with CCS,GWh,TO,2025,0.0
Non-fossil end-use fuels (including biofuels),"Biofuels, synthesized fuels and hydrogen production by technology",Energy,Fuel production,Biomethane,Residue,Gasification with CCS,GWh,TO,2030,0.0
Non-fossil end-use fuels (including biofuels),"Biofuels, synthesized fuels and hydrogen production by technology",Energy,Fuel production,Biomethane,Residue,Gasification with CCS,GWh,TO,2035,0.39451
Non-fossil end-use fuels (including biofuels),"Biofuels, synthesized fuels and hydrogen production by technology",Energy,Fuel production,Biomethane,Residue,Gasification with CCS,GWh,TO,2040,6.79155
Non-fossil end-use fuels (including biofuels),"Biofuels, synthesized fuels and hydrogen production by technology",Energy,Fuel production,Biomethane,Residue,Gasification with CCS,GWh,TO,2045,8.14281
Non-fossil end-use fuels (including biofuels),"Biofuels, synthesized fuels and hydrogen production by technology",Energy,Fuel production,Biomethane,Residue,Gasification with CCS,GWh,TO,2050,8.028
Non-fossil end-use fuels (including biofuels),"Biofuels, synthesized fuels and hydrogen production by technology",Energy,Fuel production,Hydrogen,Electricity,Electrolysis,GWh,AC,2025,0.0
Non-fossil end-use fuels (including biofuels),"Biofuels, synthesized fuels and hydrogen production by technology",Energy,Fuel production,Hydrogen,Electricity,Electrolysis,GWh,AC,2030,1.37023
Non-fossil end-use fuels (including biofuels),"Biofuels, synthesized fuels and hydrogen production by technology",Energy,Fuel production,Hydrogen,Electricity,Electrolysis,GWh,AC,2035,1.52666
Non-fossil end-use fuels (including biofuels),"Biofuels, synthesized fuels and hydrogen production by technology",Energy,Fuel production,Hydrogen,Electricity,Electrolysis,GWh,AC,2040,15.42445
Non-fossil end-use fuels (including biofuels),"Biofuels, synthesized fuels and hydrogen production by technology",Energy,Fuel production,Hydrogen,Electricity,Electrolysis,GWh,AC,2045,1.75196
Non-fossil end-use fuels (including biofuels),"Biofuels, synthesized fuels and hydrogen production by technology",Energy,Fuel production,Hydrogen,Electricity,Electrolysis,GWh,AC,2050,1.58578
Non-fossil end-use fuels (including biofuels),"Biofuels, synthesized fuels and hydrogen production by technology",Energy,Fuel production,Hydrogen,Electricity,Electrolysis,GWh,AL,2025,0.0
Non-fossil end-use fuels (including biofuels),"Biofuels, synthesized fuels and hydrogen production by technology",Energy,Fuel production,Hydrogen,Electricity,Electrolysis,GWh,AL,2030,2.31261
Non-fossil end-use fuels (including biofuels),"Biofuels, synthesized fuels and hydrogen production by technology",Energy,Fuel production,Hydrogen,Electricity,Electrolysis,GWh,AL,2035,2.80849
Non-fossil end-use fuels (including biofuels),"Biofuels, synthesized fuels and hydrogen production by technology",Energy,Fuel production,Hydrogen,Electricity,Electrolysis,GWh,AL,2040,19.09349
Non-fossil end-use fuels (including biofuels),"Biofuels, synthesized fuels and hydrogen production by technology",Energy,Fuel production,Hydrogen,Electricity,Electrolysis,GWh,AL,2045,4.28716
Non-fossil end-use fuels (including biofuels),"Biofuels, synthesized fuels and hydrogen production by technology",Energy,Fuel production,Hydrogen,Electricity,Electrolysis,GWh,AL,2050,1.79352
Non-fossil end-use fuels (including biofuels),"Biofuels, synthesized fuels and hydrogen production by technology",Energy,Fuel production,Hydrogen,Electricity,Electrolysis,GWh,AM,2025,0.0
Non-fossil end-use fuels (including biofuels),"Biofuels, synthesized fuels and hydrogen production by technology",Energy,Fuel production,Hydrogen,Electricity,Electrolysis,GWh,AM,2030,3.22198
Non-fossil end-use fuels (including biofuels),"Biofuels, synthesized fuels and hydrogen production by technology",Energy,Fuel production,Hydrogen,Electricity,Electrolysis,GWh,AM,2035,4.58099
Non-fossil end-use fuels (including biofuels),"Biofuels, synthesized fuels and hydrogen production by technology",Energy,Fuel production,Hydrogen,Electricity,Electrolysis,GWh,AM,2040,22.38129
Non-fossil end-use fuels (including biofuels),"Biofuels, synthesized fuels and hydrogen production by technology",Energy,Fuel production,Hydrogen,Electricity,Electrolysis,GWh,AM,2045,11.06012
Non-fossil end-use fuels (including biofuels),"Biofuels, synthesized fuels and hydrogen production by technology",Energy,Fuel production,Hydrogen,Electricity,Electrolysis,GWh,AM,2050,3.58868
Non-fossil end-use fuels (including biofuels),"Biofuels, synthesized fuels and hydrogen production by technology",Energy,Fuel production,Hydrogen,Electricity,Electrolysis,GWh,AP,2025,0.0
Non-fossil end-use fuels (including biofuels),"Biofuels, synthesized fuels and hydrogen production by technology",Energy,Fuel production,Hydrogen,Electricity,Electrolysis,GWh,AP,2030,1.96898
Non-fossil end-use fuels (including biofuels),"Biofuels, synthesized fuels and hydrogen production by technology",Energy,Fuel production,Hydrogen,Electricity,Electrolysis,GWh,AP,2035,1.80729
Non-fossil end-use fuels (including biofuels),"Biofuels, synthesized fuels and hydrogen production by technology",Energy,Fuel production,Hydrogen,Electricity,Electrolysis,GWh,AP,2040,18.3822
Non-fossil end-use fuels (including biofuels),"Biofuels, synthesized fuels and hydrogen production by technology",Energy,Fuel production,Hydrogen,Electricity,Electrolysis,GWh,AP,2045,3.27708
Non-fossil end-use fuels (including biofuels),"Biofuels, synthesized fuels and hydrogen production by technology",Energy,Fuel production,Hydrogen,Electricity,Electrolysis,GWh,AP,2050,1.96127
Non-fossil end-use fuels (including biofuels),"Biofuels, synthesized fuels and hydrogen production by technology",Energy,Fuel production,Hydrogen,Electricity,Electrolysis,GWh,BA,2025,0.0
Non-fossil end-use fuels (including biofuels),"Biofuels, synthesized fuels and hydrogen production by technology",Energy,Fuel production,Hydrogen,Electricity,Electrolysis,GWh,BA,2030,4.7461
Non-fossil end-use fuels (including biofuels),"Biofuels, synthesized fuels and hydrogen production by technology",Energy,Fuel production,Hydrogen,Electricity,Electrolysis,GWh,BA,2035,4.60385
Non-fossil end-use fuels (including biofuels),"Biofuels, synthesized fuels and hydrogen production by technology",Energy,Fuel production,Hydrogen,Electricity,Electrolysis,GWh,BA,2040,17.77313
Non-fossil end-use fuels (including biofuels),"Biofuels, synthesized fuels and hydrogen production by technology",Energy,Fuel production,Hydrogen,Electricity,Electrolysis,GWh,BA,2045,4.57617
Non-fossil end-use fuels (including biofuels),"Biofuels, synthesized fuels and hydrogen production by technology",Energy,Fuel production,Hydrogen,Electricity,Electrolysis,GWh,BA,2050,1.65102
Non-fossil end-use fuels (including biofuels),"Biofuels, synthesized fuels and hydrogen production by technology",Energy,Fuel production,Hydrogen,Electricity,Electrolysis,GWh,CE,2025,0.0
Non-fossil end-use fuels (including biofuels),"Biofuels, synthesized fuels and hydrogen production by technology",Energy,Fuel production,Hydrogen,Electricity,Electrolysis,GWh,CE,2030,2.62067
Non-fossil end-use fuels (including biofuels),"Biofuels, synthesized fuels and hydrogen production by technology",Energy,Fuel production,Hydrogen,Electricity,Electrolysis,GWh,CE,2035,2.92405
Non-fossil end-use fuels (including biofuels),"Biofuels, synthesized fuels and hydrogen production by technology",Energy,Fuel production,Hydrogen,Electricity,Electrolysis,GWh,CE,2040,18.86697
Non-fossil end-use fuels (including biofuels),"Biofuels, synthesized fuels and hydrogen production by technology",Energy,Fuel production,Hydrogen,Electricity,Electrolysis,GWh,CE,2045,4.14771
Non-fossil end-use fuels (including biofuels),"Biofuels, synthesized fuels and hydrogen production by technology",Energy,Fuel production,Hydrogen,Electricity,Electrolysis,GWh,CE,2050,1.95713
Non-fossil end-use fuels (including biofuels),"Biofuels, synthesized fuels and hydrogen production by technology",Energy,Fuel production,Hydrogen,Electricity,Electrolysis,GWh,DF,2025,0.0
Non-fossil end-use fuels (including biofuels),"Biofuels, synthesized fuels and hydrogen production by technology",Energy,Fuel production,Hydrogen,Electricity,Electrolysis,GWh,DF,2030,1.43554
Non-fossil end-use fuels (including biofuels),"Biofuels, synthesized fuels and hydrogen production by technology",Energy,Fuel production,Hydrogen,Electricity,Electrolysis,GWh,DF,2035,1.60727
Non-fossil end-use fuels (including biofuels),"Biofuels, synthesized fuels and hydrogen production by technology",Energy,Fuel production,Hydrogen,Electricity,Electrolysis,GWh,DF,2040,14.30922
Non-fossil end-use fuels (including biofuels),"Biofuels, synthesized fuels and hydrogen production by technology",Energy,Fuel production,Hydrogen,Electricity,Electrolysis,GWh,DF,2045,3.67716
Non-fossil end-use fuels (including biofuels),"Biofuels, synthesized fuels and hydrogen production by technology",Energy,Fuel production,Hydrogen,Electricity,Electrolysis,GWh,DF,2050,1.42083
Non-fossil end-use fuels (including biofuels),"Biofuels, synthesized fuels and hydrogen production by technology",Energy,Fuel production,Hydrogen,Electricity,Electrolysis,GWh,ES,2025,0.0
Non-fossil end-use fuels (including biofuels),"Biofuels, synthesized fuels and hydrogen production by technology",Energy,Fuel production,Hydrogen,Electricity,Electrolysis,GWh,ES,2030,2.54441
Non-fossil end-use fuels (including biofuels),"Biofuels, synthesized fuels and hydrogen production by technology",Energy,Fuel production,Hydrogen,Electricity,Electrolysis,GWh,ES,2035,2.5331
Non-fossil end-use fuels (including biofuels),"Biofuels, synthesized fuels and hydrogen production by technology",Energy,Fuel production,Hydrogen,Electricity,Electrolysis,GWh,ES,2040,16.42849
Non-fossil end-use fuels (including biofuels),"Biofuels, synthesized fuels and hydrogen production by technology",Energy,Fuel production,Hydrogen,Electricity,Electrolysis,GWh,ES,2045,2.60417
Non-fossil end-use fuels (including biofuels),"Biofuels, synthesized fuels and hydrogen production by technology",Energy,Fuel production,Hydrogen,Electricity,Electrolysis,GWh,ES,2050,1.40861
Non-fossil end-use fuels (including biofuels),"Biofuels, synthesized fuels and hydrogen production by technology",Energy,Fuel production,Hydrogen,Electricity,Electrolysis,GWh,GO,2025,0.0
Non-fossil end-use fuels (including biofuels),"Biofuels, synthesized fuels and hydrogen production by technology",Energy,Fuel production,Hydrogen,Electricity,Electrolysis,GWh,GO,2030,3.46208
Non-fossil end-use fuels (including biofuels),"Biofuels, synthesized fuels and hydrogen production by technology",Energy,Fuel production,Hydrogen,Electricity,Electrolysis,GWh,GO,2035,3.68477
Non-fossil end-use fuels (including biofuels),"Biofuels, synthesized fuels and hydrogen production by technology",Energy,Fuel production,Hydrogen,Electricity,Electrolysis,GWh,GO,2040,17.45036
Non-fossil end-use fuels (including biofuels),"Biofuels, synthesized fuels and hydrogen production by technology",Energy,Fuel production,Hydrogen,Electricity,Electrolysis,GWh,GO,2045,2.89785
Non-fossil end-use fuels (including biofuels),"Biofuels, synthesized fuels and hydrogen production by technology",Energy,Fuel production,Hydrogen,Electricity,Electrolysis,GWh,GO,2050,1.45053
Non-fossil end-use fuels (including biofuels),"Biofuels, synthesized fuels and hydrogen production by technology",Energy,Fuel production,Hydrogen,Electricity,Electrolysis,GWh,MA,2025,0.0
Non-fossil end-use fuels (including biofuels),"Biofuels, synthesized fuels and hydrogen production by technology",Energy,Fuel production,Hydrogen,Electricity,Electrolysis,GWh,MA,2030,4.35117
Non-fossil end-use fuels (including biofuels),"Biofuels, synthesized fuels and hydrogen production by technology",Energy,Fuel production,Hydrogen,Electricity,Electrolysis,GWh,MA,2035,6.28271
Non-fossil end-use fuels (including biofuels),"Biofuels, synthesized fuels and hydrogen production by technology",Energy,Fuel production,Hydrogen,Electricity,Electrolysis,GWh,MA,2040,24.66418
Non-fossil end-use fuels (including biofuels),"Biofuels, synthesized fuels and hydrogen production by technology",Energy,Fuel production,Hydrogen,Electricity,Electrolysis,GWh,MA,2045,6.48427
Non-fossil end-use fuels (including biofuels),"Biofuels, synthesized fuels and hydrogen production by technology",Energy,Fuel production,Hydrogen,Electricity,Electrolysis,GWh,MA,2050,1.99779
Non-fossil end-use fuels (including biofuels),"Biofuels, synthesized fuels and hydrogen production by technology",Energy,Fuel production,Hydrogen,Electricity,Electrolysis,GWh,MG,2025,0.0
Non-fossil end-use fuels (including biofuels),"Biofuels, synthesized fuels and hydrogen production by technology",Energy,Fuel production,Hydrogen,Electricity,Electrolysis,GWh,MG,2030,3.75758
Non-fossil end-use fuels (including biofuels),"Biofuels, synthesized fuels and hydrogen production by technology",Energy,Fuel production,Hydrogen,Electricity,Electrolysis,GWh,MG,2035,3.50733
Non-fossil end-use fuels (including biofuels),"Biofuels, synthesized fuels and hydrogen production by technology",Energy,Fuel production,Hydrogen,Electricity,Electrolysis,GWh,MG,2040,16.31288
Non-fossil end-use fuels (including biofuels),"Biofuels, synthesized fuels and hydrogen production by technology",Energy,Fuel production,Hydrogen,Electricity,Electrolysis,GWh,MG,2045,2.84389
Non-fossil end-use fuels (including biofuels),"Biofuels, synthesized fuels and hydrogen production by technology",Energy,Fuel production,Hydrogen,Electricity,Electrolysis,GWh,MG,2050,1.37396
Non-fossil end-use fuels (including biofuels),"Biofuels, synthesized fuels and hydrogen production by technology",Energy,Fuel production,Hydrogen,Electricity,Electrolysis,GWh,MS,2025,0.0
Non-fossil end-use fuels (including biofuels),"Biofuels, synthesized fuels and hydrogen production by technology",Energy,Fuel production,Hydrogen,Electricity,Electrolysis,GWh,MS,2030,2.8082
Non-fossil end-use fuels (including biofuels),"Biofuels, synthesized fuels and hydrogen production by technology",Energy,Fuel production,Hydrogen,Electricity,Electrolysis,GWh,MS,2035,2.74747
Non-fossil end-use fuels (including biofuels),"Biofuels, synthesized fuels and hydrogen production by technology",Energy,Fuel production,Hydrogen,Electricity,Electrolysis,GWh,MS,2040,18.07439
Non-fossil end-use fuels (including biofuels),"Biofuels, synthesized fuels and hydrogen production by technology",Energy,Fuel production,Hydrogen,Electricity,Electrolysis,GWh,MS,2045,3.10049
Non-fossil end-use fuels (including biofuels),"Biofuels, synthesized fuels and hydrogen production by technology",Energy,Fuel production,Hydrogen,Electricity,Electrolysis,GWh,MS,2050,1.4866
Non-fossil end-use fuels (including biofuels),"Biofuels, synthesized fuels and hydrogen production by technology",Energy,Fuel production,Hydrogen,Electricity,Electrolysis,GWh,MT,2025,0.0
Non-fossil end-use fuels (including biofuels),"Biofuels, synthesized fuels and hydrogen production by technology",Energy,Fuel production,Hydrogen,Electricity,Electrolysis,GWh,MT,2030,3.08366
Non-fossil end-use fuels (including biofuels),"Biofuels, synthesized fuels and hydrogen production by technology",Energy,Fuel production,Hydrogen,Electricity,Electrolysis,GWh,MT,2035,4.56957
Non-fossil end-use fuels (including biofuels),"Biofuels, synthesized fuels and hydrogen production by technology",Energy,Fuel production,Hydrogen,Electricity,Electrolysis,GWh,MT,2040,16.67099
Non-fossil end-use fuels (including biofuels),"Biofuels, synthesized fuels and hydrogen production by technology",Energy,Fuel production,Hydrogen,Electricity,Electrolysis,GWh,MT,2045,2.6514
Non-fossil end-use fuels (including biofuels),"Biofuels, synthesized fuels and hydrogen production by technology",Energy,Fuel production,Hydrogen,Electricity,Electrolysis,GWh,MT,2050,1.57749
Non-fossil end-use fuels (including biofuels),"Biofuels, synthesized fuels and hydrogen production by technology",Energy,Fuel production,Hydrogen,Electricity,Electrolysis,GWh,PA,2025,0.0
Non-fossil end-use fuels (including biofuels),"Biofuels, synthesized fuels and hydrogen production by technology",Energy,Fuel production,Hydrogen,Electricity,Electrolysis,GWh,PA,2030,3.02705
Non-fossil end-use fuels (including biofuels),"Biofuels, synthesized fuels and hydrogen production by technology",Energy,Fuel production,Hydrogen,Electricity,Electrolysis,GWh,PA,2035,3.96772
Non-fossil end-use fuels (including biofuels),"Biofuels, synthesized fuels and hydrogen production by technology",Energy,Fuel production,Hydrogen,Electricity,Electrolysis,GWh,PA,2040,20.55492
Non-fossil end-use fuels (including biofuels),"Biofuels, synthesized fuels and hydrogen production by technology",Energy,Fuel production,Hydrogen,Electricity,Electrolysis,GWh,PA,2045,3.88643
Non-fossil end-use fuels (including biofuels),"Biofuels, synthesized fuels and hydrogen production by technology",Energy,Fuel production,Hydrogen,Electricity,Electrolysis,GWh,PA,2050,1.75794
Non-fossil end-use fuels (including biofuels),"Biofuels, synthesized fuels and hydrogen production by technology",Energy,Fuel production,Hydrogen,Electricity,Electrolysis,GWh,PB,2025,0.0
Non-fossil end-use fuels (including biofuels),"Biofuels, synthesized fuels and hydrogen production by technology",Energy,Fuel production,Hydrogen,Electricity,Electrolysis,GWh,PB,2030,2.14048
Non-fossil end-use fuels (including biofuels),"Biofuels, synthesized fuels and hydrogen production by technology",Energy,Fuel production,Hydrogen,Electricity,Electrolysis,GWh,PB,2035,2.44292
Non-fossil end-use fuels (including biofuels),"Biofuels, synthesized fuels and hydrogen production by technology",Energy,Fuel production,Hydrogen,Electricity,Electrolysis,GWh,PB,2040,17.3279
Non-fossil end-use fuels (including biofuels),"Biofuels, synthesized fuels and hydrogen production by technology",Energy,Fuel production,Hydrogen,Electricity,Electrolysis,GWh,PB,2045,2.57245
Non-fossil end-use fuels (including biofuels),"Biofuels, synthesized fuels and hydrogen production by technology",Energy,Fuel production,Hydrogen,Electricity,Electrolysis,GWh,PB,2050,1.90195
Non-fossil end-use fuels (including biofuels),"Biofuels, synthesized fuels and hydrogen production by technology",Energy,Fuel production,Hydrogen,Electricity,Electrolysis,GWh,PE,2025,0.0
Non-fossil end-use fuels (including biofuels),"Biofuels, synthesized fuels and hydrogen production by technology",Energy,Fuel production,Hydrogen,Electricity,Electrolysis,GWh,PE,2030,4.29964
Non-fossil end-use fuels (including biofuels),"Biofuels, synthesized fuels and hydrogen production by technology",Energy,Fuel production,Hydrogen,Electricity,Electrolysis,GWh,PE,2035,8.54871
Non-fossil end-use fuels (including biofuels),"Biofuels, synthesized fuels and hydrogen production by technology",Energy,Fuel production,Hydrogen,Electricity,Electrolysis,GWh,PE,2040,24.28305
Non-fossil end-use fuels (including biofuels),"Biofuels, synthesized fuels and hydrogen production by technology",Energy,Fuel production,Hydrogen,Electricity,Electrolysis,GWh,PE,2045,6.29238
Non-fossil end-use fuels (including biofuels),"Biofuels, synthesized fuels and hydrogen production by technology",Energy,Fuel production,Hydrogen,Electricity,Electrolysis,GWh,PE,2050,2.83336
Non-fossil end-use fuels (including biofuels),"Biofuels, synthesized fuels and hydrogen production by technology",Energy,Fuel production,Hydrogen,Electricity,Electrolysis,GWh,PI,2025,0.0
Non-fossil end-use fuels (including biofuels),"Biofuels, synthesized fuels and hydrogen production by technology",Energy,Fuel production,Hydrogen,Electricity,Electrolysis,GWh,PI,2030,2.18674
Non-fossil end-use fuels (including biofuels),"Biofuels, synthesized fuels and hydrogen production by technology",Energy,Fuel production,Hydrogen,Electricity,Electrolysis,GWh,PI,2035,3.08397
Non-fossil end-use fuels (including biofuels),"Biofuels, synthesized fuels and hydrogen production by technology",Energy,Fuel production,Hydrogen,Electricity,Electrolysis,GWh,PI,2040,23.25953
Non-fossil end-use fuels (including biofuels),"Biofuels, synthesized fuels and hydrogen production by technology",Energy,Fuel production,Hydrogen,Electricity,Electrolysis,GWh,PI,2045,14.48073
Non-fossil end-use fuels (including biofuels),"Biofuels, synthesized fuels and hydrogen production by technology",Energy,Fuel production,Hydrogen,Electricity,Electrolysis,GWh,PI,2050,2.49097
Non-fossil end-use fuels (including biofuels),"Biofuels, synthesized fuels and hydrogen production by technology",Energy,Fuel production,Hydrogen,Electricity,Electrolysis,GWh,PR,2025,0.0
Non-fossil end-use fuels (including biofuels),"Biofuels, synthesized fuels and hydrogen production by technology",Energy,Fuel production,Hydrogen,Electricity,Electrolysis,GWh,PR,2030,3.13926
Non-fossil end-use fuels (including biofuels),"Biofuels, synthesized fuels and hydrogen production by technology",Energy,Fuel production,Hydrogen,Electricity,Electrolysis,GWh,PR,2035,2.96662
Non-fossil end-use fuels (including biofuels),"Biofuels, synthesized fuels and hydrogen production by technology",Energy,Fuel production,Hydrogen,Electricity,Electrolysis,GWh,PR,2040,16.32703
Non-fossil end-use fuels (including biofuels),"Biofuels, synthesized fuels and hydrogen production by technology",Energy,Fuel production,Hydrogen,Electricity,Electrolysis,GWh,PR,2045,2.50809
Non-fossil end-use fuels (including biofuels),"Biofuels, synthesized fuels and hydrogen production by technology",Energy,Fuel production,Hydrogen,Electricity,Electrolysis,GWh,PR,2050,1.40082
Non-fossil end-use fuels (including biofuels),"Biofuels, synthesized fuels and hydrogen production by technology",Energy,Fuel production,Hydrogen,Electricity,Electrolysis,GWh,RJ,2025,0.0
Non-fossil end-use fuels (including biofuels),"Biofuels, synthesized fuels and hydrogen production by technology",Energy,Fuel production,Hydrogen,Electricity,Electrolysis,GWh,RJ,2030,3.60575
Non-fossil end-use fuels (including biofuels),"Biofuels, synthesized fuels and hydrogen production by technology",Energy,Fuel production,Hydrogen,Electricity,Electrolysis,GWh,RJ,2035,4.57911
Non-fossil end-use fuels (including biofuels),"Biofuels, synthesized fuels and hydrogen production by technology",Energy,Fuel production,Hydrogen,Electricity,Electrolysis,GWh,RJ,2040,26.14951
Non-fossil end-use fuels (including biofuels),"Biofuels, synthesized fuels and hydrogen production by technology",Energy,Fuel production,Hydrogen,Electricity,Electrolysis,GWh,RJ,2045,25.03645
Non-fossil end-use fuels (including biofuels),"Biofuels, synthesized fuels and hydrogen production by technology",Energy,Fuel production,Hydrogen,Electricity,Electrolysis,GWh,RJ,2050,4.26995
Non-fossil end-use fuels (including biofuels),"Biofuels, synthesized fuels and hydrogen production by technology",Energy,Fuel production,Hydrogen,Electricity,Electrolysis,GWh,RN,2025,0.0
Non-fossil end-use fuels (including biofuels),"Biofuels, synthesized fuels and hydrogen production by technology",Energy,Fuel production,Hydrogen,Electricity,Electrolysis,GWh,RN,2030,1.767
Non-fossil end-use fuels (including biofuels),"Biofuels, synthesized fuels and hydrogen production by technology",Energy,Fuel production,Hydrogen,Electricity,Electrolysis,GWh,RN,2035,2.0141
Non-fossil end-use fuels (including biofuels),"Biofuels, synthesized fuels and hydrogen production by technology",Energy,Fuel production,Hydrogen,Electricity,Electrolysis,GWh,RN,2040,17.93578
Non-fossil end-use fuels (including biofuels),"Biofuels, synthesized fuels and hydrogen production by technology",Energy,Fuel production,Hydrogen,Electricity,Electrolysis,GWh,RN,2045,2.83003
Non-fossil end-use fuels (including biofuels),"Biofuels, synthesized fuels and hydrogen production by technology",Energy,Fuel production,Hydrogen,Electricity,Electrolysis,GWh,RN,2050,1.88318
Non-fossil end-use fuels (including biofuels),"Biofuels, synthesized fuels and hydrogen production by technology",Energy,Fuel production,Hydrogen,Electricity,Electrolysis,GWh,RO,2025,0.0
Non-fossil end-use fuels (including biofuels),"Biofuels, synthesized fuels and hydrogen production by technology",Energy,Fuel production,Hydrogen,Electricity,Electrolysis,GWh,RO,2030,1.25547
Non-fossil end-use fuels (including biofuels),"Biofuels, synthesized fuels and hydrogen production by technology",Energy,Fuel production,Hydrogen,Electricity,Electrolysis,GWh,RO,2035,1.44296
Non-fossil end-use fuels (including biofuels),"Biofuels, synthesized fuels and hydrogen production by technology",Energy,Fuel production,Hydrogen,Electricity,Electrolysis,GWh,RO,2040,14.94796
Non-fossil end-use fuels (including biofuels),"Biofuels, synthesized fuels and hydrogen production by technology",Energy,Fuel production,Hydrogen,Electricity,Electrolysis,GWh,RO,2045,1.93406
Non-fossil end-use fuels (including biofuels),"Biofuels, synthesized fuels and hydrogen production by technology",Energy,Fuel production,Hydrogen,Electricity,Electrolysis,GWh,RO,2050,1.54783
Non-fossil end-use fuels (including biofuels),"Biofuels, synthesized fuels and hydrogen production by technology",Energy,Fuel production,Hydrogen,Electricity,Electrolysis,GWh,RR,2025,0.0
Non-fossil end-use fuels (including biofuels),"Biofuels, synthesized fuels and hydrogen production by technology",Energy,Fuel production,Hydrogen,Electricity,Electrolysis,GWh,RR,2030,1.6228
Non-fossil end-use fuels (including biofuels),"Biofuels, synthesized fuels and hydrogen production by technology",Energy,Fuel production,Hydrogen,Electricity,Electrolysis,GWh,RR,2035,2.12812
Non-fossil end-use fuels (including biofuels),"Biofuels, synthesized fuels and hydrogen production by technology",Energy,Fuel production,Hydrogen,Electricity,Electrolysis,GWh,RR,2040,18.0938
Non-fossil end-use fuels (including biofuels),"Biofuels, synthesized fuels and hydrogen production by technology",Energy,Fuel production,Hydrogen,Electricity,Electrolysis,GWh,RR,2045,2.42722
Non-fossil end-use fuels (including biofuels),"Biofuels, synthesized fuels and hydrogen production by technology",Energy,Fuel production,Hydrogen,Electricity,Electrolysis,GWh,RR,2050,1.56194
Non-fossil end-use fuels (including biofuels),"Biofuels, synthesized fuels and hydrogen production by technology",Energy,Fuel production,Hydrogen,Electricity,Electrolysis,GWh,RS,2025,0.0
Non-fossil end-use fuels (including biofuels),"Biofuels, synthesized fuels and hydrogen production by technology",Energy,Fuel production,Hydrogen,Electricity,Electrolysis,GWh,RS,2030,3.46482
Non-fossil end-use fuels (including biofuels),"Biofuels, synthesized fuels and hydrogen production by technology",Energy,Fuel production,Hydrogen,Electricity,Electrolysis,GWh,RS,2035,3.53817
Non-fossil end-use fuels (including biofuels),"Biofuels, synthesized fuels and hydrogen production by technology",Energy,Fuel production,Hydrogen,Electricity,Electrolysis,GWh,RS,2040,18.41386
Non-fossil end-use fuels (including biofuels),"Biofuels, synthesized fuels and hydrogen production by technology",Energy,Fuel production,Hydrogen,Electricity,Electrolysis,GWh,RS,2045,2.91552
Non-fossil end-use fuels (including biofuels),"Biofuels, synthesized fuels and hydrogen production by technology",Energy,Fuel production,Hydrogen,Electricity,Electrolysis,GWh,RS,2050,1.65913
Non-fossil end-use fuels (including biofuels),"Biofuels, synthesized fuels and hydrogen production by technology",Energy,Fuel production,Hydrogen,Electricity,Electrolysis,GWh,SC,2025,0.0
Non-fossil end-use fuels (including biofuels),"Biofuels, synthesized fuels and hydrogen production by technology",Energy,Fuel production,Hydrogen,Electricity,Electrolysis,GWh,SC,2030,4.79096
Non-fossil end-use fuels (including biofuels),"Biofuels, synthesized fuels and hydrogen production by technology",Energy,Fuel production,Hydrogen,Electricity,Electrolysis,GWh,SC,2035,10.41996
Non-fossil end-use fuels (including biofuels),"Biofuels, synthesized fuels and hydrogen production by technology",Energy,Fuel production,Hydrogen,Electricity,Electrolysis,GWh,SC,2040,23.97385
Non-fossil end-use fuels (including biofuels),"Biofuels, synthesized fuels and hydrogen production by technology",Energy,Fuel production,Hydrogen,Electricity,Electrolysis,GWh,SC,2045,8.7161
Non-fossil end-use fuels (including biofuels),"Biofuels, synthesized fuels and hydrogen production by technology",Energy,Fuel production,Hydrogen,Electricity,Electrolysis,GWh,SC,2050,2.0734
Non-fossil end-use fuels (including biofuels),"Biofuels, synthesized fuels and hydrogen production by technology",Energy,Fuel production,Hydrogen,Electricity,Electrolysis,GWh,SE,2025,0.0
Non-fossil end-use fuels (including biofuels),"Biofuels, synthesized fuels and hydrogen production by technology",Energy,Fuel production,Hydrogen,Electricity,Electrolysis,GWh,SE,2030,2.49636
Non-fossil end-use fuels (including biofuels),"Biofuels, synthesized fuels and hydrogen production by technology",Energy,Fuel production,Hydrogen,Electricity,Electrolysis,GWh,SE,2035,2.8729
Non-fossil end-use fuels (including biofuels),"Biofuels, synthesized fuels and hydrogen production by technology",Energy,Fuel production,Hydrogen,Electricity,Electrolysis,GWh,SE,2040,17.48345
Non-fossil end-use fuels (including biofuels),"Biofuels, synthesized fuels and hydrogen production by technology",Energy,Fuel production,Hydrogen,Electricity,Electrolysis,GWh,SE,2045,2.65402
Non-fossil end-use fuels (including biofuels),"Biofuels, synthesized fuels and hydrogen production by technology",Energy,Fuel production,Hydrogen,Electricity,Electrolysis,GWh,SE,2050,1.6602
Non-fossil end-use fuels (including biofuels),"Biofuels, synthesized fuels and hydrogen production by technology",Energy,Fuel production,Hydrogen,Electricity,Electrolysis,GWh,SP,2025,0.0
Non-fossil end-use fuels (including biofuels),"Biofuels, synthesized fuels and hydrogen production by technology",Energy,Fuel production,Hydrogen,Electricity,Electrolysis,GWh,SP,2030,3.64522
Non-fossil end-use fuels (including biofuels),"Biofuels, synthesized fuels and hydrogen production by technology",Energy,Fuel production,Hydrogen,Electricity,Electrolysis,GWh,SP,2035,3.66906
Non-fossil end-use fuels (including biofuels),"Biofuels, synthesized fuels and hydrogen production by technology",Energy,Fuel production,Hydrogen,Electricity,Electrolysis,GWh,SP,2040,15.58971
Non-fossil end-use fuels (including biofuels),"Biofuels, synthesized fuels and hydrogen production by technology",Energy,Fuel production,Hydrogen,Electricity,Electrolysis,GWh,SP,2045,1.92458
Non-fossil end-use fuels (including biofuels),"Biofuels, synthesized fuels and hydrogen production by technology",Energy,Fuel production,Hydrogen,Electricity,Electrolysis,GWh,SP,2050,1.3186
Non-fossil end-use fuels (including biofuels),"Biofuels, synthesized fuels and hydrogen production by technology",Energy,Fuel production,Hydrogen,Electricity,Electrolysis,GWh,TO,2025,0.0
Non-fossil end-use fuels (including biofuels),"Biofuels, synthesized fuels and hydrogen production by technology",Energy,Fuel production,Hydrogen,Electricity,Electrolysis,GWh,TO,2030,2.19611
Non-fossil end-use fuels (including biofuels),"Biofuels, synthesized fuels and hydrogen production by technology",Energy,Fuel production,Hydrogen,Electricity,Electrolysis,GWh,TO,2035,2.67265
Non-fossil end-use fuels (including biofuels),"Biofuels, synthesized fuels and hydrogen production by technology",Energy,Fuel production,Hydrogen,Electricity,Electrolysis,GWh,TO,2040,22.80445
Non-fossil end-use fuels (including biofuels),"Biofuels, synthesized fuels and hydrogen production by technology",Energy,Fuel production,Hydrogen,Electricity,Electrolysis,GWh,TO,2045,6.91264
Non-fossil end-use fuels (including biofuels),"Biofuels, synthesized fuels and hydrogen production by technology",Energy,Fuel production,Hydrogen,Electricity,Electrolysis,GWh,TO,2050,2.00793
Non-fossil end-use fuels (including biofuels),"Biofuels, synthesized fuels and hydrogen production by technology",Energy,Fuel production,Hydrogen,Natural gas,Steam methane reforming,GWh,AC,2025,63.6721
Non-fossil end-use fuels (including biofuels),"Biofuels, synthesized fuels and hydrogen production by technology",Energy,Fuel production,Hydrogen,Natural gas,Steam methane reforming,GWh,AC,2030,10.29419
Non-fossil end-use fuels (including biofuels),"Biofuels, synthesized fuels and hydrogen production by technology",Energy,Fuel production,Hydrogen,Natural gas,Steam methane reforming,GWh,AC,2035,4.64106
Non-fossil end-use fuels (including biofuels),"Biofuels, synthesized fuels and hydrogen production by technology",Energy,Fuel production,Hydrogen,Natural gas,Steam methane reforming,GWh,AC,2040,44.1257
Non-fossil end-use fuels (including biofuels),"Biofuels, synthesized fuels and hydrogen production by technology",Energy,Fuel production,Hydrogen,Natural gas,Steam methane reforming,GWh,AC,2045,3.88979
Non-fossil end-use fuels (including biofuels),"Biofuels, synthesized fuels and hydrogen production by technology",Energy,Fuel production,Hydrogen,Natural gas,Steam methane reforming,GWh,AC,2050,4.65789
Non-fossil end-use fuels (including biofuels),"Biofuels, synthesized fuels and hydrogen production by technology",Energy,Fuel production,Hydrogen,Natural gas,Steam methane reforming,GWh,AL,2025,73.43482
Non-fossil end-use fuels (including biofuels),"Biofuels, synthesized fuels and hydrogen production by technology",Energy,Fuel production,Hydrogen,Natural gas,Steam methane reforming,GWh,AL,2030,24.32741
Non-fossil end-use fuels (including biofuels),"Biofuels, synthesized fuels and hydrogen production by technology",Energy,Fuel production,Hydrogen,Natural gas,Steam methane reforming,GWh,AL,2035,21.0758
Non-fossil end-use fuels (including biofuels),"Biofuels, synthesized fuels and hydrogen production by technology",Energy,Fuel production,Hydrogen,Natural gas,Steam methane reforming,GWh,AL,2040,54.06759
Non-fossil end-use fuels (including biofuels),"Biofuels, synthesized fuels and hydrogen production by technology",Energy,Fuel production,Hydrogen,Natural gas,Steam methane reforming,GWh,AL,2045,7.02071
Non-fossil end-use fuels (including biofuels),"Biofuels, synthesized fuels and hydrogen production by technology",Energy,Fuel production,Hydrogen,Natural gas,Steam methane reforming,GWh,AL,2050,7.5856
Non-fossil end-use fuels (including biofuels),"Biofuels, synthesized fuels and hydrogen production by technology",Energy,Fuel production,Hydrogen,Natural gas,Steam methane reforming,GWh,AM,2025,104.56959
Non-fossil end-use fuels (including biofuels),"Biofuels, synthesized fuels and hydrogen production by technology",Energy,Fuel production,Hydrogen,Natural gas,Steam methane reforming,GWh,AM,2030,60.54069
Non-fossil end-use fuels (including biofuels),"Biofuels, synthesized fuels and hydrogen production by technology",Energy,Fuel production,Hydrogen,Natural gas,Steam methane reforming,GWh,AM,2035,54.75553
Non-fossil end-use fuels (including biofuels),"Biofuels, synthesized fuels and hydrogen production by technology",Energy,Fuel production,Hydrogen,Natural gas,Steam methane reforming,GWh,AM,2040,65.8483
Non-fossil end-use fuels (including biofuels),"Biofuels, synthesized fuels and hydrogen production by technology",Energy,Fuel production,Hydrogen,Natural gas,Steam methane reforming,GWh,AM,2045,27.65221
Non-fossil end-use fuels (including biofuels),"Biofuels, synthesized fuels and hydrogen production by technology",Energy,Fuel production,Hydrogen,Natural gas,Steam methane reforming,GWh,AM,2050,30.09145
Non-fossil end-use fuels (including biofuels),"Biofuels, synthesized fuels and hydrogen production by technology",Energy,Fuel production,Hydrogen,Natural gas,Steam methane reforming,GWh,AP,2025,59.68248
Non-fossil end-use fuels (including biofuels),"Biofuels, synthesized fuels and hydrogen production by technology",Energy,Fuel production,Hydrogen,Natural gas,Steam methane reforming,GWh,AP,2030,8.90952
Non-fossil end-use fuels (including biofuels),"Biofuels, synthesized fuels and hydrogen production by technology",Energy,Fuel production,Hydrogen,Natural gas,Steam methane reforming,GWh,AP,2035,5.8903
Non-fossil end-use fuels (including biofuels),"Biofuels, synthesized fuels and hydrogen production by technology",Energy,Fuel production,Hydrogen,Natural gas,Steam methane reforming,GWh,AP,2040,42.41851
Non-fossil end-use fuels (including biofuels),"Biofuels, synthesized fuels and hydrogen production by technology",Energy,Fuel production,Hydrogen,Natural gas,Steam methane reforming,GWh,AP,2045,4.76632
Non-fossil end-use fuels (including biofuels),"Biofuels, synthesized fuels and hydrogen production by technology",Energy,Fuel production,Hydrogen,Natural gas,Steam methane reforming,GWh,AP,2050,7.27
Non-fossil end-use fuels (including biofuels),"Biofuels, synthesized fuels and hydrogen production by technology",Energy,Fuel production,Hydrogen,Natural gas,Steam methane reforming,GWh,BA,2025,404.03076
Non-fossil end-use fuels (including biofuels),"Biofuels, synthesized fuels and hydrogen production by technology",Energy,Fuel production,Hydrogen,Natural gas,Steam methane reforming,GWh,BA,2030,377.18741
Non-fossil end-use fuels (including biofuels),"Biofuels, synthesized fuels and hydrogen production by technology",Energy,Fuel production,Hydrogen,Natural gas,Steam methane reforming,GWh,BA,2035,24.28038
Non-fossil end-use fuels (including biofuels),"Biofuels, synthesized fuels and hydrogen production by technology",Energy,Fuel production,Hydrogen,Natural gas,Steam methane reforming,GWh,BA,2040,50.52995
Non-fossil end-use fuels (including biofuels),"Biofuels, synthesized fuels and hydrogen production by technology",Energy,Fuel production,Hydrogen,Natural gas,Steam methane reforming,GWh,BA,2045,4.68332
Non-fossil end-use fuels (including biofuels),"Biofuels, synthesized fuels and hydrogen production by technology",Energy,Fuel production,Hydrogen,Natural gas,Steam methane reforming,GWh,BA,2050,5.15192
Non-fossil end-use fuels (including biofuels),"Biofuels, synthesized fuels and hydrogen production by technology",Energy,Fuel production,Hydrogen,Natural gas,Steam methane reforming,GWh,CE,2025,82.95826
Non-fossil end-use fuels (including biofuels),"Biofuels, synthesized fuels and hydrogen production by technology",Energy,Fuel production,Hydrogen,Natural gas,Steam methane reforming,GWh,CE,2030,47.31814
Non-fossil end-use fuels (including biofuels),"Biofuels, synthesized fuels and hydrogen production by technology",Energy,Fuel production,Hydrogen,Natural gas,Steam methane reforming,GWh,CE,2035,26.49955
Non-fossil end-use fuels (including biofuels),"Biofuels, synthesized fuels and hydrogen production by technology",Energy,Fuel production,Hydrogen,Natural gas,Steam methane reforming,GWh,CE,2040,58.8671
Non-fossil end-use fuels (including biofuels),"Biofuels, synthesized fuels and hydrogen production by technology",Energy,Fuel production,Hydrogen,Natural gas,Steam methane reforming,GWh,CE,2045,6.29892
Non-fossil end-use fuels (including biofuels),"Biofuels, synthesized fuels and hydrogen production by technology",Energy,Fuel production,Hydrogen,Natural gas,Steam methane reforming,GWh,CE,2050,6.57302
Non-fossil end-use fuels (including biofuels),"Biofuels, synthesized fuels and hydrogen production by technology",Energy,Fuel production,Hydrogen,Natural gas,Steam methane reforming,GWh,DF,2025,53.78406
Non-fossil end-use fuels (including biofuels),"Biofuels, synthesized fuels and hydrogen production by technology",Energy,Fuel production,Hydrogen,Natural gas,Steam methane reforming,GWh,DF,2030,13.8795
Non-fossil end-use fuels (including biofuels),"Biofuels, synthesized fuels and hydrogen production by technology",Energy,Fuel production,Hydrogen,Natural gas,Steam methane reforming,GWh,DF,2035,7.3464
Non-fossil end-use fuels (including biofuels),"Biofuels, synthesized fuels and hydrogen production by technology",Energy,Fuel production,Hydrogen,Natural gas,Steam methane reforming,GWh,DF,2040,41.58269
Non-fossil end-use fuels (including biofuels),"Biofuels, synthesized fuels and hydrogen production by technology",Energy,Fuel production,Hydrogen,Natural gas,Steam methane reforming,GWh,DF,2045,3.90147
Non-fossil end-use fuels (including biofuels),"Biofuels, synthesized fuels and hydrogen production by technology",Energy,Fuel production,Hydrogen,Natural gas,Steam methane reforming,GWh,DF,2050,3.90341
Non-fossil end-use fuels (including biofuels),"Biofuels, synthesized fuels and hydrogen production by technology",Energy,Fuel production,Hydrogen,Natural gas,Steam methane reforming,GWh,ES,2025,98.9788
Non-fossil end-use fuels (including biofuels),"Biofuels, synthesized fuels and hydrogen production by technology",Energy,Fuel production,Hydrogen,Natural gas,Steam methane reforming,GWh,ES,2030,61.81392
Non-fossil end-use fuels (including biofuels),"Biofuels, synthesized fuels and hydrogen production by technology",Energy,Fuel production,Hydrogen,Natural gas,Steam methane reforming,GWh,ES,2035,21.27151
Non-fossil end-use fuels (including biofuels),"Biofuels, synthesized fuels and hydrogen production by technology",Energy,Fuel production,Hydrogen,Natural gas,Steam methane reforming,GWh,ES,2040,50.21452
Non-fossil end-use fuels (including biofuels),"Biofuels, synthesized fuels and hydrogen production by technology",Energy,Fuel production,Hydrogen,Natural gas,Steam methane reforming,GWh,ES,2045,5.25804
Non-fossil end-use fuels (including biofuels),"Biofuels, synthesized fuels and hydrogen production by technology",Energy,Fuel production,Hydrogen,Natural gas,Steam methane reforming,GWh,ES,2050,5.75032
Non-fossil end-use fuels (including biofuels),"Biofuels, synthesized fuels and hydrogen production by technology",Energy,Fuel production,Hydrogen,Natural gas,Steam methane reforming,GWh,GO,2025,175.80326
Non-fossil end-use fuels (including biofuels),"Biofuels, synthesized fuels and hydrogen production by technology",Energy,Fuel production,Hydrogen,Natural gas,Steam methane reforming,GWh,GO,2030,142.66728
Non-fossil end-use fuels (including biofuels),"Biofuels, synthesized fuels and hydrogen production by technology",Energy,Fuel production,Hydrogen,Natural gas,Steam methane reforming,GWh,GO,2035,20.09385
Non-fossil end-use fuels (including biofuels),"Biofuels, synthesized fuels and hydrogen production by technology",Energy,Fuel production,Hydrogen,Natural gas,Steam methane reforming,GWh,GO,2040,44.2035
Non-fossil end-use fuels (including biofuels),"Biofuels, synthesized fuels and hydrogen production by technology",Energy,Fuel production,Hydrogen,Natural gas,Steam methane reforming,GWh,GO,2045,4.30602
Non-fossil end-use fuels (including biofuels),"Biofuels, synthesized fuels and hydrogen production by technology",Energy,Fuel production,Hydrogen,Natural gas,Steam methane reforming,GWh,GO,2050,3.56779
Non-fossil end-use fuels (including biofuels),"Biofuels, synthesized fuels and hydrogen production by technology",Energy,Fuel production,Hydrogen,Natural gas,Steam methane reforming,GWh,MA,2025,78.1833
Non-fossil end-use fuels (including biofuels),"Biofuels, synthesized fuels and hydrogen production by technology",Energy,Fuel production,Hydrogen,Natural gas,Steam methane reforming,GWh,MA,2030,237.42263
Non-fossil end-use fuels (including biofuels),"Biofuels, synthesized fuels and hydrogen production by technology",Energy,Fuel production,Hydrogen,Natural gas,Steam methane reforming,GWh,MA,2035,57.41936
Non-fossil end-use fuels (including biofuels),"Biofuels, synthesized fuels and hydrogen production by technology",Energy,Fuel production,Hydrogen,Natural gas,Steam methane reforming,GWh,MA,2040,82.8926
Non-fossil end-use fuels (including biofuels),"Biofuels, synthesized fuels and hydrogen production by technology",Energy,Fuel production,Hydrogen,Natural gas,Steam methane reforming,GWh,MA,2045,8.68957
Non-fossil end-use fuels (including biofuels),"Biofuels, synthesized fuels and hydrogen production by technology",Energy,Fuel production,Hydrogen,Natural gas,Steam methane reforming,GWh,MA,2050,8.36507
Non-fossil end-use fuels (including biofuels),"Biofuels, synthesized fuels and hydrogen production by technology",Energy,Fuel production,Hydrogen,Natural gas,Steam methane reforming,GWh,MG,2025,515.18443
Non-fossil end-use fuels (including biofuels),"Biofuels, synthesized fuels and hydrogen production by technology",Energy,Fuel production,Hydrogen,Natural gas,Steam methane reforming,GWh,MG,2030,487.40705
Non-fossil end-use fuels (including biofuels),"Biofuels, synthesized fuels and hydrogen production by technology",Energy,Fuel production,Hydrogen,Natural gas,Steam methane reforming,GWh,MG,2035,24.03001
Non-fossil end-use fuels (including biofuels),"Biofuels, synthesized fuels and hydrogen production by technology",Energy,Fuel production,Hydrogen,Natural gas,Steam methane reforming,GWh,MG,2040,49.14952
Non-fossil end-use fuels (including biofuels),"Biofuels, synthesized fuels and hydrogen production by technology",Energy,Fuel production,Hydrogen,Natural gas,Steam methane reforming,GWh,MG,2045,4.41273
Non-fossil end-use fuels (including biofuels),"Biofuels, synthesized fuels and hydrogen production by technology",Energy,Fuel production,Hydrogen,Natural gas,Steam methane reforming,GWh,MG,2050,4.08431
Non-fossil end-use fuels (including biofuels),"Biofuels, synthesized fuels and hydrogen production by technology",Energy,Fuel production,Hydrogen,Natural gas,Steam methane reforming,GWh,MS,2025,88.38138
Non-fossil end-use fuels (including biofuels),"Biofuels, synthesized fuels and hydrogen production by technology",Energy,Fuel production,Hydrogen,Natural gas,Steam methane reforming,GWh,MS,2030,52.3027
Non-fossil end-use fuels (including biofuels),"Biofuels, synthesized fuels and hydrogen production by technology",Energy,Fuel production,Hydrogen,Natural gas,Steam methane reforming,GWh,MS,2035,11.5029
Non-fossil end-use fuels (including biofuels),"Biofuels, synthesized fuels and hydrogen production by technology",Energy,Fuel production,Hydrogen,Natural gas,Steam methane reforming,GWh,MS,2040,40.08575
Non-fossil end-use fuels (including biofuels),"Biofuels, synthesized fuels and hydrogen production by technology",Energy,Fuel production,Hydrogen,Natural gas,Steam methane reforming,GWh,MS,2045,3.39923
Non-fossil end-use fuels (including biofuels),"Biofuels, synthesized fuels and hydrogen production by technology",Energy,Fuel production,Hydrogen,Natural gas,Steam methane reforming,GWh,MS,2050,3.63972
Non-fossil end-use fuels (including biofuels),"Biofuels, synthesized fuels and hydrogen production by technology",Energy,Fuel production,Hydrogen,Natural gas,Steam methane reforming,GWh,MT,2025,170.29614
Non-fossil end-use fuels (including biofuels),"Biofuels, synthesized fuels and hydrogen production by technology",Energy,Fuel production,Hydrogen,Natural gas,Steam methane reforming,GWh,MT,2030,138.37819
Non-fossil end-use fuels (including biofuels),"Biofuels, synthesized fuels and hydrogen production by technology",Energy,Fuel production,Hydrogen,Natural gas,Steam methane reforming,GWh,MT,2035,16.63545
Non-fossil end-use fuels (including biofuels),"Biofuels, synthesized fuels and hydrogen production by technology",Energy,Fuel production,Hydrogen,Natural gas,Steam methane reforming,GWh,MT,2040,42.17376
Non-fossil end-use fuels (including biofuels),"Biofuels, synthesized fuels and hydrogen production by technology",Energy,Fuel production,Hydrogen,Natural gas,Steam methane reforming,GWh,MT,2045,4.18428
Non-fossil end-use fuels (including biofuels),"Biofuels, synthesized fuels and hydrogen production by technology",Energy,Fuel production,Hydrogen,Natural gas,Steam methane reforming,GWh,MT,2050,4.50013
Non-fossil end-use fuels (including biofuels),"Biofuels, synthesized fuels and hydrogen production by technology",Energy,Fuel production,Hydrogen,Natural gas,Steam methane reforming,GWh,PA,2025,86.32798
Non-fossil end-use fuels (including biofuels),"Biofuels, synthesized fuels and hydrogen production by technology",Energy,Fuel production,Hydrogen,Natural gas,Steam methane reforming,GWh,PA,2030,48.86641
Non-fossil end-use fuels (including biofuels),"Biofuels, synthesized fuels and hydrogen production by technology",Energy,Fuel production,Hydrogen,Natural gas,Steam methane reforming,GWh,PA,2035,36.97583
Non-fossil end-use fuels (including biofuels),"Biofuels, synthesized fuels and hydrogen production by technology",Energy,Fuel production,Hydrogen,Natural gas,Steam methane reforming,GWh,PA,2040,51.8595
Non-fossil end-use fuels (including biofuels),"Biofuels, synthesized fuels and hydrogen production by technology",Energy,Fuel production,Hydrogen,Natural gas,Steam methane reforming,GWh,PA,2045,5.72457
Non-fossil end-use fuels (including biofuels),"Biofuels, synthesized fuels and hydrogen production by technology",Energy,Fuel production,Hydrogen,Natural gas,Steam methane reforming,GWh,PA,2050,5.9838
Non-fossil end-use fuels (including biofuels),"Biofuels, synthesized fuels and hydrogen production by technology",Energy,Fuel production,Hydrogen,Natural gas,Steam methane reforming,GWh,PB,2025,68.90326
Non-fossil end-use fuels (including biofuels),"Biofuels, synthesized fuels and hydrogen production by technology",Energy,Fuel production,Hydrogen,Natural gas,Steam methane reforming,GWh,PB,2030,20.59102
Non-fossil end-use fuels (including biofuels),"Biofuels, synthesized fuels and hydrogen production by technology",Energy,Fuel production,Hydrogen,Natural gas,Steam methane reforming,GWh,PB,2035,17.65013
Non-fossil end-use fuels (including biofuels),"Biofuels, synthesized fuels and hydrogen production by technology",Energy,Fuel production,Hydrogen,Natural gas,Steam methane reforming,GWh,PB,2040,50.6757
Non-fossil end-use fuels (including biofuels),"Biofuels, synthesized fuels and hydrogen production by technology",Energy,Fuel production,Hydrogen,Natural gas,Steam methane reforming,GWh,PB,2045,3.98825
Non-fossil end-use fuels (including biofuels),"Biofuels, synthesized fuels and hydrogen production by technology",Energy,Fuel production,Hydrogen,Natural gas,Steam methane reforming,GWh,PB,2050,6.58005
Non-fossil end-use fuels (including biofuels),"Biofuels, synthesized fuels and hydrogen production by technology",Energy,Fuel production,Hydrogen,Natural gas,Steam methane reforming,GWh,PE,2025,205.03725
Non-fossil end-use fuels (including biofuels),"Biofuels, synthesized fuels and hydrogen production by technology",Energy,Fuel production,Hydrogen,Natural gas,Steam methane reforming,GWh,PE,2030,170.75632
Non-fossil end-use fuels (including biofuels),"Biofuels, synthesized fuels and hydrogen production by technology",Energy,Fuel production,Hydrogen,Natural gas,Steam methane reforming,GWh,PE,2035,36.62064
Non-fossil end-use fuels (including biofuels),"Biofuels, synthesized fuels and hydrogen production by technology",Energy,Fuel production,Hydrogen,Natural gas,Steam methane reforming,GWh,PE,2040,55.25229
Non-fossil end-use fuels (including biofuels),"Biofuels, synthesized fuels and hydrogen production by technology",Energy,Fuel production,Hydrogen,Natural gas,Steam methane reforming,GWh,PE,2045,6.73172
Non-fossil end-use fuels (including biofuels),"Biofuels, synthesized fuels and hydrogen production by technology",Energy,Fuel production,Hydrogen,Natural gas,Steam methane reforming,GWh,PE,2050,8.47963
Non-fossil end-use fuels (including biofuels),"Biofuels, synthesized fuels and hydrogen production by technology",Energy,Fuel production,Hydrogen,Natural gas,Steam methane reforming,GWh,PI,2025,54.8612
Non-fossil end-use fuels (including biofuels),"Biofuels, synthesized fuels and hydrogen production by technology",Energy,Fuel production,Hydrogen,Natural gas,Steam methane reforming,GWh,PI,2030,15.75319
Non-fossil end-use fuels (including biofuels),"Biofuels, synthesized fuels and hydrogen production by technology",Energy,Fuel production,Hydrogen,Natural gas,Steam methane reforming,GWh,PI,2035,16.45234
Non-fossil end-use fuels (including biofuels),"Biofuels, synthesized fuels and hydrogen production by technology",Energy,Fuel production,Hydrogen,Natural gas,Steam methane reforming,GWh,PI,2040,59.88956
Non-fossil end-use fuels (including biofuels),"Biofuels, synthesized fuels and hydrogen production by technology",Energy,Fuel production,Hydrogen,Natural gas,Steam methane reforming,GWh,PI,2045,8.10414
Non-fossil end-use fuels (including biofuels),"Biofuels, synthesized fuels and hydrogen production by technology",Energy,Fuel production,Hydrogen,Natural gas,Steam methane reforming,GWh,PI,2050,9.00423
Non-fossil end-use fuels (including biofuels),"Biofuels, synthesized fuels and hydrogen production by technology",Energy,Fuel production,Hydrogen,Natural gas,Steam methane reforming,GWh,PR,2025,449.43584
Non-fossil end-use fuels (including biofuels),"Biofuels, synthesized fuels and hydrogen production by technology",Energy,Fuel production,Hydrogen,Natural gas,Steam methane reforming,GWh,PR,2030,422.64111
Non-fossil end-use fuels (including biofuels),"Biofuels, synthesized fuels and hydrogen production by technology",Energy,Fuel production,Hydrogen,Natural gas,Steam methane reforming,GWh,PR,2035,17.14558
Non-fossil end-use fuels (including biofuels),"Biofuels, synthesized fuels and hydrogen production by technology",Energy,Fuel production,Hydrogen,Natural gas,Steam methane reforming,GWh,PR,2040,42.62061
Non-fossil end-use fuels (including biofuels),"Biofuels, synthesized fuels and hydrogen production by technology",Energy,Fuel production,Hydrogen,Natural gas,Steam methane reforming,GWh,PR,2045,3.67692
Non-fossil end-use fuels (including biofuels),"Biofuels, synthesized fuels and hydrogen production by technology",Energy,Fuel production,Hydrogen,Natural gas,Steam methane reforming,GWh,PR,2050,4.17511
Non-fossil end-use fuels (including biofuels),"Biofuels, synthesized fuels and hydrogen production by technology",Energy,Fuel production,Hydrogen,Natural gas,Steam methane reforming,GWh,RJ,2025,406.85487
Non-fossil end-use fuels (including biofuels),"Biofuels, synthesized fuels and hydrogen production by technology",Energy,Fuel production,Hydrogen,Natural gas,Steam methane reforming,GWh,RJ,2030,372.10622
Non-fossil end-use fuels (including biofuels),"Biofuels, synthesized fuels and hydrogen production by technology",Energy,Fuel production,Hydrogen,Natural gas,Steam methane reforming,GWh,RJ,2035,328.28221
Non-fossil end-use fuels (including biofuels),"Biofuels, synthesized fuels and hydrogen production by technology",Energy,Fuel production,Hydrogen,Natural gas,Steam methane reforming,GWh,RJ,2040,233.17984
Non-fossil end-use fuels (including biofuels),"Biofuels, synthesized fuels and hydrogen production by technology",Energy,Fuel production,Hydrogen,Natural gas,Steam methane reforming,GWh,RJ,2045,139.3443
Non-fossil end-use fuels (including biofuels),"Biofuels, synthesized fuels and hydrogen production by technology",Energy,Fuel production,Hydrogen,Natural gas,Steam methane reforming,GWh,RJ,2050,154.67858
Non-fossil end-use fuels (including biofuels),"Biofuels, synthesized fuels and hydrogen production by technology",Energy,Fuel production,Hydrogen,Natural gas,Steam methane reforming,GWh,RN,2025,55.79035
Non-fossil end-use fuels (including biofuels),"Biofuels, synthesized fuels and hydrogen production by technology",Energy,Fuel production,Hydrogen,Natural gas,Steam methane reforming,GWh,RN,2030,8.41742
Non-fossil end-use fuels (including biofuels),"Biofuels, synthesized fuels and hydrogen production by technology",Energy,Fuel production,Hydrogen,Natural gas,Steam methane reforming,GWh,RN,2035,5.94108
Non-fossil end-use fuels (including biofuels),"Biofuels, synthesized fuels and hydrogen production by technology",Energy,Fuel production,Hydrogen,Natural gas,Steam methane reforming,GWh,RN,2040,42.03875
Non-fossil end-use fuels (including biofuels),"Biofuels, synthesized fuels and hydrogen production by technology",Energy,Fuel production,Hydrogen,Natural gas,Steam methane reforming,GWh,RN,2045,2.96972
Non-fossil end-use fuels (including biofuels),"Biofuels, synthesized fuels and hydrogen production by technology",Energy,Fuel production,Hydrogen,Natural gas,Steam methane reforming,GWh,RN,2050,4.25024
Non-fossil end-use fuels (including biofuels),"Biofuels, synthesized fuels and hydrogen production by technology",Energy,Fuel production,Hydrogen,Natural gas,Steam methane reforming,GWh,RO,2025,53.73945
Non-fossil end-use fuels (including biofuels),"Biofuels, synthesized fuels and hydrogen production by technology",Energy,Fuel production,Hydrogen,Natural gas,Steam methane reforming,GWh,RO,2030,13.35961
Non-fossil end-use fuels (including biofuels),"Biofuels, synthesized fuels and hydrogen production by technology",Energy,Fuel production,Hydrogen,Natural gas,Steam methane reforming,GWh,RO,2035,7.76674
Non-fossil end-use fuels (including biofuels),"Biofuels, synthesized fuels and hydrogen production by technology",Energy,Fuel production,Hydrogen,Natural gas,Steam methane reforming,GWh,RO,2040,42.3773
Non-fossil end-use fuels (including biofuels),"Biofuels, synthesized fuels and hydrogen production by technology",Energy,Fuel production,Hydrogen,Natural gas,Steam methane reforming,GWh,RO,2045,3.89405
Non-fossil end-use fuels (including biofuels),"Biofuels, synthesized fuels and hydrogen production by technology",Energy,Fuel production,Hydrogen,Natural gas,Steam methane reforming,GWh,RO,2050,4.29006
Non-fossil end-use fuels (including biofuels),"Biofuels, synthesized fuels and hydrogen production by technology",Energy,Fuel production,Hydrogen,Natural gas,Steam methane reforming,GWh,RR,2025,58.96986
Non-fossil end-use fuels (including biofuels),"Biofuels, synthesized fuels and hydrogen production by technology",Energy,Fuel production,Hydrogen,Natural gas,Steam methane reforming,GWh,RR,2030,8.93207
Non-fossil end-use fuels (including biofuels),"Biofuels, synthesized fuels and hydrogen production by technology",Energy,Fuel production,Hydrogen,Natural gas,Steam methane reforming,GWh,RR,2035,6.41183
Non-fossil end-use fuels (including biofuels),"Biofuels, synthesized fuels and hydrogen production by technology",Energy,Fuel production,Hydrogen,Natural gas,Steam methane reforming,GWh,RR,2040,40.00148
Non-fossil end-use fuels (including biofuels),"Biofuels, synthesized fuels and hydrogen production by technology",Energy,Fuel production,Hydrogen,Natural gas,Steam methane reforming,GWh,RR,2045,3.67743
Non-fossil end-use fuels (including biofuels),"Biofuels, synthesized fuels and hydrogen production by technology",Energy,Fuel production,Hydrogen,Natural gas,Steam methane reforming,GWh,RR,2050,4.47956
Non-fossil end-use fuels (including biofuels),"Biofuels, synthesized fuels and hydrogen production by technology",Energy,Fuel production,Hydrogen,Natural gas,Steam methane reforming,GWh,RS,2025,481.3839
Non-fossil end-use fuels (including biofuels),"Biofuels, synthesized fuels and hydrogen production by technology",Energy,Fuel production,Hydrogen,Natural gas,Steam methane reforming,GWh,RS,2030,451.96652
Non-fossil end-use fuels (including biofuels),"Biofuels, synthesized fuels and hydrogen production by technology",Energy,Fuel production,Hydrogen,Natural gas,Steam methane reforming,GWh,RS,2035,29.5299
Non-fossil end-use fuels (including biofuels),"Biofuels, synthesized fuels and hydrogen production by technology",Energy,Fuel production,Hydrogen,Natural gas,Steam methane reforming,GWh,RS,2040,46.54389
Non-fossil end-use fuels (including biofuels),"Biofuels, synthesized fuels and hydrogen production by technology",Energy,Fuel production,Hydrogen,Natural gas,Steam methane reforming,GWh,RS,2045,4.27095
Non-fossil end-use fuels (including biofuels),"Biofuels, synthesized fuels and hydrogen production by technology",Energy,Fuel production,Hydrogen,Natural gas,Steam methane reforming,GWh,RS,2050,4.61251
Non-fossil end-use fuels (including biofuels),"Biofuels, synthesized fuels and hydrogen production by technology",Energy,Fuel production,Hydrogen,Natural gas,Steam methane reforming,GWh,SC,2025,213.95081
Non-fossil end-use fuels (including biofuels),"Biofuels, synthesized fuels and hydrogen production by technology",Energy,Fuel production,Hydrogen,Natural gas,Steam methane reforming,GWh,SC,2030,181.37682
Non-fossil end-use fuels (including biofuels),"Biofuels, synthesized fuels and hydrogen production by technology",Energy,Fuel production,Hydrogen,Natural gas,Steam methane reforming,GWh,SC,2035,43.07186
Non-fossil end-use fuels (including biofuels),"Biofuels, synthesized fuels and hydrogen production by technology",Energy,Fuel production,Hydrogen,Natural gas,Steam methane reforming,GWh,SC,2040,48.57415
Non-fossil end-use fuels (including biofuels),"Biofuels, synthesized fuels and hydrogen production by technology",Energy,Fuel production,Hydrogen,Natural gas,Steam methane reforming,GWh,SC,2045,5.87416
Non-fossil end-use fuels (including biofuels),"Biofuels, synthesized fuels and hydrogen production by technology",Energy,Fuel production,Hydrogen,Natural gas,Steam methane reforming,GWh,SC,2050,4.74283
Non-fossil end-use fuels (including biofuels),"Biofuels, synthesized fuels and hydrogen production by technology",Energy,Fuel production,Hydrogen,Natural gas,Steam methane reforming,GWh,SE,2025,69.53338
Non-fossil end-use fuels (including biofuels),"Biofuels, synthesized fuels and hydrogen production by technology",Energy,Fuel production,Hydrogen,Natural gas,Steam methane reforming,GWh,SE,2030,29.91132
Non-fossil end-use fuels (including biofuels),"Biofuels, synthesized fuels and hydrogen production by technology",Energy,Fuel production,Hydrogen,Natural gas,Steam methane reforming,GWh,SE,2035,14.9245
Non-fossil end-use fuels (including biofuels),"Biofuels, synthesized fuels and hydrogen production by technology",Energy,Fuel production,Hydrogen,Natural gas,Steam methane reforming,GWh,SE,2040,45.09539
Non-fossil end-use fuels (including biofuels),"Biofuels, synthesized fuels and hydrogen production by technology",Energy,Fuel production,Hydrogen,Natural gas,Steam methane reforming,GWh,SE,2045,3.6907
Non-fossil end-use fuels (including biofuels),"Biofuels, synthesized fuels and hydrogen production by technology",Energy,Fuel production,Hydrogen,Natural gas,Steam methane reforming,GWh,SE,2050,4.76154
Non-fossil end-use fuels (including biofuels),"Biofuels, synthesized fuels and hydrogen production by technology",Energy,Fuel production,Hydrogen,Natural gas,Steam methane reforming,GWh,SP,2025,3075.62291
Non-fossil end-use fuels (including biofuels),"Biofuels, synthesized fuels and hydrogen production by technology",Energy,Fuel production,Hydrogen,Natural gas,Steam methane reforming,GWh,SP,2030,3060.62837
Non-fossil end-use fuels (including biofuels),"Biofuels, synthesized fuels and hydrogen production by technology",Energy,Fuel production,Hydrogen,Natural gas,Steam methane reforming,GWh,SP,2035,20.77678
Non-fossil end-use fuels (including biofuels),"Biofuels, synthesized fuels and hydrogen production by technology",Energy,Fuel production,Hydrogen,Natural gas,Steam methane reforming,GWh,SP,2040,47.72971
Non-fossil end-use fuels (including biofuels),"Biofuels, synthesized fuels and hydrogen production by technology",Energy,Fuel production,Hydrogen,Natural gas,Steam methane reforming,GWh,SP,2045,2.8659
Non-fossil end-use fuels (including biofuels),"Biofuels, synthesized fuels and hydrogen production by technology",Energy,Fuel production,Hydrogen,Natural gas,Steam methane reforming,GWh,SP,2050,2.99385
Non-fossil end-use fuels (including biofuels),"Biofuels, synthesized fuels and hydrogen production by technology",Energy,Fuel production,Hydrogen,Natural gas,Steam methane reforming,GWh,TO,2025,56.69944
Non-fossil end-use fuels (including biofuels),"Biofuels, synthesized fuels and hydrogen production by technology",Energy,Fuel production,Hydrogen,Natural gas,Steam methane reforming,GWh,TO,2030,17.01459
Non-fossil end-use fuels (including biofuels),"Biofuels, synthesized fuels and hydrogen production by technology",Energy,Fuel production,Hydrogen,Natural gas,Steam methane reforming,GWh,TO,2035,11.30601
Non-fossil end-use fuels (including biofuels),"Biofuels, synthesized fuels and hydrogen production by technology",Energy,Fuel production,Hydrogen,Natural gas,Steam methane reforming,GWh,TO,2040,51.0281
Non-fossil end-use fuels (including biofuels),"Biofuels, synthesized fuels and hydrogen production by technology",Energy,Fuel production,Hydrogen,Natural gas,Steam methane reforming,GWh,TO,2045,6.28919
Non-fossil end-use fuels (including biofuels),"Biofuels, synthesized fuels and hydrogen production by technology",Energy,Fuel production,Hydrogen,Natural gas,Steam methane reforming,GWh,TO,2050,6.89592
Non-fossil end-use fuels (including biofuels),"Biofuels, synthesized fuels and hydrogen production by technology",Energy,Fuel production,Hydrogen,Natural gas,Steam methane reforming with CCS,GWh,AC,2025,0.0
Non-fossil end-use fuels (including biofuels),"Biofuels, synthesized fuels and hydrogen production by technology",Energy,Fuel production,Hydrogen,Natural gas,Steam methane reforming with CCS,GWh,AC,2030,0.0
Non-fossil end-use fuels (including biofuels),"Biofuels, synthesized fuels and hydrogen production by technology",Energy,Fuel production,Hydrogen,Natural gas,Steam methane reforming with CCS,GWh,AC,2035,2.2415
Non-fossil end-use fuels (including biofuels),"Biofuels, synthesized fuels and hydrogen production by technology",Energy,Fuel production,Hydrogen,Natural gas,Steam methane reforming with CCS,GWh,AC,2040,24.1193
Non-fossil end-use fuels (including biofuels),"Biofuels, synthesized fuels and hydrogen production by technology",Energy,Fuel production,Hydrogen,Natural gas,Steam methane reforming with CCS,GWh,AC,2045,3.17115
Non-fossil end-use fuels (including biofuels),"Biofuels, synthesized fuels and hydrogen production by technology",Energy,Fuel production,Hydrogen,Natural gas,Steam methane reforming with CCS,GWh,AC,2050,3.34183
Non-fossil end-use fuels (including biofuels),"Biofuels, synthesized fuels and hydrogen production by technology",Energy,Fuel production,Hydrogen,Natural gas,Steam methane reforming with CCS,GWh,AL,2025,0.0
Non-fossil end-use fuels (including biofuels),"Biofuels, synthesized fuels and hydrogen production by technology",Energy,Fuel production,Hydrogen,Natural gas,Steam methane reforming with CCS,GWh,AL,2030,0.0
Non-fossil end-use fuels (including biofuels),"Biofuels, synthesized fuels and hydrogen production by technology",Energy,Fuel production,Hydrogen,Natural gas,Steam methane reforming with CCS,GWh,AL,2035,0.76148
Non-fossil end-use fuels (including biofuels),"Biofuels, synthesized fuels and hydrogen production by technology",Energy,Fuel production,Hydrogen,Natural gas,Steam methane reforming with CCS,GWh,AL,2040,8.5133
Non-fossil end-use fuels (including biofuels),"Biofuels, synthesized fuels and hydrogen production by technology",Energy,Fuel production,Hydrogen,Natural gas,Steam methane reforming with CCS,GWh,AL,2045,1.5581
Non-fossil end-use fuels (including biofuels),"Biofuels, synthesized fuels and hydrogen production by technology",Energy,Fuel production,Hydrogen,Natural gas,Steam methane reforming with CCS,GWh,AL,2050,1.6374
Non-fossil end-use fuels (including biofuels),"Biofuels, synthesized fuels and hydrogen production by technology",Energy,Fuel production,Hydrogen,Natural gas,Steam methane reforming with CCS,GWh,AM,2025,0.0
Non-fossil end-use fuels (including biofuels),"Biofuels, synthesized fuels and hydrogen production by technology",Energy,Fuel production,Hydrogen,Natural gas,Steam methane reforming with CCS,GWh,AM,2030,0.0
Non-fossil end-use fuels (including biofuels),"Biofuels, synthesized fuels and hydrogen production by technology",Energy,Fuel production,Hydrogen,Natural gas,Steam methane reforming with CCS,GWh,AM,2035,3.00751
Non-fossil end-use fuels (including biofuels),"Biofuels, synthesized fuels and hydrogen production by technology",Energy,Fuel production,Hydrogen,Natural gas,Steam methane reforming with CCS,GWh,AM,2040,29.35267
Non-fossil end-use fuels (including biofuels),"Biofuels, synthesized fuels and hydrogen production by technology",Energy,Fuel production,Hydrogen,Natural gas,Steam methane reforming with CCS,GWh,AM,2045,14.74472
Non-fossil end-use fuels (including biofuels),"Biofuels, synthesized fuels and hydrogen production by technology",Energy,Fuel production,Hydrogen,Natural gas,Steam methane reforming with CCS,GWh,AM,2050,15.201
Non-fossil end-use fuels (including biofuels),"Biofuels, synthesized fuels and hydrogen production by technology",Energy,Fuel production,Hydrogen,Natural gas,Steam methane reforming with CCS,GWh,AP,2025,0.0
Non-fossil end-use fuels (including biofuels),"Biofuels, synthesized fuels and hydrogen production by technology",Energy,Fuel production,Hydrogen,Natural gas,Steam methane reforming with CCS,GWh,AP,2030,0.0
Non-fossil end-use fuels (including biofuels),"Biofuels, synthesized fuels and hydrogen production by technology",Energy,Fuel production,Hydrogen,Natural gas,Steam methane reforming with CCS,GWh,AP,2035,2.12815
Non-fossil end-use fuels (including biofuels),"Biofuels, synthesized fuels and hydrogen production by technology",Energy,Fuel production,Hydrogen,Natural gas,Steam methane reforming with CCS,GWh,AP,2040,23.67099
Non-fossil end-use fuels (including biofuels),"Biofuels, synthesized fuels and hydrogen production by technology",Energy,Fuel production,Hydrogen,Natural gas,Steam methane reforming with CCS,GWh,AP,2045,4.10538
Non-fossil end-use fuels (including biofuels),"Biofuels, synthesized fuels and hydrogen production by technology",Energy,Fuel production,Hydrogen,Natural gas,Steam methane reforming with CCS,GWh,AP,2050,4.36534
Non-fossil end-use fuels (including biofuels),"Biofuels, synthesized fuels and hydrogen production by technology",Energy,Fuel production,Hydrogen,Natural gas,Steam methane reforming with CCS,GWh,BA,2025,0.0
Non-fossil end-use fuels (including biofuels),"Biofuels, synthesized fuels and hydrogen production by technology",Energy,Fuel production,Hydrogen,Natural gas,Steam methane reforming with CCS,GWh,BA,2030,0.0
Non-fossil end-use fuels (including biofuels),"Biofuels, synthesized fuels and hydrogen production by technology",Energy,Fuel production,Hydrogen,Natural gas,Steam methane reforming with CCS,GWh,BA,2035,2.50755
Non-fossil end-use fuels (including biofuels),"Biofuels, synthesized fuels and hydrogen production by technology",Energy,Fuel production,Hydrogen,Natural gas,Steam methane reforming with CCS,GWh,BA,2040,21.31993
Non-fossil end-use fuels (including biofuels),"Biofuels, synthesized fuels and hydrogen production by technology",Energy,Fuel production,Hydrogen,Natural gas,Steam methane reforming with CCS,GWh,BA,2045,2.19834
Non-fossil end-use fuels (including biofuels),"Biofuels, synthesized fuels and hydrogen production by technology",Energy,Fuel production,Hydrogen,Natural gas,Steam methane reforming with CCS,GWh,BA,2050,2.35681
Non-fossil end-use fuels (including biofuels),"Biofuels, synthesized fuels and hydrogen production by technology",Energy,Fuel production,Hydrogen,Natural gas,Steam methane reforming with CCS,GWh,CE,2025,0.0
Non-fossil end-use fuels (including biofuels),"Biofuels, synthesized fuels and hydrogen production by technology",Energy,Fuel production,Hydrogen,Natural gas,Steam methane reforming with CCS,GWh,CE,2030,0.0
Non-fossil end-use fuels (including biofuels),"Biofuels, synthesized fuels and hydrogen production by technology",Energy,Fuel production,Hydrogen,Natural gas,Steam methane reforming with CCS,GWh,CE,2035,0.63813
Non-fossil end-use fuels (including biofuels),"Biofuels, synthesized fuels and hydrogen production by technology",Energy,Fuel production,Hydrogen,Natural gas,Steam methane reforming with CCS,GWh,CE,2040,6.70825
Non-fossil end-use fuels (including biofuels),"Biofuels, synthesized fuels and hydrogen production by technology",Energy,Fuel production,Hydrogen,Natural gas,Steam methane reforming with CCS,GWh,CE,2045,1.12977
Non-fossil end-use fuels (including biofuels),"Biofuels, synthesized fuels and hydrogen production by technology",Energy,Fuel production,Hydrogen,Natural gas,Steam methane reforming with CCS,GWh,CE,2050,1.19761
Non-fossil end-use fuels (including biofuels),"Biofuels, synthesized fuels and hydrogen production by technology",Energy,Fuel production,Hydrogen,Natural gas,Steam methane reforming with CCS,GWh,DF,2025,0.0
Non-fossil end-use fuels (including biofuels),"Biofuels, synthesized fuels and hydrogen production by technology",Energy,Fuel production,Hydrogen,Natural gas,Steam methane reforming with CCS,GWh,DF,2030,0.0
Non-fossil end-use fuels (including biofuels),"Biofuels, synthesized fuels and hydrogen production by technology",Energy,Fuel production,Hydrogen,Natural gas,Steam methane reforming with CCS,GWh,DF,2035,2.56297
Non-fossil end-use fuels (including biofuels),"Biofuels, synthesized fuels and hydrogen production by technology",Energy,Fuel production,Hydrogen,Natural gas,Steam methane reforming with CCS,GWh,DF,2040,26.17917
Non-fossil end-use fuels (including biofuels),"Biofuels, synthesized fuels and hydrogen production by technology",Energy,Fuel production,Hydrogen,Natural gas,Steam methane reforming with CCS,GWh,DF,2045,2.50124
Non-fossil end-use fuels (including biofuels),"Biofuels, synthesized fuels and hydrogen production by technology",Energy,Fuel production,Hydrogen,Natural gas,Steam methane reforming with CCS,GWh,DF,2050,6.38537
Non-fossil end-use fuels (including biofuels),"Biofuels, synthesized fuels and hydrogen production by technology",Energy,Fuel production,Hydrogen,Natural gas,Steam methane reforming with CCS,GWh,ES,2025,0.0
Non-fossil end-use fuels (including biofuels),"Biofuels, synthesized fuels and hydrogen production by technology",Energy,Fuel production,Hydrogen,Natural gas,Steam methane reforming with CCS,GWh,ES,2030,0.0
Non-fossil end-use fuels (including biofuels),"Biofuels, synthesized fuels and hydrogen production by technology",Energy,Fuel production,Hydrogen,Natural gas,Steam methane reforming with CCS,GWh,ES,2035,2.4642
Non-fossil end-use fuels (including biofuels),"Biofuels, synthesized fuels and hydrogen production by technology",Energy,Fuel production,Hydrogen,Natural gas,Steam methane reforming with CCS,GWh,ES,2040,22.37623
Non-fossil end-use fuels (including biofuels),"Biofuels, synthesized fuels and hydrogen production by technology",Energy,Fuel production,Hydrogen,Natural gas,Steam methane reforming with CCS,GWh,ES,2045,2.82513
Non-fossil end-use fuels (including biofuels),"Biofuels, synthesized fuels and hydrogen production by technology",Energy,Fuel production,Hydrogen,Natural gas,Steam methane reforming with CCS,GWh,ES,2050,3.49135
Non-fossil end-use fuels (including biofuels),"Biofuels, synthesized fuels and hydrogen production by technology",Energy,Fuel production,Hydrogen,Natural gas,Steam methane reforming with CCS,GWh,GO,2025,0.0
Non-fossil end-use fuels (including biofuels),"Biofuels, synthesized fuels and hydrogen production by technology",Energy,Fuel production,Hydrogen,Natural gas,Steam methane reforming with CCS,GWh,GO,2030,0.0
Non-fossil end-use fuels (including biofuels),"Biofuels, synthesized fuels and hydrogen production by technology",Energy,Fuel production,Hydrogen,Natural gas,Steam methane reforming with CCS,GWh,GO,2035,3.15817
Non-fossil end-use fuels (including biofuels),"Biofuels, synthesized fuels and hydrogen production by technology",Energy,Fuel production,Hydrogen,Natural gas,Steam methane reforming with CCS,GWh,GO,2040,26.09343
Non-fossil end-use fuels (including biofuels),"Biofuels, synthesized fuels and hydrogen production by technology",Energy,Fuel production,Hydrogen,Natural gas,Steam methane reforming with CCS,GWh,GO,2045,3.00981
Non-fossil end-use fuels (including biofuels),"Biofuels, synthesized fuels and hydrogen production by technology",Energy,Fuel production,Hydrogen,Natural gas,Steam methane reforming with CCS,GWh,GO,2050,3.26179
Non-fossil end-use fuels (including biofuels),"Biofuels, synthesized fuels and hydrogen production by technology",Energy,Fuel production,Hydrogen,Natural gas,Steam methane reforming with CCS,GWh,MA,2025,0.0
Non-fossil end-use fuels (including biofuels),"Biofuels, synthesized fuels and hydrogen production by technology",Energy,Fuel production,Hydrogen,Natural gas,Steam methane reforming with CCS,GWh,MA,2030,0.0
Non-fossil end-use fuels (including biofuels),"Biofuels, synthesized fuels and hydrogen production by technology",Energy,Fuel production,Hydrogen,Natural gas,Steam methane reforming with CCS,GWh,MA,2035,0.70957
Non-fossil end-use fuels (including biofuels),"Biofuels, synthesized fuels and hydrogen production by technology",Energy,Fuel production,Hydrogen,Natural gas,Steam methane reforming with CCS,GWh,MA,2040,7.81164
Non-fossil end-use fuels (including biofuels),"Biofuels, synthesized fuels and hydrogen production by technology",Energy,Fuel production,Hydrogen,Natural gas,Steam methane reforming with CCS,GWh,MA,2045,1.40992
Non-fossil end-use fuels (including biofuels),"Biofuels, synthesized fuels and hydrogen production by technology",Energy,Fuel production,Hydrogen,Natural gas,Steam methane reforming with CCS,GWh,MA,2050,1.47548
Non-fossil end-use fuels (including biofuels),"Biofuels, synthesized fuels and hydrogen production by technology",Energy,Fuel production,Hydrogen,Natural gas,Steam methane reforming with CCS,GWh,MG,2025,0.0
Non-fossil end-use fuels (including biofuels),"Biofuels, synthesized fuels and hydrogen production by technology",Energy,Fuel production,Hydrogen,Natural gas,Steam methane reforming with CCS,GWh,MG,2030,0.0
Non-fossil end-use fuels (including biofuels),"Biofuels, synthesized fuels and hydrogen production by technology",Energy,Fuel production,Hydrogen,Natural gas,Steam methane reforming with CCS,GWh,MG,2035,3.41528
Non-fossil end-use fuels (including biofuels),"Biofuels, synthesized fuels and hydrogen production by technology",Energy,Fuel production,Hydrogen,Natural gas,Steam methane reforming with CCS,GWh,MG,2040,27.53904
Non-fossil end-use fuels (including biofuels),"Biofuels, synthesized fuels and hydrogen production by technology",Energy,Fuel production,Hydrogen,Natural gas,Steam methane reforming with CCS,GWh,MG,2045,3.10674
Non-fossil end-use fuels (including biofuels),"Biofuels, synthesized fuels and hydrogen production by technology",Energy,Fuel production,Hydrogen,Natural gas,Steam methane reforming with CCS,GWh,MG,2050,3.23916
Non-fossil end-use fuels (including biofuels),"Biofuels, synthesized fuels and hydrogen production by technology",Energy,Fuel production,Hydrogen,Natural gas,Steam methane reforming with CCS,GWh,MS,2025,0.0
Non-fossil end-use fuels (including biofuels),"Biofuels, synthesized fuels and hydrogen production by technology",Energy,Fuel production,Hydrogen,Natural gas,Steam methane reforming with CCS,GWh,MS,2030,0.0
Non-fossil end-use fuels (including biofuels),"Biofuels, synthesized fuels and hydrogen production by technology",Energy,Fuel production,Hydrogen,Natural gas,Steam methane reforming with CCS,GWh,MS,2035,3.08488
Non-fossil end-use fuels (including biofuels),"Biofuels, synthesized fuels and hydrogen production by technology",Energy,Fuel production,Hydrogen,Natural gas,Steam methane reforming with CCS,GWh,MS,2040,25.3603
Non-fossil end-use fuels (including biofuels),"Biofuels, synthesized fuels and hydrogen production by technology",Energy,Fuel production,Hydrogen,Natural gas,Steam methane reforming with CCS,GWh,MS,2045,2.98671
Non-fossil end-use fuels (including biofuels),"Biofuels, synthesized fuels and hydrogen production by technology",Energy,Fuel production,Hydrogen,Natural gas,Steam methane reforming with CCS,GWh,MS,2050,3.20653
Non-fossil end-use fuels (including biofuels),"Biofuels, synthesized fuels and hydrogen production by technology",Energy,Fuel production,Hydrogen,Natural gas,Steam methane reforming with CCS,GWh,MT,2025,0.0
Non-fossil end-use fuels (including biofuels),"Biofuels, synthesized fuels and hydrogen production by technology",Energy,Fuel production,Hydrogen,Natural gas,Steam methane reforming with CCS,GWh,MT,2030,0.0
Non-fossil end-use fuels (including biofuels),"Biofuels, synthesized fuels and hydrogen production by technology",Energy,Fuel production,Hydrogen,Natural gas,Steam methane reforming with CCS,GWh,MT,2035,3.08029
Non-fossil end-use fuels (including biofuels),"Biofuels, synthesized fuels and hydrogen production by technology",Energy,Fuel production,Hydrogen,Natural gas,Steam methane reforming with CCS,GWh,MT,2040,25.22961
Non-fossil end-use fuels (including biofuels),"Biofuels, synthesized fuels and hydrogen production by technology",Energy,Fuel production,Hydrogen,Natural gas,Steam methane reforming with CCS,GWh,MT,2045,2.59884
Non-fossil end-use fuels (including biofuels),"Biofuels, synthesized fuels and hydrogen production by technology",Energy,Fuel production,Hydrogen,Natural gas,Steam methane reforming with CCS,GWh,MT,2050,2.81942
Non-fossil end-use fuels (including biofuels),"Biofuels, synthesized fuels and hydrogen production by technology",Energy,Fuel production,Hydrogen,Natural gas,Steam methane reforming with CCS,GWh,PA,2025,0.0
Non-fossil end-use fuels (including biofuels),"Biofuels, synthesized fuels and hydrogen production by technology",Energy,Fuel production,Hydrogen,Natural gas,Steam methane reforming with CCS,GWh,PA,2030,0.0
Non-fossil end-use fuels (including biofuels),"Biofuels, synthesized fuels and hydrogen production by technology",Energy,Fuel production,Hydrogen,Natural gas,Steam methane reforming with CCS,GWh,PA,2035,2.91186
Non-fossil end-use fuels (including biofuels),"Biofuels, synthesized fuels and hydrogen production by technology",Energy,Fuel production,Hydrogen,Natural gas,Steam methane reforming with CCS,GWh,PA,2040,26.08273
Non-fossil end-use fuels (including biofuels),"Biofuels, synthesized fuels and hydrogen production by technology",Energy,Fuel production,Hydrogen,Natural gas,Steam methane reforming with CCS,GWh,PA,2045,3.50149
Non-fossil end-use fuels (including biofuels),"Biofuels, synthesized fuels and hydrogen production by technology",Energy,Fuel production,Hydrogen,Natural gas,Steam methane reforming with CCS,GWh,PA,2050,3.71213
Non-fossil end-use fuels (including biofuels),"Biofuels, synthesized fuels and hydrogen production by technology",Energy,Fuel production,Hydrogen,Natural gas,Steam methane reforming with CCS,GWh,PB,2025,0.0
Non-fossil end-use fuels (including biofuels),"Biofuels, synthesized fuels and hydrogen production by technology",Energy,Fuel production,Hydrogen,Natural gas,Steam methane reforming with CCS,GWh,PB,2030,0.0
Non-fossil end-use fuels (including biofuels),"Biofuels, synthesized fuels and hydrogen production by technology",Energy,Fuel production,Hydrogen,Natural gas,Steam methane reforming with CCS,GWh,PB,2035,0.67418
Non-fossil end-use fuels (including biofuels),"Biofuels, synthesized fuels and hydrogen production by technology",Energy,Fuel production,Hydrogen,Natural gas,Steam methane reforming with CCS,GWh,PB,2040,7.73667
Non-fossil end-use fuels (including biofuels),"Biofuels, synthesized fuels and hydrogen production by technology",Energy,Fuel production,Hydrogen,Natural gas,Steam methane reforming with CCS,GWh,PB,2045,1.02891
Non-fossil end-use fuels (including biofuels),"Biofuels, synthesized fuels and hydrogen production by technology",Energy,Fuel production,Hydrogen,Natural gas,Steam methane reforming with CCS,GWh,PB,2050,1.06195
Non-fossil end-use fuels (including biofuels),"Biofuels, synthesized fuels and hydrogen production by technology",Energy,Fuel production,Hydrogen,Natural gas,Steam methane reforming with CCS,GWh,PE,2025,0.0
Non-fossil end-use fuels (including biofuels),"Biofuels, synthesized fuels and hydrogen production by technology",Energy,Fuel production,Hydrogen,Natural gas,Steam methane reforming with CCS,GWh,PE,2030,0.0
Non-fossil end-use fuels (including biofuels),"Biofuels, synthesized fuels and hydrogen production by technology",Energy,Fuel production,Hydrogen,Natural gas,Steam methane reforming with CCS,GWh,PE,2035,0.84863
Non-fossil end-use fuels (including biofuels),"Biofuels, synthesized fuels and hydrogen production by technology",Energy,Fuel production,Hydrogen,Natural gas,Steam methane reforming with CCS,GWh,PE,2040,8.30364
Non-fossil end-use fuels (including biofuels),"Biofuels, synthesized fuels and hydrogen production by technology",Energy,Fuel production,Hydrogen,Natural gas,Steam methane reforming with CCS,GWh,PE,2045,1.45767
Non-fossil end-use fuels (including biofuels),"Biofuels, synthesized fuels and hydrogen production by technology",Energy,Fuel production,Hydrogen,Natural gas,Steam methane reforming with CCS,GWh,PE,2050,1.69878
Non-fossil end-use fuels (including biofuels),"Biofuels, synthesized fuels and hydrogen production by technology",Energy,Fuel production,Hydrogen,Natural gas,Steam methane reforming with CCS,GWh,PI,2025,0.0
Non-fossil end-use fuels (including biofuels),"Biofuels, synthesized fuels and hydrogen production by technology",Energy,Fuel production,Hydrogen,Natural gas,Steam methane reforming with CCS,GWh,PI,2030,0.0
Non-fossil end-use fuels (including biofuels),"Biofuels, synthesized fuels and hydrogen production by technology",Energy,Fuel production,Hydrogen,Natural gas,Steam methane reforming with CCS,GWh,PI,2035,0.5936
Non-fossil end-use fuels (including biofuels),"Biofuels, synthesized fuels and hydrogen production by technology",Energy,Fuel production,Hydrogen,Natural gas,Steam methane reforming with CCS,GWh,PI,2040,6.85477
Non-fossil end-use fuels (including biofuels),"Biofuels, synthesized fuels and hydrogen production by technology",Energy,Fuel production,Hydrogen,Natural gas,Steam methane reforming with CCS,GWh,PI,2045,1.37341
Non-fossil end-use fuels (including biofuels),"Biofuels, synthesized fuels and hydrogen production by technology",Energy,Fuel production,Hydrogen,Natural gas,Steam methane reforming with CCS,GWh,PI,2050,1.43605
Non-fossil end-use fuels (including biofuels),"Biofuels, synthesized fuels and hydrogen production by technology",Energy,Fuel production,Hydrogen,Natural gas,Steam methane reforming with CCS,GWh,PR,2025,0.0
Non-fossil end-use fuels (including biofuels),"Biofuels, synthesized fuels and hydrogen production by technology",Energy,Fuel production,Hydrogen,Natural gas,Steam methane reforming with CCS,GWh,PR,2030,0.0
Non-fossil end-use fuels (including biofuels),"Biofuels, synthesized fuels and hydrogen production by technology",Energy,Fuel production,Hydrogen,Natural gas,Steam methane reforming with CCS,GWh,PR,2035,3.42
Non-fossil end-use fuels (including biofuels),"Biofuels, synthesized fuels and hydrogen production by technology",Energy,Fuel production,Hydrogen,Natural gas,Steam methane reforming with CCS,GWh,PR,2040,27.36906
Non-fossil end-use fuels (including biofuels),"Biofuels, synthesized fuels and hydrogen production by technology",Energy,Fuel production,Hydrogen,Natural gas,Steam methane reforming with CCS,GWh,PR,2045,3.19448
Non-fossil end-use fuels (including biofuels),"Biofuels, synthesized fuels and hydrogen production by technology",Energy,Fuel production,Hydrogen,Natural gas,Steam methane reforming with CCS,GWh,PR,2050,3.40918
Non-fossil end-use fuels (including biofuels),"Biofuels, synthesized fuels and hydrogen production by technology",Energy,Fuel production,Hydrogen,Natural gas,Steam methane reforming with CCS,GWh,RJ,2025,0.0
Non-fossil end-use fuels (including biofuels),"Biofuels, synthesized fuels and hydrogen production by technology",Energy,Fuel production,Hydrogen,Natural gas,Steam methane reforming with CCS,GWh,RJ,2030,0.0
Non-fossil end-use fuels (including biofuels),"Biofuels, synthesized fuels and hydrogen production by technology",Energy,Fuel production,Hydrogen,Natural gas,Steam methane reforming with CCS,GWh,RJ,2035,1.40678
Non-fossil end-use fuels (including biofuels),"Biofuels, synthesized fuels and hydrogen production by technology",Energy,Fuel production,Hydrogen,Natural gas,Steam methane reforming with CCS,GWh,RJ,2040,16.71884
Non-fossil end-use fuels (including biofuels),"Biofuels, synthesized fuels and hydrogen production by technology",Energy,Fuel production,Hydrogen,Natural gas,Steam methane reforming with CCS,GWh,RJ,2045,5.38308
Non-fossil end-use fuels (including biofuels),"Biofuels, synthesized fuels and hydrogen production by technology",Energy,Fuel production,Hydrogen,Natural gas,Steam methane reforming with CCS,GWh,RJ,2050,5.65967
Non-fossil end-use fuels (including biofuels),"Biofuels, synthesized fuels and hydrogen production by technology",Energy,Fuel production,Hydrogen,Natural gas,Steam methane reforming with CCS,GWh,RN,2025,0.0
Non-fossil end-use fuels (including biofuels),"Biofuels, synthesized fuels and hydrogen production by technology",Energy,Fuel production,Hydrogen,Natural gas,Steam methane reforming with CCS,GWh,RN,2030,0.0
Non-fossil end-use fuels (including biofuels),"Biofuels, synthesized fuels and hydrogen production by technology",Energy,Fuel production,Hydrogen,Natural gas,Steam methane reforming with CCS,GWh,RN,2035,0.58297
Non-fossil end-use fuels (including biofuels),"Biofuels, synthesized fuels and hydrogen production by technology",Energy,Fuel production,Hydrogen,Natural gas,Steam methane reforming with CCS,GWh,RN,2040,7.36693
Non-fossil end-use fuels (including biofuels),"Biofuels, synthesized fuels and hydrogen production by technology",Energy,Fuel production,Hydrogen,Natural gas,Steam methane reforming with CCS,GWh,RN,2045,0.86777
Non-fossil end-use fuels (including biofuels),"Biofuels, synthesized fuels and hydrogen production by technology",Energy,Fuel production,Hydrogen,Natural gas,Steam methane reforming with CCS,GWh,RN,2050,0.93932
Non-fossil end-use fuels (including biofuels),"Biofuels, synthesized fuels and hydrogen production by technology",Energy,Fuel production,Hydrogen,Natural gas,Steam methane reforming with CCS,GWh,RO,2025,0.0
Non-fossil end-use fuels (including biofuels),"Biofuels, synthesized fuels and hydrogen production by technology",Energy,Fuel production,Hydrogen,Natural gas,Steam methane reforming with CCS,GWh,RO,2030,0.0
Non-fossil end-use fuels (including biofuels),"Biofuels, synthesized fuels and hydrogen production by technology",Energy,Fuel production,Hydrogen,Natural gas,Steam methane reforming with CCS,GWh,RO,2035,2.12305
Non-fossil end-use fuels (including biofuels),"Biofuels, synthesized fuels and hydrogen production by technology",Energy,Fuel production,Hydrogen,Natural gas,Steam methane reforming with CCS,GWh,RO,2040,23.44033
Non-fossil end-use fuels (including biofuels),"Biofuels, synthesized fuels and hydrogen production by technology",Energy,Fuel production,Hydrogen,Natural gas,Steam methane reforming with CCS,GWh,RO,2045,2.89421
Non-fossil end-use fuels (including biofuels),"Biofuels, synthesized fuels and hydrogen production by technology",Energy,Fuel production,Hydrogen,Natural gas,Steam methane reforming with CCS,GWh,RO,2050,3.1188
Non-fossil end-use fuels (including biofuels),"Biofuels, synthesized fuels and hydrogen production by technology",Energy,Fuel production,Hydrogen,Natural gas,Steam methane reforming with CCS,GWh,RR,2025,0.0
Non-fossil end-use fuels (including biofuels),"Biofuels, synthesized fuels and hydrogen production by technology",Energy,Fuel production,Hydrogen,Natural gas,Steam methane reforming with CCS,GWh,RR,2030,0.0
Non-fossil end-use fuels (including biofuels),"Biofuels, synthesized fuels and hydrogen production by technology",Energy,Fuel production,Hydrogen,Natural gas,Steam methane reforming with CCS,GWh,RR,2035,2.3485
Non-fossil end-use fuels (including biofuels),"Biofuels, synthesized fuels and hydrogen production by technology",Energy,Fuel production,Hydrogen,Natural gas,Steam methane reforming with CCS,GWh,RR,2040,22.95365
Non-fossil end-use fuels (including biofuels),"Biofuels, synthesized fuels and hydrogen production by technology",Energy,Fuel production,Hydrogen,Natural gas,Steam methane reforming with CCS,GWh,RR,2045,2.77607
Non-fossil end-use fuels (including biofuels),"Biofuels, synthesized fuels and hydrogen production by technology",Energy,Fuel production,Hydrogen,Natural gas,Steam methane reforming with CCS,GWh,RR,2050,2.81664
Non-fossil end-use fuels (including biofuels),"Biofuels, synthesized fuels and hydrogen production by technology",Energy,Fuel production,Hydrogen,Natural gas,Steam methane reforming with CCS,GWh,RS,2025,0.0
Non-fossil end-use fuels (including biofuels),"Biofuels, synthesized fuels and hydrogen production by technology",Energy,Fuel production,Hydrogen,Natural gas,Steam methane reforming with CCS,GWh,RS,2030,0.0
Non-fossil end-use fuels (including biofuels),"Biofuels, synthesized fuels and hydrogen production by technology",Energy,Fuel production,Hydrogen,Natural gas,Steam methane reforming with CCS,GWh,RS,2035,3.71479
Non-fossil end-use fuels (including biofuels),"Biofuels, synthesized fuels and hydrogen production by technology",Energy,Fuel production,Hydrogen,Natural gas,Steam methane reforming with CCS,GWh,RS,2040,28.82444
Non-fossil end-use fuels (including biofuels),"Biofuels, synthesized fuels and hydrogen production by technology",Energy,Fuel production,Hydrogen,Natural gas,Steam methane reforming with CCS,GWh,RS,2045,3.48889
Non-fossil end-use fuels (including biofuels),"Biofuels, synthesized fuels and hydrogen production by technology",Energy,Fuel production,Hydrogen,Natural gas,Steam methane reforming with CCS,GWh,RS,2050,3.75452
Non-fossil end-use fuels (including biofuels),"Biofuels, synthesized fuels and hydrogen production by technology",Energy,Fuel production,Hydrogen,Natural gas,Steam methane reforming with CCS,GWh,SC,2025,0.0
Non-fossil end-use fuels (including biofuels),"Biofuels, synthesized fuels and hydrogen production by technology",Energy,Fuel production,Hydrogen,Natural gas,Steam methane reforming with CCS,GWh,SC,2030,0.0
Non-fossil end-use fuels (including biofuels),"Biofuels, synthesized fuels and hydrogen production by technology",Energy,Fuel production,Hydrogen,Natural gas,Steam methane reforming with CCS,GWh,SC,2035,6.77823
Non-fossil end-use fuels (including biofuels),"Biofuels, synthesized fuels and hydrogen production by technology",Energy,Fuel production,Hydrogen,Natural gas,Steam methane reforming with CCS,GWh,SC,2040,28.93482
Non-fossil end-use fuels (including biofuels),"Biofuels, synthesized fuels and hydrogen production by technology",Energy,Fuel production,Hydrogen,Natural gas,Steam methane reforming with CCS,GWh,SC,2045,4.83238
Non-fossil end-use fuels (including biofuels),"Biofuels, synthesized fuels and hydrogen production by technology",Energy,Fuel production,Hydrogen,Natural gas,Steam methane reforming with CCS,GWh,SC,2050,5.05914
Non-fossil end-use fuels (including biofuels),"Biofuels, synthesized fuels and hydrogen production by technology",Energy,Fuel production,Hydrogen,Natural gas,Steam methane reforming with CCS,GWh,SE,2025,0.0
Non-fossil end-use fuels (including biofuels),"Biofuels, synthesized fuels and hydrogen production by technology",Energy,Fuel production,Hydrogen,Natural gas,Steam methane reforming with CCS,GWh,SE,2030,0.0
Non-fossil end-use fuels (including biofuels),"Biofuels, synthesized fuels and hydrogen production by technology",Energy,Fuel production,Hydrogen,Natural gas,Steam methane reforming with CCS,GWh,SE,2035,0.79973
Non-fossil end-use fuels (including biofuels),"Biofuels, synthesized fuels and hydrogen production by technology",Energy,Fuel production,Hydrogen,Natural gas,Steam methane reforming with CCS,GWh,SE,2040,7.93427
Non-fossil end-use fuels (including biofuels),"Biofuels, synthesized fuels and hydrogen production by technology",Energy,Fuel production,Hydrogen,Natural gas,Steam methane reforming with CCS,GWh,SE,2045,0.98944
Non-fossil end-use fuels (including biofuels),"Biofuels, synthesized fuels and hydrogen production by technology",Energy,Fuel production,Hydrogen,Natural gas,Steam methane reforming with CCS,GWh,SE,2050,1.04729
Non-fossil end-use fuels (including biofuels),"Biofuels, synthesized fuels and hydrogen production by technology",Energy,Fuel production,Hydrogen,Natural gas,Steam methane reforming with CCS,GWh,SP,2025,0.0
Non-fossil end-use fuels (including biofuels),"Biofuels, synthesized fuels and hydrogen production by technology",Energy,Fuel production,Hydrogen,Natural gas,Steam methane reforming with CCS,GWh,SP,2030,0.0
Non-fossil end-use fuels (including biofuels),"Biofuels, synthesized fuels and hydrogen production by technology",Energy,Fuel production,Hydrogen,Natural gas,Steam methane reforming with CCS,GWh,SP,2035,3.44159
Non-fossil end-use fuels (including biofuels),"Biofuels, synthesized fuels and hydrogen production by technology",Energy,Fuel production,Hydrogen,Natural gas,Steam methane reforming with CCS,GWh,SP,2040,28.1335
Non-fossil end-use fuels (including biofuels),"Biofuels, synthesized fuels and hydrogen production by technology",Energy,Fuel production,Hydrogen,Natural gas,Steam methane reforming with CCS,GWh,SP,2045,2.80373
Non-fossil end-use fuels (including biofuels),"Biofuels, synthesized fuels and hydrogen production by technology",Energy,Fuel production,Hydrogen,Natural gas,Steam methane reforming with CCS,GWh,SP,2050,3.0201
Non-fossil end-use fuels (including biofuels),"Biofuels, synthesized fuels and hydrogen production by technology",Energy,Fuel production,Hydrogen,Natural gas,Steam methane reforming with CCS,GWh,TO,2025,0.0
Non-fossil end-use fuels (including biofuels),"Biofuels, synthesized fuels and hydrogen production by technology",Energy,Fuel production,Hydrogen,Natural gas,Steam methane reforming with CCS,GWh,TO,2030,0.0
Non-fossil end-use fuels (including biofuels),"Biofuels, synthesized fuels and hydrogen production by technology",Energy,Fuel production,Hydrogen,Natural gas,Steam methane reforming with CCS,GWh,TO,2035,2.5315
Non-fossil end-use fuels (including biofuels),"Biofuels, synthesized fuels and hydrogen production by technology",Energy,Fuel production,Hydrogen,Natural gas,Steam methane reforming with CCS,GWh,TO,2040,25.69841
Non-fossil end-use fuels (including biofuels),"Biofuels, synthesized fuels and hydrogen production by technology",Energy,Fuel production,Hydrogen,Natural gas,Steam methane reforming with CCS,GWh,TO,2045,2.84182
Non-fossil end-use fuels (including biofuels),"Biofuels, synthesized fuels and hydrogen production by technology",Energy,Fuel production,Hydrogen,Natural gas,Steam methane reforming with CCS,GWh,TO,2050,3.03528
Non-fossil end-use fuels (including biofuels),"Biofuels, synthesized fuels and hydrogen production by technology",Energy,Fuel production,Hydrogen,Residue,Gasification,GWh,AC,2025,0.0
Non-fossil end-use fuels (including biofuels),"Biofuels, synthesized fuels and hydrogen production by technology",Energy,Fuel production,Hydrogen,Residue,Gasification,GWh,AC,2030,0.0
Non-fossil end-use fuels (including biofuels),"Biofuels, synthesized fuels and hydrogen production by technology",Energy,Fuel production,Hydrogen,Residue,Gasification,GWh,AC,2035,0.46284
Non-fossil end-use fuels (including biofuels),"Biofuels, synthesized fuels and hydrogen production by technology",Energy,Fuel production,Hydrogen,Residue,Gasification,GWh,AC,2040,4.43248
Non-fossil end-use fuels (including biofuels),"Biofuels, synthesized fuels and hydrogen production by technology",Energy,Fuel production,Hydrogen,Residue,Gasification,GWh,AC,2045,6.78991
Non-fossil end-use fuels (including biofuels),"Biofuels, synthesized fuels and hydrogen production by technology",Energy,Fuel production,Hydrogen,Residue,Gasification,GWh,AC,2050,7.17064
Non-fossil end-use fuels (including biofuels),"Biofuels, synthesized fuels and hydrogen production by technology",Energy,Fuel production,Hydrogen,Residue,Gasification,GWh,AL,2025,0.0
Non-fossil end-use fuels (including biofuels),"Biofuels, synthesized fuels and hydrogen production by technology",Energy,Fuel production,Hydrogen,Residue,Gasification,GWh,AL,2030,0.0
Non-fossil end-use fuels (including biofuels),"Biofuels, synthesized fuels and hydrogen production by technology",Energy,Fuel production,Hydrogen,Residue,Gasification,GWh,AL,2035,1.38624
Non-fossil end-use fuels (including biofuels),"Biofuels, synthesized fuels and hydrogen production by technology",Energy,Fuel production,Hydrogen,Residue,Gasification,GWh,AL,2040,4.98817
Non-fossil end-use fuels (including biofuels),"Biofuels, synthesized fuels and hydrogen production by technology",Energy,Fuel production,Hydrogen,Residue,Gasification,GWh,AL,2045,8.9326
Non-fossil end-use fuels (including biofuels),"Biofuels, synthesized fuels and hydrogen production by technology",Energy,Fuel production,Hydrogen,Residue,Gasification,GWh,AL,2050,8.89062
Non-fossil end-use fuels (including biofuels),"Biofuels, synthesized fuels and hydrogen production by technology",Energy,Fuel production,Hydrogen,Residue,Gasification,GWh,AM,2025,0.0
Non-fossil end-use fuels (including biofuels),"Biofuels, synthesized fuels and hydrogen production by technology",Energy,Fuel production,Hydrogen,Residue,Gasification,GWh,AM,2030,0.0
Non-fossil end-use fuels (including biofuels),"Biofuels, synthesized fuels and hydrogen production by technology",Energy,Fuel production,Hydrogen,Residue,Gasification,GWh,AM,2035,1.19995
Non-fossil end-use fuels (including biofuels),"Biofuels, synthesized fuels and hydrogen production by technology",Energy,Fuel production,Hydrogen,Residue,Gasification,GWh,AM,2040,2.63859
Non-fossil end-use fuels (including biofuels),"Biofuels, synthesized fuels and hydrogen production by technology",Energy,Fuel production,Hydrogen,Residue,Gasification,GWh,AM,2045,4.71874
Non-fossil end-use fuels (including biofuels),"Biofuels, synthesized fuels and hydrogen production by technology",Energy,Fuel production,Hydrogen,Residue,Gasification,GWh,AM,2050,5.65843
Non-fossil end-use fuels (including biofuels),"Biofuels, synthesized fuels and hydrogen production by technology",Energy,Fuel production,Hydrogen,Residue,Gasification,GWh,BA,2025,0.0
Non-fossil end-use fuels (including biofuels),"Biofuels, synthesized fuels and hydrogen production by technology",Energy,Fuel production,Hydrogen,Residue,Gasification,GWh,BA,2030,0.0
Non-fossil end-use fuels (including biofuels),"Biofuels, synthesized fuels and hydrogen production by technology",Energy,Fuel production,Hydrogen,Residue,Gasification,GWh,BA,2035,30.70081
Non-fossil end-use fuels (including biofuels),"Biofuels, synthesized fuels and hydrogen production by technology",Energy,Fuel production,Hydrogen,Residue,Gasification,GWh,BA,2040,45.91149
Non-fossil end-use fuels (including biofuels),"Biofuels, synthesized fuels and hydrogen production by technology",Energy,Fuel production,Hydrogen,Residue,Gasification,GWh,BA,2045,50.45373
Non-fossil end-use fuels (including biofuels),"Biofuels, synthesized fuels and hydrogen production by technology",Energy,Fuel production,Hydrogen,Residue,Gasification,GWh,BA,2050,50.14682
Non-fossil end-use fuels (including biofuels),"Biofuels, synthesized fuels and hydrogen production by technology",Energy,Fuel production,Hydrogen,Residue,Gasification,GWh,CE,2025,0.0
Non-fossil end-use fuels (including biofuels),"Biofuels, synthesized fuels and hydrogen production by technology",Energy,Fuel production,Hydrogen,Residue,Gasification,GWh,CE,2030,0.0
Non-fossil end-use fuels (including biofuels),"Biofuels, synthesized fuels and hydrogen production by technology",Energy,Fuel production,Hydrogen,Residue,Gasification,GWh,CE,2035,17.97111
Non-fossil end-use fuels (including biofuels),"Biofuels, synthesized fuels and hydrogen production by technology",Energy,Fuel production,Hydrogen,Residue,Gasification,GWh,CE,2040,16.12401
Non-fossil end-use fuels (including biofuels),"Biofuels, synthesized fuels and hydrogen production by technology",Energy,Fuel production,Hydrogen,Residue,Gasification,GWh,CE,2045,20.68811
Non-fossil end-use fuels (including biofuels),"Biofuels, synthesized fuels and hydrogen production by technology",Energy,Fuel production,Hydrogen,Residue,Gasification,GWh,CE,2050,20.44625
Non-fossil end-use fuels (including biofuels),"Biofuels, synthesized fuels and hydrogen production by technology",Energy,Fuel production,Hydrogen,Residue,Gasification,GWh,DF,2025,0.0
Non-fossil end-use fuels (including biofuels),"Biofuels, synthesized fuels and hydrogen production by technology",Energy,Fuel production,Hydrogen,Residue,Gasification,GWh,DF,2030,0.0
Non-fossil end-use fuels (including biofuels),"Biofuels, synthesized fuels and hydrogen production by technology",Energy,Fuel production,Hydrogen,Residue,Gasification,GWh,DF,2035,0.52944
Non-fossil end-use fuels (including biofuels),"Biofuels, synthesized fuels and hydrogen production by technology",Energy,Fuel production,Hydrogen,Residue,Gasification,GWh,DF,2040,5.26368
Non-fossil end-use fuels (including biofuels),"Biofuels, synthesized fuels and hydrogen production by technology",Energy,Fuel production,Hydrogen,Residue,Gasification,GWh,DF,2045,7.75662
Non-fossil end-use fuels (including biofuels),"Biofuels, synthesized fuels and hydrogen production by technology",Energy,Fuel production,Hydrogen,Residue,Gasification,GWh,DF,2050,8.13151
Non-fossil end-use fuels (including biofuels),"Biofuels, synthesized fuels and hydrogen production by technology",Energy,Fuel production,Hydrogen,Residue,Gasification,GWh,ES,2025,0.0
Non-fossil end-use fuels (including biofuels),"Biofuels, synthesized fuels and hydrogen production by technology",Energy,Fuel production,Hydrogen,Residue,Gasification,GWh,ES,2030,0.0
Non-fossil end-use fuels (including biofuels),"Biofuels, synthesized fuels and hydrogen production by technology",Energy,Fuel production,Hydrogen,Residue,Gasification,GWh,ES,2035,26.81965
Non-fossil end-use fuels (including biofuels),"Biofuels, synthesized fuels and hydrogen production by technology",Energy,Fuel production,Hydrogen,Residue,Gasification,GWh,ES,2040,22.4772
Non-fossil end-use fuels (including biofuels),"Biofuels, synthesized fuels and hydrogen production by technology",Energy,Fuel production,Hydrogen,Residue,Gasification,GWh,ES,2045,27.04914
Non-fossil end-use fuels (including biofuels),"Biofuels, synthesized fuels and hydrogen production by technology",Energy,Fuel production,Hydrogen,Residue,Gasification,GWh,ES,2050,25.11062
Non-fossil end-use fuels (including biofuels),"Biofuels, synthesized fuels and hydrogen production by technology",Energy,Fuel production,Hydrogen,Residue,Gasification,GWh,GO,2025,0.0
Non-fossil end-use fuels (including biofuels),"Biofuels, synthesized fuels and hydrogen production by technology",Energy,Fuel production,Hydrogen,Residue,Gasification,GWh,GO,2030,0.0
Non-fossil end-use fuels (including biofuels),"Biofuels, synthesized fuels and hydrogen production by technology",Energy,Fuel production,Hydrogen,Residue,Gasification,GWh,GO,2035,99.71647
Non-fossil end-use fuels (including biofuels),"Biofuels, synthesized fuels and hydrogen production by technology",Energy,Fuel production,Hydrogen,Residue,Gasification,GWh,GO,2040,95.04903
Non-fossil end-use fuels (including biofuels),"Biofuels, synthesized fuels and hydrogen production by technology",Energy,Fuel production,Hydrogen,Residue,Gasification,GWh,GO,2045,100.26436
Non-fossil end-use fuels (including biofuels),"Biofuels, synthesized fuels and hydrogen production by technology",Energy,Fuel production,Hydrogen,Residue,Gasification,GWh,GO,2050,99.61704
Non-fossil end-use fuels (including biofuels),"Biofuels, synthesized fuels and hydrogen production by technology",Energy,Fuel production,Hydrogen,Residue,Gasification,GWh,MA,2025,0.0
Non-fossil end-use fuels (including biofuels),"Biofuels, synthesized fuels and hydrogen production by technology",Energy,Fuel production,Hydrogen,Residue,Gasification,GWh,MA,2030,0.0
Non-fossil end-use fuels (including biofuels),"Biofuels, synthesized fuels and hydrogen production by technology",Energy,Fuel production,Hydrogen,Residue,Gasification,GWh,MA,2035,553.15608
Non-fossil end-use fuels (including biofuels),"Biofuels, synthesized fuels and hydrogen production by technology",Energy,Fuel production,Hydrogen,Residue,Gasification,GWh,MA,2040,548.50032
Non-fossil end-use fuels (including biofuels),"Biofuels, synthesized fuels and hydrogen production by technology",Energy,Fuel production,Hydrogen,Residue,Gasification,GWh,MA,2045,608.93846
Non-fossil end-use fuels (including biofuels),"Biofuels, synthesized fuels and hydrogen production by technology",Energy,Fuel production,Hydrogen,Residue,Gasification,GWh,MA,2050,608.57023
Non-fossil end-use fuels (including biofuels),"Biofuels, synthesized fuels and hydrogen production by technology",Energy,Fuel production,Hydrogen,Residue,Gasification,GWh,MG,2025,0.0
Non-fossil end-use fuels (including biofuels),"Biofuels, synthesized fuels and hydrogen production by technology",Energy,Fuel production,Hydrogen,Residue,Gasification,GWh,MG,2030,0.0
Non-fossil end-use fuels (including biofuels),"Biofuels, synthesized fuels and hydrogen production by technology",Energy,Fuel production,Hydrogen,Residue,Gasification,GWh,MG,2035,436.87837
Non-fossil end-use fuels (including biofuels),"Biofuels, synthesized fuels and hydrogen production by technology",Energy,Fuel production,Hydrogen,Residue,Gasification,GWh,MG,2040,432.1274
Non-fossil end-use fuels (including biofuels),"Biofuels, synthesized fuels and hydrogen production by technology",Energy,Fuel production,Hydrogen,Residue,Gasification,GWh,MG,2045,438.18781
Non-fossil end-use fuels (including biofuels),"Biofuels, synthesized fuels and hydrogen production by technology",Energy,Fuel production,Hydrogen,Residue,Gasification,GWh,MG,2050,437.3472
Non-fossil end-use fuels (including biofuels),"Biofuels, synthesized fuels and hydrogen production by technology",Energy,Fuel production,Hydrogen,Residue,Gasification,GWh,MS,2025,0.0
Non-fossil end-use fuels (including biofuels),"Biofuels, synthesized fuels and hydrogen production by technology",Energy,Fuel production,Hydrogen,Residue,Gasification,GWh,MS,2030,0.0
Non-fossil end-use fuels (including biofuels),"Biofuels, synthesized fuels and hydrogen production by technology",Energy,Fuel production,Hydrogen,Residue,Gasification,GWh,MS,2035,7.35481
Non-fossil end-use fuels (including biofuels),"Biofuels, synthesized fuels and hydrogen production by technology",Energy,Fuel production,Hydrogen,Residue,Gasification,GWh,MS,2040,19.8833
Non-fossil end-use fuels (including biofuels),"Biofuels, synthesized fuels and hydrogen production by technology",Energy,Fuel production,Hydrogen,Residue,Gasification,GWh,MS,2045,23.66837
Non-fossil end-use fuels (including biofuels),"Biofuels, synthesized fuels and hydrogen production by technology",Energy,Fuel production,Hydrogen,Residue,Gasification,GWh,MS,2050,22.89555
Non-fossil end-use fuels (including biofuels),"Biofuels, synthesized fuels and hydrogen production by technology",Energy,Fuel production,Hydrogen,Residue,Gasification,GWh,MT,2025,0.0
Non-fossil end-use fuels (including biofuels),"Biofuels, synthesized fuels and hydrogen production by technology",Energy,Fuel production,Hydrogen,Residue,Gasification,GWh,MT,2030,0.0
Non-fossil end-use fuels (including biofuels),"Biofuels, synthesized fuels and hydrogen production by technology",Energy,Fuel production,Hydrogen,Residue,Gasification,GWh,MT,2035,10.24894
Non-fossil end-use fuels (including biofuels),"Biofuels, synthesized fuels and hydrogen production by technology",Energy,Fuel production,Hydrogen,Residue,Gasification,GWh,MT,2040,31.11998
Non-fossil end-use fuels (including biofuels),"Biofuels, synthesized fuels and hydrogen production by technology",Energy,Fuel production,Hydrogen,Residue,Gasification,GWh,MT,2045,35.02939
Non-fossil end-use fuels (including biofuels),"Biofuels, synthesized fuels and hydrogen production by technology",Energy,Fuel production,Hydrogen,Residue,Gasification,GWh,MT,2050,34.83399
Non-fossil end-use fuels (including biofuels),"Biofuels, synthesized fuels and hydrogen production by technology",Energy,Fuel production,Hydrogen,Residue,Gasification,GWh,PA,2025,0.0
Non-fossil end-use fuels (including biofuels),"Biofuels, synthesized fuels and hydrogen production by technology",Energy,Fuel production,Hydrogen,Residue,Gasification,GWh,PA,2030,0.0
Non-fossil end-use fuels (including biofuels),"Biofuels, synthesized fuels and hydrogen production by technology",Energy,Fuel production,Hydrogen,Residue,Gasification,GWh,PA,2035,8.24697
Non-fossil end-use fuels (including biofuels),"Biofuels, synthesized fuels and hydrogen production by technology",Energy,Fuel production,Hydrogen,Residue,Gasification,GWh,PA,2040,13.93572
Non-fossil end-use fuels (including biofuels),"Biofuels, synthesized fuels and hydrogen production by technology",Energy,Fuel production,Hydrogen,Residue,Gasification,GWh,PA,2045,18.26672
Non-fossil end-use fuels (including biofuels),"Biofuels, synthesized fuels and hydrogen production by technology",Energy,Fuel production,Hydrogen,Residue,Gasification,GWh,PA,2050,18.27665
Non-fossil end-use fuels (including biofuels),"Biofuels, synthesized fuels and hydrogen production by technology",Energy,Fuel production,Hydrogen,Residue,Gasification,GWh,PB,2025,0.0
Non-fossil end-use fuels (including biofuels),"Biofuels, synthesized fuels and hydrogen production by technology",Energy,Fuel production,Hydrogen,Residue,Gasification,GWh,PB,2030,0.0
Non-fossil end-use fuels (including biofuels),"Biofuels, synthesized fuels and hydrogen production by technology",Energy,Fuel production,Hydrogen,Residue,Gasification,GWh,PB,2035,1.71108
Non-fossil end-use fuels (including biofuels),"Biofuels, synthesized fuels and hydrogen production by technology",Energy,Fuel production,Hydrogen,Residue,Gasification,GWh,PB,2040,12.95899
Non-fossil end-use fuels (including biofuels),"Biofuels, synthesized fuels and hydrogen production by technology",Energy,Fuel production,Hydrogen,Residue,Gasification,GWh,PB,2045,16.93386
Non-fossil end-use fuels (including biofuels),"Biofuels, synthesized fuels and hydrogen production by technology",Energy,Fuel production,Hydrogen,Residue,Gasification,GWh,PB,2050,16.01729
Non-fossil end-use fuels (including biofuels),"Biofuels, synthesized fuels and hydrogen production by technology",Energy,Fuel production,Hydrogen,Residue,Gasification,GWh,PE,2025,0.0
Non-fossil end-use fuels (including biofuels),"Biofuels, synthesized fuels and hydrogen production by technology",Energy,Fuel production,Hydrogen,Residue,Gasification,GWh,PE,2030,0.0
Non-fossil end-use fuels (including biofuels),"Biofuels, synthesized fuels and hydrogen production by technology",Energy,Fuel production,Hydrogen,Residue,Gasification,GWh,PE,2035,124.17265
Non-fossil end-use fuels (including biofuels),"Biofuels, synthesized fuels and hydrogen production by technology",Energy,Fuel production,Hydrogen,Residue,Gasification,GWh,PE,2040,130.93784
Non-fossil end-use fuels (including biofuels),"Biofuels, synthesized fuels and hydrogen production by technology",Energy,Fuel production,Hydrogen,Residue,Gasification,GWh,PE,2045,137.85036
Non-fossil end-use fuels (including biofuels),"Biofuels, synthesized fuels and hydrogen production by technology",Energy,Fuel production,Hydrogen,Residue,Gasification,GWh,PE,2050,137.07479
Non-fossil end-use fuels (including biofuels),"Biofuels, synthesized fuels and hydrogen production by technology",Energy,Fuel production,Hydrogen,Residue,Gasification,GWh,PI,2025,0.0
Non-fossil end-use fuels (including biofuels),"Biofuels, synthesized fuels and hydrogen production by technology",Energy,Fuel production,Hydrogen,Residue,Gasification,GWh,PI,2030,0.0
Non-fossil end-use fuels (including biofuels),"Biofuels, synthesized fuels and hydrogen production by technology",Energy,Fuel production,Hydrogen,Residue,Gasification,GWh,PI,2035,22.71517
Non-fossil end-use fuels (including biofuels),"Biofuels, synthesized fuels and hydrogen production by technology",Energy,Fuel production,Hydrogen,Residue,Gasification,GWh,PI,2040,41.73139
Non-fossil end-use fuels (including biofuels),"Biofuels, synthesized fuels and hydrogen production by technology",Energy,Fuel production,Hydrogen,Residue,Gasification,GWh,PI,2045,52.7757
Non-fossil end-use fuels (including biofuels),"Biofuels, synthesized fuels and hydrogen production by technology",Energy,Fuel production,Hydrogen,Residue,Gasification,GWh,PI,2050,52.70494
Non-fossil end-use fuels (including biofuels),"Biofuels, synthesized fuels and hydrogen production by technology",Energy,Fuel production,Hydrogen,Residue,Gasification,GWh,PR,2025,0.0
Non-fossil end-use fuels (including biofuels),"Biofuels, synthesized fuels and hydrogen production by technology",Energy,Fuel production,Hydrogen,Residue,Gasification,GWh,PR,2030,0.0
Non-fossil end-use fuels (including biofuels),"Biofuels, synthesized fuels and hydrogen production by technology",Energy,Fuel production,Hydrogen,Residue,Gasification,GWh,PR,2035,9.09872
Non-fossil end-use fuels (including biofuels),"Biofuels, synthesized fuels and hydrogen production by technology",Energy,Fuel production,Hydrogen,Residue,Gasification,GWh,PR,2040,22.56629
Non-fossil end-use fuels (including biofuels),"Biofuels, synthesized fuels and hydrogen production by technology",Energy,Fuel production,Hydrogen,Residue,Gasification,GWh,PR,2045,26.14486
Non-fossil end-use fuels (including biofuels),"Biofuels, synthesized fuels and hydrogen production by technology",Energy,Fuel production,Hydrogen,Residue,Gasification,GWh,PR,2050,25.65725
Non-fossil end-use fuels (including biofuels),"Biofuels, synthesized fuels and hydrogen production by technology",Energy,Fuel production,Hydrogen,Residue,Gasification,GWh,RJ,2025,0.0
Non-fossil end-use fuels (including biofuels),"Biofuels, synthesized fuels and hydrogen production by technology",Energy,Fuel production,Hydrogen,Residue,Gasification,GWh,RJ,2030,0.0
Non-fossil end-use fuels (including biofuels),"Biofuels, synthesized fuels and hydrogen production by technology",Energy,Fuel production,Hydrogen,Residue,Gasification,GWh,RJ,2035,35.22629
Non-fossil end-use fuels (including biofuels),"Biofuels, synthesized fuels and hydrogen production by technology",Energy,Fuel production,Hydrogen,Residue,Gasification,GWh,RJ,2040,97.7132
Non-fossil end-use fuels (including biofuels),"Biofuels, synthesized fuels and hydrogen production by technology",Energy,Fuel production,Hydrogen,Residue,Gasification,GWh,RJ,2045,131.68832
Non-fossil end-use fuels (including biofuels),"Biofuels, synthesized fuels and hydrogen production by technology",Energy,Fuel production,Hydrogen,Residue,Gasification,GWh,RJ,2050,132.22406
Non-fossil end-use fuels (including biofuels),"Biofuels, synthesized fuels and hydrogen production by technology",Energy,Fuel production,Hydrogen,Residue,Gasification,GWh,RN,2025,0.0
Non-fossil end-use fuels (including biofuels),"Biofuels, synthesized fuels and hydrogen production by technology",Energy,Fuel production,Hydrogen,Residue,Gasification,GWh,RN,2030,0.0
Non-fossil end-use fuels (including biofuels),"Biofuels, synthesized fuels and hydrogen production by technology",Energy,Fuel production,Hydrogen,Residue,Gasification,GWh,RN,2035,0.68211
Non-fossil end-use fuels (including biofuels),"Biofuels, synthesized fuels and hydrogen production by technology",Energy,Fuel production,Hydrogen,Residue,Gasification,GWh,RN,2040,9.96518
Non-fossil end-use fuels (including biofuels),"Biofuels, synthesized fuels and hydrogen production by technology",Energy,Fuel production,Hydrogen,Residue,Gasification,GWh,RN,2045,13.35137
Non-fossil end-use fuels (including biofuels),"Biofuels, synthesized fuels and hydrogen production by technology",Energy,Fuel production,Hydrogen,Residue,Gasification,GWh,RN,2050,13.10038
Non-fossil end-use fuels (including biofuels),"Biofuels, synthesized fuels and hydrogen production by technology",Energy,Fuel production,Hydrogen,Residue,Gasification,GWh,RO,2025,0.0
Non-fossil end-use fuels (including biofuels),"Biofuels, synthesized fuels and hydrogen production by technology",Energy,Fuel production,Hydrogen,Residue,Gasification,GWh,RO,2030,0.0
Non-fossil end-use fuels (including biofuels),"Biofuels, synthesized fuels and hydrogen production by technology",Energy,Fuel production,Hydrogen,Residue,Gasification,GWh,RO,2035,0.5657
Non-fossil end-use fuels (including biofuels),"Biofuels, synthesized fuels and hydrogen production by technology",Energy,Fuel production,Hydrogen,Residue,Gasification,GWh,RO,2040,9.39294
Non-fossil end-use fuels (including biofuels),"Biofuels, synthesized fuels and hydrogen production by technology",Energy,Fuel production,Hydrogen,Residue,Gasification,GWh,RO,2045,11.54304
Non-fossil end-use fuels (including biofuels),"Biofuels, synthesized fuels and hydrogen production by technology",Energy,Fuel production,Hydrogen,Residue,Gasification,GWh,RO,2050,12.55613
Non-fossil end-use fuels (including biofuels),"Biofuels, synthesized fuels and hydrogen production by technology",Energy,Fuel production,Hydrogen,Residue,Gasification,GWh,RR,2025,0.0
Non-fossil end-use fuels (including biofuels),"Biofuels, synthesized fuels and hydrogen production by technology",Energy,Fuel production,Hydrogen,Residue,Gasification,GWh,RR,2030,0.0
Non-fossil end-use fuels (including biofuels),"Biofuels, synthesized fuels and hydrogen production by technology",Energy,Fuel production,Hydrogen,Residue,Gasification,GWh,RR,2035,0.52121
Non-fossil end-use fuels (including biofuels),"Biofuels, synthesized fuels and hydrogen production by technology",Energy,Fuel production,Hydrogen,Residue,Gasification,GWh,RR,2040,4.03416
Non-fossil end-use fuels (including biofuels),"Biofuels, synthesized fuels and hydrogen production by technology",Energy,Fuel production,Hydrogen,Residue,Gasification,GWh,RR,2045,6.48128
Non-fossil end-use fuels (including biofuels),"Biofuels, synthesized fuels and hydrogen production by technology",Energy,Fuel production,Hydrogen,Residue,Gasification,GWh,RR,2050,6.96028
Non-fossil end-use fuels (including biofuels),"Biofuels, synthesized fuels and hydrogen production by technology",Energy,Fuel production,Hydrogen,Residue,Gasification,GWh,RS,2025,0.0
Non-fossil end-use fuels (including biofuels),"Biofuels, synthesized fuels and hydrogen production by technology",Energy,Fuel production,Hydrogen,Residue,Gasification,GWh,RS,2030,0.0
Non-fossil end-use fuels (including biofuels),"Biofuels, synthesized fuels and hydrogen production by technology",Energy,Fuel production,Hydrogen,Residue,Gasification,GWh,RS,2035,6.03566
Non-fossil end-use fuels (including biofuels),"Biofuels, synthesized fuels and hydrogen production by technology",Energy,Fuel production,Hydrogen,Residue,Gasification,GWh,RS,2040,11.14641
Non-fossil end-use fuels (including biofuels),"Biofuels, synthesized fuels and hydrogen production by technology",Energy,Fuel production,Hydrogen,Residue,Gasification,GWh,RS,2045,14.77575
Non-fossil end-use fuels (including biofuels),"Biofuels, synthesized fuels and hydrogen production by technology",Energy,Fuel production,Hydrogen,Residue,Gasification,GWh,RS,2050,14.51485
Non-fossil end-use fuels (including biofuels),"Biofuels, synthesized fuels and hydrogen production by technology",Energy,Fuel production,Hydrogen,Residue,Gasification,GWh,SC,2025,0.0
Non-fossil end-use fuels (including biofuels),"Biofuels, synthesized fuels and hydrogen production by technology",Energy,Fuel production,Hydrogen,Residue,Gasification,GWh,SC,2030,0.0
Non-fossil end-use fuels (including biofuels),"Biofuels, synthesized fuels and hydrogen production by technology",Energy,Fuel production,Hydrogen,Residue,Gasification,GWh,SC,2035,4.44945
Non-fossil end-use fuels (including biofuels),"Biofuels, synthesized fuels and hydrogen production by technology",Energy,Fuel production,Hydrogen,Residue,Gasification,GWh,SC,2040,11.28586
Non-fossil end-use fuels (including biofuels),"Biofuels, synthesized fuels and hydrogen production by technology",Energy,Fuel production,Hydrogen,Residue,Gasification,GWh,SC,2045,15.18267
Non-fossil end-use fuels (including biofuels),"Biofuels, synthesized fuels and hydrogen production by technology",Energy,Fuel production,Hydrogen,Residue,Gasification,GWh,SC,2050,14.64606
Non-fossil end-use fuels (including biofuels),"Biofuels, synthesized fuels and hydrogen production by technology",Energy,Fuel production,Hydrogen,Residue,Gasification,GWh,SE,2025,0.0
Non-fossil end-use fuels (including biofuels),"Biofuels, synthesized fuels and hydrogen production by technology",Energy,Fuel production,Hydrogen,Residue,Gasification,GWh,SE,2030,0.0
Non-fossil end-use fuels (including biofuels),"Biofuels, synthesized fuels and hydrogen production by technology",Energy,Fuel production,Hydrogen,Residue,Gasification,GWh,SE,2035,8.30967
Non-fossil end-use fuels (including biofuels),"Biofuels, synthesized fuels and hydrogen production by technology",Energy,Fuel production,Hydrogen,Residue,Gasification,GWh,SE,2040,16.34806
Non-fossil end-use fuels (including biofuels),"Biofuels, synthesized fuels and hydrogen production by technology",Energy,Fuel production,Hydrogen,Residue,Gasification,GWh,SE,2045,20.17609
Non-fossil end-use fuels (including biofuels),"Biofuels, synthesized fuels and hydrogen production by technology",Energy,Fuel production,Hydrogen,Residue,Gasification,GWh,SE,2050,19.97421
Non-fossil end-use fuels (including biofuels),"Biofuels, synthesized fuels and hydrogen production by technology",Energy,Fuel production,Hydrogen,Residue,Gasification,GWh,SP,2025,0.0
Non-fossil end-use fuels (including biofuels),"Biofuels, synthesized fuels and hydrogen production by technology",Energy,Fuel production,Hydrogen,Residue,Gasification,GWh,SP,2030,0.0
Non-fossil end-use fuels (including biofuels),"Biofuels, synthesized fuels and hydrogen production by technology",Energy,Fuel production,Hydrogen,Residue,Gasification,GWh,SP,2035,9.15914
Non-fossil end-use fuels (including biofuels),"Biofuels, synthesized fuels and hydrogen production by technology",Energy,Fuel production,Hydrogen,Residue,Gasification,GWh,SP,2040,24.70305
Non-fossil end-use fuels (including biofuels),"Biofuels, synthesized fuels and hydrogen production by technology",Energy,Fuel production,Hydrogen,Residue,Gasification,GWh,SP,2045,27.53441
Non-fossil end-use fuels (including biofuels),"Biofuels, synthesized fuels and hydrogen production by technology",Energy,Fuel production,Hydrogen,Residue,Gasification,GWh,SP,2050,27.93539
Non-fossil end-use fuels (including biofuels),"Biofuels, synthesized fuels and hydrogen production by technology",Energy,Fuel production,Hydrogen,Residue,Gasification,GWh,TO,2025,0.0
Non-fossil end-use fuels (including biofuels),"Biofuels, synthesized fuels and hydrogen production by technology",Energy,Fuel production,Hydrogen,Residue,Gasification,GWh,TO,2030,0.0
Non-fossil end-use fuels (including biofuels),"Biofuels, synthesized fuels and hydrogen production by technology",Energy,Fuel production,Hydrogen,Residue,Gasification,GWh,TO,2035,2.90379
Non-fossil end-use fuels (including biofuels),"Biofuels, synthesized fuels and hydrogen production by technology",Energy,Fuel production,Hydrogen,Residue,Gasification,GWh,TO,2040,34.66789
Non-fossil end-use fuels (including biofuels),"Biofuels, synthesized fuels and hydrogen production by technology",Energy,Fuel production,Hydrogen,Residue,Gasification,GWh,TO,2045,45.07763
Non-fossil end-use fuels (including biofuels),"Biofuels, synthesized fuels and hydrogen production by technology",Energy,Fuel production,Hydrogen,Residue,Gasification,GWh,TO,2050,44.65119
Non-fossil end-use fuels (including biofuels),"Biofuels, synthesized fuels and hydrogen production by technology",Energy,Fuel production,Hydrogen,Residue,Gasification with CCS,GWh,AC,2025,0.0
Non-fossil end-use fuels (including biofuels),"Biofuels, synthesized fuels and hydrogen production by technology",Energy,Fuel production,Hydrogen,Residue,Gasification with CCS,GWh,AC,2030,0.0
Non-fossil end-use fuels (including biofuels),"Biofuels, synthesized fuels and hydrogen production by technology",Energy,Fuel production,Hydrogen,Residue,Gasification with CCS,GWh,AC,2035,0.36741
Non-fossil end-use fuels (including biofuels),"Biofuels, synthesized fuels and hydrogen production by technology",Energy,Fuel production,Hydrogen,Residue,Gasification with CCS,GWh,AC,2040,4.28219
Non-fossil end-use fuels (including biofuels),"Biofuels, synthesized fuels and hydrogen production by technology",Energy,Fuel production,Hydrogen,Residue,Gasification with CCS,GWh,AC,2045,8.27895
Non-fossil end-use fuels (including biofuels),"Biofuels, synthesized fuels and hydrogen production by technology",Energy,Fuel production,Hydrogen,Residue,Gasification with CCS,GWh,AC,2050,14.40992
Non-fossil end-use fuels (including biofuels),"Biofuels, synthesized fuels and hydrogen production by technology",Energy,Fuel production,Hydrogen,Residue,Gasification with CCS,GWh,AL,2025,0.0
Non-fossil end-use fuels (including biofuels),"Biofuels, synthesized fuels and hydrogen production by technology",Energy,Fuel production,Hydrogen,Residue,Gasification with CCS,GWh,AL,2030,0.0
Non-fossil end-use fuels (including biofuels),"Biofuels, synthesized fuels and hydrogen production by technology",Energy,Fuel production,Hydrogen,Residue,Gasification with CCS,GWh,AL,2035,1.07768
Non-fossil end-use fuels (including biofuels),"Biofuels, synthesized fuels and hydrogen production by technology",Energy,Fuel production,Hydrogen,Residue,Gasification with CCS,GWh,AL,2040,4.42218
Non-fossil end-use fuels (including biofuels),"Biofuels, synthesized fuels and hydrogen production by technology",Energy,Fuel production,Hydrogen,Residue,Gasification with CCS,GWh,AL,2045,8.05393
Non-fossil end-use fuels (including biofuels),"Biofuels, synthesized fuels and hydrogen production by technology",Energy,Fuel production,Hydrogen,Residue,Gasification with CCS,GWh,AL,2050,12.80279
Non-fossil end-use fuels (including biofuels),"Biofuels, synthesized fuels and hydrogen production by technology",Energy,Fuel production,Hydrogen,Residue,Gasification with CCS,GWh,AM,2025,0.0
Non-fossil end-use fuels (including biofuels),"Biofuels, synthesized fuels and hydrogen production by technology",Energy,Fuel production,Hydrogen,Residue,Gasification with CCS,GWh,AM,2030,0.0
Non-fossil end-use fuels (including biofuels),"Biofuels, synthesized fuels and hydrogen production by technology",Energy,Fuel production,Hydrogen,Residue,Gasification with CCS,GWh,AM,2035,0.48899
Non-fossil end-use fuels (including biofuels),"Biofuels, synthesized fuels and hydrogen production by technology",Energy,Fuel production,Hydrogen,Residue,Gasification with CCS,GWh,AM,2040,2.38631
Non-fossil end-use fuels (including biofuels),"Biofuels, synthesized fuels and hydrogen production by technology",Energy,Fuel production,Hydrogen,Residue,Gasification with CCS,GWh,AM,2045,5.95291
Non-fossil end-use fuels (including biofuels),"Biofuels, synthesized fuels and hydrogen production by technology",Energy,Fuel production,Hydrogen,Residue,Gasification with CCS,GWh,AM,2050,9.24793
Non-fossil end-use fuels (including biofuels),"Biofuels, synthesized fuels and hydrogen production by technology",Energy,Fuel production,Hydrogen,Residue,Gasification with CCS,GWh,BA,2025,0.0
Non-fossil end-use fuels (including biofuels),"Biofuels, synthesized fuels and hydrogen production by technology",Energy,Fuel production,Hydrogen,Residue,Gasification with CCS,GWh,BA,2030,0.0
Non-fossil end-use fuels (including biofuels),"Biofuels, synthesized fuels and hydrogen production by technology",Energy,Fuel production,Hydrogen,Residue,Gasification with CCS,GWh,BA,2035,318.42866
Non-fossil end-use fuels (including biofuels),"Biofuels, synthesized fuels and hydrogen production by technology",Energy,Fuel production,Hydrogen,Residue,Gasification with CCS,GWh,BA,2040,313.13374
Non-fossil end-use fuels (including biofuels),"Biofuels, synthesized fuels and hydrogen production by technology",Energy,Fuel production,Hydrogen,Residue,Gasification with CCS,GWh,BA,2045,319.00419
Non-fossil end-use fuels (including biofuels),"Biofuels, synthesized fuels and hydrogen production by technology",Energy,Fuel production,Hydrogen,Residue,Gasification with CCS,GWh,BA,2050,335.08634
Non-fossil end-use fuels (including biofuels),"Biofuels, synthesized fuels and hydrogen production by technology",Energy,Fuel production,Hydrogen,Residue,Gasification with CCS,GWh,CE,2025,0.0
Non-fossil end-use fuels (including biofuels),"Biofuels, synthesized fuels and hydrogen production by technology",Energy,Fuel production,Hydrogen,Residue,Gasification with CCS,GWh,CE,2030,0.0
Non-fossil end-use fuels (including biofuels),"Biofuels, synthesized fuels and hydrogen production by technology",Energy,Fuel production,Hydrogen,Residue,Gasification with CCS,GWh,CE,2035,2.25919
Non-fossil end-use fuels (including biofuels),"Biofuels, synthesized fuels and hydrogen production by technology",Energy,Fuel production,Hydrogen,Residue,Gasification with CCS,GWh,CE,2040,8.61309
Non-fossil end-use fuels (including biofuels),"Biofuels, synthesized fuels and hydrogen production by technology",Energy,Fuel production,Hydrogen,Residue,Gasification with CCS,GWh,CE,2045,13.31825
Non-fossil end-use fuels (including biofuels),"Biofuels, synthesized fuels and hydrogen production by technology",Energy,Fuel production,Hydrogen,Residue,Gasification with CCS,GWh,CE,2050,22.7678
Non-fossil end-use fuels (including biofuels),"Biofuels, synthesized fuels and hydrogen production by technology",Energy,Fuel production,Hydrogen,Residue,Gasification with CCS,GWh,DF,2025,0.0
Non-fossil end-use fuels (including biofuels),"Biofuels, synthesized fuels and hydrogen production by technology",Energy,Fuel production,Hydrogen,Residue,Gasification with CCS,GWh,DF,2030,0.0
Non-fossil end-use fuels (including biofuels),"Biofuels, synthesized fuels and hydrogen production by technology",Energy,Fuel production,Hydrogen,Residue,Gasification with CCS,GWh,DF,2035,0.65553
Non-fossil end-use fuels (including biofuels),"Biofuels, synthesized fuels and hydrogen production by technology",Energy,Fuel production,Hydrogen,Residue,Gasification with CCS,GWh,DF,2040,6.85213
Non-fossil end-use fuels (including biofuels),"Biofuels, synthesized fuels and hydrogen production by technology",Energy,Fuel production,Hydrogen,Residue,Gasification with CCS,GWh,DF,2045,11.18092
Non-fossil end-use fuels (including biofuels),"Biofuels, synthesized fuels and hydrogen production by technology",Energy,Fuel production,Hydrogen,Residue,Gasification with CCS,GWh,DF,2050,24.73797
Non-fossil end-use fuels (including biofuels),"Biofuels, synthesized fuels and hydrogen production by technology",Energy,Fuel production,Hydrogen,Residue,Gasification with CCS,GWh,ES,2025,0.0
Non-fossil end-use fuels (including biofuels),"Biofuels, synthesized fuels and hydrogen production by technology",Energy,Fuel production,Hydrogen,Residue,Gasification with CCS,GWh,ES,2030,0.0
Non-fossil end-use fuels (including biofuels),"Biofuels, synthesized fuels and hydrogen production by technology",Energy,Fuel production,Hydrogen,Residue,Gasification with CCS,GWh,ES,2035,10.36566
Non-fossil end-use fuels (including biofuels),"Biofuels, synthesized fuels and hydrogen production by technology",Energy,Fuel production,Hydrogen,Residue,Gasification with CCS,GWh,ES,2040,19.96545
Non-fossil end-use fuels (including biofuels),"Biofuels, synthesized fuels and hydrogen production by technology",Energy,Fuel production,Hydrogen,Residue,Gasification with CCS,GWh,ES,2045,24.71442
Non-fossil end-use fuels (including biofuels),"Biofuels, synthesized fuels and hydrogen production by technology",Energy,Fuel production,Hydrogen,Residue,Gasification with CCS,GWh,ES,2050,76.81004
Non-fossil end-use fuels (including biofuels),"Biofuels, synthesized fuels and hydrogen production by technology",Energy,Fuel production,Hydrogen,Residue,Gasification with CCS,GWh,GO,2025,0.0
Non-fossil end-use fuels (including biofuels),"Biofuels, synthesized fuels and hydrogen production by technology",Energy,Fuel production,Hydrogen,Residue,Gasification with CCS,GWh,GO,2030,0.0
Non-fossil end-use fuels (including biofuels),"Biofuels, synthesized fuels and hydrogen production by technology",Energy,Fuel production,Hydrogen,Residue,Gasification with CCS,GWh,GO,2035,18.12476
Non-fossil end-use fuels (including biofuels),"Biofuels, synthesized fuels and hydrogen production by technology",Energy,Fuel production,Hydrogen,Residue,Gasification with CCS,GWh,GO,2040,25.40524
Non-fossil end-use fuels (including biofuels),"Biofuels, synthesized fuels and hydrogen production by technology",Energy,Fuel production,Hydrogen,Residue,Gasification with CCS,GWh,GO,2045,29.92875
Non-fossil end-use fuels (including biofuels),"Biofuels, synthesized fuels and hydrogen production by technology",Energy,Fuel production,Hydrogen,Residue,Gasification with CCS,GWh,GO,2050,96.97882
Non-fossil end-use fuels (including biofuels),"Biofuels, synthesized fuels and hydrogen production by technology",Energy,Fuel production,Hydrogen,Residue,Gasification with CCS,GWh,MA,2025,0.0
Non-fossil end-use fuels (including biofuels),"Biofuels, synthesized fuels and hydrogen production by technology",Energy,Fuel production,Hydrogen,Residue,Gasification with CCS,GWh,MA,2030,0.0
Non-fossil end-use fuels (including biofuels),"Biofuels, synthesized fuels and hydrogen production by technology",Energy,Fuel production,Hydrogen,Residue,Gasification with CCS,GWh,MA,2035,3.30974
Non-fossil end-use fuels (including biofuels),"Biofuels, synthesized fuels and hydrogen production by technology",Energy,Fuel production,Hydrogen,Residue,Gasification with CCS,GWh,MA,2040,15.13873
Non-fossil end-use fuels (including biofuels),"Biofuels, synthesized fuels and hydrogen production by technology",Energy,Fuel production,Hydrogen,Residue,Gasification with CCS,GWh,MA,2045,20.36225
Non-fossil end-use fuels (including biofuels),"Biofuels, synthesized fuels and hydrogen production by technology",Energy,Fuel production,Hydrogen,Residue,Gasification with CCS,GWh,MA,2050,53.96259
Non-fossil end-use fuels (including biofuels),"Biofuels, synthesized fuels and hydrogen production by technology",Energy,Fuel production,Hydrogen,Residue,Gasification with CCS,GWh,MG,2025,0.0
Non-fossil end-use fuels (including biofuels),"Biofuels, synthesized fuels and hydrogen production by technology",Energy,Fuel production,Hydrogen,Residue,Gasification with CCS,GWh,MG,2030,0.0
Non-fossil end-use fuels (including biofuels),"Biofuels, synthesized fuels and hydrogen production by technology",Energy,Fuel production,Hydrogen,Residue,Gasification with CCS,GWh,MG,2035,24.28469
Non-fossil end-use fuels (including biofuels),"Biofuels, synthesized fuels and hydrogen production by technology",Energy,Fuel production,Hydrogen,Residue,Gasification with CCS,GWh,MG,2040,35.52014
Non-fossil end-use fuels (including biofuels),"Biofuels, synthesized fuels and hydrogen production by technology",Energy,Fuel production,Hydrogen,Residue,Gasification with CCS,GWh,MG,2045,40.29451
Non-fossil end-use fuels (including biofuels),"Biofuels, synthesized fuels and hydrogen production by technology",Energy,Fuel production,Hydrogen,Residue,Gasification with CCS,GWh,MG,2050,145.16686
Non-fossil end-use fuels (including biofuels),"Biofuels, synthesized fuels and hydrogen production by technology",Energy,Fuel production,Hydrogen,Residue,Gasification with CCS,GWh,MS,2025,0.0
Non-fossil end-use fuels (including biofuels),"Biofuels, synthesized fuels and hydrogen production by technology",Energy,Fuel production,Hydrogen,Residue,Gasification with CCS,GWh,MS,2030,0.0
Non-fossil end-use fuels (including biofuels),"Biofuels, synthesized fuels and hydrogen production by technology",Energy,Fuel production,Hydrogen,Residue,Gasification with CCS,GWh,MS,2035,29.03817
Non-fossil end-use fuels (including biofuels),"Biofuels, synthesized fuels and hydrogen production by technology",Energy,Fuel production,Hydrogen,Residue,Gasification with CCS,GWh,MS,2040,25.14066
Non-fossil end-use fuels (including biofuels),"Biofuels, synthesized fuels and hydrogen production by technology",Energy,Fuel production,Hydrogen,Residue,Gasification with CCS,GWh,MS,2045,30.15219
Non-fossil end-use fuels (including biofuels),"Biofuels, synthesized fuels and hydrogen production by technology",Energy,Fuel production,Hydrogen,Residue,Gasification with CCS,GWh,MS,2050,224.71677
Non-fossil end-use fuels (including biofuels),"Biofuels, synthesized fuels and hydrogen production by technology",Energy,Fuel production,Hydrogen,Residue,Gasification with CCS,GWh,MT,2025,0.0
Non-fossil end-use fuels (including biofuels),"Biofuels, synthesized fuels and hydrogen production by technology",Energy,Fuel production,Hydrogen,Residue,Gasification with CCS,GWh,MT,2030,0.0
Non-fossil end-use fuels (including biofuels),"Biofuels, synthesized fuels and hydrogen production by technology",Energy,Fuel production,Hydrogen,Residue,Gasification with CCS,GWh,MT,2035,105.23666
Non-fossil end-use fuels (including biofuels),"Biofuels, synthesized fuels and hydrogen production by technology",Energy,Fuel production,Hydrogen,Residue,Gasification with CCS,GWh,MT,2040,100.67837
Non-fossil end-use fuels (including biofuels),"Biofuels, synthesized fuels and hydrogen production by technology",Energy,Fuel production,Hydrogen,Residue,Gasification with CCS,GWh,MT,2045,105.49162
Non-fossil end-use fuels (including biofuels),"Biofuels, synthesized fuels and hydrogen production by technology",Energy,Fuel production,Hydrogen,Residue,Gasification with CCS,GWh,MT,2050,128.08832
Non-fossil end-use fuels (including biofuels),"Biofuels, synthesized fuels and hydrogen production by technology",Energy,Fuel production,Hydrogen,Residue,Gasification with CCS,GWh,PA,2025,0.0
Non-fossil end-use fuels (including biofuels),"Biofuels, synthesized fuels and hydrogen production by technology",Energy,Fuel production,Hydrogen,Residue,Gasification with CCS,GWh,PA,2030,0.0
Non-fossil end-use fuels (including biofuels),"Biofuels, synthesized fuels and hydrogen production by technology",Energy,Fuel production,Hydrogen,Residue,Gasification with CCS,GWh,PA,2035,1.5448
Non-fossil end-use fuels (including biofuels),"Biofuels, synthesized fuels and hydrogen production by technology",Energy,Fuel production,Hydrogen,Residue,Gasification with CCS,GWh,PA,2040,11.15664
Non-fossil end-use fuels (including biofuels),"Biofuels, synthesized fuels and hydrogen production by technology",Energy,Fuel production,Hydrogen,Residue,Gasification with CCS,GWh,PA,2045,32.04535
Non-fossil end-use fuels (including biofuels),"Biofuels, synthesized fuels and hydrogen production by technology",Energy,Fuel production,Hydrogen,Residue,Gasification with CCS,GWh,PA,2050,41.33171
Non-fossil end-use fuels (including biofuels),"Biofuels, synthesized fuels and hydrogen production by technology",Energy,Fuel production,Hydrogen,Residue,Gasification with CCS,GWh,PB,2025,0.0
Non-fossil end-use fuels (including biofuels),"Biofuels, synthesized fuels and hydrogen production by technology",Energy,Fuel production,Hydrogen,Residue,Gasification with CCS,GWh,PB,2030,0.0
Non-fossil end-use fuels (including biofuels),"Biofuels, synthesized fuels and hydrogen production by technology",Energy,Fuel production,Hydrogen,Residue,Gasification with CCS,GWh,PB,2035,0.9179
Non-fossil end-use fuels (including biofuels),"Biofuels, synthesized fuels and hydrogen production by technology",Energy,Fuel production,Hydrogen,Residue,Gasification with CCS,GWh,PB,2040,6.34932
Non-fossil end-use fuels (including biofuels),"Biofuels, synthesized fuels and hydrogen production by technology",Energy,Fuel production,Hydrogen,Residue,Gasification with CCS,GWh,PB,2045,9.88316
Non-fossil end-use fuels (including biofuels),"Biofuels, synthesized fuels and hydrogen production by technology",Energy,Fuel production,Hydrogen,Residue,Gasification with CCS,GWh,PB,2050,9.60734
Non-fossil end-use fuels (including biofuels),"Biofuels, synthesized fuels and hydrogen production by technology",Energy,Fuel production,Hydrogen,Residue,Gasification with CCS,GWh,PE,2025,0.0
Non-fossil end-use fuels (including biofuels),"Biofuels, synthesized fuels and hydrogen production by technology",Energy,Fuel production,Hydrogen,Residue,Gasification with CCS,GWh,PE,2030,0.0
Non-fossil end-use fuels (including biofuels),"Biofuels, synthesized fuels and hydrogen production by technology",Energy,Fuel production,Hydrogen,Residue,Gasification with CCS,GWh,PE,2035,3.01454
Non-fossil end-use fuels (including biofuels),"Biofuels, synthesized fuels and hydrogen production by technology",Energy,Fuel production,Hydrogen,Residue,Gasification with CCS,GWh,PE,2040,10.3783
Non-fossil end-use fuels (including biofuels),"Biofuels, synthesized fuels and hydrogen production by technology",Energy,Fuel production,Hydrogen,Residue,Gasification with CCS,GWh,PE,2045,14.32862
Non-fossil end-use fuels (including biofuels),"Biofuels, synthesized fuels and hydrogen production by technology",Energy,Fuel production,Hydrogen,Residue,Gasification with CCS,GWh,PE,2050,14.00036
Non-fossil end-use fuels (including biofuels),"Biofuels, synthesized fuels and hydrogen production by technology",Energy,Fuel production,Hydrogen,Residue,Gasification with CCS,GWh,PI,2025,0.0
Non-fossil end-use fuels (including biofuels),"Biofuels, synthesized fuels and hydrogen production by technology",Energy,Fuel production,Hydrogen,Residue,Gasification with CCS,GWh,PI,2030,0.0
Non-fossil end-use fuels (including biofuels),"Biofuels, synthesized fuels and hydrogen production by technology",Energy,Fuel production,Hydrogen,Residue,Gasification with CCS,GWh,PI,2035,1.9859
Non-fossil end-use fuels (including biofuels),"Biofuels, synthesized fuels and hydrogen production by technology",Energy,Fuel production,Hydrogen,Residue,Gasification with CCS,GWh,PI,2040,10.40398
Non-fossil end-use fuels (including biofuels),"Biofuels, synthesized fuels and hydrogen production by technology",Energy,Fuel production,Hydrogen,Residue,Gasification with CCS,GWh,PI,2045,15.23514
Non-fossil end-use fuels (including biofuels),"Biofuels, synthesized fuels and hydrogen production by technology",Energy,Fuel production,Hydrogen,Residue,Gasification with CCS,GWh,PI,2050,32.57207
Non-fossil end-use fuels (including biofuels),"Biofuels, synthesized fuels and hydrogen production by technology",Energy,Fuel production,Hydrogen,Residue,Gasification with CCS,GWh,PR,2025,0.0
Non-fossil end-use fuels (including biofuels),"Biofuels, synthesized fuels and hydrogen production by technology",Energy,Fuel production,Hydrogen,Residue,Gasification with CCS,GWh,PR,2030,0.0
Non-fossil end-use fuels (including biofuels),"Biofuels, synthesized fuels and hydrogen production by technology",Energy,Fuel production,Hydrogen,Residue,Gasification with CCS,GWh,PR,2035,394.08272
Non-fossil end-use fuels (including biofuels),"Biofuels, synthesized fuels and hydrogen production by technology",Energy,Fuel production,Hydrogen,Residue,Gasification with CCS,GWh,PR,2040,388.95987
Non-fossil end-use fuels (including biofuels),"Biofuels, synthesized fuels and hydrogen production by technology",Energy,Fuel production,Hydrogen,Residue,Gasification with CCS,GWh,PR,2045,394.86878
Non-fossil end-use fuels (including biofuels),"Biofuels, synthesized fuels and hydrogen production by technology",Energy,Fuel production,Hydrogen,Residue,Gasification with CCS,GWh,PR,2050,2218.51614
Non-fossil end-use fuels (including biofuels),"Biofuels, synthesized fuels and hydrogen production by technology",Energy,Fuel production,Hydrogen,Residue,Gasification with CCS,GWh,RJ,2025,0.0
Non-fossil end-use fuels (including biofuels),"Biofuels, synthesized fuels and hydrogen production by technology",Energy,Fuel production,Hydrogen,Residue,Gasification with CCS,GWh,RJ,2030,0.0
Non-fossil end-use fuels (including biofuels),"Biofuels, synthesized fuels and hydrogen production by technology",Energy,Fuel production,Hydrogen,Residue,Gasification with CCS,GWh,RJ,2035,7.27057
Non-fossil end-use fuels (including biofuels),"Biofuels, synthesized fuels and hydrogen production by technology",Energy,Fuel production,Hydrogen,Residue,Gasification with CCS,GWh,RJ,2040,51.28714
Non-fossil end-use fuels (including biofuels),"Biofuels, synthesized fuels and hydrogen production by technology",Energy,Fuel production,Hydrogen,Residue,Gasification with CCS,GWh,RJ,2045,56.56489
Non-fossil end-use fuels (including biofuels),"Biofuels, synthesized fuels and hydrogen production by technology",Energy,Fuel production,Hydrogen,Residue,Gasification with CCS,GWh,RJ,2050,55.53323
Non-fossil end-use fuels (including biofuels),"Biofuels, synthesized fuels and hydrogen production by technology",Energy,Fuel production,Hydrogen,Residue,Gasification with CCS,GWh,RN,2025,0.0
Non-fossil end-use fuels (including biofuels),"Biofuels, synthesized fuels and hydrogen production by technology",Energy,Fuel production,Hydrogen,Residue,Gasification with CCS,GWh,RN,2030,0.0
Non-fossil end-use fuels (including biofuels),"Biofuels, synthesized fuels and hydrogen production by technology",Energy,Fuel production,Hydrogen,Residue,Gasification with CCS,GWh,RN,2035,0.50496
Non-fossil end-use fuels (including biofuels),"Biofuels, synthesized fuels and hydrogen production by technology",Energy,Fuel production,Hydrogen,Residue,Gasification with CCS,GWh,RN,2040,6.74435
Non-fossil end-use fuels (including biofuels),"Biofuels, synthesized fuels and hydrogen production by technology",Energy,Fuel production,Hydrogen,Residue,Gasification with CCS,GWh,RN,2045,9.60173
Non-fossil end-use fuels (including biofuels),"Biofuels, synthesized fuels and hydrogen production by technology",Energy,Fuel production,Hydrogen,Residue,Gasification with CCS,GWh,RN,2050,10.39219
Non-fossil end-use fuels (including biofuels),"Biofuels, synthesized fuels and hydrogen production by technology",Energy,Fuel production,Hydrogen,Residue,Gasification with CCS,GWh,RO,2025,0.0
Non-fossil end-use fuels (including biofuels),"Biofuels, synthesized fuels and hydrogen production by technology",Energy,Fuel production,Hydrogen,Residue,Gasification with CCS,GWh,RO,2030,0.0
Non-fossil end-use fuels (including biofuels),"Biofuels, synthesized fuels and hydrogen production by technology",Energy,Fuel production,Hydrogen,Residue,Gasification with CCS,GWh,RO,2035,0.56076
Non-fossil end-use fuels (including biofuels),"Biofuels, synthesized fuels and hydrogen production by technology",Energy,Fuel production,Hydrogen,Residue,Gasification with CCS,GWh,RO,2040,8.38327
Non-fossil end-use fuels (including biofuels),"Biofuels, synthesized fuels and hydrogen production by technology",Energy,Fuel production,Hydrogen,Residue,Gasification with CCS,GWh,RO,2045,12.35079
Non-fossil end-use fuels (including biofuels),"Biofuels, synthesized fuels and hydrogen production by technology",Energy,Fuel production,Hydrogen,Residue,Gasification with CCS,GWh,RO,2050,20.08076
Non-fossil end-use fuels (including biofuels),"Biofuels, synthesized fuels and hydrogen production by technology",Energy,Fuel production,Hydrogen,Residue,Gasification with CCS,GWh,RR,2025,0.0
Non-fossil end-use fuels (including biofuels),"Biofuels, synthesized fuels and hydrogen production by technology",Energy,Fuel production,Hydrogen,Residue,Gasification with CCS,GWh,RR,2030,0.0
Non-fossil end-use fuels (including biofuels),"Biofuels, synthesized fuels and hydrogen production by technology",Energy,Fuel production,Hydrogen,Residue,Gasification with CCS,GWh,RR,2035,0.40795
Non-fossil end-use fuels (including biofuels),"Biofuels, synthesized fuels and hydrogen production by technology",Energy,Fuel production,Hydrogen,Residue,Gasification with CCS,GWh,RR,2040,3.99701
Non-fossil end-use fuels (including biofuels),"Biofuels, synthesized fuels and hydrogen production by technology",Energy,Fuel production,Hydrogen,Residue,Gasification with CCS,GWh,RR,2045,7.76149
Non-fossil end-use fuels (including biofuels),"Biofuels, synthesized fuels and hydrogen production by technology",Energy,Fuel production,Hydrogen,Residue,Gasification with CCS,GWh,RR,2050,15.76911
Non-fossil end-use fuels (including biofuels),"Biofuels, synthesized fuels and hydrogen production by technology",Energy,Fuel production,Hydrogen,Residue,Gasification with CCS,GWh,RS,2025,0.0
Non-fossil end-use fuels (including biofuels),"Biofuels, synthesized fuels and hydrogen production by technology",Energy,Fuel production,Hydrogen,Residue,Gasification with CCS,GWh,RS,2030,0.0
Non-fossil end-use fuels (including biofuels),"Biofuels, synthesized fuels and hydrogen production by technology",Energy,Fuel production,Hydrogen,Residue,Gasification with CCS,GWh,RS,2035,408.31185
Non-fossil end-use fuels (including biofuels),"Biofuels, synthesized fuels and hydrogen production by technology",Energy,Fuel production,Hydrogen,Residue,Gasification with CCS,GWh,RS,2040,400.58203
Non-fossil end-use fuels (including biofuels),"Biofuels, synthesized fuels and hydrogen production by technology",Energy,Fuel production,Hydrogen,Residue,Gasification with CCS,GWh,RS,2045,407.84946
Non-fossil end-use fuels (including biofuels),"Biofuels, synthesized fuels and hydrogen production by technology",Energy,Fuel production,Hydrogen,Residue,Gasification with CCS,GWh,RS,2050,414.20169
Non-fossil end-use fuels (including biofuels),"Biofuels, synthesized fuels and hydrogen production by technology",Energy,Fuel production,Hydrogen,Residue,Gasification with CCS,GWh,SC,2025,0.0
Non-fossil end-use fuels (including biofuels),"Biofuels, synthesized fuels and hydrogen production by technology",Energy,Fuel production,Hydrogen,Residue,Gasification with CCS,GWh,SC,2030,0.0
Non-fossil end-use fuels (including biofuels),"Biofuels, synthesized fuels and hydrogen production by technology",Energy,Fuel production,Hydrogen,Residue,Gasification with CCS,GWh,SC,2035,116.74009
Non-fossil end-use fuels (including biofuels),"Biofuels, synthesized fuels and hydrogen production by technology",Energy,Fuel production,Hydrogen,Residue,Gasification with CCS,GWh,SC,2040,111.00169
Non-fossil end-use fuels (including biofuels),"Biofuels, synthesized fuels and hydrogen production by technology",Energy,Fuel production,Hydrogen,Residue,Gasification with CCS,GWh,SC,2045,122.8213
Non-fossil end-use fuels (including biofuels),"Biofuels, synthesized fuels and hydrogen production by technology",Energy,Fuel production,Hydrogen,Residue,Gasification with CCS,GWh,SC,2050,151.28535
Non-fossil end-use fuels (including biofuels),"Biofuels, synthesized fuels and hydrogen production by technology",Energy,Fuel production,Hydrogen,Residue,Gasification with CCS,GWh,SE,2025,0.0
Non-fossil end-use fuels (including biofuels),"Biofuels, synthesized fuels and hydrogen production by technology",Energy,Fuel production,Hydrogen,Residue,Gasification with CCS,GWh,SE,2030,0.0
Non-fossil end-use fuels (including biofuels),"Biofuels, synthesized fuels and hydrogen production by technology",Energy,Fuel production,Hydrogen,Residue,Gasification with CCS,GWh,SE,2035,2.06535
Non-fossil end-use fuels (including biofuels),"Biofuels, synthesized fuels and hydrogen production by technology",Energy,Fuel production,Hydrogen,Residue,Gasification with CCS,GWh,SE,2040,8.68721
Non-fossil end-use fuels (including biofuels),"Biofuels, synthesized fuels and hydrogen production by technology",Energy,Fuel production,Hydrogen,Residue,Gasification with CCS,GWh,SE,2045,12.13145
Non-fossil end-use fuels (including biofuels),"Biofuels, synthesized fuels and hydrogen production by technology",Energy,Fuel production,Hydrogen,Residue,Gasification with CCS,GWh,SE,2050,13.81817
Non-fossil end-use fuels (including biofuels),"Biofuels, synthesized fuels and hydrogen production by technology",Energy,Fuel production,Hydrogen,Residue,Gasification with CCS,GWh,SP,2025,0.0
Non-fossil end-use fuels (including biofuels),"Biofuels, synthesized fuels and hydrogen production by technology",Energy,Fuel production,Hydrogen,Residue,Gasification with CCS,GWh,SP,2030,0.0
Non-fossil end-use fuels (including biofuels),"Biofuels, synthesized fuels and hydrogen production by technology",Energy,Fuel production,Hydrogen,Residue,Gasification with CCS,GWh,SP,2035,3029.61098
Non-fossil end-use fuels (including biofuels),"Biofuels, synthesized fuels and hydrogen production by technology",Energy,Fuel production,Hydrogen,Residue,Gasification with CCS,GWh,SP,2040,3023.48295
Non-fossil end-use fuels (including biofuels),"Biofuels, synthesized fuels and hydrogen production by technology",Energy,Fuel production,Hydrogen,Residue,Gasification with CCS,GWh,SP,2045,3029.35272
Non-fossil end-use fuels (including biofuels),"Biofuels, synthesized fuels and hydrogen production by technology",Energy,Fuel production,Hydrogen,Residue,Gasification with CCS,GWh,SP,2050,3070.12062
Non-fossil end-use fuels (including biofuels),"Biofuels, synthesized fuels and hydrogen production by technology",Energy,Fuel production,Hydrogen,Residue,Gasification with CCS,GWh,TO,2025,0.0
Non-fossil end-use fuels (including biofuels),"Biofuels, synthesized fuels and hydrogen production by technology",Energy,Fuel production,Hydrogen,Residue,Gasification with CCS,GWh,TO,2030,0.0
Non-fossil end-use fuels (including biofuels),"Biofuels, synthesized fuels and hydrogen production by technology",Energy,Fuel production,Hydrogen,Residue,Gasification with CCS,GWh,TO,2035,1.66962
Non-fossil end-use fuels (including biofuels),"Biofuels, synthesized fuels and hydrogen production by technology",Energy,Fuel production,Hydrogen,Residue,Gasification with CCS,GWh,TO,2040,20.71859
Non-fossil end-use fuels (including biofuels),"Biofuels, synthesized fuels and hydrogen production by technology",Energy,Fuel production,Hydrogen,Residue,Gasification with CCS,GWh,TO,2045,45.17253
Non-fossil end-use fuels (including biofuels),"Biofuels, synthesized fuels and hydrogen production by technology",Energy,Fuel production,Hydrogen,Residue,Gasification with CCS,GWh,TO,2050,56.64247
Non-fossil end-use fuels (including biofuels),"Biofuels, synthesized fuels and hydrogen production by technology",Energy,Fuel production,Hydrogen,Wood,Gasification,GWh,BA,2025,0.0
Non-fossil end-use fuels (including biofuels),"Biofuels, synthesized fuels and hydrogen production by technology",Energy,Fuel production,Hydrogen,Wood,Gasification,GWh,BA,2030,0.0
Non-fossil end-use fuels (including biofuels),"Biofuels, synthesized fuels and hydrogen production by technology",Energy,Fuel production,Hydrogen,Wood,Gasification,GWh,BA,2035,1.87593
Non-fossil end-use fuels (including biofuels),"Biofuels, synthesized fuels and hydrogen production by technology",Energy,Fuel production,Hydrogen,Wood,Gasification,GWh,BA,2040,12.7077
Non-fossil end-use fuels (including biofuels),"Biofuels, synthesized fuels and hydrogen production by technology",Energy,Fuel production,Hydrogen,Wood,Gasification,GWh,BA,2045,12.27021
Non-fossil end-use fuels (including biofuels),"Biofuels, synthesized fuels and hydrogen production by technology",Energy,Fuel production,Hydrogen,Wood,Gasification,GWh,BA,2050,5.0185
Non-fossil end-use fuels (including biofuels),"Biofuels, synthesized fuels and hydrogen production by technology",Energy,Fuel production,Hydrogen,Wood,Gasification,GWh,CE,2025,0.0
Non-fossil end-use fuels (including biofuels),"Biofuels, synthesized fuels and hydrogen production by technology",Energy,Fuel production,Hydrogen,Wood,Gasification,GWh,CE,2030,0.0
Non-fossil end-use fuels (including biofuels),"Biofuels, synthesized fuels and hydrogen production by technology",Energy,Fuel production,Hydrogen,Wood,Gasification,GWh,CE,2035,0.43008
Non-fossil end-use fuels (including biofuels),"Biofuels, synthesized fuels and hydrogen production by technology",Energy,Fuel production,Hydrogen,Wood,Gasification,GWh,CE,2040,2.40894
Non-fossil end-use fuels (including biofuels),"Biofuels, synthesized fuels and hydrogen production by technology",Energy,Fuel production,Hydrogen,Wood,Gasification,GWh,CE,2045,5.0539
Non-fossil end-use fuels (including biofuels),"Biofuels, synthesized fuels and hydrogen production by technology",Energy,Fuel production,Hydrogen,Wood,Gasification,GWh,CE,2050,2.23952
Non-fossil end-use fuels (including biofuels),"Biofuels, synthesized fuels and hydrogen production by technology",Energy,Fuel production,Hydrogen,Wood,Gasification,GWh,DF,2025,0.0
Non-fossil end-use fuels (including biofuels),"Biofuels, synthesized fuels and hydrogen production by technology",Energy,Fuel production,Hydrogen,Wood,Gasification,GWh,DF,2030,0.0
Non-fossil end-use fuels (including biofuels),"Biofuels, synthesized fuels and hydrogen production by technology",Energy,Fuel production,Hydrogen,Wood,Gasification,GWh,DF,2035,0.41855
Non-fossil end-use fuels (including biofuels),"Biofuels, synthesized fuels and hydrogen production by technology",Energy,Fuel production,Hydrogen,Wood,Gasification,GWh,DF,2040,4.20869
Non-fossil end-use fuels (including biofuels),"Biofuels, synthesized fuels and hydrogen production by technology",Energy,Fuel production,Hydrogen,Wood,Gasification,GWh,DF,2045,2.32716
Non-fossil end-use fuels (including biofuels),"Biofuels, synthesized fuels and hydrogen production by technology",Energy,Fuel production,Hydrogen,Wood,Gasification,GWh,DF,2050,1.04211
Non-fossil end-use fuels (including biofuels),"Biofuels, synthesized fuels and hydrogen production by technology",Energy,Fuel production,Hydrogen,Wood,Gasification,GWh,ES,2025,0.0
Non-fossil end-use fuels (including biofuels),"Biofuels, synthesized fuels and hydrogen production by technology",Energy,Fuel production,Hydrogen,Wood,Gasification,GWh,ES,2030,0.0
Non-fossil end-use fuels (including biofuels),"Biofuels, synthesized fuels and hydrogen production by technology",Energy,Fuel production,Hydrogen,Wood,Gasification,GWh,ES,2035,0.47325
Non-fossil end-use fuels (including biofuels),"Biofuels, synthesized fuels and hydrogen production by technology",Energy,Fuel production,Hydrogen,Wood,Gasification,GWh,ES,2040,3.1499
Non-fossil end-use fuels (including biofuels),"Biofuels, synthesized fuels and hydrogen production by technology",Energy,Fuel production,Hydrogen,Wood,Gasification,GWh,ES,2045,4.01678
Non-fossil end-use fuels (including biofuels),"Biofuels, synthesized fuels and hydrogen production by technology",Energy,Fuel production,Hydrogen,Wood,Gasification,GWh,ES,2050,0.66264
Non-fossil end-use fuels (including biofuels),"Biofuels, synthesized fuels and hydrogen production by technology",Energy,Fuel production,Hydrogen,Wood,Gasification,GWh,GO,2025,0.0
Non-fossil end-use fuels (including biofuels),"Biofuels, synthesized fuels and hydrogen production by technology",Energy,Fuel production,Hydrogen,Wood,Gasification,GWh,GO,2030,0.0
Non-fossil end-use fuels (including biofuels),"Biofuels, synthesized fuels and hydrogen production by technology",Energy,Fuel production,Hydrogen,Wood,Gasification,GWh,GO,2035,2.23885
Non-fossil end-use fuels (including biofuels),"Biofuels, synthesized fuels and hydrogen production by technology",Energy,Fuel production,Hydrogen,Wood,Gasification,GWh,GO,2040,13.1097
Non-fossil end-use fuels (including biofuels),"Biofuels, synthesized fuels and hydrogen production by technology",Energy,Fuel production,Hydrogen,Wood,Gasification,GWh,GO,2045,13.37834
Non-fossil end-use fuels (including biofuels),"Biofuels, synthesized fuels and hydrogen production by technology",Energy,Fuel production,Hydrogen,Wood,Gasification,GWh,GO,2050,4.25685
Non-fossil end-use fuels (including biofuels),"Biofuels, synthesized fuels and hydrogen production by technology",Energy,Fuel production,Hydrogen,Wood,Gasification,GWh,MA,2025,0.0
Non-fossil end-use fuels (including biofuels),"Biofuels, synthesized fuels and hydrogen production by technology",Energy,Fuel production,Hydrogen,Wood,Gasification,GWh,MA,2030,0.0
Non-fossil end-use fuels (including biofuels),"Biofuels, synthesized fuels and hydrogen production by technology",Energy,Fuel production,Hydrogen,Wood,Gasification,GWh,MA,2035,0.31577
Non-fossil end-use fuels (including biofuels),"Biofuels, synthesized fuels and hydrogen production by technology",Energy,Fuel production,Hydrogen,Wood,Gasification,GWh,MA,2040,3.41527
Non-fossil end-use fuels (including biofuels),"Biofuels, synthesized fuels and hydrogen production by technology",Energy,Fuel production,Hydrogen,Wood,Gasification,GWh,MA,2045,0.75871
Non-fossil end-use fuels (including biofuels),"Biofuels, synthesized fuels and hydrogen production by technology",Energy,Fuel production,Hydrogen,Wood,Gasification,GWh,MA,2050,0.53514
Non-fossil end-use fuels (including biofuels),"Biofuels, synthesized fuels and hydrogen production by technology",Energy,Fuel production,Hydrogen,Wood,Gasification,GWh,MG,2025,0.0
Non-fossil end-use fuels (including biofuels),"Biofuels, synthesized fuels and hydrogen production by technology",Energy,Fuel production,Hydrogen,Wood,Gasification,GWh,MG,2030,0.0
Non-fossil end-use fuels (including biofuels),"Biofuels, synthesized fuels and hydrogen production by technology",Energy,Fuel production,Hydrogen,Wood,Gasification,GWh,MG,2035,2.39198
Non-fossil end-use fuels (including biofuels),"Biofuels, synthesized fuels and hydrogen production by technology",Energy,Fuel production,Hydrogen,Wood,Gasification,GWh,MG,2040,13.83063
Non-fossil end-use fuels (including biofuels),"Biofuels, synthesized fuels and hydrogen production by technology",Energy,Fuel production,Hydrogen,Wood,Gasification,GWh,MG,2045,15.15933
Non-fossil end-use fuels (including biofuels),"Biofuels, synthesized fuels and hydrogen production by technology",Energy,Fuel production,Hydrogen,Wood,Gasification,GWh,MG,2050,4.25978
Non-fossil end-use fuels (including biofuels),"Biofuels, synthesized fuels and hydrogen production by technology",Energy,Fuel production,Hydrogen,Wood,Gasification,GWh,MS,2025,0.0
Non-fossil end-use fuels (including biofuels),"Biofuels, synthesized fuels and hydrogen production by technology",Energy,Fuel production,Hydrogen,Wood,Gasification,GWh,MS,2030,0.0
Non-fossil end-use fuels (including biofuels),"Biofuels, synthesized fuels and hydrogen production by technology",Energy,Fuel production,Hydrogen,Wood,Gasification,GWh,MS,2035,2.06367
Non-fossil end-use fuels (including biofuels),"Biofuels, synthesized fuels and hydrogen production by technology",Energy,Fuel production,Hydrogen,Wood,Gasification,GWh,MS,2040,12.15774
Non-fossil end-use fuels (including biofuels),"Biofuels, synthesized fuels and hydrogen production by technology",Energy,Fuel production,Hydrogen,Wood,Gasification,GWh,MS,2045,10.04306
Non-fossil end-use fuels (including biofuels),"Biofuels, synthesized fuels and hydrogen production by technology",Energy,Fuel production,Hydrogen,Wood,Gasification,GWh,MS,2050,3.5138
Non-fossil end-use fuels (including biofuels),"Biofuels, synthesized fuels and hydrogen production by technology",Energy,Fuel production,Hydrogen,Wood,Gasification,GWh,MT,2025,0.0
Non-fossil end-use fuels (including biofuels),"Biofuels, synthesized fuels and hydrogen production by technology",Energy,Fuel production,Hydrogen,Wood,Gasification,GWh,MT,2030,0.0
Non-fossil end-use fuels (including biofuels),"Biofuels, synthesized fuels and hydrogen production by technology",Energy,Fuel production,Hydrogen,Wood,Gasification,GWh,MT,2035,1.95947
Non-fossil end-use fuels (including biofuels),"Biofuels, synthesized fuels and hydrogen production by technology",Energy,Fuel production,Hydrogen,Wood,Gasification,GWh,MT,2040,12.03632
Non-fossil end-use fuels (including biofuels),"Biofuels, synthesized fuels and hydrogen production by technology",Energy,Fuel production,Hydrogen,Wood,Gasification,GWh,MT,2045,9.90244
Non-fossil end-use fuels (including biofuels),"Biofuels, synthesized fuels and hydrogen production by technology",Energy,Fuel production,Hydrogen,Wood,Gasification,GWh,MT,2050,4.63511
Non-fossil end-use fuels (including biofuels),"Biofuels, synthesized fuels and hydrogen production by technology",Energy,Fuel production,Hydrogen,Wood,Gasification,GWh,PA,2025,0.0
Non-fossil end-use fuels (including biofuels),"Biofuels, synthesized fuels and hydrogen production by technology",Energy,Fuel production,Hydrogen,Wood,Gasification,GWh,PA,2030,0.0
Non-fossil end-use fuels (including biofuels),"Biofuels, synthesized fuels and hydrogen production by technology",Energy,Fuel production,Hydrogen,Wood,Gasification,GWh,PA,2035,0.21705
Non-fossil end-use fuels (including biofuels),"Biofuels, synthesized fuels and hydrogen production by technology",Energy,Fuel production,Hydrogen,Wood,Gasification,GWh,PA,2040,0.69312
Non-fossil end-use fuels (including biofuels),"Biofuels, synthesized fuels and hydrogen production by technology",Energy,Fuel production,Hydrogen,Wood,Gasification,GWh,PA,2045,0.71121
Non-fossil end-use fuels (including biofuels),"Biofuels, synthesized fuels and hydrogen production by technology",Energy,Fuel production,Hydrogen,Wood,Gasification,GWh,PA,2050,0.53861
Non-fossil end-use fuels (including biofuels),"Biofuels, synthesized fuels and hydrogen production by technology",Energy,Fuel production,Hydrogen,Wood,Gasification,GWh,PE,2025,0.0
Non-fossil end-use fuels (including biofuels),"Biofuels, synthesized fuels and hydrogen production by technology",Energy,Fuel production,Hydrogen,Wood,Gasification,GWh,PE,2030,0.0
Non-fossil end-use fuels (including biofuels),"Biofuels, synthesized fuels and hydrogen production by technology",Energy,Fuel production,Hydrogen,Wood,Gasification,GWh,PE,2035,0.51425
Non-fossil end-use fuels (including biofuels),"Biofuels, synthesized fuels and hydrogen production by technology",Energy,Fuel production,Hydrogen,Wood,Gasification,GWh,PE,2040,2.17566
Non-fossil end-use fuels (including biofuels),"Biofuels, synthesized fuels and hydrogen production by technology",Energy,Fuel production,Hydrogen,Wood,Gasification,GWh,PE,2045,4.50542
Non-fossil end-use fuels (including biofuels),"Biofuels, synthesized fuels and hydrogen production by technology",Energy,Fuel production,Hydrogen,Wood,Gasification,GWh,PE,2050,3.94864
Non-fossil end-use fuels (including biofuels),"Biofuels, synthesized fuels and hydrogen production by technology",Energy,Fuel production,Hydrogen,Wood,Gasification,GWh,PI,2025,0.0
Non-fossil end-use fuels (including biofuels),"Biofuels, synthesized fuels and hydrogen production by technology",Energy,Fuel production,Hydrogen,Wood,Gasification,GWh,PI,2030,0.0
Non-fossil end-use fuels (including biofuels),"Biofuels, synthesized fuels and hydrogen production by technology",Energy,Fuel production,Hydrogen,Wood,Gasification,GWh,PI,2035,0.52408
Non-fossil end-use fuels (including biofuels),"Biofuels, synthesized fuels and hydrogen production by technology",Energy,Fuel production,Hydrogen,Wood,Gasification,GWh,PI,2040,5.51946
Non-fossil end-use fuels (including biofuels),"Biofuels, synthesized fuels and hydrogen production by technology",Energy,Fuel production,Hydrogen,Wood,Gasification,GWh,PI,2045,1.9598
Non-fossil end-use fuels (including biofuels),"Biofuels, synthesized fuels and hydrogen production by technology",Energy,Fuel production,Hydrogen,Wood,Gasification,GWh,PI,2050,1.07065
Non-fossil end-use fuels (including biofuels),"Biofuels, synthesized fuels and hydrogen production by technology",Energy,Fuel production,Hydrogen,Wood,Gasification,GWh,PR,2025,0.0
Non-fossil end-use fuels (including biofuels),"Biofuels, synthesized fuels and hydrogen production by technology",Energy,Fuel production,Hydrogen,Wood,Gasification,GWh,PR,2030,0.0
Non-fossil end-use fuels (including biofuels),"Biofuels, synthesized fuels and hydrogen production by technology",Energy,Fuel production,Hydrogen,Wood,Gasification,GWh,PR,2035,2.2829
Non-fossil end-use fuels (including biofuels),"Biofuels, synthesized fuels and hydrogen production by technology",Energy,Fuel production,Hydrogen,Wood,Gasification,GWh,PR,2040,12.65735
Non-fossil end-use fuels (including biofuels),"Biofuels, synthesized fuels and hydrogen production by technology",Energy,Fuel production,Hydrogen,Wood,Gasification,GWh,PR,2045,10.13155
Non-fossil end-use fuels (including biofuels),"Biofuels, synthesized fuels and hydrogen production by technology",Energy,Fuel production,Hydrogen,Wood,Gasification,GWh,PR,2050,3.27221
Non-fossil end-use fuels (including biofuels),"Biofuels, synthesized fuels and hydrogen production by technology",Energy,Fuel production,Hydrogen,Wood,Gasification,GWh,RJ,2025,0.0
Non-fossil end-use fuels (including biofuels),"Biofuels, synthesized fuels and hydrogen production by technology",Energy,Fuel production,Hydrogen,Wood,Gasification,GWh,RJ,2030,0.0
Non-fossil end-use fuels (including biofuels),"Biofuels, synthesized fuels and hydrogen production by technology",Energy,Fuel production,Hydrogen,Wood,Gasification,GWh,RJ,2035,0.36678
Non-fossil end-use fuels (including biofuels),"Biofuels, synthesized fuels and hydrogen production by technology",Energy,Fuel production,Hydrogen,Wood,Gasification,GWh,RJ,2040,2.04336
Non-fossil end-use fuels (including biofuels),"Biofuels, synthesized fuels and hydrogen production by technology",Energy,Fuel production,Hydrogen,Wood,Gasification,GWh,RJ,2045,5.46113
Non-fossil end-use fuels (including biofuels),"Biofuels, synthesized fuels and hydrogen production by technology",Energy,Fuel production,Hydrogen,Wood,Gasification,GWh,RJ,2050,3.50003
Non-fossil end-use fuels (including biofuels),"Biofuels, synthesized fuels and hydrogen production by technology",Energy,Fuel production,Hydrogen,Wood,Gasification,GWh,RO,2025,0.0
Non-fossil end-use fuels (including biofuels),"Biofuels, synthesized fuels and hydrogen production by technology",Energy,Fuel production,Hydrogen,Wood,Gasification,GWh,RO,2030,0.0
Non-fossil end-use fuels (including biofuels),"Biofuels, synthesized fuels and hydrogen production by technology",Energy,Fuel production,Hydrogen,Wood,Gasification,GWh,RO,2035,0.15067
Non-fossil end-use fuels (including biofuels),"Biofuels, synthesized fuels and hydrogen production by technology",Energy,Fuel production,Hydrogen,Wood,Gasification,GWh,RO,2040,0.99201
Non-fossil end-use fuels (including biofuels),"Biofuels, synthesized fuels and hydrogen production by technology",Energy,Fuel production,Hydrogen,Wood,Gasification,GWh,RO,2045,0.69833
Non-fossil end-use fuels (including biofuels),"Biofuels, synthesized fuels and hydrogen production by technology",Energy,Fuel production,Hydrogen,Wood,Gasification,GWh,RO,2050,0.52793
Non-fossil end-use fuels (including biofuels),"Biofuels, synthesized fuels and hydrogen production by technology",Energy,Fuel production,Hydrogen,Wood,Gasification,GWh,RS,2025,0.0
Non-fossil end-use fuels (including biofuels),"Biofuels, synthesized fuels and hydrogen production by technology",Energy,Fuel production,Hydrogen,Wood,Gasification,GWh,RS,2030,0.0
Non-fossil end-use fuels (including biofuels),"Biofuels, synthesized fuels and hydrogen production by technology",Energy,Fuel production,Hydrogen,Wood,Gasification,GWh,RS,2035,3.01414
Non-fossil end-use fuels (including biofuels),"Biofuels, synthesized fuels and hydrogen production by technology",Energy,Fuel production,Hydrogen,Wood,Gasification,GWh,RS,2040,14.05223
Non-fossil end-use fuels (including biofuels),"Biofuels, synthesized fuels and hydrogen production by technology",Energy,Fuel production,Hydrogen,Wood,Gasification,GWh,RS,2045,14.03054
Non-fossil end-use fuels (including biofuels),"Biofuels, synthesized fuels and hydrogen production by technology",Energy,Fuel production,Hydrogen,Wood,Gasification,GWh,RS,2050,5.42839
Non-fossil end-use fuels (including biofuels),"Biofuels, synthesized fuels and hydrogen production by technology",Energy,Fuel production,Hydrogen,Wood,Gasification,GWh,SC,2025,0.0
Non-fossil end-use fuels (including biofuels),"Biofuels, synthesized fuels and hydrogen production by technology",Energy,Fuel production,Hydrogen,Wood,Gasification,GWh,SC,2030,0.0
Non-fossil end-use fuels (including biofuels),"Biofuels, synthesized fuels and hydrogen production by technology",Energy,Fuel production,Hydrogen,Wood,Gasification,GWh,SC,2035,3.26862
Non-fossil end-use fuels (including biofuels),"Biofuels, synthesized fuels and hydrogen production by technology",Energy,Fuel production,Hydrogen,Wood,Gasification,GWh,SC,2040,16.3379
Non-fossil end-use fuels (including biofuels),"Biofuels, synthesized fuels and hydrogen production by technology",Energy,Fuel production,Hydrogen,Wood,Gasification,GWh,SC,2045,19.98918
Non-fossil end-use fuels (including biofuels),"Biofuels, synthesized fuels and hydrogen production by technology",Energy,Fuel production,Hydrogen,Wood,Gasification,GWh,SC,2050,8.40489
Non-fossil end-use fuels (including biofuels),"Biofuels, synthesized fuels and hydrogen production by technology",Energy,Fuel production,Hydrogen,Wood,Gasification,GWh,SE,2025,0.0
Non-fossil end-use fuels (including biofuels),"Biofuels, synthesized fuels and hydrogen production by technology",Energy,Fuel production,Hydrogen,Wood,Gasification,GWh,SE,2030,0.0
Non-fossil end-use fuels (including biofuels),"Biofuels, synthesized fuels and hydrogen production by technology",Energy,Fuel production,Hydrogen,Wood,Gasification,GWh,SE,2035,0.55253
Non-fossil end-use fuels (including biofuels),"Biofuels, synthesized fuels and hydrogen production by technology",Energy,Fuel production,Hydrogen,Wood,Gasification,GWh,SE,2040,4.12581
Non-fossil end-use fuels (including biofuels),"Biofuels, synthesized fuels and hydrogen production by technology",Energy,Fuel production,Hydrogen,Wood,Gasification,GWh,SE,2045,2.50353
Non-fossil end-use fuels (including biofuels),"Biofuels, synthesized fuels and hydrogen production by technology",Energy,Fuel production,Hydrogen,Wood,Gasification,GWh,SE,2050,1.98798
Non-fossil end-use fuels (including biofuels),"Biofuels, synthesized fuels and hydrogen production by technology",Energy,Fuel production,Hydrogen,Wood,Gasification,GWh,SP,2025,0.0
Non-fossil end-use fuels (including biofuels),"Biofuels, synthesized fuels and hydrogen production by technology",Energy,Fuel production,Hydrogen,Wood,Gasification,GWh,SP,2030,0.0
Non-fossil end-use fuels (including biofuels),"Biofuels, synthesized fuels and hydrogen production by technology",Energy,Fuel production,Hydrogen,Wood,Gasification,GWh,SP,2035,1.9948
Non-fossil end-use fuels (including biofuels),"Biofuels, synthesized fuels and hydrogen production by technology",Energy,Fuel production,Hydrogen,Wood,Gasification,GWh,SP,2040,12.19225
Non-fossil end-use fuels (including biofuels),"Biofuels, synthesized fuels and hydrogen production by technology",Energy,Fuel production,Hydrogen,Wood,Gasification,GWh,SP,2045,4.4461
Non-fossil end-use fuels (including biofuels),"Biofuels, synthesized fuels and hydrogen production by technology",Energy,Fuel production,Hydrogen,Wood,Gasification,GWh,SP,2050,3.95763
Non-fossil end-use fuels (including biofuels),"Biofuels, synthesized fuels and hydrogen production by technology",Energy,Fuel production,Hydrogen,Wood,Gasification,GWh,TO,2025,0.0
Non-fossil end-use fuels (including biofuels),"Biofuels, synthesized fuels and hydrogen production by technology",Energy,Fuel production,Hydrogen,Wood,Gasification,GWh,TO,2030,0.0
Non-fossil end-use fuels (including biofuels),"Biofuels, synthesized fuels and hydrogen production by technology",Energy,Fuel production,Hydrogen,Wood,Gasification,GWh,TO,2035,0.55257
Non-fossil end-use fuels (including biofuels),"Biofuels, synthesized fuels and hydrogen production by technology",Energy,Fuel production,Hydrogen,Wood,Gasification,GWh,TO,2040,5.74945
Non-fossil end-use fuels (including biofuels),"Biofuels, synthesized fuels and hydrogen production by technology",Energy,Fuel production,Hydrogen,Wood,Gasification,GWh,TO,2045,1.91551
Non-fossil end-use fuels (including biofuels),"Biofuels, synthesized fuels and hydrogen production by technology",Energy,Fuel production,Hydrogen,Wood,Gasification,GWh,TO,2050,1.11124
Non-fossil end-use fuels (including biofuels),"Biofuels, synthesized fuels and hydrogen production by technology",Energy,Fuel production,Hydrogen,Wood,Gasification with CCS,GWh,BA,2025,0.0
Non-fossil end-use fuels (including biofuels),"Biofuels, synthesized fuels and hydrogen production by technology",Energy,Fuel production,Hydrogen,Wood,Gasification with CCS,GWh,BA,2030,0.0
Non-fossil end-use fuels (including biofuels),"Biofuels, synthesized fuels and hydrogen production by technology",Energy,Fuel production,Hydrogen,Wood,Gasification with CCS,GWh,BA,2035,1.22783
Non-fossil end-use fuels (including biofuels),"Biofuels, synthesized fuels and hydrogen production by technology",Energy,Fuel production,Hydrogen,Wood,Gasification with CCS,GWh,BA,2040,8.37679
Non-fossil end-use fuels (including biofuels),"Biofuels, synthesized fuels and hydrogen production by technology",Energy,Fuel production,Hydrogen,Wood,Gasification with CCS,GWh,BA,2045,8.32381
Non-fossil end-use fuels (including biofuels),"Biofuels, synthesized fuels and hydrogen production by technology",Energy,Fuel production,Hydrogen,Wood,Gasification with CCS,GWh,BA,2050,5.47283
Non-fossil end-use fuels (including biofuels),"Biofuels, synthesized fuels and hydrogen production by technology",Energy,Fuel production,Hydrogen,Wood,Gasification with CCS,GWh,CE,2025,0.0
Non-fossil end-use fuels (including biofuels),"Biofuels, synthesized fuels and hydrogen production by technology",Energy,Fuel production,Hydrogen,Wood,Gasification with CCS,GWh,CE,2030,0.0
Non-fossil end-use fuels (including biofuels),"Biofuels, synthesized fuels and hydrogen production by technology",Energy,Fuel production,Hydrogen,Wood,Gasification with CCS,GWh,CE,2035,0.4038
Non-fossil end-use fuels (including biofuels),"Biofuels, synthesized fuels and hydrogen production by technology",Energy,Fuel production,Hydrogen,Wood,Gasification with CCS,GWh,CE,2040,2.82192
Non-fossil end-use fuels (including biofuels),"Biofuels, synthesized fuels and hydrogen production by technology",Energy,Fuel production,Hydrogen,Wood,Gasification with CCS,GWh,CE,2045,5.47207
Non-fossil end-use fuels (including biofuels),"Biofuels, synthesized fuels and hydrogen production by technology",Energy,Fuel production,Hydrogen,Wood,Gasification with CCS,GWh,CE,2050,4.62052
Non-fossil end-use fuels (including biofuels),"Biofuels, synthesized fuels and hydrogen production by technology",Energy,Fuel production,Hydrogen,Wood,Gasification with CCS,GWh,DF,2025,0.0
Non-fossil end-use fuels (including biofuels),"Biofuels, synthesized fuels and hydrogen production by technology",Energy,Fuel production,Hydrogen,Wood,Gasification with CCS,GWh,DF,2030,0.0
Non-fossil end-use fuels (including biofuels),"Biofuels, synthesized fuels and hydrogen production by technology",Energy,Fuel production,Hydrogen,Wood,Gasification with CCS,GWh,DF,2035,0.58835
Non-fossil end-use fuels (including biofuels),"Biofuels, synthesized fuels and hydrogen production by technology",Energy,Fuel production,Hydrogen,Wood,Gasification with CCS,GWh,DF,2040,5.35471
Non-fossil end-use fuels (including biofuels),"Biofuels, synthesized fuels and hydrogen production by technology",Energy,Fuel production,Hydrogen,Wood,Gasification with CCS,GWh,DF,2045,6.4906
Non-fossil end-use fuels (including biofuels),"Biofuels, synthesized fuels and hydrogen production by technology",Energy,Fuel production,Hydrogen,Wood,Gasification with CCS,GWh,DF,2050,6.94769
Non-fossil end-use fuels (including biofuels),"Biofuels, synthesized fuels and hydrogen production by technology",Energy,Fuel production,Hydrogen,Wood,Gasification with CCS,GWh,ES,2025,0.0
Non-fossil end-use fuels (including biofuels),"Biofuels, synthesized fuels and hydrogen production by technology",Energy,Fuel production,Hydrogen,Wood,Gasification with CCS,GWh,ES,2030,0.0
Non-fossil end-use fuels (including biofuels),"Biofuels, synthesized fuels and hydrogen production by technology",Energy,Fuel production,Hydrogen,Wood,Gasification with CCS,GWh,ES,2035,0.512
Non-fossil end-use fuels (including biofuels),"Biofuels, synthesized fuels and hydrogen production by technology",Energy,Fuel production,Hydrogen,Wood,Gasification with CCS,GWh,ES,2040,4.96602
Non-fossil end-use fuels (including biofuels),"Biofuels, synthesized fuels and hydrogen production by technology",Energy,Fuel production,Hydrogen,Wood,Gasification with CCS,GWh,ES,2045,7.7857
Non-fossil end-use fuels (including biofuels),"Biofuels, synthesized fuels and hydrogen production by technology",Energy,Fuel production,Hydrogen,Wood,Gasification with CCS,GWh,ES,2050,3.70244
Non-fossil end-use fuels (including biofuels),"Biofuels, synthesized fuels and hydrogen production by technology",Energy,Fuel production,Hydrogen,Wood,Gasification with CCS,GWh,GO,2025,0.0
Non-fossil end-use fuels (including biofuels),"Biofuels, synthesized fuels and hydrogen production by technology",Energy,Fuel production,Hydrogen,Wood,Gasification with CCS,GWh,GO,2030,0.0
Non-fossil end-use fuels (including biofuels),"Biofuels, synthesized fuels and hydrogen production by technology",Energy,Fuel production,Hydrogen,Wood,Gasification with CCS,GWh,GO,2035,2.04494
Non-fossil end-use fuels (including biofuels),"Biofuels, synthesized fuels and hydrogen production by technology",Energy,Fuel production,Hydrogen,Wood,Gasification with CCS,GWh,GO,2040,12.74479
Non-fossil end-use fuels (including biofuels),"Biofuels, synthesized fuels and hydrogen production by technology",Energy,Fuel production,Hydrogen,Wood,Gasification with CCS,GWh,GO,2045,16.12868
Non-fossil end-use fuels (including biofuels),"Biofuels, synthesized fuels and hydrogen production by technology",Energy,Fuel production,Hydrogen,Wood,Gasification with CCS,GWh,GO,2050,10.60454
Non-fossil end-use fuels (including biofuels),"Biofuels, synthesized fuels and hydrogen production by technology",Energy,Fuel production,Hydrogen,Wood,Gasification with CCS,GWh,MA,2025,0.0
Non-fossil end-use fuels (including biofuels),"Biofuels, synthesized fuels and hydrogen production by technology",Energy,Fuel production,Hydrogen,Wood,Gasification with CCS,GWh,MA,2030,0.0
Non-fossil end-use fuels (including biofuels),"Biofuels, synthesized fuels and hydrogen production by technology",Energy,Fuel production,Hydrogen,Wood,Gasification with CCS,GWh,MA,2035,0.07234
Non-fossil end-use fuels (including biofuels),"Biofuels, synthesized fuels and hydrogen production by technology",Energy,Fuel production,Hydrogen,Wood,Gasification with CCS,GWh,MA,2040,0.93377
Non-fossil end-use fuels (including biofuels),"Biofuels, synthesized fuels and hydrogen production by technology",Energy,Fuel production,Hydrogen,Wood,Gasification with CCS,GWh,MA,2045,0.27302
Non-fossil end-use fuels (including biofuels),"Biofuels, synthesized fuels and hydrogen production by technology",Energy,Fuel production,Hydrogen,Wood,Gasification with CCS,GWh,MA,2050,0.18217
Non-fossil end-use fuels (including biofuels),"Biofuels, synthesized fuels and hydrogen production by technology",Energy,Fuel production,Hydrogen,Wood,Gasification with CCS,GWh,MG,2025,0.0
Non-fossil end-use fuels (including biofuels),"Biofuels, synthesized fuels and hydrogen production by technology",Energy,Fuel production,Hydrogen,Wood,Gasification with CCS,GWh,MG,2030,0.0
Non-fossil end-use fuels (including biofuels),"Biofuels, synthesized fuels and hydrogen production by technology",Energy,Fuel production,Hydrogen,Wood,Gasification with CCS,GWh,MG,2035,2.21171
Non-fossil end-use fuels (including biofuels),"Biofuels, synthesized fuels and hydrogen production by technology",Energy,Fuel production,Hydrogen,Wood,Gasification with CCS,GWh,MG,2040,13.59918
Non-fossil end-use fuels (including biofuels),"Biofuels, synthesized fuels and hydrogen production by technology",Energy,Fuel production,Hydrogen,Wood,Gasification with CCS,GWh,MG,2045,17.46132
Non-fossil end-use fuels (including biofuels),"Biofuels, synthesized fuels and hydrogen production by technology",Energy,Fuel production,Hydrogen,Wood,Gasification with CCS,GWh,MG,2050,10.94099
Non-fossil end-use fuels (including biofuels),"Biofuels, synthesized fuels and hydrogen production by technology",Energy,Fuel production,Hydrogen,Wood,Gasification with CCS,GWh,MS,2025,0.0
Non-fossil end-use fuels (including biofuels),"Biofuels, synthesized fuels and hydrogen production by technology",Energy,Fuel production,Hydrogen,Wood,Gasification with CCS,GWh,MS,2030,0.0
Non-fossil end-use fuels (including biofuels),"Biofuels, synthesized fuels and hydrogen production by technology",Energy,Fuel production,Hydrogen,Wood,Gasification with CCS,GWh,MS,2035,2.3381
Non-fossil end-use fuels (including biofuels),"Biofuels, synthesized fuels and hydrogen production by technology",Energy,Fuel production,Hydrogen,Wood,Gasification with CCS,GWh,MS,2040,13.25011
Non-fossil end-use fuels (including biofuels),"Biofuels, synthesized fuels and hydrogen production by technology",Energy,Fuel production,Hydrogen,Wood,Gasification with CCS,GWh,MS,2045,16.62043
Non-fossil end-use fuels (including biofuels),"Biofuels, synthesized fuels and hydrogen production by technology",Energy,Fuel production,Hydrogen,Wood,Gasification with CCS,GWh,MS,2050,11.82588
Non-fossil end-use fuels (including biofuels),"Biofuels, synthesized fuels and hydrogen production by technology",Energy,Fuel production,Hydrogen,Wood,Gasification with CCS,GWh,MT,2025,0.0
Non-fossil end-use fuels (including biofuels),"Biofuels, synthesized fuels and hydrogen production by technology",Energy,Fuel production,Hydrogen,Wood,Gasification with CCS,GWh,MT,2030,0.0
Non-fossil end-use fuels (including biofuels),"Biofuels, synthesized fuels and hydrogen production by technology",Energy,Fuel production,Hydrogen,Wood,Gasification with CCS,GWh,MT,2035,2.04946
Non-fossil end-use fuels (including biofuels),"Biofuels, synthesized fuels and hydrogen production by technology",Energy,Fuel production,Hydrogen,Wood,Gasification with CCS,GWh,MT,2040,11.83765
Non-fossil end-use fuels (including biofuels),"Biofuels, synthesized fuels and hydrogen production by technology",Energy,Fuel production,Hydrogen,Wood,Gasification with CCS,GWh,MT,2045,14.64158
Non-fossil end-use fuels (including biofuels),"Biofuels, synthesized fuels and hydrogen production by technology",Energy,Fuel production,Hydrogen,Wood,Gasification with CCS,GWh,MT,2050,11.29856
Non-fossil end-use fuels (including biofuels),"Biofuels, synthesized fuels and hydrogen production by technology",Energy,Fuel production,Hydrogen,Wood,Gasification with CCS,GWh,PA,2025,0.0
Non-fossil end-use fuels (including biofuels),"Biofuels, synthesized fuels and hydrogen production by technology",Energy,Fuel production,Hydrogen,Wood,Gasification with CCS,GWh,PA,2030,0.0
Non-fossil end-use fuels (including biofuels),"Biofuels, synthesized fuels and hydrogen production by technology",Energy,Fuel production,Hydrogen,Wood,Gasification with CCS,GWh,PA,2035,0.16744
Non-fossil end-use fuels (including biofuels),"Biofuels, synthesized fuels and hydrogen production by technology",Energy,Fuel production,Hydrogen,Wood,Gasification with CCS,GWh,PA,2040,0.66192
Non-fossil end-use fuels (including biofuels),"Biofuels, synthesized fuels and hydrogen production by technology",Energy,Fuel production,Hydrogen,Wood,Gasification with CCS,GWh,PA,2045,1.9426
Non-fossil end-use fuels (including biofuels),"Biofuels, synthesized fuels and hydrogen production by technology",Energy,Fuel production,Hydrogen,Wood,Gasification with CCS,GWh,PA,2050,1.10364
Non-fossil end-use fuels (including biofuels),"Biofuels, synthesized fuels and hydrogen production by technology",Energy,Fuel production,Hydrogen,Wood,Gasification with CCS,GWh,PE,2025,0.0
Non-fossil end-use fuels (including biofuels),"Biofuels, synthesized fuels and hydrogen production by technology",Energy,Fuel production,Hydrogen,Wood,Gasification with CCS,GWh,PE,2030,0.0
Non-fossil end-use fuels (including biofuels),"Biofuels, synthesized fuels and hydrogen production by technology",Energy,Fuel production,Hydrogen,Wood,Gasification with CCS,GWh,PE,2035,0.4863
Non-fossil end-use fuels (including biofuels),"Biofuels, synthesized fuels and hydrogen production by technology",Energy,Fuel production,Hydrogen,Wood,Gasification with CCS,GWh,PE,2040,2.37577
Non-fossil end-use fuels (including biofuels),"Biofuels, synthesized fuels and hydrogen production by technology",Energy,Fuel production,Hydrogen,Wood,Gasification with CCS,GWh,PE,2045,4.09088
Non-fossil end-use fuels (including biofuels),"Biofuels, synthesized fuels and hydrogen production by technology",Energy,Fuel production,Hydrogen,Wood,Gasification with CCS,GWh,PE,2050,4.61201
Non-fossil end-use fuels (including biofuels),"Biofuels, synthesized fuels and hydrogen production by technology",Energy,Fuel production,Hydrogen,Wood,Gasification with CCS,GWh,PI,2025,0.0
Non-fossil end-use fuels (including biofuels),"Biofuels, synthesized fuels and hydrogen production by technology",Energy,Fuel production,Hydrogen,Wood,Gasification with CCS,GWh,PI,2030,0.0
Non-fossil end-use fuels (including biofuels),"Biofuels, synthesized fuels and hydrogen production by technology",Energy,Fuel production,Hydrogen,Wood,Gasification with CCS,GWh,PI,2035,0.12251
Non-fossil end-use fuels (including biofuels),"Biofuels, synthesized fuels and hydrogen production by technology",Energy,Fuel production,Hydrogen,Wood,Gasification with CCS,GWh,PI,2040,1.52744
Non-fossil end-use fuels (including biofuels),"Biofuels, synthesized fuels and hydrogen production by technology",Energy,Fuel production,Hydrogen,Wood,Gasification with CCS,GWh,PI,2045,0.77899
Non-fossil end-use fuels (including biofuels),"Biofuels, synthesized fuels and hydrogen production by technology",Energy,Fuel production,Hydrogen,Wood,Gasification with CCS,GWh,PI,2050,0.31233
Non-fossil end-use fuels (including biofuels),"Biofuels, synthesized fuels and hydrogen production by technology",Energy,Fuel production,Hydrogen,Wood,Gasification with CCS,GWh,PR,2025,0.0
Non-fossil end-use fuels (including biofuels),"Biofuels, synthesized fuels and hydrogen production by technology",Energy,Fuel production,Hydrogen,Wood,Gasification with CCS,GWh,PR,2030,0.0
Non-fossil end-use fuels (including biofuels),"Biofuels, synthesized fuels and hydrogen production by technology",Energy,Fuel production,Hydrogen,Wood,Gasification with CCS,GWh,PR,2035,2.59369
Non-fossil end-use fuels (including biofuels),"Biofuels, synthesized fuels and hydrogen production by technology",Energy,Fuel production,Hydrogen,Wood,Gasification with CCS,GWh,PR,2040,13.83546
Non-fossil end-use fuels (including biofuels),"Biofuels, synthesized fuels and hydrogen production by technology",Energy,Fuel production,Hydrogen,Wood,Gasification with CCS,GWh,PR,2045,17.33815
Non-fossil end-use fuels (including biofuels),"Biofuels, synthesized fuels and hydrogen production by technology",Energy,Fuel production,Hydrogen,Wood,Gasification with CCS,GWh,PR,2050,13.24819
Non-fossil end-use fuels (including biofuels),"Biofuels, synthesized fuels and hydrogen production by technology",Energy,Fuel production,Hydrogen,Wood,Gasification with CCS,GWh,RJ,2025,0.0
Non-fossil end-use fuels (including biofuels),"Biofuels, synthesized fuels and hydrogen production by technology",Energy,Fuel production,Hydrogen,Wood,Gasification with CCS,GWh,RJ,2030,0.0
Non-fossil end-use fuels (including biofuels),"Biofuels, synthesized fuels and hydrogen production by technology",Energy,Fuel production,Hydrogen,Wood,Gasification with CCS,GWh,RJ,2035,0.40016
Non-fossil end-use fuels (including biofuels),"Biofuels, synthesized fuels and hydrogen production by technology",Energy,Fuel production,Hydrogen,Wood,Gasification with CCS,GWh,RJ,2040,3.39925
Non-fossil end-use fuels (including biofuels),"Biofuels, synthesized fuels and hydrogen production by technology",Energy,Fuel production,Hydrogen,Wood,Gasification with CCS,GWh,RJ,2045,7.18209
Non-fossil end-use fuels (including biofuels),"Biofuels, synthesized fuels and hydrogen production by technology",Energy,Fuel production,Hydrogen,Wood,Gasification with CCS,GWh,RJ,2050,6.23038
Non-fossil end-use fuels (including biofuels),"Biofuels, synthesized fuels and hydrogen production by technology",Energy,Fuel production,Hydrogen,Wood,Gasification with CCS,GWh,RO,2025,0.0
Non-fossil end-use fuels (including biofuels),"Biofuels, synthesized fuels and hydrogen production by technology",Energy,Fuel production,Hydrogen,Wood,Gasification with CCS,GWh,RO,2030,0.0
Non-fossil end-use fuels (including biofuels),"Biofuels, synthesized fuels and hydrogen production by technology",Energy,Fuel production,Hydrogen,Wood,Gasification with CCS,GWh,RO,2035,0.12945
Non-fossil end-use fuels (including biofuels),"Biofuels, synthesized fuels and hydrogen production by technology",Energy,Fuel production,Hydrogen,Wood,Gasification with CCS,GWh,RO,2040,0.948
Non-fossil end-use fuels (including biofuels),"Biofuels, synthesized fuels and hydrogen production by technology",Energy,Fuel production,Hydrogen,Wood,Gasification with CCS,GWh,RO,2045,1.97582
Non-fossil end-use fuels (including biofuels),"Biofuels, synthesized fuels and hydrogen production by technology",Energy,Fuel production,Hydrogen,Wood,Gasification with CCS,GWh,RO,2050,1.31034
Non-fossil end-use fuels (including biofuels),"Biofuels, synthesized fuels and hydrogen production by technology",Energy,Fuel production,Hydrogen,Wood,Gasification with CCS,GWh,RS,2025,0.0
Non-fossil end-use fuels (including biofuels),"Biofuels, synthesized fuels and hydrogen production by technology",Energy,Fuel production,Hydrogen,Wood,Gasification with CCS,GWh,RS,2030,0.0
Non-fossil end-use fuels (including biofuels),"Biofuels, synthesized fuels and hydrogen production by technology",Energy,Fuel production,Hydrogen,Wood,Gasification with CCS,GWh,RS,2035,3.6149
Non-fossil end-use fuels (including biofuels),"Biofuels, synthesized fuels and hydrogen production by technology",Energy,Fuel production,Hydrogen,Wood,Gasification with CCS,GWh,RS,2040,15.60788
Non-fossil end-use fuels (including biofuels),"Biofuels, synthesized fuels and hydrogen production by technology",Energy,Fuel production,Hydrogen,Wood,Gasification with CCS,GWh,RS,2045,19.60272
Non-fossil end-use fuels (including biofuels),"Biofuels, synthesized fuels and hydrogen production by technology",Energy,Fuel production,Hydrogen,Wood,Gasification with CCS,GWh,RS,2050,19.06822
Non-fossil end-use fuels (including biofuels),"Biofuels, synthesized fuels and hydrogen production by technology",Energy,Fuel production,Hydrogen,Wood,Gasification with CCS,GWh,SC,2025,0.0
Non-fossil end-use fuels (including biofuels),"Biofuels, synthesized fuels and hydrogen production by technology",Energy,Fuel production,Hydrogen,Wood,Gasification with CCS,GWh,SC,2030,0.0
Non-fossil end-use fuels (including biofuels),"Biofuels, synthesized fuels and hydrogen production by technology",Energy,Fuel production,Hydrogen,Wood,Gasification with CCS,GWh,SC,2035,4.03785
Non-fossil end-use fuels (including biofuels),"Biofuels, synthesized fuels and hydrogen production by technology",Energy,Fuel production,Hydrogen,Wood,Gasification with CCS,GWh,SC,2040,18.3399
Non-fossil end-use fuels (including biofuels),"Biofuels, synthesized fuels and hydrogen production by technology",Energy,Fuel production,Hydrogen,Wood,Gasification with CCS,GWh,SC,2045,22.86301
Non-fossil end-use fuels (including biofuels),"Biofuels, synthesized fuels and hydrogen production by technology",Energy,Fuel production,Hydrogen,Wood,Gasification with CCS,GWh,SC,2050,22.0705
Non-fossil end-use fuels (including biofuels),"Biofuels, synthesized fuels and hydrogen production by technology",Energy,Fuel production,Hydrogen,Wood,Gasification with CCS,GWh,SE,2025,0.0
Non-fossil end-use fuels (including biofuels),"Biofuels, synthesized fuels and hydrogen production by technology",Energy,Fuel production,Hydrogen,Wood,Gasification with CCS,GWh,SE,2030,0.0
Non-fossil end-use fuels (including biofuels),"Biofuels, synthesized fuels and hydrogen production by technology",Energy,Fuel production,Hydrogen,Wood,Gasification with CCS,GWh,SE,2035,2.48163
Non-fossil end-use fuels (including biofuels),"Biofuels, synthesized fuels and hydrogen production by technology",Energy,Fuel production,Hydrogen,Wood,Gasification with CCS,GWh,SE,2040,5.17098
Non-fossil end-use fuels (including biofuels),"Biofuels, synthesized fuels and hydrogen production by technology",Energy,Fuel production,Hydrogen,Wood,Gasification with CCS,GWh,SE,2045,5.48625
Non-fossil end-use fuels (including biofuels),"Biofuels, synthesized fuels and hydrogen production by technology",Energy,Fuel production,Hydrogen,Wood,Gasification with CCS,GWh,SE,2050,7.15504
Non-fossil end-use fuels (including biofuels),"Biofuels, synthesized fuels and hydrogen production by technology",Energy,Fuel production,Hydrogen,Wood,Gasification with CCS,GWh,SP,2025,0.0
Non-fossil end-use fuels (including biofuels),"Biofuels, synthesized fuels and hydrogen production by technology",Energy,Fuel production,Hydrogen,Wood,Gasification with CCS,GWh,SP,2030,0.0
Non-fossil end-use fuels (including biofuels),"Biofuels, synthesized fuels and hydrogen production by technology",Energy,Fuel production,Hydrogen,Wood,Gasification with CCS,GWh,SP,2035,2.24725
Non-fossil end-use fuels (including biofuels),"Biofuels, synthesized fuels and hydrogen production by technology",Energy,Fuel production,Hydrogen,Wood,Gasification with CCS,GWh,SP,2040,13.43189
Non-fossil end-use fuels (including biofuels),"Biofuels, synthesized fuels and hydrogen production by technology",Energy,Fuel production,Hydrogen,Wood,Gasification with CCS,GWh,SP,2045,8.28767
Non-fossil end-use fuels (including biofuels),"Biofuels, synthesized fuels and hydrogen production by technology",Energy,Fuel production,Hydrogen,Wood,Gasification with CCS,GWh,SP,2050,12.00961
Non-fossil end-use fuels (including biofuels),"Biofuels, synthesized fuels and hydrogen production by technology",Energy,Fuel production,Hydrogen,Wood,Gasification with CCS,GWh,TO,2025,0.0
Non-fossil end-use fuels (including biofuels),"Biofuels, synthesized fuels and hydrogen production by technology",Energy,Fuel production,Hydrogen,Wood,Gasification with CCS,GWh,TO,2030,0.0
Non-fossil end-use fuels (including biofuels),"Biofuels, synthesized fuels and hydrogen production by technology",Energy,Fuel production,Hydrogen,Wood,Gasification with CCS,GWh,TO,2035,0.60173
Non-fossil end-use fuels (including biofuels),"Biofuels, synthesized fuels and hydrogen production by technology",Energy,Fuel production,Hydrogen,Wood,Gasification with CCS,GWh,TO,2040,6.05742
Non-fossil end-use fuels (including biofuels),"Biofuels, synthesized fuels and hydrogen production by technology",Energy,Fuel production,Hydrogen,Wood,Gasification with CCS,GWh,TO,2045,1.86646
Non-fossil end-use fuels (including biofuels),"Biofuels, synthesized fuels and hydrogen production by technology",Energy,Fuel production,Hydrogen,Wood,Gasification with CCS,GWh,TO,2050,1.3419
