Variable_group,Variable name,Class_1,Class_2,Class_3,Class_4,Class_5,Unit,Territory,Year,Value
Energy supply and use,Power installed capacity,Battery storage,NA,Electricity generation (public service),NA,NA,GW,BR,2025,3.02949
Energy supply and use,Power installed capacity,Battery storage,NA,Electricity generation (public service),NA,NA,GW,BR,2030,6.33539
Energy supply and use,Power installed capacity,Battery storage,NA,Electricity generation (public service),NA,NA,GW,BR,2035,9.54589
Energy supply and use,Power installed capacity,Battery storage,NA,Electricity generation (public service),NA,NA,GW,BR,2040,13.1566
Energy supply and use,Power installed capacity,Battery storage,NA,Electricity generation (public service),NA,NA,GW,BR,2045,16.29803
Energy supply and use,Power installed capacity,Battery storage,NA,Electricity generation (public service),NA,NA,GW,BR,2050,19.84561
Energy supply and use,Power installed capacity,Coal,NA,Electricity generation (public service),NA,NA,GW,BR,2025,2.95068
Energy supply and use,Power installed capacity,Coal,NA,Electricity generation (public service),NA,NA,GW,BR,2030,2.89002
Energy supply and use,Power installed capacity,Coal,NA,Electricity generation (public service),NA,NA,GW,BR,2035,2.89127
Energy supply and use,Power installed capacity,Coal,NA,Electricity generation (public service),NA,NA,GW,BR,2040,1.80301
Energy supply and use,Power installed capacity,Coal,NA,Electricity generation (public service),NA,NA,GW,BR,2045,1.71191
Energy supply and use,Power installed capacity,Coal,NA,Electricity generation (public service),NA,NA,GW,BR,2050,0.06121
Energy supply and use,Power installed capacity,Hydrogen,NA,Electricity generation (public service),NA,NA,GW,BR,2025,0.20205
Energy supply and use,Power installed capacity,Hydrogen,NA,Electricity generation (public service),NA,NA,GW,BR,2030,0.02487
Energy supply and use,Power installed capacity,Hydrogen,NA,Electricity generation (public service),NA,NA,GW,BR,2035,0.02458
Energy supply and use,Power installed capacity,Hydrogen,NA,Electricity generation (public service),NA,NA,GW,BR,2040,0.02544
Energy supply and use,Power installed capacity,Hydrogen,NA,Electricity generation (public service),NA,NA,GW,BR,2045,0.02699
Energy supply and use,Power installed capacity,Hydrogen,NA,Electricity generation (public service),NA,NA,GW,BR,2050,0.30837
Energy supply and use,Power installed capacity,Hydropower,Reservoir,Electricity generation (public service),Amazonas,NA,GW,BR,2025,0.98468
Energy supply and use,Power installed capacity,Hydropower,Reservoir,Electricity generation (public service),Amazonas,NA,GW,BR,2030,0.98468
Energy supply and use,Power installed capacity,Hydropower,Reservoir,Electricity generation (public service),Amazonas,NA,GW,BR,2035,0.98468
Energy supply and use,Power installed capacity,Hydropower,Reservoir,Electricity generation (public service),Amazonas,NA,GW,BR,2040,0.98468
Energy supply and use,Power installed capacity,Hydropower,Reservoir,Electricity generation (public service),Amazonas,NA,GW,BR,2045,0.98468
Energy supply and use,Power installed capacity,Hydropower,Reservoir,Electricity generation (public service),Amazonas,NA,GW,BR,2050,0.98468
Energy supply and use,Power installed capacity,Hydropower,Reservoir,Electricity generation (public service),Doce,NA,GW,BR,2025,0.112
Energy supply and use,Power installed capacity,Hydropower,Reservoir,Electricity generation (public service),Doce,NA,GW,BR,2030,0.112
Energy supply and use,Power installed capacity,Hydropower,Reservoir,Electricity generation (public service),Doce,NA,GW,BR,2035,0.112
Energy supply and use,Power installed capacity,Hydropower,Reservoir,Electricity generation (public service),Doce,NA,GW,BR,2040,0.112
Energy supply and use,Power installed capacity,Hydropower,Reservoir,Electricity generation (public service),Doce,NA,GW,BR,2045,0.112
Energy supply and use,Power installed capacity,Hydropower,Reservoir,Electricity generation (public service),Doce,NA,GW,BR,2050,0.112
Energy supply and use,Power installed capacity,Hydropower,Reservoir,Electricity generation (public service),Grande,NA,GW,BR,2025,4.1786
Energy supply and use,Power installed capacity,Hydropower,Reservoir,Electricity generation (public service),Grande,NA,GW,BR,2030,4.1786
Energy supply and use,Power installed capacity,Hydropower,Reservoir,Electricity generation (public service),Grande,NA,GW,BR,2035,4.1786
Energy supply and use,Power installed capacity,Hydropower,Reservoir,Electricity generation (public service),Grande,NA,GW,BR,2040,4.1786
Energy supply and use,Power installed capacity,Hydropower,Reservoir,Electricity generation (public service),Grande,NA,GW,BR,2045,4.1786
Energy supply and use,Power installed capacity,Hydropower,Reservoir,Electricity generation (public service),Grande,NA,GW,BR,2050,4.1786
Energy supply and use,Power installed capacity,Hydropower,Reservoir,Electricity generation (public service),Iguaçu,NA,GW,BR,2025,4.47617
Energy supply and use,Power installed capacity,Hydropower,Reservoir,Electricity generation (public service),Iguaçu,NA,GW,BR,2030,4.47617
Energy supply and use,Power installed capacity,Hydropower,Reservoir,Electricity generation (public service),Iguaçu,NA,GW,BR,2035,4.47617
Energy supply and use,Power installed capacity,Hydropower,Reservoir,Electricity generation (public service),Iguaçu,NA,GW,BR,2040,4.47617
Energy supply and use,Power installed capacity,Hydropower,Reservoir,Electricity generation (public service),Iguaçu,NA,GW,BR,2045,4.47617
Energy supply and use,Power installed capacity,Hydropower,Reservoir,Electricity generation (public service),Iguaçu,NA,GW,BR,2050,4.47617
Energy supply and use,Power installed capacity,Hydropower,Reservoir,Electricity generation (public service),Jacuí-Capivari,NA,GW,BR,2025,0.418
Energy supply and use,Power installed capacity,Hydropower,Reservoir,Electricity generation (public service),Jacuí-Capivari,NA,GW,BR,2030,0.418
Energy supply and use,Power installed capacity,Hydropower,Reservoir,Electricity generation (public service),Jacuí-Capivari,NA,GW,BR,2035,0.418
Energy supply and use,Power installed capacity,Hydropower,Reservoir,Electricity generation (public service),Jacuí-Capivari,NA,GW,BR,2040,0.418
Energy supply and use,Power installed capacity,Hydropower,Reservoir,Electricity generation (public service),Jacuí-Capivari,NA,GW,BR,2045,0.418
Energy supply and use,Power installed capacity,Hydropower,Reservoir,Electricity generation (public service),Jacuí-Capivari,NA,GW,BR,2050,0.418
Energy supply and use,Power installed capacity,Hydropower,Reservoir,Electricity generation (public service),Jequitinhonha,NA,GW,BR,2025,0.399
Energy supply and use,Power installed capacity,Hydropower,Reservoir,Electricity generation (public service),Jequitinhonha,NA,GW,BR,2030,0.399
Energy supply and use,Power installed capacity,Hydropower,Reservoir,Electricity generation (public service),Jequitinhonha,NA,GW,BR,2035,0.399
Energy supply and use,Power installed capacity,Hydropower,Reservoir,Electricity generation (public service),Jequitinhonha,NA,GW,BR,2040,0.399
Energy supply and use,Power installed capacity,Hydropower,Reservoir,Electricity generation (public service),Jequitinhonha,NA,GW,BR,2045,0.399
Energy supply and use,Power installed capacity,Hydropower,Reservoir,Electricity generation (public service),Jequitinhonha,NA,GW,BR,2050,0.399
Energy supply and use,Power installed capacity,Hydropower,Reservoir,Electricity generation (public service),Paranapanema,NA,GW,BR,2025,1.51896
Energy supply and use,Power installed capacity,Hydropower,Reservoir,Electricity generation (public service),Paranapanema,NA,GW,BR,2030,1.51896
Energy supply and use,Power installed capacity,Hydropower,Reservoir,Electricity generation (public service),Paranapanema,NA,GW,BR,2035,1.51896
Energy supply and use,Power installed capacity,Hydropower,Reservoir,Electricity generation (public service),Paranapanema,NA,GW,BR,2040,1.51896
Energy supply and use,Power installed capacity,Hydropower,Reservoir,Electricity generation (public service),Paranapanema,NA,GW,BR,2045,1.51896
Energy supply and use,Power installed capacity,Hydropower,Reservoir,Electricity generation (public service),Paranapanema,NA,GW,BR,2050,1.51896
Energy supply and use,Power installed capacity,Hydropower,Reservoir,Electricity generation (public service),Paranaíba,NA,GW,BR,2025,7.10473
Energy supply and use,Power installed capacity,Hydropower,Reservoir,Electricity generation (public service),Paranaíba,NA,GW,BR,2030,7.10473
Energy supply and use,Power installed capacity,Hydropower,Reservoir,Electricity generation (public service),Paranaíba,NA,GW,BR,2035,7.10473
Energy supply and use,Power installed capacity,Hydropower,Reservoir,Electricity generation (public service),Paranaíba,NA,GW,BR,2040,7.10473
Energy supply and use,Power installed capacity,Hydropower,Reservoir,Electricity generation (public service),Paranaíba,NA,GW,BR,2045,7.10473
Energy supply and use,Power installed capacity,Hydropower,Reservoir,Electricity generation (public service),Paranaíba,NA,GW,BR,2050,7.10473
Energy supply and use,Power installed capacity,Hydropower,Reservoir,Electricity generation (public service),Paraná,NA,GW,BR,2025,3.444
Energy supply and use,Power installed capacity,Hydropower,Reservoir,Electricity generation (public service),Paraná,NA,GW,BR,2030,3.444
Energy supply and use,Power installed capacity,Hydropower,Reservoir,Electricity generation (public service),Paraná,NA,GW,BR,2035,3.444
Energy supply and use,Power installed capacity,Hydropower,Reservoir,Electricity generation (public service),Paraná,NA,GW,BR,2040,3.444
Energy supply and use,Power installed capacity,Hydropower,Reservoir,Electricity generation (public service),Paraná,NA,GW,BR,2045,3.444
Energy supply and use,Power installed capacity,Hydropower,Reservoir,Electricity generation (public service),Paraná,NA,GW,BR,2050,3.444
Energy supply and use,Power installed capacity,Hydropower,Reservoir,Electricity generation (public service),Paraíba do Sul,NA,GW,BR,2025,0.56667
Energy supply and use,Power installed capacity,Hydropower,Reservoir,Electricity generation (public service),Paraíba do Sul,NA,GW,BR,2030,0.56667
Energy supply and use,Power installed capacity,Hydropower,Reservoir,Electricity generation (public service),Paraíba do Sul,NA,GW,BR,2035,0.56667
Energy supply and use,Power installed capacity,Hydropower,Reservoir,Electricity generation (public service),Paraíba do Sul,NA,GW,BR,2040,0.56667
Energy supply and use,Power installed capacity,Hydropower,Reservoir,Electricity generation (public service),Paraíba do Sul,NA,GW,BR,2045,0.56667
Energy supply and use,Power installed capacity,Hydropower,Reservoir,Electricity generation (public service),Paraíba do Sul,NA,GW,BR,2050,0.56667
Energy supply and use,Power installed capacity,Hydropower,Reservoir,Electricity generation (public service),Parnaíba,NA,GW,BR,2025,0.2373
Energy supply and use,Power installed capacity,Hydropower,Reservoir,Electricity generation (public service),Parnaíba,NA,GW,BR,2030,0.2373
Energy supply and use,Power installed capacity,Hydropower,Reservoir,Electricity generation (public service),Parnaíba,NA,GW,BR,2035,0.2373
Energy supply and use,Power installed capacity,Hydropower,Reservoir,Electricity generation (public service),Parnaíba,NA,GW,BR,2040,0.2373
Energy supply and use,Power installed capacity,Hydropower,Reservoir,Electricity generation (public service),Parnaíba,NA,GW,BR,2045,0.2373
Energy supply and use,Power installed capacity,Hydropower,Reservoir,Electricity generation (public service),Parnaíba,NA,GW,BR,2050,0.2373
Energy supply and use,Power installed capacity,Hydropower,Reservoir,Electricity generation (public service),São Francisco,NA,GW,BR,2025,3.11456
Energy supply and use,Power installed capacity,Hydropower,Reservoir,Electricity generation (public service),São Francisco,NA,GW,BR,2030,3.11456
Energy supply and use,Power installed capacity,Hydropower,Reservoir,Electricity generation (public service),São Francisco,NA,GW,BR,2035,3.11456
Energy supply and use,Power installed capacity,Hydropower,Reservoir,Electricity generation (public service),São Francisco,NA,GW,BR,2040,3.11456
Energy supply and use,Power installed capacity,Hydropower,Reservoir,Electricity generation (public service),São Francisco,NA,GW,BR,2045,3.11456
Energy supply and use,Power installed capacity,Hydropower,Reservoir,Electricity generation (public service),São Francisco,NA,GW,BR,2050,3.11456
Energy supply and use,Power installed capacity,Hydropower,Reservoir,Electricity generation (public service),Tietê,NA,GW,BR,2025,1.21226
Energy supply and use,Power installed capacity,Hydropower,Reservoir,Electricity generation (public service),Tietê,NA,GW,BR,2030,1.21226
Energy supply and use,Power installed capacity,Hydropower,Reservoir,Electricity generation (public service),Tietê,NA,GW,BR,2035,1.21226
Energy supply and use,Power installed capacity,Hydropower,Reservoir,Electricity generation (public service),Tietê,NA,GW,BR,2040,1.21226
Energy supply and use,Power installed capacity,Hydropower,Reservoir,Electricity generation (public service),Tietê,NA,GW,BR,2045,1.21226
Energy supply and use,Power installed capacity,Hydropower,Reservoir,Electricity generation (public service),Tietê,NA,GW,BR,2050,1.21226
Energy supply and use,Power installed capacity,Hydropower,Reservoir,Electricity generation (public service),Tocantins,NA,GW,BR,2025,10.30875
Energy supply and use,Power installed capacity,Hydropower,Reservoir,Electricity generation (public service),Tocantins,NA,GW,BR,2030,10.30875
Energy supply and use,Power installed capacity,Hydropower,Reservoir,Electricity generation (public service),Tocantins,NA,GW,BR,2035,10.30875
Energy supply and use,Power installed capacity,Hydropower,Reservoir,Electricity generation (public service),Tocantins,NA,GW,BR,2040,10.30875
Energy supply and use,Power installed capacity,Hydropower,Reservoir,Electricity generation (public service),Tocantins,NA,GW,BR,2045,10.30875
Energy supply and use,Power installed capacity,Hydropower,Reservoir,Electricity generation (public service),Tocantins,NA,GW,BR,2050,10.30875
Energy supply and use,Power installed capacity,Hydropower,Reservoir,Electricity generation (public service),Uruguai,NA,GW,BR,2025,3.2479
Energy supply and use,Power installed capacity,Hydropower,Reservoir,Electricity generation (public service),Uruguai,NA,GW,BR,2030,3.2479
Energy supply and use,Power installed capacity,Hydropower,Reservoir,Electricity generation (public service),Uruguai,NA,GW,BR,2035,3.2479
Energy supply and use,Power installed capacity,Hydropower,Reservoir,Electricity generation (public service),Uruguai,NA,GW,BR,2040,3.2479
Energy supply and use,Power installed capacity,Hydropower,Reservoir,Electricity generation (public service),Uruguai,NA,GW,BR,2045,3.2479
Energy supply and use,Power installed capacity,Hydropower,Reservoir,Electricity generation (public service),Uruguai,NA,GW,BR,2050,3.2479
Energy supply and use,Power installed capacity,Hydropower,Run-of-river,Electricity generation (public service),Amazonas,NA,GW,BR,2025,22.69385
Energy supply and use,Power installed capacity,Hydropower,Run-of-river,Electricity generation (public service),Amazonas,NA,GW,BR,2030,22.69385
Energy supply and use,Power installed capacity,Hydropower,Run-of-river,Electricity generation (public service),Amazonas,NA,GW,BR,2035,22.69385
Energy supply and use,Power installed capacity,Hydropower,Run-of-river,Electricity generation (public service),Amazonas,NA,GW,BR,2040,22.69385
Energy supply and use,Power installed capacity,Hydropower,Run-of-river,Electricity generation (public service),Amazonas,NA,GW,BR,2045,22.69385
Energy supply and use,Power installed capacity,Hydropower,Run-of-river,Electricity generation (public service),Amazonas,NA,GW,BR,2050,22.69385
Energy supply and use,Power installed capacity,Hydropower,Run-of-river,Electricity generation (public service),Doce,NA,GW,BR,2025,1.604
Energy supply and use,Power installed capacity,Hydropower,Run-of-river,Electricity generation (public service),Doce,NA,GW,BR,2030,1.604
Energy supply and use,Power installed capacity,Hydropower,Run-of-river,Electricity generation (public service),Doce,NA,GW,BR,2035,1.604
Energy supply and use,Power installed capacity,Hydropower,Run-of-river,Electricity generation (public service),Doce,NA,GW,BR,2040,1.604
Energy supply and use,Power installed capacity,Hydropower,Run-of-river,Electricity generation (public service),Doce,NA,GW,BR,2045,1.604
Energy supply and use,Power installed capacity,Hydropower,Run-of-river,Electricity generation (public service),Doce,NA,GW,BR,2050,1.604
Energy supply and use,Power installed capacity,Hydropower,Run-of-river,Electricity generation (public service),Grande,NA,GW,BR,2025,2.5768
Energy supply and use,Power installed capacity,Hydropower,Run-of-river,Electricity generation (public service),Grande,NA,GW,BR,2030,2.5768
Energy supply and use,Power installed capacity,Hydropower,Run-of-river,Electricity generation (public service),Grande,NA,GW,BR,2035,2.5768
Energy supply and use,Power installed capacity,Hydropower,Run-of-river,Electricity generation (public service),Grande,NA,GW,BR,2040,2.5768
Energy supply and use,Power installed capacity,Hydropower,Run-of-river,Electricity generation (public service),Grande,NA,GW,BR,2045,2.5768
Energy supply and use,Power installed capacity,Hydropower,Run-of-river,Electricity generation (public service),Grande,NA,GW,BR,2050,2.5768
Energy supply and use,Power installed capacity,Hydropower,Run-of-river,Electricity generation (public service),Iguaçu,NA,GW,BR,2025,2.78837
Energy supply and use,Power installed capacity,Hydropower,Run-of-river,Electricity generation (public service),Iguaçu,NA,GW,BR,2030,2.78837
Energy supply and use,Power installed capacity,Hydropower,Run-of-river,Electricity generation (public service),Iguaçu,NA,GW,BR,2035,2.78837
Energy supply and use,Power installed capacity,Hydropower,Run-of-river,Electricity generation (public service),Iguaçu,NA,GW,BR,2040,2.78837
Energy supply and use,Power installed capacity,Hydropower,Run-of-river,Electricity generation (public service),Iguaçu,NA,GW,BR,2045,2.78837
Energy supply and use,Power installed capacity,Hydropower,Run-of-river,Electricity generation (public service),Iguaçu,NA,GW,BR,2050,2.78837
Energy supply and use,Power installed capacity,Hydropower,Run-of-river,Electricity generation (public service),Jacuí-Capivari,NA,GW,BR,2025,1.1654
Energy supply and use,Power installed capacity,Hydropower,Run-of-river,Electricity generation (public service),Jacuí-Capivari,NA,GW,BR,2030,1.1654
Energy supply and use,Power installed capacity,Hydropower,Run-of-river,Electricity generation (public service),Jacuí-Capivari,NA,GW,BR,2035,1.1654
Energy supply and use,Power installed capacity,Hydropower,Run-of-river,Electricity generation (public service),Jacuí-Capivari,NA,GW,BR,2040,1.1654
Energy supply and use,Power installed capacity,Hydropower,Run-of-river,Electricity generation (public service),Jacuí-Capivari,NA,GW,BR,2045,1.1654
Energy supply and use,Power installed capacity,Hydropower,Run-of-river,Electricity generation (public service),Jacuí-Capivari,NA,GW,BR,2050,1.1654
Energy supply and use,Power installed capacity,Hydropower,Run-of-river,Electricity generation (public service),Jequitinhonha,NA,GW,BR,2025,0.46201
Energy supply and use,Power installed capacity,Hydropower,Run-of-river,Electricity generation (public service),Jequitinhonha,NA,GW,BR,2030,0.46201
Energy supply and use,Power installed capacity,Hydropower,Run-of-river,Electricity generation (public service),Jequitinhonha,NA,GW,BR,2035,0.46201
Energy supply and use,Power installed capacity,Hydropower,Run-of-river,Electricity generation (public service),Jequitinhonha,NA,GW,BR,2040,0.46201
Energy supply and use,Power installed capacity,Hydropower,Run-of-river,Electricity generation (public service),Jequitinhonha,NA,GW,BR,2045,0.46201
Energy supply and use,Power installed capacity,Hydropower,Run-of-river,Electricity generation (public service),Jequitinhonha,NA,GW,BR,2050,0.46201
Energy supply and use,Power installed capacity,Hydropower,Run-of-river,Electricity generation (public service),Paranapanema,NA,GW,BR,2025,1.2213
Energy supply and use,Power installed capacity,Hydropower,Run-of-river,Electricity generation (public service),Paranapanema,NA,GW,BR,2030,1.2213
Energy supply and use,Power installed capacity,Hydropower,Run-of-river,Electricity generation (public service),Paranapanema,NA,GW,BR,2035,1.2213
Energy supply and use,Power installed capacity,Hydropower,Run-of-river,Electricity generation (public service),Paranapanema,NA,GW,BR,2040,1.2213
Energy supply and use,Power installed capacity,Hydropower,Run-of-river,Electricity generation (public service),Paranapanema,NA,GW,BR,2045,1.2213
Energy supply and use,Power installed capacity,Hydropower,Run-of-river,Electricity generation (public service),Paranapanema,NA,GW,BR,2050,1.2213
Energy supply and use,Power installed capacity,Hydropower,Run-of-river,Electricity generation (public service),Paranaíba,NA,GW,BR,2025,1.2354
Energy supply and use,Power installed capacity,Hydropower,Run-of-river,Electricity generation (public service),Paranaíba,NA,GW,BR,2030,1.2354
Energy supply and use,Power installed capacity,Hydropower,Run-of-river,Electricity generation (public service),Paranaíba,NA,GW,BR,2035,1.2354
Energy supply and use,Power installed capacity,Hydropower,Run-of-river,Electricity generation (public service),Paranaíba,NA,GW,BR,2040,1.2354
Energy supply and use,Power installed capacity,Hydropower,Run-of-river,Electricity generation (public service),Paranaíba,NA,GW,BR,2045,1.2354
Energy supply and use,Power installed capacity,Hydropower,Run-of-river,Electricity generation (public service),Paranaíba,NA,GW,BR,2050,1.2354
Energy supply and use,Power installed capacity,Hydropower,Run-of-river,Electricity generation (public service),Paraná,NA,GW,BR,2025,10.1512
Energy supply and use,Power installed capacity,Hydropower,Run-of-river,Electricity generation (public service),Paraná,NA,GW,BR,2030,10.1512
Energy supply and use,Power installed capacity,Hydropower,Run-of-river,Electricity generation (public service),Paraná,NA,GW,BR,2035,10.1512
Energy supply and use,Power installed capacity,Hydropower,Run-of-river,Electricity generation (public service),Paraná,NA,GW,BR,2040,10.1512
Energy supply and use,Power installed capacity,Hydropower,Run-of-river,Electricity generation (public service),Paraná,NA,GW,BR,2045,10.1512
Energy supply and use,Power installed capacity,Hydropower,Run-of-river,Electricity generation (public service),Paraná,NA,GW,BR,2050,10.1512
Energy supply and use,Power installed capacity,Hydropower,Run-of-river,Electricity generation (public service),Paraíba do Sul,NA,GW,BR,2025,1.28179
Energy supply and use,Power installed capacity,Hydropower,Run-of-river,Electricity generation (public service),Paraíba do Sul,NA,GW,BR,2030,1.28179
Energy supply and use,Power installed capacity,Hydropower,Run-of-river,Electricity generation (public service),Paraíba do Sul,NA,GW,BR,2035,1.28179
Energy supply and use,Power installed capacity,Hydropower,Run-of-river,Electricity generation (public service),Paraíba do Sul,NA,GW,BR,2040,1.28179
Energy supply and use,Power installed capacity,Hydropower,Run-of-river,Electricity generation (public service),Paraíba do Sul,NA,GW,BR,2045,1.28179
Energy supply and use,Power installed capacity,Hydropower,Run-of-river,Electricity generation (public service),Paraíba do Sul,NA,GW,BR,2050,1.28179
Energy supply and use,Power installed capacity,Hydropower,Run-of-river,Electricity generation (public service),São Francisco,NA,GW,BR,2025,7.4416
Energy supply and use,Power installed capacity,Hydropower,Run-of-river,Electricity generation (public service),São Francisco,NA,GW,BR,2030,7.4416
Energy supply and use,Power installed capacity,Hydropower,Run-of-river,Electricity generation (public service),São Francisco,NA,GW,BR,2035,7.4416
Energy supply and use,Power installed capacity,Hydropower,Run-of-river,Electricity generation (public service),São Francisco,NA,GW,BR,2040,7.4416
Energy supply and use,Power installed capacity,Hydropower,Run-of-river,Electricity generation (public service),São Francisco,NA,GW,BR,2045,7.4416
Energy supply and use,Power installed capacity,Hydropower,Run-of-river,Electricity generation (public service),São Francisco,NA,GW,BR,2050,7.4416
Energy supply and use,Power installed capacity,Hydropower,Run-of-river,Electricity generation (public service),Tietê,NA,GW,BR,2025,1.51099
Energy supply and use,Power installed capacity,Hydropower,Run-of-river,Electricity generation (public service),Tietê,NA,GW,BR,2030,1.51099
Energy supply and use,Power installed capacity,Hydropower,Run-of-river,Electricity generation (public service),Tietê,NA,GW,BR,2035,1.51099
Energy supply and use,Power installed capacity,Hydropower,Run-of-river,Electricity generation (public service),Tietê,NA,GW,BR,2040,1.51099
Energy supply and use,Power installed capacity,Hydropower,Run-of-river,Electricity generation (public service),Tietê,NA,GW,BR,2045,1.51099
Energy supply and use,Power installed capacity,Hydropower,Run-of-river,Electricity generation (public service),Tietê,NA,GW,BR,2050,1.51099
Energy supply and use,Power installed capacity,Hydropower,Run-of-river,Electricity generation (public service),Tocantins,NA,GW,BR,2025,2.6827
Energy supply and use,Power installed capacity,Hydropower,Run-of-river,Electricity generation (public service),Tocantins,NA,GW,BR,2030,2.6827
Energy supply and use,Power installed capacity,Hydropower,Run-of-river,Electricity generation (public service),Tocantins,NA,GW,BR,2035,2.6827
Energy supply and use,Power installed capacity,Hydropower,Run-of-river,Electricity generation (public service),Tocantins,NA,GW,BR,2040,2.6827
Energy supply and use,Power installed capacity,Hydropower,Run-of-river,Electricity generation (public service),Tocantins,NA,GW,BR,2045,2.6827
Energy supply and use,Power installed capacity,Hydropower,Run-of-river,Electricity generation (public service),Tocantins,NA,GW,BR,2050,2.6827
Energy supply and use,Power installed capacity,Hydropower,Run-of-river,Electricity generation (public service),Uruguai,NA,GW,BR,2025,2.5076
Energy supply and use,Power installed capacity,Hydropower,Run-of-river,Electricity generation (public service),Uruguai,NA,GW,BR,2030,2.5076
Energy supply and use,Power installed capacity,Hydropower,Run-of-river,Electricity generation (public service),Uruguai,NA,GW,BR,2035,2.5076
Energy supply and use,Power installed capacity,Hydropower,Run-of-river,Electricity generation (public service),Uruguai,NA,GW,BR,2040,2.5076
Energy supply and use,Power installed capacity,Hydropower,Run-of-river,Electricity generation (public service),Uruguai,NA,GW,BR,2045,2.5076
Energy supply and use,Power installed capacity,Hydropower,Run-of-river,Electricity generation (public service),Uruguai,NA,GW,BR,2050,2.5076
Energy supply and use,Power installed capacity,Natural gas,With CCS,Electricity generation (public service),NA,NA,GW,BR,2025,0.00184
Energy supply and use,Power installed capacity,Natural gas,With CCS,Electricity generation (public service),NA,NA,GW,BR,2030,0.00127
Energy supply and use,Power installed capacity,Natural gas,With CCS,Electricity generation (public service),NA,NA,GW,BR,2035,0.00068
Energy supply and use,Power installed capacity,Natural gas,With CCS,Electricity generation (public service),NA,NA,GW,BR,2040,0.00069
Energy supply and use,Power installed capacity,Natural gas,With CCS,Electricity generation (public service),NA,NA,GW,BR,2045,0.00073
Energy supply and use,Power installed capacity,Natural gas,With CCS,Electricity generation (public service),NA,NA,GW,BR,2050,0.00405
Energy supply and use,Power installed capacity,Natural gas,Without CCS,Electricity generation (public service),NA,NA,GW,BR,2025,18.24495
Energy supply and use,Power installed capacity,Natural gas,Without CCS,Electricity generation (public service),NA,NA,GW,BR,2030,12.39744
Energy supply and use,Power installed capacity,Natural gas,Without CCS,Electricity generation (public service),NA,NA,GW,BR,2035,11.89512
Energy supply and use,Power installed capacity,Natural gas,Without CCS,Electricity generation (public service),NA,NA,GW,BR,2040,15.26366
Energy supply and use,Power installed capacity,Natural gas,Without CCS,Electricity generation (public service),NA,NA,GW,BR,2045,22.25692
Energy supply and use,Power installed capacity,Natural gas,Without CCS,Electricity generation (public service),NA,NA,GW,BR,2050,37.92944
Energy supply and use,Power installed capacity,Nuclear,NA,Electricity generation (public service),NA,NA,GW,BR,2025,1.99
Energy supply and use,Power installed capacity,Nuclear,NA,Electricity generation (public service),NA,NA,GW,BR,2030,1.99
Energy supply and use,Power installed capacity,Nuclear,NA,Electricity generation (public service),NA,NA,GW,BR,2035,1.99
Energy supply and use,Power installed capacity,Nuclear,NA,Electricity generation (public service),NA,NA,GW,BR,2040,1.99
Energy supply and use,Power installed capacity,Nuclear,NA,Electricity generation (public service),NA,NA,GW,BR,2045,1.98999
Energy supply and use,Power installed capacity,Nuclear,NA,Electricity generation (public service),NA,NA,GW,BR,2050,1.98996
Energy supply and use,Power installed capacity,Solar photovoltaic,Rooftop,Electricity generation (public service),NA,NA,GW,BR,2025,7.09546
Energy supply and use,Power installed capacity,Solar photovoltaic,Rooftop,Electricity generation (public service),NA,NA,GW,BR,2030,7.09548
Energy supply and use,Power installed capacity,Solar photovoltaic,Rooftop,Electricity generation (public service),NA,NA,GW,BR,2035,7.09552
Energy supply and use,Power installed capacity,Solar photovoltaic,Rooftop,Electricity generation (public service),NA,NA,GW,BR,2040,7.09553
Energy supply and use,Power installed capacity,Solar photovoltaic,Rooftop,Electricity generation (public service),NA,NA,GW,BR,2045,7.09554
Energy supply and use,Power installed capacity,Solar photovoltaic,Rooftop,Electricity generation (public service),NA,NA,GW,BR,2050,7.093
Energy supply and use,Power installed capacity,Solar photovoltaic,Utility-scale,Electricity generation (public service),NA,NA,GW,BR,2025,19.75242
Energy supply and use,Power installed capacity,Solar photovoltaic,Utility-scale,Electricity generation (public service),NA,NA,GW,BR,2030,34.70274
Energy supply and use,Power installed capacity,Solar photovoltaic,Utility-scale,Electricity generation (public service),NA,NA,GW,BR,2035,49.08273
Energy supply and use,Power installed capacity,Solar photovoltaic,Utility-scale,Electricity generation (public service),NA,NA,GW,BR,2040,63.14351
Energy supply and use,Power installed capacity,Solar photovoltaic,Utility-scale,Electricity generation (public service),NA,NA,GW,BR,2045,83.59267
Energy supply and use,Power installed capacity,Solar photovoltaic,Utility-scale,Electricity generation (public service),NA,NA,GW,BR,2050,110.58323
Energy supply and use,Power installed capacity,Wind,Offshore,Electricity generation (public service),NA,NA,GW,BR,2025,0.00212
Energy supply and use,Power installed capacity,Wind,Offshore,Electricity generation (public service),NA,NA,GW,BR,2030,0.00212
Energy supply and use,Power installed capacity,Wind,Offshore,Electricity generation (public service),NA,NA,GW,BR,2035,0.00214
Energy supply and use,Power installed capacity,Wind,Offshore,Electricity generation (public service),NA,NA,GW,BR,2040,0.00216
Energy supply and use,Power installed capacity,Wind,Offshore,Electricity generation (public service),NA,NA,GW,BR,2045,0.00071
Energy supply and use,Power installed capacity,Wind,Offshore,Electricity generation (public service),NA,NA,GW,BR,2050,0.0064
Energy supply and use,Power installed capacity,Wind,Onshore,Electricity generation (public service),NA,NA,GW,BR,2025,38.89055
Energy supply and use,Power installed capacity,Wind,Onshore,Electricity generation (public service),NA,NA,GW,BR,2030,48.90833
Energy supply and use,Power installed capacity,Wind,Onshore,Electricity generation (public service),NA,NA,GW,BR,2035,70.0839
Energy supply and use,Power installed capacity,Wind,Onshore,Electricity generation (public service),NA,NA,GW,BR,2040,73.41989
Energy supply and use,Power installed capacity,Wind,Onshore,Electricity generation (public service),NA,NA,GW,BR,2045,94.84154
Energy supply and use,Power installed capacity,Wind,Onshore,Electricity generation (public service),NA,NA,GW,BR,2050,112.377
Energy supply and use,Power installed capacity,Battery storage,NA,Electricity generation (public service),NA,NA,GW,AC,2025,0.07256
Energy supply and use,Power installed capacity,Battery storage,NA,Electricity generation (public service),NA,NA,GW,AC,2030,0.07308
Energy supply and use,Power installed capacity,Battery storage,NA,Electricity generation (public service),NA,NA,GW,AC,2035,0.07377
Energy supply and use,Power installed capacity,Battery storage,NA,Electricity generation (public service),NA,NA,GW,AC,2040,0.3524
Energy supply and use,Power installed capacity,Battery storage,NA,Electricity generation (public service),NA,NA,GW,AC,2045,0.41412
Energy supply and use,Power installed capacity,Battery storage,NA,Electricity generation (public service),NA,NA,GW,AC,2050,0.43266
Energy supply and use,Power installed capacity,Battery storage,NA,Electricity generation (public service),NA,NA,GW,AL,2025,0.06062
Energy supply and use,Power installed capacity,Battery storage,NA,Electricity generation (public service),NA,NA,GW,AL,2030,0.06102
Energy supply and use,Power installed capacity,Battery storage,NA,Electricity generation (public service),NA,NA,GW,AL,2035,0.06229
Energy supply and use,Power installed capacity,Battery storage,NA,Electricity generation (public service),NA,NA,GW,AL,2040,0.06344
Energy supply and use,Power installed capacity,Battery storage,NA,Electricity generation (public service),NA,NA,GW,AL,2045,0.18456
Energy supply and use,Power installed capacity,Battery storage,NA,Electricity generation (public service),NA,NA,GW,AL,2050,0.24572
Energy supply and use,Power installed capacity,Battery storage,NA,Electricity generation (public service),NA,NA,GW,AM,2025,0.0587
Energy supply and use,Power installed capacity,Battery storage,NA,Electricity generation (public service),NA,NA,GW,AM,2030,0.05868
Energy supply and use,Power installed capacity,Battery storage,NA,Electricity generation (public service),NA,NA,GW,AM,2035,0.0591
Energy supply and use,Power installed capacity,Battery storage,NA,Electricity generation (public service),NA,NA,GW,AM,2040,0.24289
Energy supply and use,Power installed capacity,Battery storage,NA,Electricity generation (public service),NA,NA,GW,AM,2045,0.24337
Energy supply and use,Power installed capacity,Battery storage,NA,Electricity generation (public service),NA,NA,GW,AM,2050,0.28113
Energy supply and use,Power installed capacity,Battery storage,NA,Electricity generation (public service),NA,NA,GW,AP,2025,0.0434
Energy supply and use,Power installed capacity,Battery storage,NA,Electricity generation (public service),NA,NA,GW,AP,2030,0.04314
Energy supply and use,Power installed capacity,Battery storage,NA,Electricity generation (public service),NA,NA,GW,AP,2035,0.01014
Energy supply and use,Power installed capacity,Battery storage,NA,Electricity generation (public service),NA,NA,GW,AP,2040,0.02027
Energy supply and use,Power installed capacity,Battery storage,NA,Electricity generation (public service),NA,NA,GW,AP,2045,0.0233
Energy supply and use,Power installed capacity,Battery storage,NA,Electricity generation (public service),NA,NA,GW,AP,2050,0.17205
Energy supply and use,Power installed capacity,Battery storage,NA,Electricity generation (public service),NA,NA,GW,BA,2025,0.0655
Energy supply and use,Power installed capacity,Battery storage,NA,Electricity generation (public service),NA,NA,GW,BA,2030,0.45863
Energy supply and use,Power installed capacity,Battery storage,NA,Electricity generation (public service),NA,NA,GW,BA,2035,0.53575
Energy supply and use,Power installed capacity,Battery storage,NA,Electricity generation (public service),NA,NA,GW,BA,2040,1.47626
Energy supply and use,Power installed capacity,Battery storage,NA,Electricity generation (public service),NA,NA,GW,BA,2045,1.81486
Energy supply and use,Power installed capacity,Battery storage,NA,Electricity generation (public service),NA,NA,GW,BA,2050,1.81743
Energy supply and use,Power installed capacity,Battery storage,NA,Electricity generation (public service),NA,NA,GW,CE,2025,0.07587
Energy supply and use,Power installed capacity,Battery storage,NA,Electricity generation (public service),NA,NA,GW,CE,2030,0.18546
Energy supply and use,Power installed capacity,Battery storage,NA,Electricity generation (public service),NA,NA,GW,CE,2035,0.32714
Energy supply and use,Power installed capacity,Battery storage,NA,Electricity generation (public service),NA,NA,GW,CE,2040,0.36523
Energy supply and use,Power installed capacity,Battery storage,NA,Electricity generation (public service),NA,NA,GW,CE,2045,0.3654
Energy supply and use,Power installed capacity,Battery storage,NA,Electricity generation (public service),NA,NA,GW,CE,2050,0.36641
Energy supply and use,Power installed capacity,Battery storage,NA,Electricity generation (public service),NA,NA,GW,DF,2025,0.0563
Energy supply and use,Power installed capacity,Battery storage,NA,Electricity generation (public service),NA,NA,GW,DF,2030,0.09523
Energy supply and use,Power installed capacity,Battery storage,NA,Electricity generation (public service),NA,NA,GW,DF,2035,0.17033
Energy supply and use,Power installed capacity,Battery storage,NA,Electricity generation (public service),NA,NA,GW,DF,2040,0.23934
Energy supply and use,Power installed capacity,Battery storage,NA,Electricity generation (public service),NA,NA,GW,DF,2045,0.23967
Energy supply and use,Power installed capacity,Battery storage,NA,Electricity generation (public service),NA,NA,GW,DF,2050,0.28608
Energy supply and use,Power installed capacity,Battery storage,NA,Electricity generation (public service),NA,NA,GW,ES,2025,0.12578
Energy supply and use,Power installed capacity,Battery storage,NA,Electricity generation (public service),NA,NA,GW,ES,2030,0.12812
Energy supply and use,Power installed capacity,Battery storage,NA,Electricity generation (public service),NA,NA,GW,ES,2035,0.14434
Energy supply and use,Power installed capacity,Battery storage,NA,Electricity generation (public service),NA,NA,GW,ES,2040,0.18787
Energy supply and use,Power installed capacity,Battery storage,NA,Electricity generation (public service),NA,NA,GW,ES,2045,0.32082
Energy supply and use,Power installed capacity,Battery storage,NA,Electricity generation (public service),NA,NA,GW,ES,2050,0.32746
Energy supply and use,Power installed capacity,Battery storage,NA,Electricity generation (public service),NA,NA,GW,GO,2025,0.09959
Energy supply and use,Power installed capacity,Battery storage,NA,Electricity generation (public service),NA,NA,GW,GO,2030,0.16153
Energy supply and use,Power installed capacity,Battery storage,NA,Electricity generation (public service),NA,NA,GW,GO,2035,0.19349
Energy supply and use,Power installed capacity,Battery storage,NA,Electricity generation (public service),NA,NA,GW,GO,2040,0.19361
Energy supply and use,Power installed capacity,Battery storage,NA,Electricity generation (public service),NA,NA,GW,GO,2045,0.19601
Energy supply and use,Power installed capacity,Battery storage,NA,Electricity generation (public service),NA,NA,GW,GO,2050,0.36393
Energy supply and use,Power installed capacity,Battery storage,NA,Electricity generation (public service),NA,NA,GW,MA,2025,0.07273
Energy supply and use,Power installed capacity,Battery storage,NA,Electricity generation (public service),NA,NA,GW,MA,2030,0.07288
Energy supply and use,Power installed capacity,Battery storage,NA,Electricity generation (public service),NA,NA,GW,MA,2035,0.2285
Energy supply and use,Power installed capacity,Battery storage,NA,Electricity generation (public service),NA,NA,GW,MA,2040,0.22875
Energy supply and use,Power installed capacity,Battery storage,NA,Electricity generation (public service),NA,NA,GW,MA,2045,0.24054
Energy supply and use,Power installed capacity,Battery storage,NA,Electricity generation (public service),NA,NA,GW,MA,2050,0.28842
Energy supply and use,Power installed capacity,Battery storage,NA,Electricity generation (public service),NA,NA,GW,MG,2025,0.2857
Energy supply and use,Power installed capacity,Battery storage,NA,Electricity generation (public service),NA,NA,GW,MG,2030,1.55757
Energy supply and use,Power installed capacity,Battery storage,NA,Electricity generation (public service),NA,NA,GW,MG,2035,2.21245
Energy supply and use,Power installed capacity,Battery storage,NA,Electricity generation (public service),NA,NA,GW,MG,2040,2.21216
Energy supply and use,Power installed capacity,Battery storage,NA,Electricity generation (public service),NA,NA,GW,MG,2045,2.21241
Energy supply and use,Power installed capacity,Battery storage,NA,Electricity generation (public service),NA,NA,GW,MG,2050,2.2127
Energy supply and use,Power installed capacity,Battery storage,NA,Electricity generation (public service),NA,NA,GW,MS,2025,0.07737
Energy supply and use,Power installed capacity,Battery storage,NA,Electricity generation (public service),NA,NA,GW,MS,2030,0.07711
Energy supply and use,Power installed capacity,Battery storage,NA,Electricity generation (public service),NA,NA,GW,MS,2035,0.07774
Energy supply and use,Power installed capacity,Battery storage,NA,Electricity generation (public service),NA,NA,GW,MS,2040,0.07782
Energy supply and use,Power installed capacity,Battery storage,NA,Electricity generation (public service),NA,NA,GW,MS,2045,0.07964
Energy supply and use,Power installed capacity,Battery storage,NA,Electricity generation (public service),NA,NA,GW,MS,2050,0.20775
Energy supply and use,Power installed capacity,Battery storage,NA,Electricity generation (public service),NA,NA,GW,MT,2025,0.06679
Energy supply and use,Power installed capacity,Battery storage,NA,Electricity generation (public service),NA,NA,GW,MT,2030,0.0673
Energy supply and use,Power installed capacity,Battery storage,NA,Electricity generation (public service),NA,NA,GW,MT,2035,0.06792
Energy supply and use,Power installed capacity,Battery storage,NA,Electricity generation (public service),NA,NA,GW,MT,2040,0.11864
Energy supply and use,Power installed capacity,Battery storage,NA,Electricity generation (public service),NA,NA,GW,MT,2045,0.27294
Energy supply and use,Power installed capacity,Battery storage,NA,Electricity generation (public service),NA,NA,GW,MT,2050,0.36188
Energy supply and use,Power installed capacity,Battery storage,NA,Electricity generation (public service),NA,NA,GW,PA,2025,0.07495
Energy supply and use,Power installed capacity,Battery storage,NA,Electricity generation (public service),NA,NA,GW,PA,2030,0.20238
Energy supply and use,Power installed capacity,Battery storage,NA,Electricity generation (public service),NA,NA,GW,PA,2035,0.52811
Energy supply and use,Power installed capacity,Battery storage,NA,Electricity generation (public service),NA,NA,GW,PA,2040,0.52822
Energy supply and use,Power installed capacity,Battery storage,NA,Electricity generation (public service),NA,NA,GW,PA,2045,0.52878
Energy supply and use,Power installed capacity,Battery storage,NA,Electricity generation (public service),NA,NA,GW,PA,2050,0.53068
Energy supply and use,Power installed capacity,Battery storage,NA,Electricity generation (public service),NA,NA,GW,PB,2025,0.06154
Energy supply and use,Power installed capacity,Battery storage,NA,Electricity generation (public service),NA,NA,GW,PB,2030,0.06183
Energy supply and use,Power installed capacity,Battery storage,NA,Electricity generation (public service),NA,NA,GW,PB,2035,0.06259
Energy supply and use,Power installed capacity,Battery storage,NA,Electricity generation (public service),NA,NA,GW,PB,2040,0.20967
Energy supply and use,Power installed capacity,Battery storage,NA,Electricity generation (public service),NA,NA,GW,PB,2045,0.21106
Energy supply and use,Power installed capacity,Battery storage,NA,Electricity generation (public service),NA,NA,GW,PB,2050,0.24399
Energy supply and use,Power installed capacity,Battery storage,NA,Electricity generation (public service),NA,NA,GW,PE,2025,0.09484
Energy supply and use,Power installed capacity,Battery storage,NA,Electricity generation (public service),NA,NA,GW,PE,2030,0.09491
Energy supply and use,Power installed capacity,Battery storage,NA,Electricity generation (public service),NA,NA,GW,PE,2035,0.09511
Energy supply and use,Power installed capacity,Battery storage,NA,Electricity generation (public service),NA,NA,GW,PE,2040,0.16815
Energy supply and use,Power installed capacity,Battery storage,NA,Electricity generation (public service),NA,NA,GW,PE,2045,0.16921
Energy supply and use,Power installed capacity,Battery storage,NA,Electricity generation (public service),NA,NA,GW,PE,2050,0.46728
Energy supply and use,Power installed capacity,Battery storage,NA,Electricity generation (public service),NA,NA,GW,PI,2025,0.05262
Energy supply and use,Power installed capacity,Battery storage,NA,Electricity generation (public service),NA,NA,GW,PI,2030,0.05181
Energy supply and use,Power installed capacity,Battery storage,NA,Electricity generation (public service),NA,NA,GW,PI,2035,0.05239
Energy supply and use,Power installed capacity,Battery storage,NA,Electricity generation (public service),NA,NA,GW,PI,2040,0.05406
Energy supply and use,Power installed capacity,Battery storage,NA,Electricity generation (public service),NA,NA,GW,PI,2045,0.05665
Energy supply and use,Power installed capacity,Battery storage,NA,Electricity generation (public service),NA,NA,GW,PI,2050,0.26439
Energy supply and use,Power installed capacity,Battery storage,NA,Electricity generation (public service),NA,NA,GW,PR,2025,0.15698
Energy supply and use,Power installed capacity,Battery storage,NA,Electricity generation (public service),NA,NA,GW,PR,2030,0.32835
Energy supply and use,Power installed capacity,Battery storage,NA,Electricity generation (public service),NA,NA,GW,PR,2035,0.53177
Energy supply and use,Power installed capacity,Battery storage,NA,Electricity generation (public service),NA,NA,GW,PR,2040,0.60085
Energy supply and use,Power installed capacity,Battery storage,NA,Electricity generation (public service),NA,NA,GW,PR,2045,0.77094
Energy supply and use,Power installed capacity,Battery storage,NA,Electricity generation (public service),NA,NA,GW,PR,2050,1.16495
Energy supply and use,Power installed capacity,Battery storage,NA,Electricity generation (public service),NA,NA,GW,RJ,2025,0.20806
Energy supply and use,Power installed capacity,Battery storage,NA,Electricity generation (public service),NA,NA,GW,RJ,2030,0.30133
Energy supply and use,Power installed capacity,Battery storage,NA,Electricity generation (public service),NA,NA,GW,RJ,2035,0.4499
Energy supply and use,Power installed capacity,Battery storage,NA,Electricity generation (public service),NA,NA,GW,RJ,2040,1.58489
Energy supply and use,Power installed capacity,Battery storage,NA,Electricity generation (public service),NA,NA,GW,RJ,2045,1.58493
Energy supply and use,Power installed capacity,Battery storage,NA,Electricity generation (public service),NA,NA,GW,RJ,2050,1.60757
Energy supply and use,Power installed capacity,Battery storage,NA,Electricity generation (public service),NA,NA,GW,RN,2025,0.08054
Energy supply and use,Power installed capacity,Battery storage,NA,Electricity generation (public service),NA,NA,GW,RN,2030,0.08063
Energy supply and use,Power installed capacity,Battery storage,NA,Electricity generation (public service),NA,NA,GW,RN,2035,0.08092
Energy supply and use,Power installed capacity,Battery storage,NA,Electricity generation (public service),NA,NA,GW,RN,2040,0.08272
Energy supply and use,Power installed capacity,Battery storage,NA,Electricity generation (public service),NA,NA,GW,RN,2045,0.08513
Energy supply and use,Power installed capacity,Battery storage,NA,Electricity generation (public service),NA,NA,GW,RN,2050,0.25874
Energy supply and use,Power installed capacity,Battery storage,NA,Electricity generation (public service),NA,NA,GW,RO,2025,0.06991
Energy supply and use,Power installed capacity,Battery storage,NA,Electricity generation (public service),NA,NA,GW,RO,2030,0.07061
Energy supply and use,Power installed capacity,Battery storage,NA,Electricity generation (public service),NA,NA,GW,RO,2035,0.07134
Energy supply and use,Power installed capacity,Battery storage,NA,Electricity generation (public service),NA,NA,GW,RO,2040,0.19279
Energy supply and use,Power installed capacity,Battery storage,NA,Electricity generation (public service),NA,NA,GW,RO,2045,0.37043
Energy supply and use,Power installed capacity,Battery storage,NA,Electricity generation (public service),NA,NA,GW,RO,2050,0.60865
Energy supply and use,Power installed capacity,Battery storage,NA,Electricity generation (public service),NA,NA,GW,RR,2025,0.0417
Energy supply and use,Power installed capacity,Battery storage,NA,Electricity generation (public service),NA,NA,GW,RR,2030,0.04154
Energy supply and use,Power installed capacity,Battery storage,NA,Electricity generation (public service),NA,NA,GW,RR,2035,0.01141
Energy supply and use,Power installed capacity,Battery storage,NA,Electricity generation (public service),NA,NA,GW,RR,2040,0.02041
Energy supply and use,Power installed capacity,Battery storage,NA,Electricity generation (public service),NA,NA,GW,RR,2045,0.02214
Energy supply and use,Power installed capacity,Battery storage,NA,Electricity generation (public service),NA,NA,GW,RR,2050,0.11814
Energy supply and use,Power installed capacity,Battery storage,NA,Electricity generation (public service),NA,NA,GW,RS,2025,0.1478
Energy supply and use,Power installed capacity,Battery storage,NA,Electricity generation (public service),NA,NA,GW,RS,2030,0.21642
Energy supply and use,Power installed capacity,Battery storage,NA,Electricity generation (public service),NA,NA,GW,RS,2035,0.60005
Energy supply and use,Power installed capacity,Battery storage,NA,Electricity generation (public service),NA,NA,GW,RS,2040,0.60016
Energy supply and use,Power installed capacity,Battery storage,NA,Electricity generation (public service),NA,NA,GW,RS,2045,0.83053
Energy supply and use,Power installed capacity,Battery storage,NA,Electricity generation (public service),NA,NA,GW,RS,2050,1.72643
Energy supply and use,Power installed capacity,Battery storage,NA,Electricity generation (public service),NA,NA,GW,SC,2025,0.21601
Energy supply and use,Power installed capacity,Battery storage,NA,Electricity generation (public service),NA,NA,GW,SC,2030,0.21592
Energy supply and use,Power installed capacity,Battery storage,NA,Electricity generation (public service),NA,NA,GW,SC,2035,0.04975
Energy supply and use,Power installed capacity,Battery storage,NA,Electricity generation (public service),NA,NA,GW,SC,2040,0.05052
Energy supply and use,Power installed capacity,Battery storage,NA,Electricity generation (public service),NA,NA,GW,SC,2045,0.05291
Energy supply and use,Power installed capacity,Battery storage,NA,Electricity generation (public service),NA,NA,GW,SC,2050,0.1405
Energy supply and use,Power installed capacity,Battery storage,NA,Electricity generation (public service),NA,NA,GW,SE,2025,0.05829
Energy supply and use,Power installed capacity,Battery storage,NA,Electricity generation (public service),NA,NA,GW,SE,2030,0.05803
Energy supply and use,Power installed capacity,Battery storage,NA,Electricity generation (public service),NA,NA,GW,SE,2035,0.05862
Energy supply and use,Power installed capacity,Battery storage,NA,Electricity generation (public service),NA,NA,GW,SE,2040,0.05879
Energy supply and use,Power installed capacity,Battery storage,NA,Electricity generation (public service),NA,NA,GW,SE,2045,0.0626
Energy supply and use,Power installed capacity,Battery storage,NA,Electricity generation (public service),NA,NA,GW,SE,2050,0.24505
Energy supply and use,Power installed capacity,Battery storage,NA,Electricity generation (public service),NA,NA,GW,SP,2025,0.56294
Energy supply and use,Power installed capacity,Battery storage,NA,Electricity generation (public service),NA,NA,GW,SP,2030,1.52944
Energy supply and use,Power installed capacity,Battery storage,NA,Electricity generation (public service),NA,NA,GW,SP,2035,2.77801
Energy supply and use,Power installed capacity,Battery storage,NA,Electricity generation (public service),NA,NA,GW,SP,2040,3.20556
Energy supply and use,Power installed capacity,Battery storage,NA,Electricity generation (public service),NA,NA,GW,SP,2045,4.91803
Energy supply and use,Power installed capacity,Battery storage,NA,Electricity generation (public service),NA,NA,GW,SP,2050,4.91831
Energy supply and use,Power installed capacity,Battery storage,NA,Electricity generation (public service),NA,NA,GW,TO,2025,0.0424
Energy supply and use,Power installed capacity,Battery storage,NA,Electricity generation (public service),NA,NA,GW,TO,2030,0.04243
Energy supply and use,Power installed capacity,Battery storage,NA,Electricity generation (public service),NA,NA,GW,TO,2035,0.01296
Energy supply and use,Power installed capacity,Battery storage,NA,Electricity generation (public service),NA,NA,GW,TO,2040,0.02113
Energy supply and use,Power installed capacity,Battery storage,NA,Electricity generation (public service),NA,NA,GW,TO,2045,0.02705
Energy supply and use,Power installed capacity,Battery storage,NA,Electricity generation (public service),NA,NA,GW,TO,2050,0.1873
Energy supply and use,Power installed capacity,Coal,NA,Electricity generation (public service),NA,NA,GW,AC,2025,0.0029
Energy supply and use,Power installed capacity,Coal,NA,Electricity generation (public service),NA,NA,GW,AC,2030,0.00047
Energy supply and use,Power installed capacity,Coal,NA,Electricity generation (public service),NA,NA,GW,AC,2035,0.0005
Energy supply and use,Power installed capacity,Coal,NA,Electricity generation (public service),NA,NA,GW,AC,2040,0.00052
Energy supply and use,Power installed capacity,Coal,NA,Electricity generation (public service),NA,NA,GW,AC,2045,0.00054
Energy supply and use,Power installed capacity,Coal,NA,Electricity generation (public service),NA,NA,GW,AC,2050,0.00187
Energy supply and use,Power installed capacity,Coal,NA,Electricity generation (public service),NA,NA,GW,AL,2025,0.00253
Energy supply and use,Power installed capacity,Coal,NA,Electricity generation (public service),NA,NA,GW,AL,2030,0.00033
Energy supply and use,Power installed capacity,Coal,NA,Electricity generation (public service),NA,NA,GW,AL,2035,0.0004
Energy supply and use,Power installed capacity,Coal,NA,Electricity generation (public service),NA,NA,GW,AL,2040,0.00041
Energy supply and use,Power installed capacity,Coal,NA,Electricity generation (public service),NA,NA,GW,AL,2045,0.00043
Energy supply and use,Power installed capacity,Coal,NA,Electricity generation (public service),NA,NA,GW,AL,2050,0.00182
Energy supply and use,Power installed capacity,Coal,NA,Electricity generation (public service),NA,NA,GW,AM,2025,0.0027
Energy supply and use,Power installed capacity,Coal,NA,Electricity generation (public service),NA,NA,GW,AM,2030,0.00036
Energy supply and use,Power installed capacity,Coal,NA,Electricity generation (public service),NA,NA,GW,AM,2035,0.00043
Energy supply and use,Power installed capacity,Coal,NA,Electricity generation (public service),NA,NA,GW,AM,2040,0.00044
Energy supply and use,Power installed capacity,Coal,NA,Electricity generation (public service),NA,NA,GW,AM,2045,0.00045
Energy supply and use,Power installed capacity,Coal,NA,Electricity generation (public service),NA,NA,GW,AM,2050,0.00182
Energy supply and use,Power installed capacity,Coal,NA,Electricity generation (public service),NA,NA,GW,AP,2025,0.00256
Energy supply and use,Power installed capacity,Coal,NA,Electricity generation (public service),NA,NA,GW,AP,2030,0.00033
Energy supply and use,Power installed capacity,Coal,NA,Electricity generation (public service),NA,NA,GW,AP,2035,0.0004
Energy supply and use,Power installed capacity,Coal,NA,Electricity generation (public service),NA,NA,GW,AP,2040,0.00041
Energy supply and use,Power installed capacity,Coal,NA,Electricity generation (public service),NA,NA,GW,AP,2045,0.00042
Energy supply and use,Power installed capacity,Coal,NA,Electricity generation (public service),NA,NA,GW,AP,2050,0.00176
Energy supply and use,Power installed capacity,Coal,NA,Electricity generation (public service),NA,NA,GW,BA,2025,0.00231
Energy supply and use,Power installed capacity,Coal,NA,Electricity generation (public service),NA,NA,GW,BA,2030,0.00041
Energy supply and use,Power installed capacity,Coal,NA,Electricity generation (public service),NA,NA,GW,BA,2035,0.00043
Energy supply and use,Power installed capacity,Coal,NA,Electricity generation (public service),NA,NA,GW,BA,2040,0.00043
Energy supply and use,Power installed capacity,Coal,NA,Electricity generation (public service),NA,NA,GW,BA,2045,0.00044
Energy supply and use,Power installed capacity,Coal,NA,Electricity generation (public service),NA,NA,GW,BA,2050,0.00177
Energy supply and use,Power installed capacity,Coal,NA,Electricity generation (public service),NA,NA,GW,CE,2025,1.08732
Energy supply and use,Power installed capacity,Coal,NA,Electricity generation (public service),NA,NA,GW,CE,2030,1.08539
Energy supply and use,Power installed capacity,Coal,NA,Electricity generation (public service),NA,NA,GW,CE,2035,1.0854
Energy supply and use,Power installed capacity,Coal,NA,Electricity generation (public service),NA,NA,GW,CE,2040,1.08541
Energy supply and use,Power installed capacity,Coal,NA,Electricity generation (public service),NA,NA,GW,CE,2045,1.08481
Energy supply and use,Power installed capacity,Coal,NA,Electricity generation (public service),NA,NA,GW,CE,2050,0.00677
Energy supply and use,Power installed capacity,Coal,NA,Electricity generation (public service),NA,NA,GW,DF,2025,0.0027
Energy supply and use,Power installed capacity,Coal,NA,Electricity generation (public service),NA,NA,GW,DF,2030,0.00053
Energy supply and use,Power installed capacity,Coal,NA,Electricity generation (public service),NA,NA,GW,DF,2035,0.00054
Energy supply and use,Power installed capacity,Coal,NA,Electricity generation (public service),NA,NA,GW,DF,2040,0.00054
Energy supply and use,Power installed capacity,Coal,NA,Electricity generation (public service),NA,NA,GW,DF,2045,0.00057
Energy supply and use,Power installed capacity,Coal,NA,Electricity generation (public service),NA,NA,GW,DF,2050,0.00187
Energy supply and use,Power installed capacity,Coal,NA,Electricity generation (public service),NA,NA,GW,ES,2025,0.00293
Energy supply and use,Power installed capacity,Coal,NA,Electricity generation (public service),NA,NA,GW,ES,2030,0.0005
Energy supply and use,Power installed capacity,Coal,NA,Electricity generation (public service),NA,NA,GW,ES,2035,0.00052
Energy supply and use,Power installed capacity,Coal,NA,Electricity generation (public service),NA,NA,GW,ES,2040,0.00054
Energy supply and use,Power installed capacity,Coal,NA,Electricity generation (public service),NA,NA,GW,ES,2045,0.00056
Energy supply and use,Power installed capacity,Coal,NA,Electricity generation (public service),NA,NA,GW,ES,2050,0.00186
Energy supply and use,Power installed capacity,Coal,NA,Electricity generation (public service),NA,NA,GW,GO,2025,0.00284
Energy supply and use,Power installed capacity,Coal,NA,Electricity generation (public service),NA,NA,GW,GO,2030,0.00046
Energy supply and use,Power installed capacity,Coal,NA,Electricity generation (public service),NA,NA,GW,GO,2035,0.00055
Energy supply and use,Power installed capacity,Coal,NA,Electricity generation (public service),NA,NA,GW,GO,2040,0.00056
Energy supply and use,Power installed capacity,Coal,NA,Electricity generation (public service),NA,NA,GW,GO,2045,0.00056
Energy supply and use,Power installed capacity,Coal,NA,Electricity generation (public service),NA,NA,GW,GO,2050,0.00171
Energy supply and use,Power installed capacity,Coal,NA,Electricity generation (public service),NA,NA,GW,MA,2025,0.36254
Energy supply and use,Power installed capacity,Coal,NA,Electricity generation (public service),NA,NA,GW,MA,2030,0.36032
Energy supply and use,Power installed capacity,Coal,NA,Electricity generation (public service),NA,NA,GW,MA,2035,0.3604
Energy supply and use,Power installed capacity,Coal,NA,Electricity generation (public service),NA,NA,GW,MA,2040,0.36041
Energy supply and use,Power installed capacity,Coal,NA,Electricity generation (public service),NA,NA,GW,MA,2045,0.27037
Energy supply and use,Power installed capacity,Coal,NA,Electricity generation (public service),NA,NA,GW,MA,2050,0.00793
Energy supply and use,Power installed capacity,Coal,NA,Electricity generation (public service),NA,NA,GW,MG,2025,0.00282
Energy supply and use,Power installed capacity,Coal,NA,Electricity generation (public service),NA,NA,GW,MG,2030,0.00049
Energy supply and use,Power installed capacity,Coal,NA,Electricity generation (public service),NA,NA,GW,MG,2035,0.00052
Energy supply and use,Power installed capacity,Coal,NA,Electricity generation (public service),NA,NA,GW,MG,2040,0.00052
Energy supply and use,Power installed capacity,Coal,NA,Electricity generation (public service),NA,NA,GW,MG,2045,0.00053
Energy supply and use,Power installed capacity,Coal,NA,Electricity generation (public service),NA,NA,GW,MG,2050,0.0018
Energy supply and use,Power installed capacity,Coal,NA,Electricity generation (public service),NA,NA,GW,MS,2025,0.00272
Energy supply and use,Power installed capacity,Coal,NA,Electricity generation (public service),NA,NA,GW,MS,2030,0.00036
Energy supply and use,Power installed capacity,Coal,NA,Electricity generation (public service),NA,NA,GW,MS,2035,0.00037
Energy supply and use,Power installed capacity,Coal,NA,Electricity generation (public service),NA,NA,GW,MS,2040,0.00038
Energy supply and use,Power installed capacity,Coal,NA,Electricity generation (public service),NA,NA,GW,MS,2045,0.00039
Energy supply and use,Power installed capacity,Coal,NA,Electricity generation (public service),NA,NA,GW,MS,2050,0.00165
Energy supply and use,Power installed capacity,Coal,NA,Electricity generation (public service),NA,NA,GW,MT,2025,0.00274
Energy supply and use,Power installed capacity,Coal,NA,Electricity generation (public service),NA,NA,GW,MT,2030,0.00038
Energy supply and use,Power installed capacity,Coal,NA,Electricity generation (public service),NA,NA,GW,MT,2035,0.00038
Energy supply and use,Power installed capacity,Coal,NA,Electricity generation (public service),NA,NA,GW,MT,2040,0.0004
Energy supply and use,Power installed capacity,Coal,NA,Electricity generation (public service),NA,NA,GW,MT,2045,0.00042
Energy supply and use,Power installed capacity,Coal,NA,Electricity generation (public service),NA,NA,GW,MT,2050,0.00175
Energy supply and use,Power installed capacity,Coal,NA,Electricity generation (public service),NA,NA,GW,PA,2025,0.00277
Energy supply and use,Power installed capacity,Coal,NA,Electricity generation (public service),NA,NA,GW,PA,2030,0.00045
Energy supply and use,Power installed capacity,Coal,NA,Electricity generation (public service),NA,NA,GW,PA,2035,0.00047
Energy supply and use,Power installed capacity,Coal,NA,Electricity generation (public service),NA,NA,GW,PA,2040,0.00048
Energy supply and use,Power installed capacity,Coal,NA,Electricity generation (public service),NA,NA,GW,PA,2045,0.0005
Energy supply and use,Power installed capacity,Coal,NA,Electricity generation (public service),NA,NA,GW,PA,2050,0.00183
Energy supply and use,Power installed capacity,Coal,NA,Electricity generation (public service),NA,NA,GW,PB,2025,0.00247
Energy supply and use,Power installed capacity,Coal,NA,Electricity generation (public service),NA,NA,GW,PB,2030,0.00032
Energy supply and use,Power installed capacity,Coal,NA,Electricity generation (public service),NA,NA,GW,PB,2035,0.00033
Energy supply and use,Power installed capacity,Coal,NA,Electricity generation (public service),NA,NA,GW,PB,2040,0.00035
Energy supply and use,Power installed capacity,Coal,NA,Electricity generation (public service),NA,NA,GW,PB,2045,0.00036
Energy supply and use,Power installed capacity,Coal,NA,Electricity generation (public service),NA,NA,GW,PB,2050,0.00181
Energy supply and use,Power installed capacity,Coal,NA,Electricity generation (public service),NA,NA,GW,PE,2025,0.0026
Energy supply and use,Power installed capacity,Coal,NA,Electricity generation (public service),NA,NA,GW,PE,2030,0.00033
Energy supply and use,Power installed capacity,Coal,NA,Electricity generation (public service),NA,NA,GW,PE,2035,0.00048
Energy supply and use,Power installed capacity,Coal,NA,Electricity generation (public service),NA,NA,GW,PE,2040,0.00048
Energy supply and use,Power installed capacity,Coal,NA,Electricity generation (public service),NA,NA,GW,PE,2045,0.00049
Energy supply and use,Power installed capacity,Coal,NA,Electricity generation (public service),NA,NA,GW,PE,2050,0.00171
Energy supply and use,Power installed capacity,Coal,NA,Electricity generation (public service),NA,NA,GW,PI,2025,0.00231
Energy supply and use,Power installed capacity,Coal,NA,Electricity generation (public service),NA,NA,GW,PI,2030,0.00037
Energy supply and use,Power installed capacity,Coal,NA,Electricity generation (public service),NA,NA,GW,PI,2035,0.00037
Energy supply and use,Power installed capacity,Coal,NA,Electricity generation (public service),NA,NA,GW,PI,2040,0.00039
Energy supply and use,Power installed capacity,Coal,NA,Electricity generation (public service),NA,NA,GW,PI,2045,0.0004
Energy supply and use,Power installed capacity,Coal,NA,Electricity generation (public service),NA,NA,GW,PI,2050,0.00172
Energy supply and use,Power installed capacity,Coal,NA,Electricity generation (public service),NA,NA,GW,PR,2025,0.00266
Energy supply and use,Power installed capacity,Coal,NA,Electricity generation (public service),NA,NA,GW,PR,2030,0.00015
Energy supply and use,Power installed capacity,Coal,NA,Electricity generation (public service),NA,NA,GW,PR,2035,0.0002
Energy supply and use,Power installed capacity,Coal,NA,Electricity generation (public service),NA,NA,GW,PR,2040,0.00024
Energy supply and use,Power installed capacity,Coal,NA,Electricity generation (public service),NA,NA,GW,PR,2045,0.00029
Energy supply and use,Power installed capacity,Coal,NA,Electricity generation (public service),NA,NA,GW,PR,2050,0.00182
Energy supply and use,Power installed capacity,Coal,NA,Electricity generation (public service),NA,NA,GW,RJ,2025,0.00274
Energy supply and use,Power installed capacity,Coal,NA,Electricity generation (public service),NA,NA,GW,RJ,2030,0.00044
Energy supply and use,Power installed capacity,Coal,NA,Electricity generation (public service),NA,NA,GW,RJ,2035,0.00045
Energy supply and use,Power installed capacity,Coal,NA,Electricity generation (public service),NA,NA,GW,RJ,2040,0.00046
Energy supply and use,Power installed capacity,Coal,NA,Electricity generation (public service),NA,NA,GW,RJ,2045,0.00048
Energy supply and use,Power installed capacity,Coal,NA,Electricity generation (public service),NA,NA,GW,RJ,2050,0.00183
Energy supply and use,Power installed capacity,Coal,NA,Electricity generation (public service),NA,NA,GW,RN,2025,0.00231
Energy supply and use,Power installed capacity,Coal,NA,Electricity generation (public service),NA,NA,GW,RN,2030,0.00031
Energy supply and use,Power installed capacity,Coal,NA,Electricity generation (public service),NA,NA,GW,RN,2035,0.00036
Energy supply and use,Power installed capacity,Coal,NA,Electricity generation (public service),NA,NA,GW,RN,2040,0.00037
Energy supply and use,Power installed capacity,Coal,NA,Electricity generation (public service),NA,NA,GW,RN,2045,0.00038
Energy supply and use,Power installed capacity,Coal,NA,Electricity generation (public service),NA,NA,GW,RN,2050,0.00166
Energy supply and use,Power installed capacity,Coal,NA,Electricity generation (public service),NA,NA,GW,RO,2025,0.00282
Energy supply and use,Power installed capacity,Coal,NA,Electricity generation (public service),NA,NA,GW,RO,2030,0.00047
Energy supply and use,Power installed capacity,Coal,NA,Electricity generation (public service),NA,NA,GW,RO,2035,0.00051
Energy supply and use,Power installed capacity,Coal,NA,Electricity generation (public service),NA,NA,GW,RO,2040,0.00055
Energy supply and use,Power installed capacity,Coal,NA,Electricity generation (public service),NA,NA,GW,RO,2045,0.00056
Energy supply and use,Power installed capacity,Coal,NA,Electricity generation (public service),NA,NA,GW,RO,2050,0.00188
Energy supply and use,Power installed capacity,Coal,NA,Electricity generation (public service),NA,NA,GW,RR,2025,0.00253
Energy supply and use,Power installed capacity,Coal,NA,Electricity generation (public service),NA,NA,GW,RR,2030,0.00033
Energy supply and use,Power installed capacity,Coal,NA,Electricity generation (public service),NA,NA,GW,RR,2035,0.00039
Energy supply and use,Power installed capacity,Coal,NA,Electricity generation (public service),NA,NA,GW,RR,2040,0.00041
Energy supply and use,Power installed capacity,Coal,NA,Electricity generation (public service),NA,NA,GW,RR,2045,0.00042
Energy supply and use,Power installed capacity,Coal,NA,Electricity generation (public service),NA,NA,GW,RR,2050,0.00174
Energy supply and use,Power installed capacity,Coal,NA,Electricity generation (public service),NA,NA,GW,RS,2025,0.69765
Energy supply and use,Power installed capacity,Coal,NA,Electricity generation (public service),NA,NA,GW,RS,2030,0.69515
Energy supply and use,Power installed capacity,Coal,NA,Electricity generation (public service),NA,NA,GW,RS,2035,0.69519
Energy supply and use,Power installed capacity,Coal,NA,Electricity generation (public service),NA,NA,GW,RS,2040,0.34583
Energy supply and use,Power installed capacity,Coal,NA,Electricity generation (public service),NA,NA,GW,RS,2045,0.34547
Energy supply and use,Power installed capacity,Coal,NA,Electricity generation (public service),NA,NA,GW,RS,2050,0.00365
Energy supply and use,Power installed capacity,Coal,NA,Electricity generation (public service),NA,NA,GW,SC,2025,0.74271
Energy supply and use,Power installed capacity,Coal,NA,Electricity generation (public service),NA,NA,GW,SC,2030,0.74013
Energy supply and use,Power installed capacity,Coal,NA,Electricity generation (public service),NA,NA,GW,SC,2035,0.74019
Energy supply and use,Power installed capacity,Coal,NA,Electricity generation (public service),NA,NA,GW,SC,2040,0.00094
Energy supply and use,Power installed capacity,Coal,NA,Electricity generation (public service),NA,NA,GW,SC,2045,0.00047
Energy supply and use,Power installed capacity,Coal,NA,Electricity generation (public service),NA,NA,GW,SC,2050,0.00192
Energy supply and use,Power installed capacity,Coal,NA,Electricity generation (public service),NA,NA,GW,SE,2025,0.00252
Energy supply and use,Power installed capacity,Coal,NA,Electricity generation (public service),NA,NA,GW,SE,2030,0.00034
Energy supply and use,Power installed capacity,Coal,NA,Electricity generation (public service),NA,NA,GW,SE,2035,0.00045
Energy supply and use,Power installed capacity,Coal,NA,Electricity generation (public service),NA,NA,GW,SE,2040,0.00047
Energy supply and use,Power installed capacity,Coal,NA,Electricity generation (public service),NA,NA,GW,SE,2045,0.0005
Energy supply and use,Power installed capacity,Coal,NA,Electricity generation (public service),NA,NA,GW,SE,2050,0.00175
Energy supply and use,Power installed capacity,Coal,NA,Electricity generation (public service),NA,NA,GW,SP,2025,0.00248
Energy supply and use,Power installed capacity,Coal,NA,Electricity generation (public service),NA,NA,GW,SP,2030,0.00055
Energy supply and use,Power installed capacity,Coal,NA,Electricity generation (public service),NA,NA,GW,SP,2035,0.00056
Energy supply and use,Power installed capacity,Coal,NA,Electricity generation (public service),NA,NA,GW,SP,2040,0.00057
Energy supply and use,Power installed capacity,Coal,NA,Electricity generation (public service),NA,NA,GW,SP,2045,0.00061
Energy supply and use,Power installed capacity,Coal,NA,Electricity generation (public service),NA,NA,GW,SP,2050,0.00181
Energy supply and use,Power installed capacity,Coal,NA,Electricity generation (public service),NA,NA,GW,TO,2025,0.00252
Energy supply and use,Power installed capacity,Coal,NA,Electricity generation (public service),NA,NA,GW,TO,2030,0.00034
Energy supply and use,Power installed capacity,Coal,NA,Electricity generation (public service),NA,NA,GW,TO,2035,0.0005
Energy supply and use,Power installed capacity,Coal,NA,Electricity generation (public service),NA,NA,GW,TO,2040,0.0005
Energy supply and use,Power installed capacity,Coal,NA,Electricity generation (public service),NA,NA,GW,TO,2045,0.00051
Energy supply and use,Power installed capacity,Coal,NA,Electricity generation (public service),NA,NA,GW,TO,2050,0.00171
Energy supply and use,Power installed capacity,Hydrogen,NA,Electricity generation (public service),NA,NA,GW,AC,2025,0.00942
Energy supply and use,Power installed capacity,Hydrogen,NA,Electricity generation (public service),NA,NA,GW,AC,2030,0.00126
Energy supply and use,Power installed capacity,Hydrogen,NA,Electricity generation (public service),NA,NA,GW,AC,2035,0.00133
Energy supply and use,Power installed capacity,Hydrogen,NA,Electricity generation (public service),NA,NA,GW,AC,2040,0.00147
Energy supply and use,Power installed capacity,Hydrogen,NA,Electricity generation (public service),NA,NA,GW,AC,2045,0.00149
Energy supply and use,Power installed capacity,Hydrogen,NA,Electricity generation (public service),NA,NA,GW,AC,2050,0.01039
Energy supply and use,Power installed capacity,Hydrogen,NA,Electricity generation (public service),NA,NA,GW,AL,2025,0.00782
Energy supply and use,Power installed capacity,Hydrogen,NA,Electricity generation (public service),NA,NA,GW,AL,2030,0.00081
Energy supply and use,Power installed capacity,Hydrogen,NA,Electricity generation (public service),NA,NA,GW,AL,2035,0.00085
Energy supply and use,Power installed capacity,Hydrogen,NA,Electricity generation (public service),NA,NA,GW,AL,2040,0.00094
Energy supply and use,Power installed capacity,Hydrogen,NA,Electricity generation (public service),NA,NA,GW,AL,2045,0.00095
Energy supply and use,Power installed capacity,Hydrogen,NA,Electricity generation (public service),NA,NA,GW,AL,2050,0.00908
Energy supply and use,Power installed capacity,Hydrogen,NA,Electricity generation (public service),NA,NA,GW,AM,2025,0.00736
Energy supply and use,Power installed capacity,Hydrogen,NA,Electricity generation (public service),NA,NA,GW,AM,2030,0.00082
Energy supply and use,Power installed capacity,Hydrogen,NA,Electricity generation (public service),NA,NA,GW,AM,2035,0.00085
Energy supply and use,Power installed capacity,Hydrogen,NA,Electricity generation (public service),NA,NA,GW,AM,2040,0.00093
Energy supply and use,Power installed capacity,Hydrogen,NA,Electricity generation (public service),NA,NA,GW,AM,2045,0.00097
Energy supply and use,Power installed capacity,Hydrogen,NA,Electricity generation (public service),NA,NA,GW,AM,2050,0.00844
Energy supply and use,Power installed capacity,Hydrogen,NA,Electricity generation (public service),NA,NA,GW,AP,2025,0.00903
Energy supply and use,Power installed capacity,Hydrogen,NA,Electricity generation (public service),NA,NA,GW,AP,2030,0.00092
Energy supply and use,Power installed capacity,Hydrogen,NA,Electricity generation (public service),NA,NA,GW,AP,2035,0.00121
Energy supply and use,Power installed capacity,Hydrogen,NA,Electricity generation (public service),NA,NA,GW,AP,2040,0.00092
Energy supply and use,Power installed capacity,Hydrogen,NA,Electricity generation (public service),NA,NA,GW,AP,2045,0.00094
Energy supply and use,Power installed capacity,Hydrogen,NA,Electricity generation (public service),NA,NA,GW,AP,2050,0.00962
Energy supply and use,Power installed capacity,Hydrogen,NA,Electricity generation (public service),NA,NA,GW,BA,2025,0.00561
Energy supply and use,Power installed capacity,Hydrogen,NA,Electricity generation (public service),NA,NA,GW,BA,2030,0.00087
Energy supply and use,Power installed capacity,Hydrogen,NA,Electricity generation (public service),NA,NA,GW,BA,2035,0.0007
Energy supply and use,Power installed capacity,Hydrogen,NA,Electricity generation (public service),NA,NA,GW,BA,2040,0.00075
Energy supply and use,Power installed capacity,Hydrogen,NA,Electricity generation (public service),NA,NA,GW,BA,2045,0.00092
Energy supply and use,Power installed capacity,Hydrogen,NA,Electricity generation (public service),NA,NA,GW,BA,2050,0.00843
Energy supply and use,Power installed capacity,Hydrogen,NA,Electricity generation (public service),NA,NA,GW,CE,2025,0.00703
Energy supply and use,Power installed capacity,Hydrogen,NA,Electricity generation (public service),NA,NA,GW,CE,2030,0.00088
Energy supply and use,Power installed capacity,Hydrogen,NA,Electricity generation (public service),NA,NA,GW,CE,2035,0.00088
Energy supply and use,Power installed capacity,Hydrogen,NA,Electricity generation (public service),NA,NA,GW,CE,2040,0.00093
Energy supply and use,Power installed capacity,Hydrogen,NA,Electricity generation (public service),NA,NA,GW,CE,2045,0.00096
Energy supply and use,Power installed capacity,Hydrogen,NA,Electricity generation (public service),NA,NA,GW,CE,2050,0.00865
Energy supply and use,Power installed capacity,Hydrogen,NA,Electricity generation (public service),NA,NA,GW,DF,2025,0.00945
Energy supply and use,Power installed capacity,Hydrogen,NA,Electricity generation (public service),NA,NA,GW,DF,2030,0.00135
Energy supply and use,Power installed capacity,Hydrogen,NA,Electricity generation (public service),NA,NA,GW,DF,2035,0.00139
Energy supply and use,Power installed capacity,Hydrogen,NA,Electricity generation (public service),NA,NA,GW,DF,2040,0.00148
Energy supply and use,Power installed capacity,Hydrogen,NA,Electricity generation (public service),NA,NA,GW,DF,2045,0.00152
Energy supply and use,Power installed capacity,Hydrogen,NA,Electricity generation (public service),NA,NA,GW,DF,2050,0.01323
Energy supply and use,Power installed capacity,Hydrogen,NA,Electricity generation (public service),NA,NA,GW,ES,2025,0.00764
Energy supply and use,Power installed capacity,Hydrogen,NA,Electricity generation (public service),NA,NA,GW,ES,2030,0.00089
Energy supply and use,Power installed capacity,Hydrogen,NA,Electricity generation (public service),NA,NA,GW,ES,2035,0.00095
Energy supply and use,Power installed capacity,Hydrogen,NA,Electricity generation (public service),NA,NA,GW,ES,2040,0.00101
Energy supply and use,Power installed capacity,Hydrogen,NA,Electricity generation (public service),NA,NA,GW,ES,2045,0.00105
Energy supply and use,Power installed capacity,Hydrogen,NA,Electricity generation (public service),NA,NA,GW,ES,2050,0.01229
Energy supply and use,Power installed capacity,Hydrogen,NA,Electricity generation (public service),NA,NA,GW,GO,2025,0.00656
Energy supply and use,Power installed capacity,Hydrogen,NA,Electricity generation (public service),NA,NA,GW,GO,2030,0.00089
Energy supply and use,Power installed capacity,Hydrogen,NA,Electricity generation (public service),NA,NA,GW,GO,2035,0.0008
Energy supply and use,Power installed capacity,Hydrogen,NA,Electricity generation (public service),NA,NA,GW,GO,2040,0.00084
Energy supply and use,Power installed capacity,Hydrogen,NA,Electricity generation (public service),NA,NA,GW,GO,2045,0.00087
Energy supply and use,Power installed capacity,Hydrogen,NA,Electricity generation (public service),NA,NA,GW,GO,2050,0.0153
Energy supply and use,Power installed capacity,Hydrogen,NA,Electricity generation (public service),NA,NA,GW,MA,2025,0.00747
Energy supply and use,Power installed capacity,Hydrogen,NA,Electricity generation (public service),NA,NA,GW,MA,2030,0.00076
Energy supply and use,Power installed capacity,Hydrogen,NA,Electricity generation (public service),NA,NA,GW,MA,2035,0.0008
Energy supply and use,Power installed capacity,Hydrogen,NA,Electricity generation (public service),NA,NA,GW,MA,2040,0.00087
Energy supply and use,Power installed capacity,Hydrogen,NA,Electricity generation (public service),NA,NA,GW,MA,2045,0.0009
Energy supply and use,Power installed capacity,Hydrogen,NA,Electricity generation (public service),NA,NA,GW,MA,2050,0.00875
Energy supply and use,Power installed capacity,Hydrogen,NA,Electricity generation (public service),NA,NA,GW,MG,2025,0.00602
Energy supply and use,Power installed capacity,Hydrogen,NA,Electricity generation (public service),NA,NA,GW,MG,2030,0.00116
Energy supply and use,Power installed capacity,Hydrogen,NA,Electricity generation (public service),NA,NA,GW,MG,2035,0.00087
Energy supply and use,Power installed capacity,Hydrogen,NA,Electricity generation (public service),NA,NA,GW,MG,2040,0.00092
Energy supply and use,Power installed capacity,Hydrogen,NA,Electricity generation (public service),NA,NA,GW,MG,2045,0.00095
Energy supply and use,Power installed capacity,Hydrogen,NA,Electricity generation (public service),NA,NA,GW,MG,2050,0.0175
Energy supply and use,Power installed capacity,Hydrogen,NA,Electricity generation (public service),NA,NA,GW,MS,2025,0.00823
Energy supply and use,Power installed capacity,Hydrogen,NA,Electricity generation (public service),NA,NA,GW,MS,2030,0.00087
Energy supply and use,Power installed capacity,Hydrogen,NA,Electricity generation (public service),NA,NA,GW,MS,2035,0.00075
Energy supply and use,Power installed capacity,Hydrogen,NA,Electricity generation (public service),NA,NA,GW,MS,2040,0.00078
Energy supply and use,Power installed capacity,Hydrogen,NA,Electricity generation (public service),NA,NA,GW,MS,2045,0.0008
Energy supply and use,Power installed capacity,Hydrogen,NA,Electricity generation (public service),NA,NA,GW,MS,2050,0.02002
Energy supply and use,Power installed capacity,Hydrogen,NA,Electricity generation (public service),NA,NA,GW,MT,2025,0.00651
Energy supply and use,Power installed capacity,Hydrogen,NA,Electricity generation (public service),NA,NA,GW,MT,2030,0.00088
Energy supply and use,Power installed capacity,Hydrogen,NA,Electricity generation (public service),NA,NA,GW,MT,2035,0.00068
Energy supply and use,Power installed capacity,Hydrogen,NA,Electricity generation (public service),NA,NA,GW,MT,2040,0.00071
Energy supply and use,Power installed capacity,Hydrogen,NA,Electricity generation (public service),NA,NA,GW,MT,2045,0.00074
Energy supply and use,Power installed capacity,Hydrogen,NA,Electricity generation (public service),NA,NA,GW,MT,2050,0.00799
Energy supply and use,Power installed capacity,Hydrogen,NA,Electricity generation (public service),NA,NA,GW,PA,2025,0.00756
Energy supply and use,Power installed capacity,Hydrogen,NA,Electricity generation (public service),NA,NA,GW,PA,2030,0.00103
Energy supply and use,Power installed capacity,Hydrogen,NA,Electricity generation (public service),NA,NA,GW,PA,2035,0.00082
Energy supply and use,Power installed capacity,Hydrogen,NA,Electricity generation (public service),NA,NA,GW,PA,2040,0.00087
Energy supply and use,Power installed capacity,Hydrogen,NA,Electricity generation (public service),NA,NA,GW,PA,2045,0.0009
Energy supply and use,Power installed capacity,Hydrogen,NA,Electricity generation (public service),NA,NA,GW,PA,2050,0.00843
Energy supply and use,Power installed capacity,Hydrogen,NA,Electricity generation (public service),NA,NA,GW,PB,2025,0.00788
Energy supply and use,Power installed capacity,Hydrogen,NA,Electricity generation (public service),NA,NA,GW,PB,2030,0.00085
Energy supply and use,Power installed capacity,Hydrogen,NA,Electricity generation (public service),NA,NA,GW,PB,2035,0.0009
Energy supply and use,Power installed capacity,Hydrogen,NA,Electricity generation (public service),NA,NA,GW,PB,2040,0.001
Energy supply and use,Power installed capacity,Hydrogen,NA,Electricity generation (public service),NA,NA,GW,PB,2045,0.00103
Energy supply and use,Power installed capacity,Hydrogen,NA,Electricity generation (public service),NA,NA,GW,PB,2050,0.00902
Energy supply and use,Power installed capacity,Hydrogen,NA,Electricity generation (public service),NA,NA,GW,PE,2025,0.00624
Energy supply and use,Power installed capacity,Hydrogen,NA,Electricity generation (public service),NA,NA,GW,PE,2030,0.00073
Energy supply and use,Power installed capacity,Hydrogen,NA,Electricity generation (public service),NA,NA,GW,PE,2035,0.00073
Energy supply and use,Power installed capacity,Hydrogen,NA,Electricity generation (public service),NA,NA,GW,PE,2040,0.00077
Energy supply and use,Power installed capacity,Hydrogen,NA,Electricity generation (public service),NA,NA,GW,PE,2045,0.00081
Energy supply and use,Power installed capacity,Hydrogen,NA,Electricity generation (public service),NA,NA,GW,PE,2050,0.00724
Energy supply and use,Power installed capacity,Hydrogen,NA,Electricity generation (public service),NA,NA,GW,PI,2025,0.00824
Energy supply and use,Power installed capacity,Hydrogen,NA,Electricity generation (public service),NA,NA,GW,PI,2030,0.00078
Energy supply and use,Power installed capacity,Hydrogen,NA,Electricity generation (public service),NA,NA,GW,PI,2035,0.00083
Energy supply and use,Power installed capacity,Hydrogen,NA,Electricity generation (public service),NA,NA,GW,PI,2040,0.00087
Energy supply and use,Power installed capacity,Hydrogen,NA,Electricity generation (public service),NA,NA,GW,PI,2045,0.00089
Energy supply and use,Power installed capacity,Hydrogen,NA,Electricity generation (public service),NA,NA,GW,PI,2050,0.00928
Energy supply and use,Power installed capacity,Hydrogen,NA,Electricity generation (public service),NA,NA,GW,PR,2025,0.00611
Energy supply and use,Power installed capacity,Hydrogen,NA,Electricity generation (public service),NA,NA,GW,PR,2030,0.00108
Energy supply and use,Power installed capacity,Hydrogen,NA,Electricity generation (public service),NA,NA,GW,PR,2035,0.00079
Energy supply and use,Power installed capacity,Hydrogen,NA,Electricity generation (public service),NA,NA,GW,PR,2040,0.00082
Energy supply and use,Power installed capacity,Hydrogen,NA,Electricity generation (public service),NA,NA,GW,PR,2045,0.00105
Energy supply and use,Power installed capacity,Hydrogen,NA,Electricity generation (public service),NA,NA,GW,PR,2050,0.02702
Energy supply and use,Power installed capacity,Hydrogen,NA,Electricity generation (public service),NA,NA,GW,RJ,2025,0.00612
Energy supply and use,Power installed capacity,Hydrogen,NA,Electricity generation (public service),NA,NA,GW,RJ,2030,0.00086
Energy supply and use,Power installed capacity,Hydrogen,NA,Electricity generation (public service),NA,NA,GW,RJ,2035,0.00089
Energy supply and use,Power installed capacity,Hydrogen,NA,Electricity generation (public service),NA,NA,GW,RJ,2040,0.00092
Energy supply and use,Power installed capacity,Hydrogen,NA,Electricity generation (public service),NA,NA,GW,RJ,2045,0.00103
Energy supply and use,Power installed capacity,Hydrogen,NA,Electricity generation (public service),NA,NA,GW,RJ,2050,0.00771
Energy supply and use,Power installed capacity,Hydrogen,NA,Electricity generation (public service),NA,NA,GW,RN,2025,0.0084
Energy supply and use,Power installed capacity,Hydrogen,NA,Electricity generation (public service),NA,NA,GW,RN,2030,0.00055
Energy supply and use,Power installed capacity,Hydrogen,NA,Electricity generation (public service),NA,NA,GW,RN,2035,0.00068
Energy supply and use,Power installed capacity,Hydrogen,NA,Electricity generation (public service),NA,NA,GW,RN,2040,0.00078
Energy supply and use,Power installed capacity,Hydrogen,NA,Electricity generation (public service),NA,NA,GW,RN,2045,0.00084
Energy supply and use,Power installed capacity,Hydrogen,NA,Electricity generation (public service),NA,NA,GW,RN,2050,0.00827
Energy supply and use,Power installed capacity,Hydrogen,NA,Electricity generation (public service),NA,NA,GW,RO,2025,0.00925
Energy supply and use,Power installed capacity,Hydrogen,NA,Electricity generation (public service),NA,NA,GW,RO,2030,0.00126
Energy supply and use,Power installed capacity,Hydrogen,NA,Electricity generation (public service),NA,NA,GW,RO,2035,0.00125
Energy supply and use,Power installed capacity,Hydrogen,NA,Electricity generation (public service),NA,NA,GW,RO,2040,0.0013
Energy supply and use,Power installed capacity,Hydrogen,NA,Electricity generation (public service),NA,NA,GW,RO,2045,0.00136
Energy supply and use,Power installed capacity,Hydrogen,NA,Electricity generation (public service),NA,NA,GW,RO,2050,0.01024
Energy supply and use,Power installed capacity,Hydrogen,NA,Electricity generation (public service),NA,NA,GW,RR,2025,0.00903
Energy supply and use,Power installed capacity,Hydrogen,NA,Electricity generation (public service),NA,NA,GW,RR,2030,0.00089
Energy supply and use,Power installed capacity,Hydrogen,NA,Electricity generation (public service),NA,NA,GW,RR,2035,0.00116
Energy supply and use,Power installed capacity,Hydrogen,NA,Electricity generation (public service),NA,NA,GW,RR,2040,0.00099
Energy supply and use,Power installed capacity,Hydrogen,NA,Electricity generation (public service),NA,NA,GW,RR,2045,0.00104
Energy supply and use,Power installed capacity,Hydrogen,NA,Electricity generation (public service),NA,NA,GW,RR,2050,0.00968
Energy supply and use,Power installed capacity,Hydrogen,NA,Electricity generation (public service),NA,NA,GW,RS,2025,0.00613
Energy supply and use,Power installed capacity,Hydrogen,NA,Electricity generation (public service),NA,NA,GW,RS,2030,0.00108
Energy supply and use,Power installed capacity,Hydrogen,NA,Electricity generation (public service),NA,NA,GW,RS,2035,0.00084
Energy supply and use,Power installed capacity,Hydrogen,NA,Electricity generation (public service),NA,NA,GW,RS,2040,0.0009
Energy supply and use,Power installed capacity,Hydrogen,NA,Electricity generation (public service),NA,NA,GW,RS,2045,0.00104
Energy supply and use,Power installed capacity,Hydrogen,NA,Electricity generation (public service),NA,NA,GW,RS,2050,0.01234
Energy supply and use,Power installed capacity,Hydrogen,NA,Electricity generation (public service),NA,NA,GW,SC,2025,0.00658
Energy supply and use,Power installed capacity,Hydrogen,NA,Electricity generation (public service),NA,NA,GW,SC,2030,0.00079
Energy supply and use,Power installed capacity,Hydrogen,NA,Electricity generation (public service),NA,NA,GW,SC,2035,0.00082
Energy supply and use,Power installed capacity,Hydrogen,NA,Electricity generation (public service),NA,NA,GW,SC,2040,0.00092
Energy supply and use,Power installed capacity,Hydrogen,NA,Electricity generation (public service),NA,NA,GW,SC,2045,0.00094
Energy supply and use,Power installed capacity,Hydrogen,NA,Electricity generation (public service),NA,NA,GW,SC,2050,0.01209
Energy supply and use,Power installed capacity,Hydrogen,NA,Electricity generation (public service),NA,NA,GW,SE,2025,0.00773
Energy supply and use,Power installed capacity,Hydrogen,NA,Electricity generation (public service),NA,NA,GW,SE,2030,0.00076
Energy supply and use,Power installed capacity,Hydrogen,NA,Electricity generation (public service),NA,NA,GW,SE,2035,0.0008
Energy supply and use,Power installed capacity,Hydrogen,NA,Electricity generation (public service),NA,NA,GW,SE,2040,0.00086
Energy supply and use,Power installed capacity,Hydrogen,NA,Electricity generation (public service),NA,NA,GW,SE,2045,0.00089
Energy supply and use,Power installed capacity,Hydrogen,NA,Electricity generation (public service),NA,NA,GW,SE,2050,0.00929
Energy supply and use,Power installed capacity,Hydrogen,NA,Electricity generation (public service),NA,NA,GW,SP,2025,0.00595
Energy supply and use,Power installed capacity,Hydrogen,NA,Electricity generation (public service),NA,NA,GW,SP,2030,0.00097
Energy supply and use,Power installed capacity,Hydrogen,NA,Electricity generation (public service),NA,NA,GW,SP,2035,0.00094
Energy supply and use,Power installed capacity,Hydrogen,NA,Electricity generation (public service),NA,NA,GW,SP,2040,0.00098
Energy supply and use,Power installed capacity,Hydrogen,NA,Electricity generation (public service),NA,NA,GW,SP,2045,0.00115
Energy supply and use,Power installed capacity,Hydrogen,NA,Electricity generation (public service),NA,NA,GW,SP,2050,0.01856
Energy supply and use,Power installed capacity,Hydrogen,NA,Electricity generation (public service),NA,NA,GW,TO,2025,0.00871
Energy supply and use,Power installed capacity,Hydrogen,NA,Electricity generation (public service),NA,NA,GW,TO,2030,0.00087
Energy supply and use,Power installed capacity,Hydrogen,NA,Electricity generation (public service),NA,NA,GW,TO,2035,0.00106
Energy supply and use,Power installed capacity,Hydrogen,NA,Electricity generation (public service),NA,NA,GW,TO,2040,0.00093
Energy supply and use,Power installed capacity,Hydrogen,NA,Electricity generation (public service),NA,NA,GW,TO,2045,0.00096
Energy supply and use,Power installed capacity,Hydrogen,NA,Electricity generation (public service),NA,NA,GW,TO,2050,0.00949
Energy supply and use,Power installed capacity,Natural gas,With CCS,Electricity generation (public service),NA,NA,GW,SP,2025,0.00184
Energy supply and use,Power installed capacity,Natural gas,With CCS,Electricity generation (public service),NA,NA,GW,SP,2030,0.00127
Energy supply and use,Power installed capacity,Natural gas,With CCS,Electricity generation (public service),NA,NA,GW,SP,2035,0.00068
Energy supply and use,Power installed capacity,Natural gas,With CCS,Electricity generation (public service),NA,NA,GW,SP,2040,0.00069
Energy supply and use,Power installed capacity,Natural gas,With CCS,Electricity generation (public service),NA,NA,GW,SP,2045,0.00073
Energy supply and use,Power installed capacity,Natural gas,With CCS,Electricity generation (public service),NA,NA,GW,SP,2050,0.00405
Energy supply and use,Power installed capacity,Natural gas,Without CCS,Electricity generation (public service),NA,NA,GW,AM,2025,0.757
Energy supply and use,Power installed capacity,Natural gas,Without CCS,Electricity generation (public service),NA,NA,GW,AM,2030,0.75699
Energy supply and use,Power installed capacity,Natural gas,Without CCS,Electricity generation (public service),NA,NA,GW,AM,2035,0.75696
Energy supply and use,Power installed capacity,Natural gas,Without CCS,Electricity generation (public service),NA,NA,GW,AM,2040,0.75696
Energy supply and use,Power installed capacity,Natural gas,Without CCS,Electricity generation (public service),NA,NA,GW,AM,2045,0.33592
Energy supply and use,Power installed capacity,Natural gas,Without CCS,Electricity generation (public service),NA,NA,GW,AM,2050,0.33549
Energy supply and use,Power installed capacity,Natural gas,Without CCS,Electricity generation (public service),NA,NA,GW,BA,2025,0.18945
Energy supply and use,Power installed capacity,Natural gas,Without CCS,Electricity generation (public service),NA,NA,GW,BA,2030,0.00374
Energy supply and use,Power installed capacity,Natural gas,Without CCS,Electricity generation (public service),NA,NA,GW,BA,2035,0.0036
Energy supply and use,Power installed capacity,Natural gas,Without CCS,Electricity generation (public service),NA,NA,GW,BA,2040,0.0036
Energy supply and use,Power installed capacity,Natural gas,Without CCS,Electricity generation (public service),NA,NA,GW,BA,2045,0.0036
Energy supply and use,Power installed capacity,Natural gas,Without CCS,Electricity generation (public service),NA,NA,GW,BA,2050,0.00359
Energy supply and use,Power installed capacity,Natural gas,Without CCS,Electricity generation (public service),NA,NA,GW,CE,2025,0.547
Energy supply and use,Power installed capacity,Natural gas,Without CCS,Electricity generation (public service),NA,NA,GW,CE,2030,0.00028
Energy supply and use,Power installed capacity,Natural gas,Without CCS,Electricity generation (public service),NA,NA,GW,CE,2035,0.00011
Energy supply and use,Power installed capacity,Natural gas,Without CCS,Electricity generation (public service),NA,NA,GW,CE,2040,0.00011
Energy supply and use,Power installed capacity,Natural gas,Without CCS,Electricity generation (public service),NA,NA,GW,CE,2045,0.00011
Energy supply and use,Power installed capacity,Natural gas,Without CCS,Electricity generation (public service),NA,NA,GW,CE,2050,0.00011
Energy supply and use,Power installed capacity,Natural gas,Without CCS,Electricity generation (public service),NA,NA,GW,MA,2025,3.202
Energy supply and use,Power installed capacity,Natural gas,Without CCS,Electricity generation (public service),NA,NA,GW,MA,2030,3.202
Energy supply and use,Power installed capacity,Natural gas,Without CCS,Electricity generation (public service),NA,NA,GW,MA,2035,3.202
Energy supply and use,Power installed capacity,Natural gas,Without CCS,Electricity generation (public service),NA,NA,GW,MA,2040,3.20198
Energy supply and use,Power installed capacity,Natural gas,Without CCS,Electricity generation (public service),NA,NA,GW,MA,2045,0.19839
Energy supply and use,Power installed capacity,Natural gas,Without CCS,Electricity generation (public service),NA,NA,GW,MA,2050,0.19824
Energy supply and use,Power installed capacity,Natural gas,Without CCS,Electricity generation (public service),NA,NA,GW,MG,2025,0.322
Energy supply and use,Power installed capacity,Natural gas,Without CCS,Electricity generation (public service),NA,NA,GW,MG,2030,0.0877
Energy supply and use,Power installed capacity,Natural gas,Without CCS,Electricity generation (public service),NA,NA,GW,MG,2035,0.08721
Energy supply and use,Power installed capacity,Natural gas,Without CCS,Electricity generation (public service),NA,NA,GW,MG,2040,0.0872
Energy supply and use,Power installed capacity,Natural gas,Without CCS,Electricity generation (public service),NA,NA,GW,MG,2045,0.08719
Energy supply and use,Power installed capacity,Natural gas,Without CCS,Electricity generation (public service),NA,NA,GW,MG,2050,0.08712
Energy supply and use,Power installed capacity,Natural gas,Without CCS,Electricity generation (public service),NA,NA,GW,MS,2025,0.563
Energy supply and use,Power installed capacity,Natural gas,Without CCS,Electricity generation (public service),NA,NA,GW,MS,2030,0.17731
Energy supply and use,Power installed capacity,Natural gas,Without CCS,Electricity generation (public service),NA,NA,GW,MS,2035,0.17712
Energy supply and use,Power installed capacity,Natural gas,Without CCS,Electricity generation (public service),NA,NA,GW,MS,2040,0.17712
Energy supply and use,Power installed capacity,Natural gas,Without CCS,Electricity generation (public service),NA,NA,GW,MS,2045,0.17712
Energy supply and use,Power installed capacity,Natural gas,Without CCS,Electricity generation (public service),NA,NA,GW,MS,2050,0.17712
Energy supply and use,Power installed capacity,Natural gas,Without CCS,Electricity generation (public service),NA,NA,GW,MT,2025,0.529
Energy supply and use,Power installed capacity,Natural gas,Without CCS,Electricity generation (public service),NA,NA,GW,MT,2030,0.529
Energy supply and use,Power installed capacity,Natural gas,Without CCS,Electricity generation (public service),NA,NA,GW,MT,2035,0.529
Energy supply and use,Power installed capacity,Natural gas,Without CCS,Electricity generation (public service),NA,NA,GW,MT,2040,0.529
Energy supply and use,Power installed capacity,Natural gas,Without CCS,Electricity generation (public service),NA,NA,GW,MT,2045,0.529
Energy supply and use,Power installed capacity,Natural gas,Without CCS,Electricity generation (public service),NA,NA,GW,MT,2050,0.529
Energy supply and use,Power installed capacity,Natural gas,Without CCS,Electricity generation (public service),NA,NA,GW,PE,2025,0.55
Energy supply and use,Power installed capacity,Natural gas,Without CCS,Electricity generation (public service),NA,NA,GW,PE,2030,0.00022
Energy supply and use,Power installed capacity,Natural gas,Without CCS,Electricity generation (public service),NA,NA,GW,PE,2035,9e-05
Energy supply and use,Power installed capacity,Natural gas,Without CCS,Electricity generation (public service),NA,NA,GW,PE,2040,9e-05
Energy supply and use,Power installed capacity,Natural gas,Without CCS,Electricity generation (public service),NA,NA,GW,PE,2045,9e-05
Energy supply and use,Power installed capacity,Natural gas,Without CCS,Electricity generation (public service),NA,NA,GW,PE,2050,9e-05
Energy supply and use,Power installed capacity,Natural gas,Without CCS,Electricity generation (public service),NA,NA,GW,PR,2025,0.484
Energy supply and use,Power installed capacity,Natural gas,Without CCS,Electricity generation (public service),NA,NA,GW,PR,2030,0.0005
Energy supply and use,Power installed capacity,Natural gas,Without CCS,Electricity generation (public service),NA,NA,GW,PR,2035,0.00017
Energy supply and use,Power installed capacity,Natural gas,Without CCS,Electricity generation (public service),NA,NA,GW,PR,2040,0.00017
Energy supply and use,Power installed capacity,Natural gas,Without CCS,Electricity generation (public service),NA,NA,GW,PR,2045,0.00017
Energy supply and use,Power installed capacity,Natural gas,Without CCS,Electricity generation (public service),NA,NA,GW,PR,2050,0.00017
Energy supply and use,Power installed capacity,Natural gas,Without CCS,Electricity generation (public service),NA,NA,GW,RJ,2025,7.705
Energy supply and use,Power installed capacity,Natural gas,Without CCS,Electricity generation (public service),NA,NA,GW,RJ,2030,5.88937
Energy supply and use,Power installed capacity,Natural gas,Without CCS,Electricity generation (public service),NA,NA,GW,RJ,2035,5.3893
Energy supply and use,Power installed capacity,Natural gas,Without CCS,Electricity generation (public service),NA,NA,GW,RJ,2040,5.38927
Energy supply and use,Power installed capacity,Natural gas,Without CCS,Electricity generation (public service),NA,NA,GW,RJ,2045,5.36398
Energy supply and use,Power installed capacity,Natural gas,Without CCS,Electricity generation (public service),NA,NA,GW,RJ,2050,5.32613
Energy supply and use,Power installed capacity,Natural gas,Without CCS,Electricity generation (public service),NA,NA,GW,RN,2025,0.11
Energy supply and use,Power installed capacity,Natural gas,Without CCS,Electricity generation (public service),NA,NA,GW,RN,2030,0.00014
Energy supply and use,Power installed capacity,Natural gas,Without CCS,Electricity generation (public service),NA,NA,GW,RN,2035,9e-05
Energy supply and use,Power installed capacity,Natural gas,Without CCS,Electricity generation (public service),NA,NA,GW,RN,2040,9e-05
Energy supply and use,Power installed capacity,Natural gas,Without CCS,Electricity generation (public service),NA,NA,GW,RN,2045,9e-05
Energy supply and use,Power installed capacity,Natural gas,Without CCS,Electricity generation (public service),NA,NA,GW,RN,2050,9e-05
Energy supply and use,Power installed capacity,Natural gas,Without CCS,Electricity generation (public service),NA,NA,GW,RR,2025,0.141
Energy supply and use,Power installed capacity,Natural gas,Without CCS,Electricity generation (public service),NA,NA,GW,RR,2030,0.141
Energy supply and use,Power installed capacity,Natural gas,Without CCS,Electricity generation (public service),NA,NA,GW,RR,2035,0.141
Energy supply and use,Power installed capacity,Natural gas,Without CCS,Electricity generation (public service),NA,NA,GW,RR,2040,0.141
Energy supply and use,Power installed capacity,Natural gas,Without CCS,Electricity generation (public service),NA,NA,GW,RR,2045,0.141
Energy supply and use,Power installed capacity,Natural gas,Without CCS,Electricity generation (public service),NA,NA,GW,RR,2050,0.141
Energy supply and use,Power installed capacity,Natural gas,Without CCS,Electricity generation (public service),NA,NA,GW,RS,2025,0.888
Energy supply and use,Power installed capacity,Natural gas,Without CCS,Electricity generation (public service),NA,NA,GW,RS,2030,0.00049
Energy supply and use,Power installed capacity,Natural gas,Without CCS,Electricity generation (public service),NA,NA,GW,RS,2035,0.00013
Energy supply and use,Power installed capacity,Natural gas,Without CCS,Electricity generation (public service),NA,NA,GW,RS,2040,0.00013
Energy supply and use,Power installed capacity,Natural gas,Without CCS,Electricity generation (public service),NA,NA,GW,RS,2045,0.00013
Energy supply and use,Power installed capacity,Natural gas,Without CCS,Electricity generation (public service),NA,NA,GW,RS,2050,0.00013
Energy supply and use,Power installed capacity,Natural gas,Without CCS,Electricity generation (public service),NA,NA,GW,SE,2025,1.593
Energy supply and use,Power installed capacity,Natural gas,Without CCS,Electricity generation (public service),NA,NA,GW,SE,2030,1.593
Energy supply and use,Power installed capacity,Natural gas,Without CCS,Electricity generation (public service),NA,NA,GW,SE,2035,1.593
Energy supply and use,Power installed capacity,Natural gas,Without CCS,Electricity generation (public service),NA,NA,GW,SE,2040,1.593
Energy supply and use,Power installed capacity,Natural gas,Without CCS,Electricity generation (public service),NA,NA,GW,SE,2045,1.593
Energy supply and use,Power installed capacity,Natural gas,Without CCS,Electricity generation (public service),NA,NA,GW,SE,2050,0.18862
Energy supply and use,Power installed capacity,Natural gas,Without CCS,Electricity generation (public service),NA,NA,GW,SP,2025,0.66451
Energy supply and use,Power installed capacity,Natural gas,Without CCS,Electricity generation (public service),NA,NA,GW,SP,2030,0.0157
Energy supply and use,Power installed capacity,Natural gas,Without CCS,Electricity generation (public service),NA,NA,GW,SP,2035,0.01533
Energy supply and use,Power installed capacity,Natural gas,Without CCS,Electricity generation (public service),NA,NA,GW,SP,2040,3.38393
Energy supply and use,Power installed capacity,Natural gas,Without CCS,Electricity generation (public service),NA,NA,GW,SP,2045,13.82713
Energy supply and use,Power installed capacity,Natural gas,Without CCS,Electricity generation (public service),NA,NA,GW,SP,2050,30.94253
Energy supply and use,Power installed capacity,Nuclear,NA,Electricity generation (public service),NA,NA,GW,RJ,2025,1.99
Energy supply and use,Power installed capacity,Nuclear,NA,Electricity generation (public service),NA,NA,GW,RJ,2030,1.99
Energy supply and use,Power installed capacity,Nuclear,NA,Electricity generation (public service),NA,NA,GW,RJ,2035,1.99
Energy supply and use,Power installed capacity,Nuclear,NA,Electricity generation (public service),NA,NA,GW,RJ,2040,1.99
Energy supply and use,Power installed capacity,Nuclear,NA,Electricity generation (public service),NA,NA,GW,RJ,2045,1.98999
Energy supply and use,Power installed capacity,Nuclear,NA,Electricity generation (public service),NA,NA,GW,RJ,2050,1.98996
Energy supply and use,Power installed capacity,Nuclear,NA,Electricity generation (public service),NA,NA,GW,SP,2025,0.0
Energy supply and use,Power installed capacity,Nuclear,NA,Electricity generation (public service),NA,NA,GW,SP,2030,0.0
Energy supply and use,Power installed capacity,Nuclear,NA,Electricity generation (public service),NA,NA,GW,SP,2035,0.0
Energy supply and use,Power installed capacity,Nuclear,NA,Electricity generation (public service),NA,NA,GW,SP,2040,0.0
Energy supply and use,Power installed capacity,Nuclear,NA,Electricity generation (public service),NA,NA,GW,SP,2045,0.0
Energy supply and use,Power installed capacity,Nuclear,NA,Electricity generation (public service),NA,NA,GW,SP,2050,0.0
Energy supply and use,Power installed capacity,Solar photovoltaic,Rooftop,Electricity generation (public service),NA,NA,GW,AC,2025,0.05449
Energy supply and use,Power installed capacity,Solar photovoltaic,Rooftop,Electricity generation (public service),NA,NA,GW,AC,2030,0.05449
Energy supply and use,Power installed capacity,Solar photovoltaic,Rooftop,Electricity generation (public service),NA,NA,GW,AC,2035,0.05449
Energy supply and use,Power installed capacity,Solar photovoltaic,Rooftop,Electricity generation (public service),NA,NA,GW,AC,2040,0.05449
Energy supply and use,Power installed capacity,Solar photovoltaic,Rooftop,Electricity generation (public service),NA,NA,GW,AC,2045,0.05449
Energy supply and use,Power installed capacity,Solar photovoltaic,Rooftop,Electricity generation (public service),NA,NA,GW,AC,2050,0.05426
Energy supply and use,Power installed capacity,Solar photovoltaic,Rooftop,Electricity generation (public service),NA,NA,GW,AL,2025,0.09475
Energy supply and use,Power installed capacity,Solar photovoltaic,Rooftop,Electricity generation (public service),NA,NA,GW,AL,2030,0.09475
Energy supply and use,Power installed capacity,Solar photovoltaic,Rooftop,Electricity generation (public service),NA,NA,GW,AL,2035,0.09475
Energy supply and use,Power installed capacity,Solar photovoltaic,Rooftop,Electricity generation (public service),NA,NA,GW,AL,2040,0.09475
Energy supply and use,Power installed capacity,Solar photovoltaic,Rooftop,Electricity generation (public service),NA,NA,GW,AL,2045,0.09475
Energy supply and use,Power installed capacity,Solar photovoltaic,Rooftop,Electricity generation (public service),NA,NA,GW,AL,2050,0.09468
Energy supply and use,Power installed capacity,Solar photovoltaic,Rooftop,Electricity generation (public service),NA,NA,GW,AM,2025,0.04371
Energy supply and use,Power installed capacity,Solar photovoltaic,Rooftop,Electricity generation (public service),NA,NA,GW,AM,2030,0.04371
Energy supply and use,Power installed capacity,Solar photovoltaic,Rooftop,Electricity generation (public service),NA,NA,GW,AM,2035,0.04371
Energy supply and use,Power installed capacity,Solar photovoltaic,Rooftop,Electricity generation (public service),NA,NA,GW,AM,2040,0.04371
Energy supply and use,Power installed capacity,Solar photovoltaic,Rooftop,Electricity generation (public service),NA,NA,GW,AM,2045,0.04371
Energy supply and use,Power installed capacity,Solar photovoltaic,Rooftop,Electricity generation (public service),NA,NA,GW,AM,2050,0.04361
Energy supply and use,Power installed capacity,Solar photovoltaic,Rooftop,Electricity generation (public service),NA,NA,GW,AP,2025,0.04647
Energy supply and use,Power installed capacity,Solar photovoltaic,Rooftop,Electricity generation (public service),NA,NA,GW,AP,2030,0.04647
Energy supply and use,Power installed capacity,Solar photovoltaic,Rooftop,Electricity generation (public service),NA,NA,GW,AP,2035,0.04647
Energy supply and use,Power installed capacity,Solar photovoltaic,Rooftop,Electricity generation (public service),NA,NA,GW,AP,2040,0.04647
Energy supply and use,Power installed capacity,Solar photovoltaic,Rooftop,Electricity generation (public service),NA,NA,GW,AP,2045,0.04647
Energy supply and use,Power installed capacity,Solar photovoltaic,Rooftop,Electricity generation (public service),NA,NA,GW,AP,2050,0.04638
Energy supply and use,Power installed capacity,Solar photovoltaic,Rooftop,Electricity generation (public service),NA,NA,GW,BA,2025,0.39381
Energy supply and use,Power installed capacity,Solar photovoltaic,Rooftop,Electricity generation (public service),NA,NA,GW,BA,2030,0.39381
Energy supply and use,Power installed capacity,Solar photovoltaic,Rooftop,Electricity generation (public service),NA,NA,GW,BA,2035,0.39381
Energy supply and use,Power installed capacity,Solar photovoltaic,Rooftop,Electricity generation (public service),NA,NA,GW,BA,2040,0.39381
Energy supply and use,Power installed capacity,Solar photovoltaic,Rooftop,Electricity generation (public service),NA,NA,GW,BA,2045,0.39381
Energy supply and use,Power installed capacity,Solar photovoltaic,Rooftop,Electricity generation (public service),NA,NA,GW,BA,2050,0.39379
Energy supply and use,Power installed capacity,Solar photovoltaic,Rooftop,Electricity generation (public service),NA,NA,GW,CE,2025,0.30575
Energy supply and use,Power installed capacity,Solar photovoltaic,Rooftop,Electricity generation (public service),NA,NA,GW,CE,2030,0.30575
Energy supply and use,Power installed capacity,Solar photovoltaic,Rooftop,Electricity generation (public service),NA,NA,GW,CE,2035,0.30575
Energy supply and use,Power installed capacity,Solar photovoltaic,Rooftop,Electricity generation (public service),NA,NA,GW,CE,2040,0.30575
Energy supply and use,Power installed capacity,Solar photovoltaic,Rooftop,Electricity generation (public service),NA,NA,GW,CE,2045,0.30575
Energy supply and use,Power installed capacity,Solar photovoltaic,Rooftop,Electricity generation (public service),NA,NA,GW,CE,2050,0.30588
Energy supply and use,Power installed capacity,Solar photovoltaic,Rooftop,Electricity generation (public service),NA,NA,GW,DF,2025,0.08776
Energy supply and use,Power installed capacity,Solar photovoltaic,Rooftop,Electricity generation (public service),NA,NA,GW,DF,2030,0.08776
Energy supply and use,Power installed capacity,Solar photovoltaic,Rooftop,Electricity generation (public service),NA,NA,GW,DF,2035,0.08776
Energy supply and use,Power installed capacity,Solar photovoltaic,Rooftop,Electricity generation (public service),NA,NA,GW,DF,2040,0.08776
Energy supply and use,Power installed capacity,Solar photovoltaic,Rooftop,Electricity generation (public service),NA,NA,GW,DF,2045,0.08778
Energy supply and use,Power installed capacity,Solar photovoltaic,Rooftop,Electricity generation (public service),NA,NA,GW,DF,2050,0.08767
Energy supply and use,Power installed capacity,Solar photovoltaic,Rooftop,Electricity generation (public service),NA,NA,GW,ES,2025,0.27477
Energy supply and use,Power installed capacity,Solar photovoltaic,Rooftop,Electricity generation (public service),NA,NA,GW,ES,2030,0.27477
Energy supply and use,Power installed capacity,Solar photovoltaic,Rooftop,Electricity generation (public service),NA,NA,GW,ES,2035,0.27477
Energy supply and use,Power installed capacity,Solar photovoltaic,Rooftop,Electricity generation (public service),NA,NA,GW,ES,2040,0.27477
Energy supply and use,Power installed capacity,Solar photovoltaic,Rooftop,Electricity generation (public service),NA,NA,GW,ES,2045,0.27477
Energy supply and use,Power installed capacity,Solar photovoltaic,Rooftop,Electricity generation (public service),NA,NA,GW,ES,2050,0.27449
Energy supply and use,Power installed capacity,Solar photovoltaic,Rooftop,Electricity generation (public service),NA,NA,GW,GO,2025,0.33878
Energy supply and use,Power installed capacity,Solar photovoltaic,Rooftop,Electricity generation (public service),NA,NA,GW,GO,2030,0.33878
Energy supply and use,Power installed capacity,Solar photovoltaic,Rooftop,Electricity generation (public service),NA,NA,GW,GO,2035,0.33878
Energy supply and use,Power installed capacity,Solar photovoltaic,Rooftop,Electricity generation (public service),NA,NA,GW,GO,2040,0.33879
Energy supply and use,Power installed capacity,Solar photovoltaic,Rooftop,Electricity generation (public service),NA,NA,GW,GO,2045,0.33878
Energy supply and use,Power installed capacity,Solar photovoltaic,Rooftop,Electricity generation (public service),NA,NA,GW,GO,2050,0.33885
Energy supply and use,Power installed capacity,Solar photovoltaic,Rooftop,Electricity generation (public service),NA,NA,GW,MA,2025,0.14573
Energy supply and use,Power installed capacity,Solar photovoltaic,Rooftop,Electricity generation (public service),NA,NA,GW,MA,2030,0.14573
Energy supply and use,Power installed capacity,Solar photovoltaic,Rooftop,Electricity generation (public service),NA,NA,GW,MA,2035,0.14573
Energy supply and use,Power installed capacity,Solar photovoltaic,Rooftop,Electricity generation (public service),NA,NA,GW,MA,2040,0.14573
Energy supply and use,Power installed capacity,Solar photovoltaic,Rooftop,Electricity generation (public service),NA,NA,GW,MA,2045,0.14573
Energy supply and use,Power installed capacity,Solar photovoltaic,Rooftop,Electricity generation (public service),NA,NA,GW,MA,2050,0.14575
Energy supply and use,Power installed capacity,Solar photovoltaic,Rooftop,Electricity generation (public service),NA,NA,GW,MG,2025,0.48486
Energy supply and use,Power installed capacity,Solar photovoltaic,Rooftop,Electricity generation (public service),NA,NA,GW,MG,2030,0.48486
Energy supply and use,Power installed capacity,Solar photovoltaic,Rooftop,Electricity generation (public service),NA,NA,GW,MG,2035,0.48487
Energy supply and use,Power installed capacity,Solar photovoltaic,Rooftop,Electricity generation (public service),NA,NA,GW,MG,2040,0.48487
Energy supply and use,Power installed capacity,Solar photovoltaic,Rooftop,Electricity generation (public service),NA,NA,GW,MG,2045,0.48487
Energy supply and use,Power installed capacity,Solar photovoltaic,Rooftop,Electricity generation (public service),NA,NA,GW,MG,2050,0.48488
Energy supply and use,Power installed capacity,Solar photovoltaic,Rooftop,Electricity generation (public service),NA,NA,GW,MS,2025,0.25678
Energy supply and use,Power installed capacity,Solar photovoltaic,Rooftop,Electricity generation (public service),NA,NA,GW,MS,2030,0.25678
Energy supply and use,Power installed capacity,Solar photovoltaic,Rooftop,Electricity generation (public service),NA,NA,GW,MS,2035,0.25678
Energy supply and use,Power installed capacity,Solar photovoltaic,Rooftop,Electricity generation (public service),NA,NA,GW,MS,2040,0.25678
Energy supply and use,Power installed capacity,Solar photovoltaic,Rooftop,Electricity generation (public service),NA,NA,GW,MS,2045,0.25678
Energy supply and use,Power installed capacity,Solar photovoltaic,Rooftop,Electricity generation (public service),NA,NA,GW,MS,2050,0.25649
Energy supply and use,Power installed capacity,Solar photovoltaic,Rooftop,Electricity generation (public service),NA,NA,GW,MT,2025,0.46375
Energy supply and use,Power installed capacity,Solar photovoltaic,Rooftop,Electricity generation (public service),NA,NA,GW,MT,2030,0.46375
Energy supply and use,Power installed capacity,Solar photovoltaic,Rooftop,Electricity generation (public service),NA,NA,GW,MT,2035,0.46376
Energy supply and use,Power installed capacity,Solar photovoltaic,Rooftop,Electricity generation (public service),NA,NA,GW,MT,2040,0.46375
Energy supply and use,Power installed capacity,Solar photovoltaic,Rooftop,Electricity generation (public service),NA,NA,GW,MT,2045,0.46375
Energy supply and use,Power installed capacity,Solar photovoltaic,Rooftop,Electricity generation (public service),NA,NA,GW,MT,2050,0.46351
Energy supply and use,Power installed capacity,Solar photovoltaic,Rooftop,Electricity generation (public service),NA,NA,GW,PA,2025,0.26985
Energy supply and use,Power installed capacity,Solar photovoltaic,Rooftop,Electricity generation (public service),NA,NA,GW,PA,2030,0.26985
Energy supply and use,Power installed capacity,Solar photovoltaic,Rooftop,Electricity generation (public service),NA,NA,GW,PA,2035,0.26985
Energy supply and use,Power installed capacity,Solar photovoltaic,Rooftop,Electricity generation (public service),NA,NA,GW,PA,2040,0.26985
Energy supply and use,Power installed capacity,Solar photovoltaic,Rooftop,Electricity generation (public service),NA,NA,GW,PA,2045,0.26985
Energy supply and use,Power installed capacity,Solar photovoltaic,Rooftop,Electricity generation (public service),NA,NA,GW,PA,2050,0.26943
Energy supply and use,Power installed capacity,Solar photovoltaic,Rooftop,Electricity generation (public service),NA,NA,GW,PB,2025,0.11078
Energy supply and use,Power installed capacity,Solar photovoltaic,Rooftop,Electricity generation (public service),NA,NA,GW,PB,2030,0.11078
Energy supply and use,Power installed capacity,Solar photovoltaic,Rooftop,Electricity generation (public service),NA,NA,GW,PB,2035,0.11078
Energy supply and use,Power installed capacity,Solar photovoltaic,Rooftop,Electricity generation (public service),NA,NA,GW,PB,2040,0.11078
Energy supply and use,Power installed capacity,Solar photovoltaic,Rooftop,Electricity generation (public service),NA,NA,GW,PB,2045,0.11078
Energy supply and use,Power installed capacity,Solar photovoltaic,Rooftop,Electricity generation (public service),NA,NA,GW,PB,2050,0.11026
Energy supply and use,Power installed capacity,Solar photovoltaic,Rooftop,Electricity generation (public service),NA,NA,GW,PE,2025,0.31478
Energy supply and use,Power installed capacity,Solar photovoltaic,Rooftop,Electricity generation (public service),NA,NA,GW,PE,2030,0.31478
Energy supply and use,Power installed capacity,Solar photovoltaic,Rooftop,Electricity generation (public service),NA,NA,GW,PE,2035,0.31479
Energy supply and use,Power installed capacity,Solar photovoltaic,Rooftop,Electricity generation (public service),NA,NA,GW,PE,2040,0.31479
Energy supply and use,Power installed capacity,Solar photovoltaic,Rooftop,Electricity generation (public service),NA,NA,GW,PE,2045,0.31479
Energy supply and use,Power installed capacity,Solar photovoltaic,Rooftop,Electricity generation (public service),NA,NA,GW,PE,2050,0.31488
Energy supply and use,Power installed capacity,Solar photovoltaic,Rooftop,Electricity generation (public service),NA,NA,GW,PI,2025,0.12774
Energy supply and use,Power installed capacity,Solar photovoltaic,Rooftop,Electricity generation (public service),NA,NA,GW,PI,2030,0.12775
Energy supply and use,Power installed capacity,Solar photovoltaic,Rooftop,Electricity generation (public service),NA,NA,GW,PI,2035,0.12775
Energy supply and use,Power installed capacity,Solar photovoltaic,Rooftop,Electricity generation (public service),NA,NA,GW,PI,2040,0.12775
Energy supply and use,Power installed capacity,Solar photovoltaic,Rooftop,Electricity generation (public service),NA,NA,GW,PI,2045,0.12775
Energy supply and use,Power installed capacity,Solar photovoltaic,Rooftop,Electricity generation (public service),NA,NA,GW,PI,2050,0.1276
Energy supply and use,Power installed capacity,Solar photovoltaic,Rooftop,Electricity generation (public service),NA,NA,GW,PR,2025,0.69678
Energy supply and use,Power installed capacity,Solar photovoltaic,Rooftop,Electricity generation (public service),NA,NA,GW,PR,2030,0.69678
Energy supply and use,Power installed capacity,Solar photovoltaic,Rooftop,Electricity generation (public service),NA,NA,GW,PR,2035,0.69678
Energy supply and use,Power installed capacity,Solar photovoltaic,Rooftop,Electricity generation (public service),NA,NA,GW,PR,2040,0.69678
Energy supply and use,Power installed capacity,Solar photovoltaic,Rooftop,Electricity generation (public service),NA,NA,GW,PR,2045,0.69678
Energy supply and use,Power installed capacity,Solar photovoltaic,Rooftop,Electricity generation (public service),NA,NA,GW,PR,2050,0.69685
Energy supply and use,Power installed capacity,Solar photovoltaic,Rooftop,Electricity generation (public service),NA,NA,GW,RJ,2025,0.31581
Energy supply and use,Power installed capacity,Solar photovoltaic,Rooftop,Electricity generation (public service),NA,NA,GW,RJ,2030,0.31581
Energy supply and use,Power installed capacity,Solar photovoltaic,Rooftop,Electricity generation (public service),NA,NA,GW,RJ,2035,0.31581
Energy supply and use,Power installed capacity,Solar photovoltaic,Rooftop,Electricity generation (public service),NA,NA,GW,RJ,2040,0.31581
Energy supply and use,Power installed capacity,Solar photovoltaic,Rooftop,Electricity generation (public service),NA,NA,GW,RJ,2045,0.31581
Energy supply and use,Power installed capacity,Solar photovoltaic,Rooftop,Electricity generation (public service),NA,NA,GW,RJ,2050,0.31585
Energy supply and use,Power installed capacity,Solar photovoltaic,Rooftop,Electricity generation (public service),NA,NA,GW,RN,2025,0.09476
Energy supply and use,Power installed capacity,Solar photovoltaic,Rooftop,Electricity generation (public service),NA,NA,GW,RN,2030,0.09476
Energy supply and use,Power installed capacity,Solar photovoltaic,Rooftop,Electricity generation (public service),NA,NA,GW,RN,2035,0.09476
Energy supply and use,Power installed capacity,Solar photovoltaic,Rooftop,Electricity generation (public service),NA,NA,GW,RN,2040,0.09476
Energy supply and use,Power installed capacity,Solar photovoltaic,Rooftop,Electricity generation (public service),NA,NA,GW,RN,2045,0.09476
Energy supply and use,Power installed capacity,Solar photovoltaic,Rooftop,Electricity generation (public service),NA,NA,GW,RN,2050,0.09454
Energy supply and use,Power installed capacity,Solar photovoltaic,Rooftop,Electricity generation (public service),NA,NA,GW,RO,2025,0.16454
Energy supply and use,Power installed capacity,Solar photovoltaic,Rooftop,Electricity generation (public service),NA,NA,GW,RO,2030,0.16454
Energy supply and use,Power installed capacity,Solar photovoltaic,Rooftop,Electricity generation (public service),NA,NA,GW,RO,2035,0.16454
Energy supply and use,Power installed capacity,Solar photovoltaic,Rooftop,Electricity generation (public service),NA,NA,GW,RO,2040,0.16454
Energy supply and use,Power installed capacity,Solar photovoltaic,Rooftop,Electricity generation (public service),NA,NA,GW,RO,2045,0.16454
Energy supply and use,Power installed capacity,Solar photovoltaic,Rooftop,Electricity generation (public service),NA,NA,GW,RO,2050,0.1645
Energy supply and use,Power installed capacity,Solar photovoltaic,Rooftop,Electricity generation (public service),NA,NA,GW,RR,2025,0.02947
Energy supply and use,Power installed capacity,Solar photovoltaic,Rooftop,Electricity generation (public service),NA,NA,GW,RR,2030,0.02947
Energy supply and use,Power installed capacity,Solar photovoltaic,Rooftop,Electricity generation (public service),NA,NA,GW,RR,2035,0.02947
Energy supply and use,Power installed capacity,Solar photovoltaic,Rooftop,Electricity generation (public service),NA,NA,GW,RR,2040,0.02947
Energy supply and use,Power installed capacity,Solar photovoltaic,Rooftop,Electricity generation (public service),NA,NA,GW,RR,2045,0.02948
Energy supply and use,Power installed capacity,Solar photovoltaic,Rooftop,Electricity generation (public service),NA,NA,GW,RR,2050,0.02932
Energy supply and use,Power installed capacity,Solar photovoltaic,Rooftop,Electricity generation (public service),NA,NA,GW,RS,2025,0.38077
Energy supply and use,Power installed capacity,Solar photovoltaic,Rooftop,Electricity generation (public service),NA,NA,GW,RS,2030,0.38077
Energy supply and use,Power installed capacity,Solar photovoltaic,Rooftop,Electricity generation (public service),NA,NA,GW,RS,2035,0.38077
Energy supply and use,Power installed capacity,Solar photovoltaic,Rooftop,Electricity generation (public service),NA,NA,GW,RS,2040,0.38077
Energy supply and use,Power installed capacity,Solar photovoltaic,Rooftop,Electricity generation (public service),NA,NA,GW,RS,2045,0.38077
Energy supply and use,Power installed capacity,Solar photovoltaic,Rooftop,Electricity generation (public service),NA,NA,GW,RS,2050,0.38087
Energy supply and use,Power installed capacity,Solar photovoltaic,Rooftop,Electricity generation (public service),NA,NA,GW,SC,2025,0.35973
Energy supply and use,Power installed capacity,Solar photovoltaic,Rooftop,Electricity generation (public service),NA,NA,GW,SC,2030,0.35973
Energy supply and use,Power installed capacity,Solar photovoltaic,Rooftop,Electricity generation (public service),NA,NA,GW,SC,2035,0.35973
Energy supply and use,Power installed capacity,Solar photovoltaic,Rooftop,Electricity generation (public service),NA,NA,GW,SC,2040,0.35973
Energy supply and use,Power installed capacity,Solar photovoltaic,Rooftop,Electricity generation (public service),NA,NA,GW,SC,2045,0.35973
Energy supply and use,Power installed capacity,Solar photovoltaic,Rooftop,Electricity generation (public service),NA,NA,GW,SC,2050,0.35952
Energy supply and use,Power installed capacity,Solar photovoltaic,Rooftop,Electricity generation (public service),NA,NA,GW,SE,2025,0.06069
Energy supply and use,Power installed capacity,Solar photovoltaic,Rooftop,Electricity generation (public service),NA,NA,GW,SE,2030,0.06069
Energy supply and use,Power installed capacity,Solar photovoltaic,Rooftop,Electricity generation (public service),NA,NA,GW,SE,2035,0.06069
Energy supply and use,Power installed capacity,Solar photovoltaic,Rooftop,Electricity generation (public service),NA,NA,GW,SE,2040,0.0607
Energy supply and use,Power installed capacity,Solar photovoltaic,Rooftop,Electricity generation (public service),NA,NA,GW,SE,2045,0.0607
Energy supply and use,Power installed capacity,Solar photovoltaic,Rooftop,Electricity generation (public service),NA,NA,GW,SE,2050,0.0607
Energy supply and use,Power installed capacity,Solar photovoltaic,Rooftop,Electricity generation (public service),NA,NA,GW,SP,2025,1.04286
Energy supply and use,Power installed capacity,Solar photovoltaic,Rooftop,Electricity generation (public service),NA,NA,GW,SP,2030,1.04286
Energy supply and use,Power installed capacity,Solar photovoltaic,Rooftop,Electricity generation (public service),NA,NA,GW,SP,2035,1.04286
Energy supply and use,Power installed capacity,Solar photovoltaic,Rooftop,Electricity generation (public service),NA,NA,GW,SP,2040,1.04286
Energy supply and use,Power installed capacity,Solar photovoltaic,Rooftop,Electricity generation (public service),NA,NA,GW,SP,2045,1.04286
Energy supply and use,Power installed capacity,Solar photovoltaic,Rooftop,Electricity generation (public service),NA,NA,GW,SP,2050,1.04287
Energy supply and use,Power installed capacity,Solar photovoltaic,Rooftop,Electricity generation (public service),NA,NA,GW,TO,2025,0.1355
Energy supply and use,Power installed capacity,Solar photovoltaic,Rooftop,Electricity generation (public service),NA,NA,GW,TO,2030,0.1355
Energy supply and use,Power installed capacity,Solar photovoltaic,Rooftop,Electricity generation (public service),NA,NA,GW,TO,2035,0.1355
Energy supply and use,Power installed capacity,Solar photovoltaic,Rooftop,Electricity generation (public service),NA,NA,GW,TO,2040,0.1355
Energy supply and use,Power installed capacity,Solar photovoltaic,Rooftop,Electricity generation (public service),NA,NA,GW,TO,2045,0.1355
Energy supply and use,Power installed capacity,Solar photovoltaic,Rooftop,Electricity generation (public service),NA,NA,GW,TO,2050,0.13555
Energy supply and use,Power installed capacity,Solar photovoltaic,Utility-scale,Electricity generation (public service),NA,NA,GW,AC,2025,0.01036
Energy supply and use,Power installed capacity,Solar photovoltaic,Utility-scale,Electricity generation (public service),NA,NA,GW,AC,2030,0.84207
Energy supply and use,Power installed capacity,Solar photovoltaic,Utility-scale,Electricity generation (public service),NA,NA,GW,AC,2035,1.69133
Energy supply and use,Power installed capacity,Solar photovoltaic,Utility-scale,Electricity generation (public service),NA,NA,GW,AC,2040,1.96546
Energy supply and use,Power installed capacity,Solar photovoltaic,Utility-scale,Electricity generation (public service),NA,NA,GW,AC,2045,2.28569
Energy supply and use,Power installed capacity,Solar photovoltaic,Utility-scale,Electricity generation (public service),NA,NA,GW,AC,2050,2.40921
Energy supply and use,Power installed capacity,Solar photovoltaic,Utility-scale,Electricity generation (public service),NA,NA,GW,AL,2025,0.00475
Energy supply and use,Power installed capacity,Solar photovoltaic,Utility-scale,Electricity generation (public service),NA,NA,GW,AL,2030,0.00477
Energy supply and use,Power installed capacity,Solar photovoltaic,Utility-scale,Electricity generation (public service),NA,NA,GW,AL,2035,0.00481
Energy supply and use,Power installed capacity,Solar photovoltaic,Utility-scale,Electricity generation (public service),NA,NA,GW,AL,2040,0.0049
Energy supply and use,Power installed capacity,Solar photovoltaic,Utility-scale,Electricity generation (public service),NA,NA,GW,AL,2045,0.005
Energy supply and use,Power installed capacity,Solar photovoltaic,Utility-scale,Electricity generation (public service),NA,NA,GW,AL,2050,0.03315
Energy supply and use,Power installed capacity,Solar photovoltaic,Utility-scale,Electricity generation (public service),NA,NA,GW,AM,2025,0.01017
Energy supply and use,Power installed capacity,Solar photovoltaic,Utility-scale,Electricity generation (public service),NA,NA,GW,AM,2030,0.01038
Energy supply and use,Power installed capacity,Solar photovoltaic,Utility-scale,Electricity generation (public service),NA,NA,GW,AM,2035,0.29747
Energy supply and use,Power installed capacity,Solar photovoltaic,Utility-scale,Electricity generation (public service),NA,NA,GW,AM,2040,0.94604
Energy supply and use,Power installed capacity,Solar photovoltaic,Utility-scale,Electricity generation (public service),NA,NA,GW,AM,2045,0.95349
Energy supply and use,Power installed capacity,Solar photovoltaic,Utility-scale,Electricity generation (public service),NA,NA,GW,AM,2050,1.58534
Energy supply and use,Power installed capacity,Solar photovoltaic,Utility-scale,Electricity generation (public service),NA,NA,GW,AP,2025,0.00556
Energy supply and use,Power installed capacity,Solar photovoltaic,Utility-scale,Electricity generation (public service),NA,NA,GW,AP,2030,0.00556
Energy supply and use,Power installed capacity,Solar photovoltaic,Utility-scale,Electricity generation (public service),NA,NA,GW,AP,2035,0.21134
Energy supply and use,Power installed capacity,Solar photovoltaic,Utility-scale,Electricity generation (public service),NA,NA,GW,AP,2040,0.21139
Energy supply and use,Power installed capacity,Solar photovoltaic,Utility-scale,Electricity generation (public service),NA,NA,GW,AP,2045,0.2114
Energy supply and use,Power installed capacity,Solar photovoltaic,Utility-scale,Electricity generation (public service),NA,NA,GW,AP,2050,0.20589
Energy supply and use,Power installed capacity,Solar photovoltaic,Utility-scale,Electricity generation (public service),NA,NA,GW,BA,2025,2.53286
Energy supply and use,Power installed capacity,Solar photovoltaic,Utility-scale,Electricity generation (public service),NA,NA,GW,BA,2030,2.53291
Energy supply and use,Power installed capacity,Solar photovoltaic,Utility-scale,Electricity generation (public service),NA,NA,GW,BA,2035,2.53297
Energy supply and use,Power installed capacity,Solar photovoltaic,Utility-scale,Electricity generation (public service),NA,NA,GW,BA,2040,2.53309
Energy supply and use,Power installed capacity,Solar photovoltaic,Utility-scale,Electricity generation (public service),NA,NA,GW,BA,2045,2.53352
Energy supply and use,Power installed capacity,Solar photovoltaic,Utility-scale,Electricity generation (public service),NA,NA,GW,BA,2050,2.56006
Energy supply and use,Power installed capacity,Solar photovoltaic,Utility-scale,Electricity generation (public service),NA,NA,GW,CE,2025,2.32673
Energy supply and use,Power installed capacity,Solar photovoltaic,Utility-scale,Electricity generation (public service),NA,NA,GW,CE,2030,2.3268
Energy supply and use,Power installed capacity,Solar photovoltaic,Utility-scale,Electricity generation (public service),NA,NA,GW,CE,2035,2.32688
Energy supply and use,Power installed capacity,Solar photovoltaic,Utility-scale,Electricity generation (public service),NA,NA,GW,CE,2040,2.32694
Energy supply and use,Power installed capacity,Solar photovoltaic,Utility-scale,Electricity generation (public service),NA,NA,GW,CE,2045,2.327
Energy supply and use,Power installed capacity,Solar photovoltaic,Utility-scale,Electricity generation (public service),NA,NA,GW,CE,2050,2.33447
Energy supply and use,Power installed capacity,Solar photovoltaic,Utility-scale,Electricity generation (public service),NA,NA,GW,ES,2025,0.00572
Energy supply and use,Power installed capacity,Solar photovoltaic,Utility-scale,Electricity generation (public service),NA,NA,GW,ES,2030,0.00583
Energy supply and use,Power installed capacity,Solar photovoltaic,Utility-scale,Electricity generation (public service),NA,NA,GW,ES,2035,0.00824
Energy supply and use,Power installed capacity,Solar photovoltaic,Utility-scale,Electricity generation (public service),NA,NA,GW,ES,2040,0.03841
Energy supply and use,Power installed capacity,Solar photovoltaic,Utility-scale,Electricity generation (public service),NA,NA,GW,ES,2045,0.03864
Energy supply and use,Power installed capacity,Solar photovoltaic,Utility-scale,Electricity generation (public service),NA,NA,GW,ES,2050,0.06856
Energy supply and use,Power installed capacity,Solar photovoltaic,Utility-scale,Electricity generation (public service),NA,NA,GW,GO,2025,0.31172
Energy supply and use,Power installed capacity,Solar photovoltaic,Utility-scale,Electricity generation (public service),NA,NA,GW,GO,2030,2.70697
Energy supply and use,Power installed capacity,Solar photovoltaic,Utility-scale,Electricity generation (public service),NA,NA,GW,GO,2035,5.98453
Energy supply and use,Power installed capacity,Solar photovoltaic,Utility-scale,Electricity generation (public service),NA,NA,GW,GO,2040,5.98486
Energy supply and use,Power installed capacity,Solar photovoltaic,Utility-scale,Electricity generation (public service),NA,NA,GW,GO,2045,6.07501
Energy supply and use,Power installed capacity,Solar photovoltaic,Utility-scale,Electricity generation (public service),NA,NA,GW,GO,2050,6.80523
Energy supply and use,Power installed capacity,Solar photovoltaic,Utility-scale,Electricity generation (public service),NA,NA,GW,MA,2025,0.02015
Energy supply and use,Power installed capacity,Solar photovoltaic,Utility-scale,Electricity generation (public service),NA,NA,GW,MA,2030,0.02029
Energy supply and use,Power installed capacity,Solar photovoltaic,Utility-scale,Electricity generation (public service),NA,NA,GW,MA,2035,0.42576
Energy supply and use,Power installed capacity,Solar photovoltaic,Utility-scale,Electricity generation (public service),NA,NA,GW,MA,2040,1.63222
Energy supply and use,Power installed capacity,Solar photovoltaic,Utility-scale,Electricity generation (public service),NA,NA,GW,MA,2045,2.45877
Energy supply and use,Power installed capacity,Solar photovoltaic,Utility-scale,Electricity generation (public service),NA,NA,GW,MA,2050,3.34748
Energy supply and use,Power installed capacity,Solar photovoltaic,Utility-scale,Electricity generation (public service),NA,NA,GW,MG,2025,6.45242
Energy supply and use,Power installed capacity,Solar photovoltaic,Utility-scale,Electricity generation (public service),NA,NA,GW,MG,2030,6.45249
Energy supply and use,Power installed capacity,Solar photovoltaic,Utility-scale,Electricity generation (public service),NA,NA,GW,MG,2035,6.57771
Energy supply and use,Power installed capacity,Solar photovoltaic,Utility-scale,Electricity generation (public service),NA,NA,GW,MG,2040,6.57814
Energy supply and use,Power installed capacity,Solar photovoltaic,Utility-scale,Electricity generation (public service),NA,NA,GW,MG,2045,8.19703
Energy supply and use,Power installed capacity,Solar photovoltaic,Utility-scale,Electricity generation (public service),NA,NA,GW,MG,2050,9.87074
Energy supply and use,Power installed capacity,Solar photovoltaic,Utility-scale,Electricity generation (public service),NA,NA,GW,MS,2025,0.01741
Energy supply and use,Power installed capacity,Solar photovoltaic,Utility-scale,Electricity generation (public service),NA,NA,GW,MS,2030,0.96936
Energy supply and use,Power installed capacity,Solar photovoltaic,Utility-scale,Electricity generation (public service),NA,NA,GW,MS,2035,2.23648
Energy supply and use,Power installed capacity,Solar photovoltaic,Utility-scale,Electricity generation (public service),NA,NA,GW,MS,2040,2.23664
Energy supply and use,Power installed capacity,Solar photovoltaic,Utility-scale,Electricity generation (public service),NA,NA,GW,MS,2045,2.23715
Energy supply and use,Power installed capacity,Solar photovoltaic,Utility-scale,Electricity generation (public service),NA,NA,GW,MS,2050,2.27521
Energy supply and use,Power installed capacity,Solar photovoltaic,Utility-scale,Electricity generation (public service),NA,NA,GW,MT,2025,0.01811
Energy supply and use,Power installed capacity,Solar photovoltaic,Utility-scale,Electricity generation (public service),NA,NA,GW,MT,2030,5.47508
Energy supply and use,Power installed capacity,Solar photovoltaic,Utility-scale,Electricity generation (public service),NA,NA,GW,MT,2035,5.47612
Energy supply and use,Power installed capacity,Solar photovoltaic,Utility-scale,Electricity generation (public service),NA,NA,GW,MT,2040,5.47652
Energy supply and use,Power installed capacity,Solar photovoltaic,Utility-scale,Electricity generation (public service),NA,NA,GW,MT,2045,5.48842
Energy supply and use,Power installed capacity,Solar photovoltaic,Utility-scale,Electricity generation (public service),NA,NA,GW,MT,2050,6.56574
Energy supply and use,Power installed capacity,Solar photovoltaic,Utility-scale,Electricity generation (public service),NA,NA,GW,PA,2025,0.03922
Energy supply and use,Power installed capacity,Solar photovoltaic,Utility-scale,Electricity generation (public service),NA,NA,GW,PA,2030,2.68538
Energy supply and use,Power installed capacity,Solar photovoltaic,Utility-scale,Electricity generation (public service),NA,NA,GW,PA,2035,4.49189
Energy supply and use,Power installed capacity,Solar photovoltaic,Utility-scale,Electricity generation (public service),NA,NA,GW,PA,2040,4.4941
Energy supply and use,Power installed capacity,Solar photovoltaic,Utility-scale,Electricity generation (public service),NA,NA,GW,PA,2045,5.58249
Energy supply and use,Power installed capacity,Solar photovoltaic,Utility-scale,Electricity generation (public service),NA,NA,GW,PA,2050,5.6443
Energy supply and use,Power installed capacity,Solar photovoltaic,Utility-scale,Electricity generation (public service),NA,NA,GW,PB,2025,1.28166
Energy supply and use,Power installed capacity,Solar photovoltaic,Utility-scale,Electricity generation (public service),NA,NA,GW,PB,2030,1.28167
Energy supply and use,Power installed capacity,Solar photovoltaic,Utility-scale,Electricity generation (public service),NA,NA,GW,PB,2035,1.28169
Energy supply and use,Power installed capacity,Solar photovoltaic,Utility-scale,Electricity generation (public service),NA,NA,GW,PB,2040,1.28171
Energy supply and use,Power installed capacity,Solar photovoltaic,Utility-scale,Electricity generation (public service),NA,NA,GW,PB,2045,1.28171
Energy supply and use,Power installed capacity,Solar photovoltaic,Utility-scale,Electricity generation (public service),NA,NA,GW,PB,2050,1.28044
Energy supply and use,Power installed capacity,Solar photovoltaic,Utility-scale,Electricity generation (public service),NA,NA,GW,PE,2025,1.44409
Energy supply and use,Power installed capacity,Solar photovoltaic,Utility-scale,Electricity generation (public service),NA,NA,GW,PE,2030,1.44413
Energy supply and use,Power installed capacity,Solar photovoltaic,Utility-scale,Electricity generation (public service),NA,NA,GW,PE,2035,1.44421
Energy supply and use,Power installed capacity,Solar photovoltaic,Utility-scale,Electricity generation (public service),NA,NA,GW,PE,2040,1.44427
Energy supply and use,Power installed capacity,Solar photovoltaic,Utility-scale,Electricity generation (public service),NA,NA,GW,PE,2045,1.44433
Energy supply and use,Power installed capacity,Solar photovoltaic,Utility-scale,Electricity generation (public service),NA,NA,GW,PE,2050,1.44925
Energy supply and use,Power installed capacity,Solar photovoltaic,Utility-scale,Electricity generation (public service),NA,NA,GW,PI,2025,2.83882
Energy supply and use,Power installed capacity,Solar photovoltaic,Utility-scale,Electricity generation (public service),NA,NA,GW,PI,2030,2.83915
Energy supply and use,Power installed capacity,Solar photovoltaic,Utility-scale,Electricity generation (public service),NA,NA,GW,PI,2035,2.83928
Energy supply and use,Power installed capacity,Solar photovoltaic,Utility-scale,Electricity generation (public service),NA,NA,GW,PI,2040,2.83941
Energy supply and use,Power installed capacity,Solar photovoltaic,Utility-scale,Electricity generation (public service),NA,NA,GW,PI,2045,2.83964
Energy supply and use,Power installed capacity,Solar photovoltaic,Utility-scale,Electricity generation (public service),NA,NA,GW,PI,2050,2.84015
Energy supply and use,Power installed capacity,Solar photovoltaic,Utility-scale,Electricity generation (public service),NA,NA,GW,PR,2025,0.01464
Energy supply and use,Power installed capacity,Solar photovoltaic,Utility-scale,Electricity generation (public service),NA,NA,GW,PR,2030,0.32287
Energy supply and use,Power installed capacity,Solar photovoltaic,Utility-scale,Electricity generation (public service),NA,NA,GW,PR,2035,1.18616
Energy supply and use,Power installed capacity,Solar photovoltaic,Utility-scale,Electricity generation (public service),NA,NA,GW,PR,2040,2.86285
Energy supply and use,Power installed capacity,Solar photovoltaic,Utility-scale,Electricity generation (public service),NA,NA,GW,PR,2045,4.62468
Energy supply and use,Power installed capacity,Solar photovoltaic,Utility-scale,Electricity generation (public service),NA,NA,GW,PR,2050,5.81939
Energy supply and use,Power installed capacity,Solar photovoltaic,Utility-scale,Electricity generation (public service),NA,NA,GW,RJ,2025,0.01104
Energy supply and use,Power installed capacity,Solar photovoltaic,Utility-scale,Electricity generation (public service),NA,NA,GW,RJ,2030,0.74112
Energy supply and use,Power installed capacity,Solar photovoltaic,Utility-scale,Electricity generation (public service),NA,NA,GW,RJ,2035,1.71582
Energy supply and use,Power installed capacity,Solar photovoltaic,Utility-scale,Electricity generation (public service),NA,NA,GW,RJ,2040,2.44551
Energy supply and use,Power installed capacity,Solar photovoltaic,Utility-scale,Electricity generation (public service),NA,NA,GW,RJ,2045,2.60697
Energy supply and use,Power installed capacity,Solar photovoltaic,Utility-scale,Electricity generation (public service),NA,NA,GW,RJ,2050,6.20845
Energy supply and use,Power installed capacity,Solar photovoltaic,Utility-scale,Electricity generation (public service),NA,NA,GW,RN,2025,1.38123
Energy supply and use,Power installed capacity,Solar photovoltaic,Utility-scale,Electricity generation (public service),NA,NA,GW,RN,2030,1.38126
Energy supply and use,Power installed capacity,Solar photovoltaic,Utility-scale,Electricity generation (public service),NA,NA,GW,RN,2035,1.38127
Energy supply and use,Power installed capacity,Solar photovoltaic,Utility-scale,Electricity generation (public service),NA,NA,GW,RN,2040,1.38129
Energy supply and use,Power installed capacity,Solar photovoltaic,Utility-scale,Electricity generation (public service),NA,NA,GW,RN,2045,1.38132
Energy supply and use,Power installed capacity,Solar photovoltaic,Utility-scale,Electricity generation (public service),NA,NA,GW,RN,2050,1.38089
Energy supply and use,Power installed capacity,Solar photovoltaic,Utility-scale,Electricity generation (public service),NA,NA,GW,RO,2025,0.02483
Energy supply and use,Power installed capacity,Solar photovoltaic,Utility-scale,Electricity generation (public service),NA,NA,GW,RO,2030,0.02539
Energy supply and use,Power installed capacity,Solar photovoltaic,Utility-scale,Electricity generation (public service),NA,NA,GW,RO,2035,0.02638
Energy supply and use,Power installed capacity,Solar photovoltaic,Utility-scale,Electricity generation (public service),NA,NA,GW,RO,2040,0.11681
Energy supply and use,Power installed capacity,Solar photovoltaic,Utility-scale,Electricity generation (public service),NA,NA,GW,RO,2045,1.6646
Energy supply and use,Power installed capacity,Solar photovoltaic,Utility-scale,Electricity generation (public service),NA,NA,GW,RO,2050,2.7474
Energy supply and use,Power installed capacity,Solar photovoltaic,Utility-scale,Electricity generation (public service),NA,NA,GW,RR,2025,0.00415
Energy supply and use,Power installed capacity,Solar photovoltaic,Utility-scale,Electricity generation (public service),NA,NA,GW,RR,2030,0.0042
Energy supply and use,Power installed capacity,Solar photovoltaic,Utility-scale,Electricity generation (public service),NA,NA,GW,RR,2035,0.00433
Energy supply and use,Power installed capacity,Solar photovoltaic,Utility-scale,Electricity generation (public service),NA,NA,GW,RR,2040,0.00729
Energy supply and use,Power installed capacity,Solar photovoltaic,Utility-scale,Electricity generation (public service),NA,NA,GW,RR,2045,0.52905
Energy supply and use,Power installed capacity,Solar photovoltaic,Utility-scale,Electricity generation (public service),NA,NA,GW,RR,2050,1.68333
Energy supply and use,Power installed capacity,Solar photovoltaic,Utility-scale,Electricity generation (public service),NA,NA,GW,RS,2025,0.01775
Energy supply and use,Power installed capacity,Solar photovoltaic,Utility-scale,Electricity generation (public service),NA,NA,GW,RS,2030,0.3964
Energy supply and use,Power installed capacity,Solar photovoltaic,Utility-scale,Electricity generation (public service),NA,NA,GW,RS,2035,3.23414
Energy supply and use,Power installed capacity,Solar photovoltaic,Utility-scale,Electricity generation (public service),NA,NA,GW,RS,2040,4.37936
Energy supply and use,Power installed capacity,Solar photovoltaic,Utility-scale,Electricity generation (public service),NA,NA,GW,RS,2045,5.01346
Energy supply and use,Power installed capacity,Solar photovoltaic,Utility-scale,Electricity generation (public service),NA,NA,GW,RS,2050,7.71086
Energy supply and use,Power installed capacity,Solar photovoltaic,Utility-scale,Electricity generation (public service),NA,NA,GW,SC,2025,0.00789
Energy supply and use,Power installed capacity,Solar photovoltaic,Utility-scale,Electricity generation (public service),NA,NA,GW,SC,2030,0.00796
Energy supply and use,Power installed capacity,Solar photovoltaic,Utility-scale,Electricity generation (public service),NA,NA,GW,SC,2035,0.00942
Energy supply and use,Power installed capacity,Solar photovoltaic,Utility-scale,Electricity generation (public service),NA,NA,GW,SC,2040,0.00965
Energy supply and use,Power installed capacity,Solar photovoltaic,Utility-scale,Electricity generation (public service),NA,NA,GW,SC,2045,0.0098
Energy supply and use,Power installed capacity,Solar photovoltaic,Utility-scale,Electricity generation (public service),NA,NA,GW,SC,2050,0.0599
Energy supply and use,Power installed capacity,Solar photovoltaic,Utility-scale,Electricity generation (public service),NA,NA,GW,SE,2025,0.00494
Energy supply and use,Power installed capacity,Solar photovoltaic,Utility-scale,Electricity generation (public service),NA,NA,GW,SE,2030,0.00496
Energy supply and use,Power installed capacity,Solar photovoltaic,Utility-scale,Electricity generation (public service),NA,NA,GW,SE,2035,0.00501
Energy supply and use,Power installed capacity,Solar photovoltaic,Utility-scale,Electricity generation (public service),NA,NA,GW,SE,2040,0.00512
Energy supply and use,Power installed capacity,Solar photovoltaic,Utility-scale,Electricity generation (public service),NA,NA,GW,SE,2045,0.00523
Energy supply and use,Power installed capacity,Solar photovoltaic,Utility-scale,Electricity generation (public service),NA,NA,GW,SE,2050,0.1442
Energy supply and use,Power installed capacity,Solar photovoltaic,Utility-scale,Electricity generation (public service),NA,NA,GW,SP,2025,0.94494
Energy supply and use,Power installed capacity,Solar photovoltaic,Utility-scale,Electricity generation (public service),NA,NA,GW,SP,2030,1.81562
Energy supply and use,Power installed capacity,Solar photovoltaic,Utility-scale,Electricity generation (public service),NA,NA,GW,SP,2035,2.05283
Energy supply and use,Power installed capacity,Solar photovoltaic,Utility-scale,Electricity generation (public service),NA,NA,GW,SP,2040,10.30293
Energy supply and use,Power installed capacity,Solar photovoltaic,Utility-scale,Electricity generation (public service),NA,NA,GW,SP,2045,21.84025
Energy supply and use,Power installed capacity,Solar photovoltaic,Utility-scale,Electricity generation (public service),NA,NA,GW,SP,2050,33.4348
Energy supply and use,Power installed capacity,Solar photovoltaic,Utility-scale,Electricity generation (public service),NA,NA,GW,TO,2025,0.02124
Energy supply and use,Power installed capacity,Solar photovoltaic,Utility-scale,Electricity generation (public service),NA,NA,GW,TO,2030,0.4001
Energy supply and use,Power installed capacity,Solar photovoltaic,Utility-scale,Electricity generation (public service),NA,NA,GW,TO,2035,1.63664
Energy supply and use,Power installed capacity,Solar photovoltaic,Utility-scale,Electricity generation (public service),NA,NA,GW,TO,2040,1.6386
Energy supply and use,Power installed capacity,Solar photovoltaic,Utility-scale,Electricity generation (public service),NA,NA,GW,TO,2045,1.95803
Energy supply and use,Power installed capacity,Solar photovoltaic,Utility-scale,Electricity generation (public service),NA,NA,GW,TO,2050,2.11877
Energy supply and use,Power installed capacity,Wind,Offshore,Electricity generation (public service),NA,NA,GW,RJ,2025,0.00043
Energy supply and use,Power installed capacity,Wind,Offshore,Electricity generation (public service),NA,NA,GW,RJ,2030,0.00042
Energy supply and use,Power installed capacity,Wind,Offshore,Electricity generation (public service),NA,NA,GW,RJ,2035,0.00043
Energy supply and use,Power installed capacity,Wind,Offshore,Electricity generation (public service),NA,NA,GW,RJ,2040,0.00043
Energy supply and use,Power installed capacity,Wind,Offshore,Electricity generation (public service),NA,NA,GW,RJ,2045,0.00016
Energy supply and use,Power installed capacity,Wind,Offshore,Electricity generation (public service),NA,NA,GW,RJ,2050,0.00148
Energy supply and use,Power installed capacity,Wind,Offshore,Electricity generation (public service),NA,NA,GW,RN,2025,0.00111
Energy supply and use,Power installed capacity,Wind,Offshore,Electricity generation (public service),NA,NA,GW,RN,2030,0.00111
Energy supply and use,Power installed capacity,Wind,Offshore,Electricity generation (public service),NA,NA,GW,RN,2035,0.00113
Energy supply and use,Power installed capacity,Wind,Offshore,Electricity generation (public service),NA,NA,GW,RN,2040,0.00113
Energy supply and use,Power installed capacity,Wind,Offshore,Electricity generation (public service),NA,NA,GW,RN,2045,0.00035
Energy supply and use,Power installed capacity,Wind,Offshore,Electricity generation (public service),NA,NA,GW,RN,2050,0.00309
Energy supply and use,Power installed capacity,Wind,Offshore,Electricity generation (public service),NA,NA,GW,RS,2025,0.00058
Energy supply and use,Power installed capacity,Wind,Offshore,Electricity generation (public service),NA,NA,GW,RS,2030,0.00058
Energy supply and use,Power installed capacity,Wind,Offshore,Electricity generation (public service),NA,NA,GW,RS,2035,0.00058
Energy supply and use,Power installed capacity,Wind,Offshore,Electricity generation (public service),NA,NA,GW,RS,2040,0.00059
Energy supply and use,Power installed capacity,Wind,Offshore,Electricity generation (public service),NA,NA,GW,RS,2045,0.00021
Energy supply and use,Power installed capacity,Wind,Offshore,Electricity generation (public service),NA,NA,GW,RS,2050,0.00182
Energy supply and use,Power installed capacity,Wind,Onshore,Electricity generation (public service),NA,NA,GW,AC,2025,0.00509
Energy supply and use,Power installed capacity,Wind,Onshore,Electricity generation (public service),NA,NA,GW,AC,2030,0.0051
Energy supply and use,Power installed capacity,Wind,Onshore,Electricity generation (public service),NA,NA,GW,AC,2035,0.00511
Energy supply and use,Power installed capacity,Wind,Onshore,Electricity generation (public service),NA,NA,GW,AC,2040,0.00514
Energy supply and use,Power installed capacity,Wind,Onshore,Electricity generation (public service),NA,NA,GW,AC,2045,0.00516
Energy supply and use,Power installed capacity,Wind,Onshore,Electricity generation (public service),NA,NA,GW,AC,2050,0.00759
Energy supply and use,Power installed capacity,Wind,Onshore,Electricity generation (public service),NA,NA,GW,AL,2025,0.00499
Energy supply and use,Power installed capacity,Wind,Onshore,Electricity generation (public service),NA,NA,GW,AL,2030,0.005
Energy supply and use,Power installed capacity,Wind,Onshore,Electricity generation (public service),NA,NA,GW,AL,2035,0.00502
Energy supply and use,Power installed capacity,Wind,Onshore,Electricity generation (public service),NA,NA,GW,AL,2040,0.00509
Energy supply and use,Power installed capacity,Wind,Onshore,Electricity generation (public service),NA,NA,GW,AL,2045,0.00517
Energy supply and use,Power installed capacity,Wind,Onshore,Electricity generation (public service),NA,NA,GW,AL,2050,0.01667
Energy supply and use,Power installed capacity,Wind,Onshore,Electricity generation (public service),NA,NA,GW,AM,2025,0.00126
Energy supply and use,Power installed capacity,Wind,Onshore,Electricity generation (public service),NA,NA,GW,AM,2030,0.00127
Energy supply and use,Power installed capacity,Wind,Onshore,Electricity generation (public service),NA,NA,GW,AM,2035,0.00127
Energy supply and use,Power installed capacity,Wind,Onshore,Electricity generation (public service),NA,NA,GW,AM,2040,0.00127
Energy supply and use,Power installed capacity,Wind,Onshore,Electricity generation (public service),NA,NA,GW,AM,2045,0.00128
Energy supply and use,Power installed capacity,Wind,Onshore,Electricity generation (public service),NA,NA,GW,AM,2050,0.00205
Energy supply and use,Power installed capacity,Wind,Onshore,Electricity generation (public service),NA,NA,GW,AP,2025,0.00313
Energy supply and use,Power installed capacity,Wind,Onshore,Electricity generation (public service),NA,NA,GW,AP,2030,0.00313
Energy supply and use,Power installed capacity,Wind,Onshore,Electricity generation (public service),NA,NA,GW,AP,2035,0.00314
Energy supply and use,Power installed capacity,Wind,Onshore,Electricity generation (public service),NA,NA,GW,AP,2040,0.00315
Energy supply and use,Power installed capacity,Wind,Onshore,Electricity generation (public service),NA,NA,GW,AP,2045,0.00317
Energy supply and use,Power installed capacity,Wind,Onshore,Electricity generation (public service),NA,NA,GW,AP,2050,0.00385
Energy supply and use,Power installed capacity,Wind,Onshore,Electricity generation (public service),NA,NA,GW,BA,2025,11.87238
Energy supply and use,Power installed capacity,Wind,Onshore,Electricity generation (public service),NA,NA,GW,BA,2030,11.87292
Energy supply and use,Power installed capacity,Wind,Onshore,Electricity generation (public service),NA,NA,GW,BA,2035,11.87299
Energy supply and use,Power installed capacity,Wind,Onshore,Electricity generation (public service),NA,NA,GW,BA,2040,11.8731
Energy supply and use,Power installed capacity,Wind,Onshore,Electricity generation (public service),NA,NA,GW,BA,2045,11.87366
Energy supply and use,Power installed capacity,Wind,Onshore,Electricity generation (public service),NA,NA,GW,BA,2050,11.87825
Energy supply and use,Power installed capacity,Wind,Onshore,Electricity generation (public service),NA,NA,GW,CE,2025,2.69315
Energy supply and use,Power installed capacity,Wind,Onshore,Electricity generation (public service),NA,NA,GW,CE,2030,2.69321
Energy supply and use,Power installed capacity,Wind,Onshore,Electricity generation (public service),NA,NA,GW,CE,2035,2.69329
Energy supply and use,Power installed capacity,Wind,Onshore,Electricity generation (public service),NA,NA,GW,CE,2040,2.69343
Energy supply and use,Power installed capacity,Wind,Onshore,Electricity generation (public service),NA,NA,GW,CE,2045,2.6935
Energy supply and use,Power installed capacity,Wind,Onshore,Electricity generation (public service),NA,NA,GW,CE,2050,2.70039
Energy supply and use,Power installed capacity,Wind,Onshore,Electricity generation (public service),NA,NA,GW,ES,2025,0.00263
Energy supply and use,Power installed capacity,Wind,Onshore,Electricity generation (public service),NA,NA,GW,ES,2030,0.00264
Energy supply and use,Power installed capacity,Wind,Onshore,Electricity generation (public service),NA,NA,GW,ES,2035,0.00267
Energy supply and use,Power installed capacity,Wind,Onshore,Electricity generation (public service),NA,NA,GW,ES,2040,0.00279
Energy supply and use,Power installed capacity,Wind,Onshore,Electricity generation (public service),NA,NA,GW,ES,2045,0.00286
Energy supply and use,Power installed capacity,Wind,Onshore,Electricity generation (public service),NA,NA,GW,ES,2050,0.00555
Energy supply and use,Power installed capacity,Wind,Onshore,Electricity generation (public service),NA,NA,GW,GO,2025,0.01492
Energy supply and use,Power installed capacity,Wind,Onshore,Electricity generation (public service),NA,NA,GW,GO,2030,0.01495
Energy supply and use,Power installed capacity,Wind,Onshore,Electricity generation (public service),NA,NA,GW,GO,2035,0.01498
Energy supply and use,Power installed capacity,Wind,Onshore,Electricity generation (public service),NA,NA,GW,GO,2040,0.01504
Energy supply and use,Power installed capacity,Wind,Onshore,Electricity generation (public service),NA,NA,GW,GO,2045,0.01511
Energy supply and use,Power installed capacity,Wind,Onshore,Electricity generation (public service),NA,NA,GW,GO,2050,0.02371
Energy supply and use,Power installed capacity,Wind,Onshore,Electricity generation (public service),NA,NA,GW,MA,2025,0.43397
Energy supply and use,Power installed capacity,Wind,Onshore,Electricity generation (public service),NA,NA,GW,MA,2030,0.434
Energy supply and use,Power installed capacity,Wind,Onshore,Electricity generation (public service),NA,NA,GW,MA,2035,0.43403
Energy supply and use,Power installed capacity,Wind,Onshore,Electricity generation (public service),NA,NA,GW,MA,2040,0.4341
Energy supply and use,Power installed capacity,Wind,Onshore,Electricity generation (public service),NA,NA,GW,MA,2045,0.43415
Energy supply and use,Power installed capacity,Wind,Onshore,Electricity generation (public service),NA,NA,GW,MA,2050,0.43901
Energy supply and use,Power installed capacity,Wind,Onshore,Electricity generation (public service),NA,NA,GW,MG,2025,0.01407
Energy supply and use,Power installed capacity,Wind,Onshore,Electricity generation (public service),NA,NA,GW,MG,2030,0.0141
Energy supply and use,Power installed capacity,Wind,Onshore,Electricity generation (public service),NA,NA,GW,MG,2035,0.01413
Energy supply and use,Power installed capacity,Wind,Onshore,Electricity generation (public service),NA,NA,GW,MG,2040,0.01421
Energy supply and use,Power installed capacity,Wind,Onshore,Electricity generation (public service),NA,NA,GW,MG,2045,0.01429
Energy supply and use,Power installed capacity,Wind,Onshore,Electricity generation (public service),NA,NA,GW,MG,2050,0.02149
Energy supply and use,Power installed capacity,Wind,Onshore,Electricity generation (public service),NA,NA,GW,MS,2025,0.01651
Energy supply and use,Power installed capacity,Wind,Onshore,Electricity generation (public service),NA,NA,GW,MS,2030,0.01654
Energy supply and use,Power installed capacity,Wind,Onshore,Electricity generation (public service),NA,NA,GW,MS,2035,0.01658
Energy supply and use,Power installed capacity,Wind,Onshore,Electricity generation (public service),NA,NA,GW,MS,2040,0.01666
Energy supply and use,Power installed capacity,Wind,Onshore,Electricity generation (public service),NA,NA,GW,MS,2045,0.01673
Energy supply and use,Power installed capacity,Wind,Onshore,Electricity generation (public service),NA,NA,GW,MS,2050,0.02467
Energy supply and use,Power installed capacity,Wind,Onshore,Electricity generation (public service),NA,NA,GW,MT,2025,0.01517
Energy supply and use,Power installed capacity,Wind,Onshore,Electricity generation (public service),NA,NA,GW,MT,2030,0.0152
Energy supply and use,Power installed capacity,Wind,Onshore,Electricity generation (public service),NA,NA,GW,MT,2035,0.01524
Energy supply and use,Power installed capacity,Wind,Onshore,Electricity generation (public service),NA,NA,GW,MT,2040,0.01531
Energy supply and use,Power installed capacity,Wind,Onshore,Electricity generation (public service),NA,NA,GW,MT,2045,0.01538
Energy supply and use,Power installed capacity,Wind,Onshore,Electricity generation (public service),NA,NA,GW,MT,2050,0.02485
Energy supply and use,Power installed capacity,Wind,Onshore,Electricity generation (public service),NA,NA,GW,PA,2025,0.01475
Energy supply and use,Power installed capacity,Wind,Onshore,Electricity generation (public service),NA,NA,GW,PA,2030,0.01477
Energy supply and use,Power installed capacity,Wind,Onshore,Electricity generation (public service),NA,NA,GW,PA,2035,0.01485
Energy supply and use,Power installed capacity,Wind,Onshore,Electricity generation (public service),NA,NA,GW,PA,2040,0.01494
Energy supply and use,Power installed capacity,Wind,Onshore,Electricity generation (public service),NA,NA,GW,PA,2045,0.01504
Energy supply and use,Power installed capacity,Wind,Onshore,Electricity generation (public service),NA,NA,GW,PA,2050,0.0257
Energy supply and use,Power installed capacity,Wind,Onshore,Electricity generation (public service),NA,NA,GW,PB,2025,1.21399
Energy supply and use,Power installed capacity,Wind,Onshore,Electricity generation (public service),NA,NA,GW,PB,2030,1.21403
Energy supply and use,Power installed capacity,Wind,Onshore,Electricity generation (public service),NA,NA,GW,PB,2035,1.21406
Energy supply and use,Power installed capacity,Wind,Onshore,Electricity generation (public service),NA,NA,GW,PB,2040,1.21409
Energy supply and use,Power installed capacity,Wind,Onshore,Electricity generation (public service),NA,NA,GW,PB,2045,1.21438
Energy supply and use,Power installed capacity,Wind,Onshore,Electricity generation (public service),NA,NA,GW,PB,2050,1.21517
Energy supply and use,Power installed capacity,Wind,Onshore,Electricity generation (public service),NA,NA,GW,PE,2025,2.8745
Energy supply and use,Power installed capacity,Wind,Onshore,Electricity generation (public service),NA,NA,GW,PE,2030,11.80042
Energy supply and use,Power installed capacity,Wind,Onshore,Electricity generation (public service),NA,NA,GW,PE,2035,12.37777
Energy supply and use,Power installed capacity,Wind,Onshore,Electricity generation (public service),NA,NA,GW,PE,2040,15.70994
Energy supply and use,Power installed capacity,Wind,Onshore,Electricity generation (public service),NA,NA,GW,PE,2045,15.7146
Energy supply and use,Power installed capacity,Wind,Onshore,Electricity generation (public service),NA,NA,GW,PE,2050,16.2929
Energy supply and use,Power installed capacity,Wind,Onshore,Electricity generation (public service),NA,NA,GW,PI,2025,4.16848
Energy supply and use,Power installed capacity,Wind,Onshore,Electricity generation (public service),NA,NA,GW,PI,2030,4.16969
Energy supply and use,Power installed capacity,Wind,Onshore,Electricity generation (public service),NA,NA,GW,PI,2035,4.16977
Energy supply and use,Power installed capacity,Wind,Onshore,Electricity generation (public service),NA,NA,GW,PI,2040,4.17162
Energy supply and use,Power installed capacity,Wind,Onshore,Electricity generation (public service),NA,NA,GW,PI,2045,4.17169
Energy supply and use,Power installed capacity,Wind,Onshore,Electricity generation (public service),NA,NA,GW,PI,2050,4.17546
Energy supply and use,Power installed capacity,Wind,Onshore,Electricity generation (public service),NA,NA,GW,PR,2025,0.0741
Energy supply and use,Power installed capacity,Wind,Onshore,Electricity generation (public service),NA,NA,GW,PR,2030,0.07413
Energy supply and use,Power installed capacity,Wind,Onshore,Electricity generation (public service),NA,NA,GW,PR,2035,0.07417
Energy supply and use,Power installed capacity,Wind,Onshore,Electricity generation (public service),NA,NA,GW,PR,2040,0.07423
Energy supply and use,Power installed capacity,Wind,Onshore,Electricity generation (public service),NA,NA,GW,PR,2045,0.07427
Energy supply and use,Power installed capacity,Wind,Onshore,Electricity generation (public service),NA,NA,GW,PR,2050,0.0777
Energy supply and use,Power installed capacity,Wind,Onshore,Electricity generation (public service),NA,NA,GW,RJ,2025,0.02886
Energy supply and use,Power installed capacity,Wind,Onshore,Electricity generation (public service),NA,NA,GW,RJ,2030,0.02886
Energy supply and use,Power installed capacity,Wind,Onshore,Electricity generation (public service),NA,NA,GW,RJ,2035,0.02887
Energy supply and use,Power installed capacity,Wind,Onshore,Electricity generation (public service),NA,NA,GW,RJ,2040,0.02887
Energy supply and use,Power installed capacity,Wind,Onshore,Electricity generation (public service),NA,NA,GW,RJ,2045,0.02888
Energy supply and use,Power installed capacity,Wind,Onshore,Electricity generation (public service),NA,NA,GW,RJ,2050,0.02903
Energy supply and use,Power installed capacity,Wind,Onshore,Electricity generation (public service),NA,NA,GW,RN,2025,10.78295
Energy supply and use,Power installed capacity,Wind,Onshore,Electricity generation (public service),NA,NA,GW,RN,2030,11.05624
Energy supply and use,Power installed capacity,Wind,Onshore,Electricity generation (public service),NA,NA,GW,RN,2035,31.65337
Energy supply and use,Power installed capacity,Wind,Onshore,Electricity generation (public service),NA,NA,GW,RN,2040,31.65394
Energy supply and use,Power installed capacity,Wind,Onshore,Electricity generation (public service),NA,NA,GW,RN,2045,53.06906
Energy supply and use,Power installed capacity,Wind,Onshore,Electricity generation (public service),NA,NA,GW,RN,2050,69.91645
Energy supply and use,Power installed capacity,Wind,Onshore,Electricity generation (public service),NA,NA,GW,RO,2025,0.0093
Energy supply and use,Power installed capacity,Wind,Onshore,Electricity generation (public service),NA,NA,GW,RO,2030,0.00931
Energy supply and use,Power installed capacity,Wind,Onshore,Electricity generation (public service),NA,NA,GW,RO,2035,0.00933
Energy supply and use,Power installed capacity,Wind,Onshore,Electricity generation (public service),NA,NA,GW,RO,2040,0.00937
Energy supply and use,Power installed capacity,Wind,Onshore,Electricity generation (public service),NA,NA,GW,RO,2045,0.00941
Energy supply and use,Power installed capacity,Wind,Onshore,Electricity generation (public service),NA,NA,GW,RO,2050,0.0149
Energy supply and use,Power installed capacity,Wind,Onshore,Electricity generation (public service),NA,NA,GW,RR,2025,0.0029
Energy supply and use,Power installed capacity,Wind,Onshore,Electricity generation (public service),NA,NA,GW,RR,2030,0.0029
Energy supply and use,Power installed capacity,Wind,Onshore,Electricity generation (public service),NA,NA,GW,RR,2035,0.0029
Energy supply and use,Power installed capacity,Wind,Onshore,Electricity generation (public service),NA,NA,GW,RR,2040,0.00292
Energy supply and use,Power installed capacity,Wind,Onshore,Electricity generation (public service),NA,NA,GW,RR,2045,0.00294
Energy supply and use,Power installed capacity,Wind,Onshore,Electricity generation (public service),NA,NA,GW,RR,2050,0.00499
Energy supply and use,Power installed capacity,Wind,Onshore,Electricity generation (public service),NA,NA,GW,RS,2025,4.40405
Energy supply and use,Power installed capacity,Wind,Onshore,Electricity generation (public service),NA,NA,GW,RS,2030,5.22047
Energy supply and use,Power installed capacity,Wind,Onshore,Electricity generation (public service),NA,NA,GW,RS,2035,5.22077
Energy supply and use,Power installed capacity,Wind,Onshore,Electricity generation (public service),NA,NA,GW,RS,2040,5.22087
Energy supply and use,Power installed capacity,Wind,Onshore,Electricity generation (public service),NA,NA,GW,RS,2045,5.22089
Energy supply and use,Power installed capacity,Wind,Onshore,Electricity generation (public service),NA,NA,GW,RS,2050,5.22134
Energy supply and use,Power installed capacity,Wind,Onshore,Electricity generation (public service),NA,NA,GW,SC,2025,0.17865
Energy supply and use,Power installed capacity,Wind,Onshore,Electricity generation (public service),NA,NA,GW,SC,2030,0.17865
Energy supply and use,Power installed capacity,Wind,Onshore,Electricity generation (public service),NA,NA,GW,SC,2035,0.17866
Energy supply and use,Power installed capacity,Wind,Onshore,Electricity generation (public service),NA,NA,GW,SC,2040,0.17867
Energy supply and use,Power installed capacity,Wind,Onshore,Electricity generation (public service),NA,NA,GW,SC,2045,0.17867
Energy supply and use,Power installed capacity,Wind,Onshore,Electricity generation (public service),NA,NA,GW,SC,2050,0.17889
Energy supply and use,Power installed capacity,Wind,Onshore,Electricity generation (public service),NA,NA,GW,SE,2025,0.03453
Energy supply and use,Power installed capacity,Wind,Onshore,Electricity generation (public service),NA,NA,GW,SE,2030,0.03454
Energy supply and use,Power installed capacity,Wind,Onshore,Electricity generation (public service),NA,NA,GW,SE,2035,0.03454
Energy supply and use,Power installed capacity,Wind,Onshore,Electricity generation (public service),NA,NA,GW,SE,2040,0.03456
Energy supply and use,Power installed capacity,Wind,Onshore,Electricity generation (public service),NA,NA,GW,SE,2045,0.0346
Energy supply and use,Power installed capacity,Wind,Onshore,Electricity generation (public service),NA,NA,GW,SE,2050,0.03584
Energy supply and use,Power installed capacity,Wind,Onshore,Electricity generation (public service),NA,NA,GW,SP,2025,0.01105
Energy supply and use,Power installed capacity,Wind,Onshore,Electricity generation (public service),NA,NA,GW,SP,2030,0.01107
Energy supply and use,Power installed capacity,Wind,Onshore,Electricity generation (public service),NA,NA,GW,SP,2035,0.01115
Energy supply and use,Power installed capacity,Wind,Onshore,Electricity generation (public service),NA,NA,GW,SP,2040,0.01123
Energy supply and use,Power installed capacity,Wind,Onshore,Electricity generation (public service),NA,NA,GW,SP,2045,0.01127
Energy supply and use,Power installed capacity,Wind,Onshore,Electricity generation (public service),NA,NA,GW,SP,2050,0.0184
Energy supply and use,Power installed capacity,Wind,Onshore,Electricity generation (public service),NA,NA,GW,TO,2025,0.01517
Energy supply and use,Power installed capacity,Wind,Onshore,Electricity generation (public service),NA,NA,GW,TO,2030,0.01519
Energy supply and use,Power installed capacity,Wind,Onshore,Electricity generation (public service),NA,NA,GW,TO,2035,0.01523
Energy supply and use,Power installed capacity,Wind,Onshore,Electricity generation (public service),NA,NA,GW,TO,2040,0.01534
Energy supply and use,Power installed capacity,Wind,Onshore,Electricity generation (public service),NA,NA,GW,TO,2045,0.01539
Energy supply and use,Power installed capacity,Wind,Onshore,Electricity generation (public service),NA,NA,GW,TO,2050,0.02215
