Variable_group,Variable name,Class_1,Class_2,Class_3,Class_4,Class_5,Unit,Territory,Year,Value
Energy supply and use,"Solar, wind and battery average annual capacity additions",Battery storage,NA,Electricity generation (public service),NA,NA,GW,BR,2025,3.02949
Energy supply and use,"Solar, wind and battery average annual capacity additions",Battery storage,NA,Electricity generation (public service),NA,NA,GW,BR,2030,3.30891
Energy supply and use,"Solar, wind and battery average annual capacity additions",Battery storage,NA,Electricity generation (public service),NA,NA,GW,BR,2035,3.47257
Energy supply and use,"Solar, wind and battery average annual capacity additions",Battery storage,NA,Electricity generation (public service),NA,NA,GW,BR,2040,3.6113
Energy supply and use,"Solar, wind and battery average annual capacity additions",Battery storage,NA,Electricity generation (public service),NA,NA,GW,BR,2045,3.14157
Energy supply and use,"Solar, wind and battery average annual capacity additions",Battery storage,NA,Electricity generation (public service),NA,NA,GW,BR,2050,3.54825
Energy supply and use,"Solar, wind and battery average annual capacity additions",Solar photovoltaic,Rooftop,Electricity generation (public service),NA,NA,GW,BR,2025,0.01946
Energy supply and use,"Solar, wind and battery average annual capacity additions",Solar photovoltaic,Rooftop,Electricity generation (public service),NA,NA,GW,BR,2030,2e-05
Energy supply and use,"Solar, wind and battery average annual capacity additions",Solar photovoltaic,Rooftop,Electricity generation (public service),NA,NA,GW,BR,2035,5e-05
Energy supply and use,"Solar, wind and battery average annual capacity additions",Solar photovoltaic,Rooftop,Electricity generation (public service),NA,NA,GW,BR,2040,5e-05
Energy supply and use,"Solar, wind and battery average annual capacity additions",Solar photovoltaic,Rooftop,Electricity generation (public service),NA,NA,GW,BR,2045,0.0001
Energy supply and use,"Solar, wind and battery average annual capacity additions",Solar photovoltaic,Rooftop,Electricity generation (public service),NA,NA,GW,BR,2050,0.01777
Energy supply and use,"Solar, wind and battery average annual capacity additions",Solar photovoltaic,Utility-scale,Electricity generation (public service),NA,NA,GW,BR,2025,0.23063
Energy supply and use,"Solar, wind and battery average annual capacity additions",Solar photovoltaic,Utility-scale,Electricity generation (public service),NA,NA,GW,BR,2030,14.95032
Energy supply and use,"Solar, wind and battery average annual capacity additions",Solar photovoltaic,Utility-scale,Electricity generation (public service),NA,NA,GW,BR,2035,14.38
Energy supply and use,"Solar, wind and battery average annual capacity additions",Solar photovoltaic,Utility-scale,Electricity generation (public service),NA,NA,GW,BR,2040,14.06079
Energy supply and use,"Solar, wind and battery average annual capacity additions",Solar photovoltaic,Utility-scale,Electricity generation (public service),NA,NA,GW,BR,2045,20.44917
Energy supply and use,"Solar, wind and battery average annual capacity additions",Solar photovoltaic,Utility-scale,Electricity generation (public service),NA,NA,GW,BR,2050,27.22124
Energy supply and use,"Solar, wind and battery average annual capacity additions",Wind,Offshore,Electricity generation (public service),NA,NA,GW,BR,2025,0.00212
Energy supply and use,"Solar, wind and battery average annual capacity additions",Wind,Offshore,Electricity generation (public service),NA,NA,GW,BR,2030,1e-05
Energy supply and use,"Solar, wind and battery average annual capacity additions",Wind,Offshore,Electricity generation (public service),NA,NA,GW,BR,2035,2e-05
Energy supply and use,"Solar, wind and battery average annual capacity additions",Wind,Offshore,Electricity generation (public service),NA,NA,GW,BR,2040,2e-05
Energy supply and use,"Solar, wind and battery average annual capacity additions",Wind,Offshore,Electricity generation (public service),NA,NA,GW,BR,2045,0.00067
Energy supply and use,"Solar, wind and battery average annual capacity additions",Wind,Offshore,Electricity generation (public service),NA,NA,GW,BR,2050,0.00569
Energy supply and use,"Solar, wind and battery average annual capacity additions",Wind,Onshore,Electricity generation (public service),NA,NA,GW,BR,2025,1.72385
Energy supply and use,"Solar, wind and battery average annual capacity additions",Wind,Onshore,Electricity generation (public service),NA,NA,GW,BR,2030,10.01779
Energy supply and use,"Solar, wind and battery average annual capacity additions",Wind,Onshore,Electricity generation (public service),NA,NA,GW,BR,2035,21.17558
Energy supply and use,"Solar, wind and battery average annual capacity additions",Wind,Onshore,Electricity generation (public service),NA,NA,GW,BR,2040,3.33601
Energy supply and use,"Solar, wind and battery average annual capacity additions",Wind,Onshore,Electricity generation (public service),NA,NA,GW,BR,2045,21.42167
Energy supply and use,"Solar, wind and battery average annual capacity additions",Wind,Onshore,Electricity generation (public service),NA,NA,GW,BR,2050,19.2593
Energy supply and use,"Solar, wind and battery average annual capacity additions",Battery storage,NA,Electricity generation (public service),NA,NA,GW,AC,2025,0.07256
Energy supply and use,"Solar, wind and battery average annual capacity additions",Battery storage,NA,Electricity generation (public service),NA,NA,GW,AC,2030,0.00052
Energy supply and use,"Solar, wind and battery average annual capacity additions",Battery storage,NA,Electricity generation (public service),NA,NA,GW,AC,2035,0.00069
Energy supply and use,"Solar, wind and battery average annual capacity additions",Battery storage,NA,Electricity generation (public service),NA,NA,GW,AC,2040,0.27863
Energy supply and use,"Solar, wind and battery average annual capacity additions",Battery storage,NA,Electricity generation (public service),NA,NA,GW,AC,2045,0.06173
Energy supply and use,"Solar, wind and battery average annual capacity additions",Battery storage,NA,Electricity generation (public service),NA,NA,GW,AC,2050,0.01856
Energy supply and use,"Solar, wind and battery average annual capacity additions",Battery storage,NA,Electricity generation (public service),NA,NA,GW,AL,2025,0.06062
Energy supply and use,"Solar, wind and battery average annual capacity additions",Battery storage,NA,Electricity generation (public service),NA,NA,GW,AL,2030,0.00041
Energy supply and use,"Solar, wind and battery average annual capacity additions",Battery storage,NA,Electricity generation (public service),NA,NA,GW,AL,2035,0.00127
Energy supply and use,"Solar, wind and battery average annual capacity additions",Battery storage,NA,Electricity generation (public service),NA,NA,GW,AL,2040,0.00115
Energy supply and use,"Solar, wind and battery average annual capacity additions",Battery storage,NA,Electricity generation (public service),NA,NA,GW,AL,2045,0.12113
Energy supply and use,"Solar, wind and battery average annual capacity additions",Battery storage,NA,Electricity generation (public service),NA,NA,GW,AL,2050,0.06119
Energy supply and use,"Solar, wind and battery average annual capacity additions",Battery storage,NA,Electricity generation (public service),NA,NA,GW,AM,2025,0.0587
Energy supply and use,"Solar, wind and battery average annual capacity additions",Battery storage,NA,Electricity generation (public service),NA,NA,GW,AM,2030,0.00012
Energy supply and use,"Solar, wind and battery average annual capacity additions",Battery storage,NA,Electricity generation (public service),NA,NA,GW,AM,2035,0.00042
Energy supply and use,"Solar, wind and battery average annual capacity additions",Battery storage,NA,Electricity generation (public service),NA,NA,GW,AM,2040,0.18379
Energy supply and use,"Solar, wind and battery average annual capacity additions",Battery storage,NA,Electricity generation (public service),NA,NA,GW,AM,2045,0.00048
Energy supply and use,"Solar, wind and battery average annual capacity additions",Battery storage,NA,Electricity generation (public service),NA,NA,GW,AM,2050,0.03779
Energy supply and use,"Solar, wind and battery average annual capacity additions",Battery storage,NA,Electricity generation (public service),NA,NA,GW,AP,2025,0.0434
Energy supply and use,"Solar, wind and battery average annual capacity additions",Battery storage,NA,Electricity generation (public service),NA,NA,GW,AP,2030,9e-05
Energy supply and use,"Solar, wind and battery average annual capacity additions",Battery storage,NA,Electricity generation (public service),NA,NA,GW,AP,2035,0.00032
Energy supply and use,"Solar, wind and battery average annual capacity additions",Battery storage,NA,Electricity generation (public service),NA,NA,GW,AP,2040,0.01013
Energy supply and use,"Solar, wind and battery average annual capacity additions",Battery storage,NA,Electricity generation (public service),NA,NA,GW,AP,2045,0.00303
Energy supply and use,"Solar, wind and battery average annual capacity additions",Battery storage,NA,Electricity generation (public service),NA,NA,GW,AP,2050,0.14876
Energy supply and use,"Solar, wind and battery average annual capacity additions",Battery storage,NA,Electricity generation (public service),NA,NA,GW,BA,2025,0.0655
Energy supply and use,"Solar, wind and battery average annual capacity additions",Battery storage,NA,Electricity generation (public service),NA,NA,GW,BA,2030,0.39314
Energy supply and use,"Solar, wind and battery average annual capacity additions",Battery storage,NA,Electricity generation (public service),NA,NA,GW,BA,2035,0.07711
Energy supply and use,"Solar, wind and battery average annual capacity additions",Battery storage,NA,Electricity generation (public service),NA,NA,GW,BA,2040,0.94052
Energy supply and use,"Solar, wind and battery average annual capacity additions",Battery storage,NA,Electricity generation (public service),NA,NA,GW,BA,2045,0.3386
Energy supply and use,"Solar, wind and battery average annual capacity additions",Battery storage,NA,Electricity generation (public service),NA,NA,GW,BA,2050,0.0026
Energy supply and use,"Solar, wind and battery average annual capacity additions",Battery storage,NA,Electricity generation (public service),NA,NA,GW,CE,2025,0.07587
Energy supply and use,"Solar, wind and battery average annual capacity additions",Battery storage,NA,Electricity generation (public service),NA,NA,GW,CE,2030,0.10959
Energy supply and use,"Solar, wind and battery average annual capacity additions",Battery storage,NA,Electricity generation (public service),NA,NA,GW,CE,2035,0.14168
Energy supply and use,"Solar, wind and battery average annual capacity additions",Battery storage,NA,Electricity generation (public service),NA,NA,GW,CE,2040,0.03809
Energy supply and use,"Solar, wind and battery average annual capacity additions",Battery storage,NA,Electricity generation (public service),NA,NA,GW,CE,2045,0.00017
Energy supply and use,"Solar, wind and battery average annual capacity additions",Battery storage,NA,Electricity generation (public service),NA,NA,GW,CE,2050,0.00104
Energy supply and use,"Solar, wind and battery average annual capacity additions",Battery storage,NA,Electricity generation (public service),NA,NA,GW,DF,2025,0.0563
Energy supply and use,"Solar, wind and battery average annual capacity additions",Battery storage,NA,Electricity generation (public service),NA,NA,GW,DF,2030,0.03893
Energy supply and use,"Solar, wind and battery average annual capacity additions",Battery storage,NA,Electricity generation (public service),NA,NA,GW,DF,2035,0.0751
Energy supply and use,"Solar, wind and battery average annual capacity additions",Battery storage,NA,Electricity generation (public service),NA,NA,GW,DF,2040,0.06901
Energy supply and use,"Solar, wind and battery average annual capacity additions",Battery storage,NA,Electricity generation (public service),NA,NA,GW,DF,2045,0.00034
Energy supply and use,"Solar, wind and battery average annual capacity additions",Battery storage,NA,Electricity generation (public service),NA,NA,GW,DF,2050,0.04644
Energy supply and use,"Solar, wind and battery average annual capacity additions",Battery storage,NA,Electricity generation (public service),NA,NA,GW,ES,2025,0.12578
Energy supply and use,"Solar, wind and battery average annual capacity additions",Battery storage,NA,Electricity generation (public service),NA,NA,GW,ES,2030,0.00235
Energy supply and use,"Solar, wind and battery average annual capacity additions",Battery storage,NA,Electricity generation (public service),NA,NA,GW,ES,2035,0.01622
Energy supply and use,"Solar, wind and battery average annual capacity additions",Battery storage,NA,Electricity generation (public service),NA,NA,GW,ES,2040,0.04353
Energy supply and use,"Solar, wind and battery average annual capacity additions",Battery storage,NA,Electricity generation (public service),NA,NA,GW,ES,2045,0.13296
Energy supply and use,"Solar, wind and battery average annual capacity additions",Battery storage,NA,Electricity generation (public service),NA,NA,GW,ES,2050,0.00666
Energy supply and use,"Solar, wind and battery average annual capacity additions",Battery storage,NA,Electricity generation (public service),NA,NA,GW,GO,2025,0.09959
Energy supply and use,"Solar, wind and battery average annual capacity additions",Battery storage,NA,Electricity generation (public service),NA,NA,GW,GO,2030,0.06194
Energy supply and use,"Solar, wind and battery average annual capacity additions",Battery storage,NA,Electricity generation (public service),NA,NA,GW,GO,2035,0.03196
Energy supply and use,"Solar, wind and battery average annual capacity additions",Battery storage,NA,Electricity generation (public service),NA,NA,GW,GO,2040,0.00013
Energy supply and use,"Solar, wind and battery average annual capacity additions",Battery storage,NA,Electricity generation (public service),NA,NA,GW,GO,2045,0.0024
Energy supply and use,"Solar, wind and battery average annual capacity additions",Battery storage,NA,Electricity generation (public service),NA,NA,GW,GO,2050,0.16795
Energy supply and use,"Solar, wind and battery average annual capacity additions",Battery storage,NA,Electricity generation (public service),NA,NA,GW,MA,2025,0.07273
Energy supply and use,"Solar, wind and battery average annual capacity additions",Battery storage,NA,Electricity generation (public service),NA,NA,GW,MA,2030,0.00017
Energy supply and use,"Solar, wind and battery average annual capacity additions",Battery storage,NA,Electricity generation (public service),NA,NA,GW,MA,2035,0.15563
Energy supply and use,"Solar, wind and battery average annual capacity additions",Battery storage,NA,Electricity generation (public service),NA,NA,GW,MA,2040,0.00025
Energy supply and use,"Solar, wind and battery average annual capacity additions",Battery storage,NA,Electricity generation (public service),NA,NA,GW,MA,2045,0.01179
Energy supply and use,"Solar, wind and battery average annual capacity additions",Battery storage,NA,Electricity generation (public service),NA,NA,GW,MA,2050,0.04792
Energy supply and use,"Solar, wind and battery average annual capacity additions",Battery storage,NA,Electricity generation (public service),NA,NA,GW,MG,2025,0.2857
Energy supply and use,"Solar, wind and battery average annual capacity additions",Battery storage,NA,Electricity generation (public service),NA,NA,GW,MG,2030,1.27187
Energy supply and use,"Solar, wind and battery average annual capacity additions",Battery storage,NA,Electricity generation (public service),NA,NA,GW,MG,2035,0.65488
Energy supply and use,"Solar, wind and battery average annual capacity additions",Battery storage,NA,Electricity generation (public service),NA,NA,GW,MG,2040,0.00012
Energy supply and use,"Solar, wind and battery average annual capacity additions",Battery storage,NA,Electricity generation (public service),NA,NA,GW,MG,2045,0.00026
Energy supply and use,"Solar, wind and battery average annual capacity additions",Battery storage,NA,Electricity generation (public service),NA,NA,GW,MG,2050,0.00034
Energy supply and use,"Solar, wind and battery average annual capacity additions",Battery storage,NA,Electricity generation (public service),NA,NA,GW,MS,2025,0.07737
Energy supply and use,"Solar, wind and battery average annual capacity additions",Battery storage,NA,Electricity generation (public service),NA,NA,GW,MS,2030,7e-05
Energy supply and use,"Solar, wind and battery average annual capacity additions",Battery storage,NA,Electricity generation (public service),NA,NA,GW,MS,2035,0.00066
Energy supply and use,"Solar, wind and battery average annual capacity additions",Battery storage,NA,Electricity generation (public service),NA,NA,GW,MS,2040,8e-05
Energy supply and use,"Solar, wind and battery average annual capacity additions",Battery storage,NA,Electricity generation (public service),NA,NA,GW,MS,2045,0.00183
Energy supply and use,"Solar, wind and battery average annual capacity additions",Battery storage,NA,Electricity generation (public service),NA,NA,GW,MS,2050,0.12813
Energy supply and use,"Solar, wind and battery average annual capacity additions",Battery storage,NA,Electricity generation (public service),NA,NA,GW,MT,2025,0.06679
Energy supply and use,"Solar, wind and battery average annual capacity additions",Battery storage,NA,Electricity generation (public service),NA,NA,GW,MT,2030,0.00051
Energy supply and use,"Solar, wind and battery average annual capacity additions",Battery storage,NA,Electricity generation (public service),NA,NA,GW,MT,2035,0.00063
Energy supply and use,"Solar, wind and battery average annual capacity additions",Battery storage,NA,Electricity generation (public service),NA,NA,GW,MT,2040,0.05073
Energy supply and use,"Solar, wind and battery average annual capacity additions",Battery storage,NA,Electricity generation (public service),NA,NA,GW,MT,2045,0.1543
Energy supply and use,"Solar, wind and battery average annual capacity additions",Battery storage,NA,Electricity generation (public service),NA,NA,GW,MT,2050,0.08897
Energy supply and use,"Solar, wind and battery average annual capacity additions",Battery storage,NA,Electricity generation (public service),NA,NA,GW,PA,2025,0.07495
Energy supply and use,"Solar, wind and battery average annual capacity additions",Battery storage,NA,Electricity generation (public service),NA,NA,GW,PA,2030,0.12743
Energy supply and use,"Solar, wind and battery average annual capacity additions",Battery storage,NA,Electricity generation (public service),NA,NA,GW,PA,2035,0.32573
Energy supply and use,"Solar, wind and battery average annual capacity additions",Battery storage,NA,Electricity generation (public service),NA,NA,GW,PA,2040,0.00011
Energy supply and use,"Solar, wind and battery average annual capacity additions",Battery storage,NA,Electricity generation (public service),NA,NA,GW,PA,2045,0.00056
Energy supply and use,"Solar, wind and battery average annual capacity additions",Battery storage,NA,Electricity generation (public service),NA,NA,GW,PA,2050,0.00193
Energy supply and use,"Solar, wind and battery average annual capacity additions",Battery storage,NA,Electricity generation (public service),NA,NA,GW,PB,2025,0.06154
Energy supply and use,"Solar, wind and battery average annual capacity additions",Battery storage,NA,Electricity generation (public service),NA,NA,GW,PB,2030,0.0003
Energy supply and use,"Solar, wind and battery average annual capacity additions",Battery storage,NA,Electricity generation (public service),NA,NA,GW,PB,2035,0.00076
Energy supply and use,"Solar, wind and battery average annual capacity additions",Battery storage,NA,Electricity generation (public service),NA,NA,GW,PB,2040,0.14709
Energy supply and use,"Solar, wind and battery average annual capacity additions",Battery storage,NA,Electricity generation (public service),NA,NA,GW,PB,2045,0.00139
Energy supply and use,"Solar, wind and battery average annual capacity additions",Battery storage,NA,Electricity generation (public service),NA,NA,GW,PB,2050,0.03296
Energy supply and use,"Solar, wind and battery average annual capacity additions",Battery storage,NA,Electricity generation (public service),NA,NA,GW,PE,2025,0.09484
Energy supply and use,"Solar, wind and battery average annual capacity additions",Battery storage,NA,Electricity generation (public service),NA,NA,GW,PE,2030,7e-05
Energy supply and use,"Solar, wind and battery average annual capacity additions",Battery storage,NA,Electricity generation (public service),NA,NA,GW,PE,2035,0.00021
Energy supply and use,"Solar, wind and battery average annual capacity additions",Battery storage,NA,Electricity generation (public service),NA,NA,GW,PE,2040,0.07303
Energy supply and use,"Solar, wind and battery average annual capacity additions",Battery storage,NA,Electricity generation (public service),NA,NA,GW,PE,2045,0.00107
Energy supply and use,"Solar, wind and battery average annual capacity additions",Battery storage,NA,Electricity generation (public service),NA,NA,GW,PE,2050,0.29809
Energy supply and use,"Solar, wind and battery average annual capacity additions",Battery storage,NA,Electricity generation (public service),NA,NA,GW,PI,2025,0.05262
Energy supply and use,"Solar, wind and battery average annual capacity additions",Battery storage,NA,Electricity generation (public service),NA,NA,GW,PI,2030,0.00038
Energy supply and use,"Solar, wind and battery average annual capacity additions",Battery storage,NA,Electricity generation (public service),NA,NA,GW,PI,2035,0.00059
Energy supply and use,"Solar, wind and battery average annual capacity additions",Battery storage,NA,Electricity generation (public service),NA,NA,GW,PI,2040,0.00167
Energy supply and use,"Solar, wind and battery average annual capacity additions",Battery storage,NA,Electricity generation (public service),NA,NA,GW,PI,2045,0.00259
Energy supply and use,"Solar, wind and battery average annual capacity additions",Battery storage,NA,Electricity generation (public service),NA,NA,GW,PI,2050,0.20776
Energy supply and use,"Solar, wind and battery average annual capacity additions",Battery storage,NA,Electricity generation (public service),NA,NA,GW,PR,2025,0.15698
Energy supply and use,"Solar, wind and battery average annual capacity additions",Battery storage,NA,Electricity generation (public service),NA,NA,GW,PR,2030,0.17137
Energy supply and use,"Solar, wind and battery average annual capacity additions",Battery storage,NA,Electricity generation (public service),NA,NA,GW,PR,2035,0.20342
Energy supply and use,"Solar, wind and battery average annual capacity additions",Battery storage,NA,Electricity generation (public service),NA,NA,GW,PR,2040,0.06908
Energy supply and use,"Solar, wind and battery average annual capacity additions",Battery storage,NA,Electricity generation (public service),NA,NA,GW,PR,2045,0.1701
Energy supply and use,"Solar, wind and battery average annual capacity additions",Battery storage,NA,Electricity generation (public service),NA,NA,GW,PR,2050,0.39404
Energy supply and use,"Solar, wind and battery average annual capacity additions",Battery storage,NA,Electricity generation (public service),NA,NA,GW,RJ,2025,0.20806
Energy supply and use,"Solar, wind and battery average annual capacity additions",Battery storage,NA,Electricity generation (public service),NA,NA,GW,RJ,2030,0.09327
Energy supply and use,"Solar, wind and battery average annual capacity additions",Battery storage,NA,Electricity generation (public service),NA,NA,GW,RJ,2035,0.14857
Energy supply and use,"Solar, wind and battery average annual capacity additions",Battery storage,NA,Electricity generation (public service),NA,NA,GW,RJ,2040,1.135
Energy supply and use,"Solar, wind and battery average annual capacity additions",Battery storage,NA,Electricity generation (public service),NA,NA,GW,RJ,2045,9e-05
Energy supply and use,"Solar, wind and battery average annual capacity additions",Battery storage,NA,Electricity generation (public service),NA,NA,GW,RJ,2050,0.02265
Energy supply and use,"Solar, wind and battery average annual capacity additions",Battery storage,NA,Electricity generation (public service),NA,NA,GW,RN,2025,0.08054
Energy supply and use,"Solar, wind and battery average annual capacity additions",Battery storage,NA,Electricity generation (public service),NA,NA,GW,RN,2030,0.00012
Energy supply and use,"Solar, wind and battery average annual capacity additions",Battery storage,NA,Electricity generation (public service),NA,NA,GW,RN,2035,0.00031
Energy supply and use,"Solar, wind and battery average annual capacity additions",Battery storage,NA,Electricity generation (public service),NA,NA,GW,RN,2040,0.0018
Energy supply and use,"Solar, wind and battery average annual capacity additions",Battery storage,NA,Electricity generation (public service),NA,NA,GW,RN,2045,0.00242
Energy supply and use,"Solar, wind and battery average annual capacity additions",Battery storage,NA,Electricity generation (public service),NA,NA,GW,RN,2050,0.17362
Energy supply and use,"Solar, wind and battery average annual capacity additions",Battery storage,NA,Electricity generation (public service),NA,NA,GW,RO,2025,0.06991
Energy supply and use,"Solar, wind and battery average annual capacity additions",Battery storage,NA,Electricity generation (public service),NA,NA,GW,RO,2030,0.0007
Energy supply and use,"Solar, wind and battery average annual capacity additions",Battery storage,NA,Electricity generation (public service),NA,NA,GW,RO,2035,0.00073
Energy supply and use,"Solar, wind and battery average annual capacity additions",Battery storage,NA,Electricity generation (public service),NA,NA,GW,RO,2040,0.12146
Energy supply and use,"Solar, wind and battery average annual capacity additions",Battery storage,NA,Electricity generation (public service),NA,NA,GW,RO,2045,0.17764
Energy supply and use,"Solar, wind and battery average annual capacity additions",Battery storage,NA,Electricity generation (public service),NA,NA,GW,RO,2050,0.23825
Energy supply and use,"Solar, wind and battery average annual capacity additions",Battery storage,NA,Electricity generation (public service),NA,NA,GW,RR,2025,0.0417
Energy supply and use,"Solar, wind and battery average annual capacity additions",Battery storage,NA,Electricity generation (public service),NA,NA,GW,RR,2030,0.0001
Energy supply and use,"Solar, wind and battery average annual capacity additions",Battery storage,NA,Electricity generation (public service),NA,NA,GW,RR,2035,0.00097
Energy supply and use,"Solar, wind and battery average annual capacity additions",Battery storage,NA,Electricity generation (public service),NA,NA,GW,RR,2040,0.009
Energy supply and use,"Solar, wind and battery average annual capacity additions",Battery storage,NA,Electricity generation (public service),NA,NA,GW,RR,2045,0.00173
Energy supply and use,"Solar, wind and battery average annual capacity additions",Battery storage,NA,Electricity generation (public service),NA,NA,GW,RR,2050,0.09602
Energy supply and use,"Solar, wind and battery average annual capacity additions",Battery storage,NA,Electricity generation (public service),NA,NA,GW,RS,2025,0.1478
Energy supply and use,"Solar, wind and battery average annual capacity additions",Battery storage,NA,Electricity generation (public service),NA,NA,GW,RS,2030,0.06862
Energy supply and use,"Solar, wind and battery average annual capacity additions",Battery storage,NA,Electricity generation (public service),NA,NA,GW,RS,2035,0.38363
Energy supply and use,"Solar, wind and battery average annual capacity additions",Battery storage,NA,Electricity generation (public service),NA,NA,GW,RS,2040,0.00011
Energy supply and use,"Solar, wind and battery average annual capacity additions",Battery storage,NA,Electricity generation (public service),NA,NA,GW,RS,2045,0.23037
Energy supply and use,"Solar, wind and battery average annual capacity additions",Battery storage,NA,Electricity generation (public service),NA,NA,GW,RS,2050,0.89593
Energy supply and use,"Solar, wind and battery average annual capacity additions",Battery storage,NA,Electricity generation (public service),NA,NA,GW,SC,2025,0.21601
Energy supply and use,"Solar, wind and battery average annual capacity additions",Battery storage,NA,Electricity generation (public service),NA,NA,GW,SC,2030,0.00016
Energy supply and use,"Solar, wind and battery average annual capacity additions",Battery storage,NA,Electricity generation (public service),NA,NA,GW,SC,2035,3e-05
Energy supply and use,"Solar, wind and battery average annual capacity additions",Battery storage,NA,Electricity generation (public service),NA,NA,GW,SC,2040,0.00077
Energy supply and use,"Solar, wind and battery average annual capacity additions",Battery storage,NA,Electricity generation (public service),NA,NA,GW,SC,2045,0.0024
Energy supply and use,"Solar, wind and battery average annual capacity additions",Battery storage,NA,Electricity generation (public service),NA,NA,GW,SC,2050,0.08761
Energy supply and use,"Solar, wind and battery average annual capacity additions",Battery storage,NA,Electricity generation (public service),NA,NA,GW,SE,2025,0.05829
Energy supply and use,"Solar, wind and battery average annual capacity additions",Battery storage,NA,Electricity generation (public service),NA,NA,GW,SE,2030,0.00014
Energy supply and use,"Solar, wind and battery average annual capacity additions",Battery storage,NA,Electricity generation (public service),NA,NA,GW,SE,2035,0.00059
Energy supply and use,"Solar, wind and battery average annual capacity additions",Battery storage,NA,Electricity generation (public service),NA,NA,GW,SE,2040,0.00018
Energy supply and use,"Solar, wind and battery average annual capacity additions",Battery storage,NA,Electricity generation (public service),NA,NA,GW,SE,2045,0.00381
Energy supply and use,"Solar, wind and battery average annual capacity additions",Battery storage,NA,Electricity generation (public service),NA,NA,GW,SE,2050,0.18247
Energy supply and use,"Solar, wind and battery average annual capacity additions",Battery storage,NA,Electricity generation (public service),NA,NA,GW,SP,2025,0.56294
Energy supply and use,"Solar, wind and battery average annual capacity additions",Battery storage,NA,Electricity generation (public service),NA,NA,GW,SP,2030,0.9665
Energy supply and use,"Solar, wind and battery average annual capacity additions",Battery storage,NA,Electricity generation (public service),NA,NA,GW,SP,2035,1.24857
Energy supply and use,"Solar, wind and battery average annual capacity additions",Battery storage,NA,Electricity generation (public service),NA,NA,GW,SP,2040,0.42768
Energy supply and use,"Solar, wind and battery average annual capacity additions",Battery storage,NA,Electricity generation (public service),NA,NA,GW,SP,2045,1.71247
Energy supply and use,"Solar, wind and battery average annual capacity additions",Battery storage,NA,Electricity generation (public service),NA,NA,GW,SP,2050,0.00031
Energy supply and use,"Solar, wind and battery average annual capacity additions",Battery storage,NA,Electricity generation (public service),NA,NA,GW,TO,2025,0.0424
Energy supply and use,"Solar, wind and battery average annual capacity additions",Battery storage,NA,Electricity generation (public service),NA,NA,GW,TO,2030,4e-05
Energy supply and use,"Solar, wind and battery average annual capacity additions",Battery storage,NA,Electricity generation (public service),NA,NA,GW,TO,2035,0.00186
Energy supply and use,"Solar, wind and battery average annual capacity additions",Battery storage,NA,Electricity generation (public service),NA,NA,GW,TO,2040,0.00817
Energy supply and use,"Solar, wind and battery average annual capacity additions",Battery storage,NA,Electricity generation (public service),NA,NA,GW,TO,2045,0.00592
Energy supply and use,"Solar, wind and battery average annual capacity additions",Battery storage,NA,Electricity generation (public service),NA,NA,GW,TO,2050,0.16027
Energy supply and use,"Solar, wind and battery average annual capacity additions",Solar photovoltaic,Rooftop,Electricity generation (public service),NA,NA,GW,AC,2025,0.00049
Energy supply and use,"Solar, wind and battery average annual capacity additions",Solar photovoltaic,Rooftop,Electricity generation (public service),NA,NA,GW,AC,2030,0.0
Energy supply and use,"Solar, wind and battery average annual capacity additions",Solar photovoltaic,Rooftop,Electricity generation (public service),NA,NA,GW,AC,2035,0.0
Energy supply and use,"Solar, wind and battery average annual capacity additions",Solar photovoltaic,Rooftop,Electricity generation (public service),NA,NA,GW,AC,2040,0.0
Energy supply and use,"Solar, wind and battery average annual capacity additions",Solar photovoltaic,Rooftop,Electricity generation (public service),NA,NA,GW,AC,2045,0.0
Energy supply and use,"Solar, wind and battery average annual capacity additions",Solar photovoltaic,Rooftop,Electricity generation (public service),NA,NA,GW,AC,2050,0.00041
Energy supply and use,"Solar, wind and battery average annual capacity additions",Solar photovoltaic,Rooftop,Electricity generation (public service),NA,NA,GW,AL,2025,0.00075
Energy supply and use,"Solar, wind and battery average annual capacity additions",Solar photovoltaic,Rooftop,Electricity generation (public service),NA,NA,GW,AL,2030,0.0
Energy supply and use,"Solar, wind and battery average annual capacity additions",Solar photovoltaic,Rooftop,Electricity generation (public service),NA,NA,GW,AL,2035,0.0
Energy supply and use,"Solar, wind and battery average annual capacity additions",Solar photovoltaic,Rooftop,Electricity generation (public service),NA,NA,GW,AL,2040,0.0
Energy supply and use,"Solar, wind and battery average annual capacity additions",Solar photovoltaic,Rooftop,Electricity generation (public service),NA,NA,GW,AL,2045,0.0
Energy supply and use,"Solar, wind and battery average annual capacity additions",Solar photovoltaic,Rooftop,Electricity generation (public service),NA,NA,GW,AL,2050,0.00069
Energy supply and use,"Solar, wind and battery average annual capacity additions",Solar photovoltaic,Rooftop,Electricity generation (public service),NA,NA,GW,AM,2025,0.00071
Energy supply and use,"Solar, wind and battery average annual capacity additions",Solar photovoltaic,Rooftop,Electricity generation (public service),NA,NA,GW,AM,2030,0.0
Energy supply and use,"Solar, wind and battery average annual capacity additions",Solar photovoltaic,Rooftop,Electricity generation (public service),NA,NA,GW,AM,2035,0.0
Energy supply and use,"Solar, wind and battery average annual capacity additions",Solar photovoltaic,Rooftop,Electricity generation (public service),NA,NA,GW,AM,2040,0.0
Energy supply and use,"Solar, wind and battery average annual capacity additions",Solar photovoltaic,Rooftop,Electricity generation (public service),NA,NA,GW,AM,2045,0.0
Energy supply and use,"Solar, wind and battery average annual capacity additions",Solar photovoltaic,Rooftop,Electricity generation (public service),NA,NA,GW,AM,2050,0.00063
Energy supply and use,"Solar, wind and battery average annual capacity additions",Solar photovoltaic,Rooftop,Electricity generation (public service),NA,NA,GW,AP,2025,0.00047
Energy supply and use,"Solar, wind and battery average annual capacity additions",Solar photovoltaic,Rooftop,Electricity generation (public service),NA,NA,GW,AP,2030,0.0
Energy supply and use,"Solar, wind and battery average annual capacity additions",Solar photovoltaic,Rooftop,Electricity generation (public service),NA,NA,GW,AP,2035,0.0
Energy supply and use,"Solar, wind and battery average annual capacity additions",Solar photovoltaic,Rooftop,Electricity generation (public service),NA,NA,GW,AP,2040,0.0
Energy supply and use,"Solar, wind and battery average annual capacity additions",Solar photovoltaic,Rooftop,Electricity generation (public service),NA,NA,GW,AP,2045,0.0
Energy supply and use,"Solar, wind and battery average annual capacity additions",Solar photovoltaic,Rooftop,Electricity generation (public service),NA,NA,GW,AP,2050,0.0004
Energy supply and use,"Solar, wind and battery average annual capacity additions",Solar photovoltaic,Rooftop,Electricity generation (public service),NA,NA,GW,BA,2025,0.00081
Energy supply and use,"Solar, wind and battery average annual capacity additions",Solar photovoltaic,Rooftop,Electricity generation (public service),NA,NA,GW,BA,2030,0.0
Energy supply and use,"Solar, wind and battery average annual capacity additions",Solar photovoltaic,Rooftop,Electricity generation (public service),NA,NA,GW,BA,2035,0.0
Energy supply and use,"Solar, wind and battery average annual capacity additions",Solar photovoltaic,Rooftop,Electricity generation (public service),NA,NA,GW,BA,2040,0.0
Energy supply and use,"Solar, wind and battery average annual capacity additions",Solar photovoltaic,Rooftop,Electricity generation (public service),NA,NA,GW,BA,2045,0.0
Energy supply and use,"Solar, wind and battery average annual capacity additions",Solar photovoltaic,Rooftop,Electricity generation (public service),NA,NA,GW,BA,2050,0.00082
Energy supply and use,"Solar, wind and battery average annual capacity additions",Solar photovoltaic,Rooftop,Electricity generation (public service),NA,NA,GW,CE,2025,0.00075
Energy supply and use,"Solar, wind and battery average annual capacity additions",Solar photovoltaic,Rooftop,Electricity generation (public service),NA,NA,GW,CE,2030,0.0
Energy supply and use,"Solar, wind and battery average annual capacity additions",Solar photovoltaic,Rooftop,Electricity generation (public service),NA,NA,GW,CE,2035,0.0
Energy supply and use,"Solar, wind and battery average annual capacity additions",Solar photovoltaic,Rooftop,Electricity generation (public service),NA,NA,GW,CE,2040,0.0
Energy supply and use,"Solar, wind and battery average annual capacity additions",Solar photovoltaic,Rooftop,Electricity generation (public service),NA,NA,GW,CE,2045,0.0
Energy supply and use,"Solar, wind and battery average annual capacity additions",Solar photovoltaic,Rooftop,Electricity generation (public service),NA,NA,GW,CE,2050,0.00089
Energy supply and use,"Solar, wind and battery average annual capacity additions",Solar photovoltaic,Rooftop,Electricity generation (public service),NA,NA,GW,DF,2025,0.00076
Energy supply and use,"Solar, wind and battery average annual capacity additions",Solar photovoltaic,Rooftop,Electricity generation (public service),NA,NA,GW,DF,2030,0.0
Energy supply and use,"Solar, wind and battery average annual capacity additions",Solar photovoltaic,Rooftop,Electricity generation (public service),NA,NA,GW,DF,2035,0.0
Energy supply and use,"Solar, wind and battery average annual capacity additions",Solar photovoltaic,Rooftop,Electricity generation (public service),NA,NA,GW,DF,2040,0.0
Energy supply and use,"Solar, wind and battery average annual capacity additions",Solar photovoltaic,Rooftop,Electricity generation (public service),NA,NA,GW,DF,2045,2e-05
Energy supply and use,"Solar, wind and battery average annual capacity additions",Solar photovoltaic,Rooftop,Electricity generation (public service),NA,NA,GW,DF,2050,0.00066
Energy supply and use,"Solar, wind and battery average annual capacity additions",Solar photovoltaic,Rooftop,Electricity generation (public service),NA,NA,GW,ES,2025,0.00077
Energy supply and use,"Solar, wind and battery average annual capacity additions",Solar photovoltaic,Rooftop,Electricity generation (public service),NA,NA,GW,ES,2030,0.0
Energy supply and use,"Solar, wind and battery average annual capacity additions",Solar photovoltaic,Rooftop,Electricity generation (public service),NA,NA,GW,ES,2035,0.0
Energy supply and use,"Solar, wind and battery average annual capacity additions",Solar photovoltaic,Rooftop,Electricity generation (public service),NA,NA,GW,ES,2040,0.0
Energy supply and use,"Solar, wind and battery average annual capacity additions",Solar photovoltaic,Rooftop,Electricity generation (public service),NA,NA,GW,ES,2045,0.0
Energy supply and use,"Solar, wind and battery average annual capacity additions",Solar photovoltaic,Rooftop,Electricity generation (public service),NA,NA,GW,ES,2050,0.00053
Energy supply and use,"Solar, wind and battery average annual capacity additions",Solar photovoltaic,Rooftop,Electricity generation (public service),NA,NA,GW,GO,2025,0.00078
Energy supply and use,"Solar, wind and battery average annual capacity additions",Solar photovoltaic,Rooftop,Electricity generation (public service),NA,NA,GW,GO,2030,0.0
Energy supply and use,"Solar, wind and battery average annual capacity additions",Solar photovoltaic,Rooftop,Electricity generation (public service),NA,NA,GW,GO,2035,0.0
Energy supply and use,"Solar, wind and battery average annual capacity additions",Solar photovoltaic,Rooftop,Electricity generation (public service),NA,NA,GW,GO,2040,0.0
Energy supply and use,"Solar, wind and battery average annual capacity additions",Solar photovoltaic,Rooftop,Electricity generation (public service),NA,NA,GW,GO,2045,0.0
Energy supply and use,"Solar, wind and battery average annual capacity additions",Solar photovoltaic,Rooftop,Electricity generation (public service),NA,NA,GW,GO,2050,0.00087
Energy supply and use,"Solar, wind and battery average annual capacity additions",Solar photovoltaic,Rooftop,Electricity generation (public service),NA,NA,GW,MA,2025,0.00073
Energy supply and use,"Solar, wind and battery average annual capacity additions",Solar photovoltaic,Rooftop,Electricity generation (public service),NA,NA,GW,MA,2030,0.0
Energy supply and use,"Solar, wind and battery average annual capacity additions",Solar photovoltaic,Rooftop,Electricity generation (public service),NA,NA,GW,MA,2035,0.0
Energy supply and use,"Solar, wind and battery average annual capacity additions",Solar photovoltaic,Rooftop,Electricity generation (public service),NA,NA,GW,MA,2040,0.0
Energy supply and use,"Solar, wind and battery average annual capacity additions",Solar photovoltaic,Rooftop,Electricity generation (public service),NA,NA,GW,MA,2045,0.0
Energy supply and use,"Solar, wind and battery average annual capacity additions",Solar photovoltaic,Rooftop,Electricity generation (public service),NA,NA,GW,MA,2050,0.00077
Energy supply and use,"Solar, wind and battery average annual capacity additions",Solar photovoltaic,Rooftop,Electricity generation (public service),NA,NA,GW,MG,2025,0.00086
Energy supply and use,"Solar, wind and battery average annual capacity additions",Solar photovoltaic,Rooftop,Electricity generation (public service),NA,NA,GW,MG,2030,0.0
Energy supply and use,"Solar, wind and battery average annual capacity additions",Solar photovoltaic,Rooftop,Electricity generation (public service),NA,NA,GW,MG,2035,0.0
Energy supply and use,"Solar, wind and battery average annual capacity additions",Solar photovoltaic,Rooftop,Electricity generation (public service),NA,NA,GW,MG,2040,0.0
Energy supply and use,"Solar, wind and battery average annual capacity additions",Solar photovoltaic,Rooftop,Electricity generation (public service),NA,NA,GW,MG,2045,0.0
Energy supply and use,"Solar, wind and battery average annual capacity additions",Solar photovoltaic,Rooftop,Electricity generation (public service),NA,NA,GW,MG,2050,0.0009
Energy supply and use,"Solar, wind and battery average annual capacity additions",Solar photovoltaic,Rooftop,Electricity generation (public service),NA,NA,GW,MS,2025,0.00078
Energy supply and use,"Solar, wind and battery average annual capacity additions",Solar photovoltaic,Rooftop,Electricity generation (public service),NA,NA,GW,MS,2030,0.0
Energy supply and use,"Solar, wind and battery average annual capacity additions",Solar photovoltaic,Rooftop,Electricity generation (public service),NA,NA,GW,MS,2035,0.0
Energy supply and use,"Solar, wind and battery average annual capacity additions",Solar photovoltaic,Rooftop,Electricity generation (public service),NA,NA,GW,MS,2040,0.0
Energy supply and use,"Solar, wind and battery average annual capacity additions",Solar photovoltaic,Rooftop,Electricity generation (public service),NA,NA,GW,MS,2045,0.0
Energy supply and use,"Solar, wind and battery average annual capacity additions",Solar photovoltaic,Rooftop,Electricity generation (public service),NA,NA,GW,MS,2050,0.00052
Energy supply and use,"Solar, wind and battery average annual capacity additions",Solar photovoltaic,Rooftop,Electricity generation (public service),NA,NA,GW,MT,2025,0.00075
Energy supply and use,"Solar, wind and battery average annual capacity additions",Solar photovoltaic,Rooftop,Electricity generation (public service),NA,NA,GW,MT,2030,0.0
Energy supply and use,"Solar, wind and battery average annual capacity additions",Solar photovoltaic,Rooftop,Electricity generation (public service),NA,NA,GW,MT,2035,0.0
Energy supply and use,"Solar, wind and battery average annual capacity additions",Solar photovoltaic,Rooftop,Electricity generation (public service),NA,NA,GW,MT,2040,0.0
Energy supply and use,"Solar, wind and battery average annual capacity additions",Solar photovoltaic,Rooftop,Electricity generation (public service),NA,NA,GW,MT,2045,0.0
Energy supply and use,"Solar, wind and battery average annual capacity additions",Solar photovoltaic,Rooftop,Electricity generation (public service),NA,NA,GW,MT,2050,0.00056
Energy supply and use,"Solar, wind and battery average annual capacity additions",Solar photovoltaic,Rooftop,Electricity generation (public service),NA,NA,GW,PA,2025,0.00085
Energy supply and use,"Solar, wind and battery average annual capacity additions",Solar photovoltaic,Rooftop,Electricity generation (public service),NA,NA,GW,PA,2030,0.0
Energy supply and use,"Solar, wind and battery average annual capacity additions",Solar photovoltaic,Rooftop,Electricity generation (public service),NA,NA,GW,PA,2035,0.0
Energy supply and use,"Solar, wind and battery average annual capacity additions",Solar photovoltaic,Rooftop,Electricity generation (public service),NA,NA,GW,PA,2040,0.0
Energy supply and use,"Solar, wind and battery average annual capacity additions",Solar photovoltaic,Rooftop,Electricity generation (public service),NA,NA,GW,PA,2045,0.0
Energy supply and use,"Solar, wind and battery average annual capacity additions",Solar photovoltaic,Rooftop,Electricity generation (public service),NA,NA,GW,PA,2050,0.00046
Energy supply and use,"Solar, wind and battery average annual capacity additions",Solar photovoltaic,Rooftop,Electricity generation (public service),NA,NA,GW,PB,2025,0.00078
Energy supply and use,"Solar, wind and battery average annual capacity additions",Solar photovoltaic,Rooftop,Electricity generation (public service),NA,NA,GW,PB,2030,0.0
Energy supply and use,"Solar, wind and battery average annual capacity additions",Solar photovoltaic,Rooftop,Electricity generation (public service),NA,NA,GW,PB,2035,0.0
Energy supply and use,"Solar, wind and battery average annual capacity additions",Solar photovoltaic,Rooftop,Electricity generation (public service),NA,NA,GW,PB,2040,0.0
Energy supply and use,"Solar, wind and battery average annual capacity additions",Solar photovoltaic,Rooftop,Electricity generation (public service),NA,NA,GW,PB,2045,0.0
Energy supply and use,"Solar, wind and battery average annual capacity additions",Solar photovoltaic,Rooftop,Electricity generation (public service),NA,NA,GW,PB,2050,0.00028
Energy supply and use,"Solar, wind and battery average annual capacity additions",Solar photovoltaic,Rooftop,Electricity generation (public service),NA,NA,GW,PE,2025,0.00078
Energy supply and use,"Solar, wind and battery average annual capacity additions",Solar photovoltaic,Rooftop,Electricity generation (public service),NA,NA,GW,PE,2030,0.0
Energy supply and use,"Solar, wind and battery average annual capacity additions",Solar photovoltaic,Rooftop,Electricity generation (public service),NA,NA,GW,PE,2035,0.0
Energy supply and use,"Solar, wind and battery average annual capacity additions",Solar photovoltaic,Rooftop,Electricity generation (public service),NA,NA,GW,PE,2040,0.0
Energy supply and use,"Solar, wind and battery average annual capacity additions",Solar photovoltaic,Rooftop,Electricity generation (public service),NA,NA,GW,PE,2045,0.0
Energy supply and use,"Solar, wind and battery average annual capacity additions",Solar photovoltaic,Rooftop,Electricity generation (public service),NA,NA,GW,PE,2050,0.00092
Energy supply and use,"Solar, wind and battery average annual capacity additions",Solar photovoltaic,Rooftop,Electricity generation (public service),NA,NA,GW,PI,2025,0.00074
Energy supply and use,"Solar, wind and battery average annual capacity additions",Solar photovoltaic,Rooftop,Electricity generation (public service),NA,NA,GW,PI,2030,0.0
Energy supply and use,"Solar, wind and battery average annual capacity additions",Solar photovoltaic,Rooftop,Electricity generation (public service),NA,NA,GW,PI,2035,0.0
Energy supply and use,"Solar, wind and battery average annual capacity additions",Solar photovoltaic,Rooftop,Electricity generation (public service),NA,NA,GW,PI,2040,0.0
Energy supply and use,"Solar, wind and battery average annual capacity additions",Solar photovoltaic,Rooftop,Electricity generation (public service),NA,NA,GW,PI,2045,0.0
Energy supply and use,"Solar, wind and battery average annual capacity additions",Solar photovoltaic,Rooftop,Electricity generation (public service),NA,NA,GW,PI,2050,0.00063
Energy supply and use,"Solar, wind and battery average annual capacity additions",Solar photovoltaic,Rooftop,Electricity generation (public service),NA,NA,GW,PR,2025,0.00078
Energy supply and use,"Solar, wind and battery average annual capacity additions",Solar photovoltaic,Rooftop,Electricity generation (public service),NA,NA,GW,PR,2030,0.0
Energy supply and use,"Solar, wind and battery average annual capacity additions",Solar photovoltaic,Rooftop,Electricity generation (public service),NA,NA,GW,PR,2035,0.0
Energy supply and use,"Solar, wind and battery average annual capacity additions",Solar photovoltaic,Rooftop,Electricity generation (public service),NA,NA,GW,PR,2040,0.0
Energy supply and use,"Solar, wind and battery average annual capacity additions",Solar photovoltaic,Rooftop,Electricity generation (public service),NA,NA,GW,PR,2045,0.0
Energy supply and use,"Solar, wind and battery average annual capacity additions",Solar photovoltaic,Rooftop,Electricity generation (public service),NA,NA,GW,PR,2050,0.00087
Energy supply and use,"Solar, wind and battery average annual capacity additions",Solar photovoltaic,Rooftop,Electricity generation (public service),NA,NA,GW,RJ,2025,0.00081
Energy supply and use,"Solar, wind and battery average annual capacity additions",Solar photovoltaic,Rooftop,Electricity generation (public service),NA,NA,GW,RJ,2030,0.0
Energy supply and use,"Solar, wind and battery average annual capacity additions",Solar photovoltaic,Rooftop,Electricity generation (public service),NA,NA,GW,RJ,2035,0.0
Energy supply and use,"Solar, wind and battery average annual capacity additions",Solar photovoltaic,Rooftop,Electricity generation (public service),NA,NA,GW,RJ,2040,0.0
Energy supply and use,"Solar, wind and battery average annual capacity additions",Solar photovoltaic,Rooftop,Electricity generation (public service),NA,NA,GW,RJ,2045,0.0
Energy supply and use,"Solar, wind and battery average annual capacity additions",Solar photovoltaic,Rooftop,Electricity generation (public service),NA,NA,GW,RJ,2050,0.00088
Energy supply and use,"Solar, wind and battery average annual capacity additions",Solar photovoltaic,Rooftop,Electricity generation (public service),NA,NA,GW,RN,2025,0.00076
Energy supply and use,"Solar, wind and battery average annual capacity additions",Solar photovoltaic,Rooftop,Electricity generation (public service),NA,NA,GW,RN,2030,0.0
Energy supply and use,"Solar, wind and battery average annual capacity additions",Solar photovoltaic,Rooftop,Electricity generation (public service),NA,NA,GW,RN,2035,0.0
Energy supply and use,"Solar, wind and battery average annual capacity additions",Solar photovoltaic,Rooftop,Electricity generation (public service),NA,NA,GW,RN,2040,0.0
Energy supply and use,"Solar, wind and battery average annual capacity additions",Solar photovoltaic,Rooftop,Electricity generation (public service),NA,NA,GW,RN,2045,0.0
Energy supply and use,"Solar, wind and battery average annual capacity additions",Solar photovoltaic,Rooftop,Electricity generation (public service),NA,NA,GW,RN,2050,0.00056
Energy supply and use,"Solar, wind and battery average annual capacity additions",Solar photovoltaic,Rooftop,Electricity generation (public service),NA,NA,GW,RO,2025,0.00054
Energy supply and use,"Solar, wind and battery average annual capacity additions",Solar photovoltaic,Rooftop,Electricity generation (public service),NA,NA,GW,RO,2030,0.0
Energy supply and use,"Solar, wind and battery average annual capacity additions",Solar photovoltaic,Rooftop,Electricity generation (public service),NA,NA,GW,RO,2035,0.0
Energy supply and use,"Solar, wind and battery average annual capacity additions",Solar photovoltaic,Rooftop,Electricity generation (public service),NA,NA,GW,RO,2040,0.0
Energy supply and use,"Solar, wind and battery average annual capacity additions",Solar photovoltaic,Rooftop,Electricity generation (public service),NA,NA,GW,RO,2045,0.0
Energy supply and use,"Solar, wind and battery average annual capacity additions",Solar photovoltaic,Rooftop,Electricity generation (public service),NA,NA,GW,RO,2050,0.00055
Energy supply and use,"Solar, wind and battery average annual capacity additions",Solar photovoltaic,Rooftop,Electricity generation (public service),NA,NA,GW,RR,2025,0.00047
Energy supply and use,"Solar, wind and battery average annual capacity additions",Solar photovoltaic,Rooftop,Electricity generation (public service),NA,NA,GW,RR,2030,0.0
Energy supply and use,"Solar, wind and battery average annual capacity additions",Solar photovoltaic,Rooftop,Electricity generation (public service),NA,NA,GW,RR,2035,0.0
Energy supply and use,"Solar, wind and battery average annual capacity additions",Solar photovoltaic,Rooftop,Electricity generation (public service),NA,NA,GW,RR,2040,0.0
Energy supply and use,"Solar, wind and battery average annual capacity additions",Solar photovoltaic,Rooftop,Electricity generation (public service),NA,NA,GW,RR,2045,1e-05
Energy supply and use,"Solar, wind and battery average annual capacity additions",Solar photovoltaic,Rooftop,Electricity generation (public service),NA,NA,GW,RR,2050,0.00033
Energy supply and use,"Solar, wind and battery average annual capacity additions",Solar photovoltaic,Rooftop,Electricity generation (public service),NA,NA,GW,RS,2025,0.00077
Energy supply and use,"Solar, wind and battery average annual capacity additions",Solar photovoltaic,Rooftop,Electricity generation (public service),NA,NA,GW,RS,2030,0.0
Energy supply and use,"Solar, wind and battery average annual capacity additions",Solar photovoltaic,Rooftop,Electricity generation (public service),NA,NA,GW,RS,2035,0.0
Energy supply and use,"Solar, wind and battery average annual capacity additions",Solar photovoltaic,Rooftop,Electricity generation (public service),NA,NA,GW,RS,2040,0.0
Energy supply and use,"Solar, wind and battery average annual capacity additions",Solar photovoltaic,Rooftop,Electricity generation (public service),NA,NA,GW,RS,2045,0.0
Energy supply and use,"Solar, wind and battery average annual capacity additions",Solar photovoltaic,Rooftop,Electricity generation (public service),NA,NA,GW,RS,2050,0.0009
Energy supply and use,"Solar, wind and battery average annual capacity additions",Solar photovoltaic,Rooftop,Electricity generation (public service),NA,NA,GW,SC,2025,0.00073
Energy supply and use,"Solar, wind and battery average annual capacity additions",Solar photovoltaic,Rooftop,Electricity generation (public service),NA,NA,GW,SC,2030,0.0
Energy supply and use,"Solar, wind and battery average annual capacity additions",Solar photovoltaic,Rooftop,Electricity generation (public service),NA,NA,GW,SC,2035,0.0
Energy supply and use,"Solar, wind and battery average annual capacity additions",Solar photovoltaic,Rooftop,Electricity generation (public service),NA,NA,GW,SC,2040,0.0
Energy supply and use,"Solar, wind and battery average annual capacity additions",Solar photovoltaic,Rooftop,Electricity generation (public service),NA,NA,GW,SC,2045,0.0
Energy supply and use,"Solar, wind and battery average annual capacity additions",Solar photovoltaic,Rooftop,Electricity generation (public service),NA,NA,GW,SC,2050,0.00055
Energy supply and use,"Solar, wind and battery average annual capacity additions",Solar photovoltaic,Rooftop,Electricity generation (public service),NA,NA,GW,SE,2025,0.00069
Energy supply and use,"Solar, wind and battery average annual capacity additions",Solar photovoltaic,Rooftop,Electricity generation (public service),NA,NA,GW,SE,2030,0.0
Energy supply and use,"Solar, wind and battery average annual capacity additions",Solar photovoltaic,Rooftop,Electricity generation (public service),NA,NA,GW,SE,2035,0.0
Energy supply and use,"Solar, wind and battery average annual capacity additions",Solar photovoltaic,Rooftop,Electricity generation (public service),NA,NA,GW,SE,2040,0.0
Energy supply and use,"Solar, wind and battery average annual capacity additions",Solar photovoltaic,Rooftop,Electricity generation (public service),NA,NA,GW,SE,2045,0.0
Energy supply and use,"Solar, wind and battery average annual capacity additions",Solar photovoltaic,Rooftop,Electricity generation (public service),NA,NA,GW,SE,2050,0.00071
Energy supply and use,"Solar, wind and battery average annual capacity additions",Solar photovoltaic,Rooftop,Electricity generation (public service),NA,NA,GW,SP,2025,0.00086
Energy supply and use,"Solar, wind and battery average annual capacity additions",Solar photovoltaic,Rooftop,Electricity generation (public service),NA,NA,GW,SP,2030,0.0
Energy supply and use,"Solar, wind and battery average annual capacity additions",Solar photovoltaic,Rooftop,Electricity generation (public service),NA,NA,GW,SP,2035,0.0
Energy supply and use,"Solar, wind and battery average annual capacity additions",Solar photovoltaic,Rooftop,Electricity generation (public service),NA,NA,GW,SP,2040,0.0
Energy supply and use,"Solar, wind and battery average annual capacity additions",Solar photovoltaic,Rooftop,Electricity generation (public service),NA,NA,GW,SP,2045,0.0
Energy supply and use,"Solar, wind and battery average annual capacity additions",Solar photovoltaic,Rooftop,Electricity generation (public service),NA,NA,GW,SP,2050,0.00091
Energy supply and use,"Solar, wind and battery average annual capacity additions",Solar photovoltaic,Rooftop,Electricity generation (public service),NA,NA,GW,TO,2025,0.0005
Energy supply and use,"Solar, wind and battery average annual capacity additions",Solar photovoltaic,Rooftop,Electricity generation (public service),NA,NA,GW,TO,2030,0.0
Energy supply and use,"Solar, wind and battery average annual capacity additions",Solar photovoltaic,Rooftop,Electricity generation (public service),NA,NA,GW,TO,2035,0.0
Energy supply and use,"Solar, wind and battery average annual capacity additions",Solar photovoltaic,Rooftop,Electricity generation (public service),NA,NA,GW,TO,2040,0.0
Energy supply and use,"Solar, wind and battery average annual capacity additions",Solar photovoltaic,Rooftop,Electricity generation (public service),NA,NA,GW,TO,2045,0.0
Energy supply and use,"Solar, wind and battery average annual capacity additions",Solar photovoltaic,Rooftop,Electricity generation (public service),NA,NA,GW,TO,2050,0.00057
Energy supply and use,"Solar, wind and battery average annual capacity additions",Solar photovoltaic,Utility-scale,Electricity generation (public service),NA,NA,GW,AC,2025,0.01036
Energy supply and use,"Solar, wind and battery average annual capacity additions",Solar photovoltaic,Utility-scale,Electricity generation (public service),NA,NA,GW,AC,2030,0.83171
Energy supply and use,"Solar, wind and battery average annual capacity additions",Solar photovoltaic,Utility-scale,Electricity generation (public service),NA,NA,GW,AC,2035,0.84926
Energy supply and use,"Solar, wind and battery average annual capacity additions",Solar photovoltaic,Utility-scale,Electricity generation (public service),NA,NA,GW,AC,2040,0.27413
Energy supply and use,"Solar, wind and battery average annual capacity additions",Solar photovoltaic,Utility-scale,Electricity generation (public service),NA,NA,GW,AC,2045,0.32023
Energy supply and use,"Solar, wind and battery average annual capacity additions",Solar photovoltaic,Utility-scale,Electricity generation (public service),NA,NA,GW,AC,2050,0.13388
Energy supply and use,"Solar, wind and battery average annual capacity additions",Solar photovoltaic,Utility-scale,Electricity generation (public service),NA,NA,GW,AL,2025,0.00475
Energy supply and use,"Solar, wind and battery average annual capacity additions",Solar photovoltaic,Utility-scale,Electricity generation (public service),NA,NA,GW,AL,2030,2e-05
Energy supply and use,"Solar, wind and battery average annual capacity additions",Solar photovoltaic,Utility-scale,Electricity generation (public service),NA,NA,GW,AL,2035,4e-05
Energy supply and use,"Solar, wind and battery average annual capacity additions",Solar photovoltaic,Utility-scale,Electricity generation (public service),NA,NA,GW,AL,2040,9e-05
Energy supply and use,"Solar, wind and battery average annual capacity additions",Solar photovoltaic,Utility-scale,Electricity generation (public service),NA,NA,GW,AL,2045,9e-05
Energy supply and use,"Solar, wind and battery average annual capacity additions",Solar photovoltaic,Utility-scale,Electricity generation (public service),NA,NA,GW,AL,2050,0.03291
Energy supply and use,"Solar, wind and battery average annual capacity additions",Solar photovoltaic,Utility-scale,Electricity generation (public service),NA,NA,GW,AM,2025,0.01017
Energy supply and use,"Solar, wind and battery average annual capacity additions",Solar photovoltaic,Utility-scale,Electricity generation (public service),NA,NA,GW,AM,2030,0.00021
Energy supply and use,"Solar, wind and battery average annual capacity additions",Solar photovoltaic,Utility-scale,Electricity generation (public service),NA,NA,GW,AM,2035,0.2871
Energy supply and use,"Solar, wind and battery average annual capacity additions",Solar photovoltaic,Utility-scale,Electricity generation (public service),NA,NA,GW,AM,2040,0.64857
Energy supply and use,"Solar, wind and battery average annual capacity additions",Solar photovoltaic,Utility-scale,Electricity generation (public service),NA,NA,GW,AM,2045,0.00745
Energy supply and use,"Solar, wind and battery average annual capacity additions",Solar photovoltaic,Utility-scale,Electricity generation (public service),NA,NA,GW,AM,2050,0.64203
Energy supply and use,"Solar, wind and battery average annual capacity additions",Solar photovoltaic,Utility-scale,Electricity generation (public service),NA,NA,GW,AP,2025,0.00556
Energy supply and use,"Solar, wind and battery average annual capacity additions",Solar photovoltaic,Utility-scale,Electricity generation (public service),NA,NA,GW,AP,2030,0.0
Energy supply and use,"Solar, wind and battery average annual capacity additions",Solar photovoltaic,Utility-scale,Electricity generation (public service),NA,NA,GW,AP,2035,0.20578
Energy supply and use,"Solar, wind and battery average annual capacity additions",Solar photovoltaic,Utility-scale,Electricity generation (public service),NA,NA,GW,AP,2040,5e-05
Energy supply and use,"Solar, wind and battery average annual capacity additions",Solar photovoltaic,Utility-scale,Electricity generation (public service),NA,NA,GW,AP,2045,2e-05
Energy supply and use,"Solar, wind and battery average annual capacity additions",Solar photovoltaic,Utility-scale,Electricity generation (public service),NA,NA,GW,AP,2050,5e-05
Energy supply and use,"Solar, wind and battery average annual capacity additions",Solar photovoltaic,Utility-scale,Electricity generation (public service),NA,NA,GW,BA,2025,0.00238
Energy supply and use,"Solar, wind and battery average annual capacity additions",Solar photovoltaic,Utility-scale,Electricity generation (public service),NA,NA,GW,BA,2030,5e-05
Energy supply and use,"Solar, wind and battery average annual capacity additions",Solar photovoltaic,Utility-scale,Electricity generation (public service),NA,NA,GW,BA,2035,6e-05
Energy supply and use,"Solar, wind and battery average annual capacity additions",Solar photovoltaic,Utility-scale,Electricity generation (public service),NA,NA,GW,BA,2040,0.00012
Energy supply and use,"Solar, wind and battery average annual capacity additions",Solar photovoltaic,Utility-scale,Electricity generation (public service),NA,NA,GW,BA,2045,0.00043
Energy supply and use,"Solar, wind and battery average annual capacity additions",Solar photovoltaic,Utility-scale,Electricity generation (public service),NA,NA,GW,BA,2050,0.02893
Energy supply and use,"Solar, wind and battery average annual capacity additions",Solar photovoltaic,Utility-scale,Electricity generation (public service),NA,NA,GW,CE,2025,0.00371
Energy supply and use,"Solar, wind and battery average annual capacity additions",Solar photovoltaic,Utility-scale,Electricity generation (public service),NA,NA,GW,CE,2030,7e-05
Energy supply and use,"Solar, wind and battery average annual capacity additions",Solar photovoltaic,Utility-scale,Electricity generation (public service),NA,NA,GW,CE,2035,8e-05
Energy supply and use,"Solar, wind and battery average annual capacity additions",Solar photovoltaic,Utility-scale,Electricity generation (public service),NA,NA,GW,CE,2040,6e-05
Energy supply and use,"Solar, wind and battery average annual capacity additions",Solar photovoltaic,Utility-scale,Electricity generation (public service),NA,NA,GW,CE,2045,6e-05
Energy supply and use,"Solar, wind and battery average annual capacity additions",Solar photovoltaic,Utility-scale,Electricity generation (public service),NA,NA,GW,CE,2050,0.01118
Energy supply and use,"Solar, wind and battery average annual capacity additions",Solar photovoltaic,Utility-scale,Electricity generation (public service),NA,NA,GW,ES,2025,0.00132
Energy supply and use,"Solar, wind and battery average annual capacity additions",Solar photovoltaic,Utility-scale,Electricity generation (public service),NA,NA,GW,ES,2030,0.00011
Energy supply and use,"Solar, wind and battery average annual capacity additions",Solar photovoltaic,Utility-scale,Electricity generation (public service),NA,NA,GW,ES,2035,0.00241
Energy supply and use,"Solar, wind and battery average annual capacity additions",Solar photovoltaic,Utility-scale,Electricity generation (public service),NA,NA,GW,ES,2040,0.03017
Energy supply and use,"Solar, wind and battery average annual capacity additions",Solar photovoltaic,Utility-scale,Electricity generation (public service),NA,NA,GW,ES,2045,0.00024
Energy supply and use,"Solar, wind and battery average annual capacity additions",Solar photovoltaic,Utility-scale,Electricity generation (public service),NA,NA,GW,ES,2050,0.03124
Energy supply and use,"Solar, wind and battery average annual capacity additions",Solar photovoltaic,Utility-scale,Electricity generation (public service),NA,NA,GW,GO,2025,0.01001
Energy supply and use,"Solar, wind and battery average annual capacity additions",Solar photovoltaic,Utility-scale,Electricity generation (public service),NA,NA,GW,GO,2030,2.39525
Energy supply and use,"Solar, wind and battery average annual capacity additions",Solar photovoltaic,Utility-scale,Electricity generation (public service),NA,NA,GW,GO,2035,3.27756
Energy supply and use,"Solar, wind and battery average annual capacity additions",Solar photovoltaic,Utility-scale,Electricity generation (public service),NA,NA,GW,GO,2040,0.00033
Energy supply and use,"Solar, wind and battery average annual capacity additions",Solar photovoltaic,Utility-scale,Electricity generation (public service),NA,NA,GW,GO,2045,0.09015
Energy supply and use,"Solar, wind and battery average annual capacity additions",Solar photovoltaic,Utility-scale,Electricity generation (public service),NA,NA,GW,GO,2050,0.74023
Energy supply and use,"Solar, wind and battery average annual capacity additions",Solar photovoltaic,Utility-scale,Electricity generation (public service),NA,NA,GW,MA,2025,0.02015
Energy supply and use,"Solar, wind and battery average annual capacity additions",Solar photovoltaic,Utility-scale,Electricity generation (public service),NA,NA,GW,MA,2030,0.00015
Energy supply and use,"Solar, wind and battery average annual capacity additions",Solar photovoltaic,Utility-scale,Electricity generation (public service),NA,NA,GW,MA,2035,0.40547
Energy supply and use,"Solar, wind and battery average annual capacity additions",Solar photovoltaic,Utility-scale,Electricity generation (public service),NA,NA,GW,MA,2040,1.20646
Energy supply and use,"Solar, wind and battery average annual capacity additions",Solar photovoltaic,Utility-scale,Electricity generation (public service),NA,NA,GW,MA,2045,0.82655
Energy supply and use,"Solar, wind and battery average annual capacity additions",Solar photovoltaic,Utility-scale,Electricity generation (public service),NA,NA,GW,MA,2050,0.90886
Energy supply and use,"Solar, wind and battery average annual capacity additions",Solar photovoltaic,Utility-scale,Electricity generation (public service),NA,NA,GW,MG,2025,0.00479
Energy supply and use,"Solar, wind and battery average annual capacity additions",Solar photovoltaic,Utility-scale,Electricity generation (public service),NA,NA,GW,MG,2030,6e-05
Energy supply and use,"Solar, wind and battery average annual capacity additions",Solar photovoltaic,Utility-scale,Electricity generation (public service),NA,NA,GW,MG,2035,0.12522
Energy supply and use,"Solar, wind and battery average annual capacity additions",Solar photovoltaic,Utility-scale,Electricity generation (public service),NA,NA,GW,MG,2040,0.00044
Energy supply and use,"Solar, wind and battery average annual capacity additions",Solar photovoltaic,Utility-scale,Electricity generation (public service),NA,NA,GW,MG,2045,1.61889
Energy supply and use,"Solar, wind and battery average annual capacity additions",Solar photovoltaic,Utility-scale,Electricity generation (public service),NA,NA,GW,MG,2050,1.67851
Energy supply and use,"Solar, wind and battery average annual capacity additions",Solar photovoltaic,Utility-scale,Electricity generation (public service),NA,NA,GW,MS,2025,0.01741
Energy supply and use,"Solar, wind and battery average annual capacity additions",Solar photovoltaic,Utility-scale,Electricity generation (public service),NA,NA,GW,MS,2030,0.95195
Energy supply and use,"Solar, wind and battery average annual capacity additions",Solar photovoltaic,Utility-scale,Electricity generation (public service),NA,NA,GW,MS,2035,1.26713
Energy supply and use,"Solar, wind and battery average annual capacity additions",Solar photovoltaic,Utility-scale,Electricity generation (public service),NA,NA,GW,MS,2040,0.00016
Energy supply and use,"Solar, wind and battery average annual capacity additions",Solar photovoltaic,Utility-scale,Electricity generation (public service),NA,NA,GW,MS,2045,0.00051
Energy supply and use,"Solar, wind and battery average annual capacity additions",Solar photovoltaic,Utility-scale,Electricity generation (public service),NA,NA,GW,MS,2050,0.05547
Energy supply and use,"Solar, wind and battery average annual capacity additions",Solar photovoltaic,Utility-scale,Electricity generation (public service),NA,NA,GW,MT,2025,0.01188
Energy supply and use,"Solar, wind and battery average annual capacity additions",Solar photovoltaic,Utility-scale,Electricity generation (public service),NA,NA,GW,MT,2030,5.45697
Energy supply and use,"Solar, wind and battery average annual capacity additions",Solar photovoltaic,Utility-scale,Electricity generation (public service),NA,NA,GW,MT,2035,0.00104
Energy supply and use,"Solar, wind and battery average annual capacity additions",Solar photovoltaic,Utility-scale,Electricity generation (public service),NA,NA,GW,MT,2040,0.00039
Energy supply and use,"Solar, wind and battery average annual capacity additions",Solar photovoltaic,Utility-scale,Electricity generation (public service),NA,NA,GW,MT,2045,0.01191
Energy supply and use,"Solar, wind and battery average annual capacity additions",Solar photovoltaic,Utility-scale,Electricity generation (public service),NA,NA,GW,MT,2050,1.0892
Energy supply and use,"Solar, wind and battery average annual capacity additions",Solar photovoltaic,Utility-scale,Electricity generation (public service),NA,NA,GW,PA,2025,0.03922
Energy supply and use,"Solar, wind and battery average annual capacity additions",Solar photovoltaic,Utility-scale,Electricity generation (public service),NA,NA,GW,PA,2030,2.64616
Energy supply and use,"Solar, wind and battery average annual capacity additions",Solar photovoltaic,Utility-scale,Electricity generation (public service),NA,NA,GW,PA,2035,1.80651
Energy supply and use,"Solar, wind and battery average annual capacity additions",Solar photovoltaic,Utility-scale,Electricity generation (public service),NA,NA,GW,PA,2040,0.00221
Energy supply and use,"Solar, wind and battery average annual capacity additions",Solar photovoltaic,Utility-scale,Electricity generation (public service),NA,NA,GW,PA,2045,1.08839
Energy supply and use,"Solar, wind and battery average annual capacity additions",Solar photovoltaic,Utility-scale,Electricity generation (public service),NA,NA,GW,PA,2050,0.10103
Energy supply and use,"Solar, wind and battery average annual capacity additions",Solar photovoltaic,Utility-scale,Electricity generation (public service),NA,NA,GW,PB,2025,0.00171
Energy supply and use,"Solar, wind and battery average annual capacity additions",Solar photovoltaic,Utility-scale,Electricity generation (public service),NA,NA,GW,PB,2030,1e-05
Energy supply and use,"Solar, wind and battery average annual capacity additions",Solar photovoltaic,Utility-scale,Electricity generation (public service),NA,NA,GW,PB,2035,2e-05
Energy supply and use,"Solar, wind and battery average annual capacity additions",Solar photovoltaic,Utility-scale,Electricity generation (public service),NA,NA,GW,PB,2040,2e-05
Energy supply and use,"Solar, wind and battery average annual capacity additions",Solar photovoltaic,Utility-scale,Electricity generation (public service),NA,NA,GW,PB,2045,1e-05
Energy supply and use,"Solar, wind and battery average annual capacity additions",Solar photovoltaic,Utility-scale,Electricity generation (public service),NA,NA,GW,PB,2050,0.00044
Energy supply and use,"Solar, wind and battery average annual capacity additions",Solar photovoltaic,Utility-scale,Electricity generation (public service),NA,NA,GW,PE,2025,0.00426
Energy supply and use,"Solar, wind and battery average annual capacity additions",Solar photovoltaic,Utility-scale,Electricity generation (public service),NA,NA,GW,PE,2030,4e-05
Energy supply and use,"Solar, wind and battery average annual capacity additions",Solar photovoltaic,Utility-scale,Electricity generation (public service),NA,NA,GW,PE,2035,8e-05
Energy supply and use,"Solar, wind and battery average annual capacity additions",Solar photovoltaic,Utility-scale,Electricity generation (public service),NA,NA,GW,PE,2040,6e-05
Energy supply and use,"Solar, wind and battery average annual capacity additions",Solar photovoltaic,Utility-scale,Electricity generation (public service),NA,NA,GW,PE,2045,6e-05
Energy supply and use,"Solar, wind and battery average annual capacity additions",Solar photovoltaic,Utility-scale,Electricity generation (public service),NA,NA,GW,PE,2050,0.00919
Energy supply and use,"Solar, wind and battery average annual capacity additions",Solar photovoltaic,Utility-scale,Electricity generation (public service),NA,NA,GW,PI,2025,7e-05
Energy supply and use,"Solar, wind and battery average annual capacity additions",Solar photovoltaic,Utility-scale,Electricity generation (public service),NA,NA,GW,PI,2030,0.00033
Energy supply and use,"Solar, wind and battery average annual capacity additions",Solar photovoltaic,Utility-scale,Electricity generation (public service),NA,NA,GW,PI,2035,0.00013
Energy supply and use,"Solar, wind and battery average annual capacity additions",Solar photovoltaic,Utility-scale,Electricity generation (public service),NA,NA,GW,PI,2040,0.00013
Energy supply and use,"Solar, wind and battery average annual capacity additions",Solar photovoltaic,Utility-scale,Electricity generation (public service),NA,NA,GW,PI,2045,0.00023
Energy supply and use,"Solar, wind and battery average annual capacity additions",Solar photovoltaic,Utility-scale,Electricity generation (public service),NA,NA,GW,PI,2050,0.00058
Energy supply and use,"Solar, wind and battery average annual capacity additions",Solar photovoltaic,Utility-scale,Electricity generation (public service),NA,NA,GW,PR,2025,0.01408
Energy supply and use,"Solar, wind and battery average annual capacity additions",Solar photovoltaic,Utility-scale,Electricity generation (public service),NA,NA,GW,PR,2030,0.30823
Energy supply and use,"Solar, wind and battery average annual capacity additions",Solar photovoltaic,Utility-scale,Electricity generation (public service),NA,NA,GW,PR,2035,0.8633
Energy supply and use,"Solar, wind and battery average annual capacity additions",Solar photovoltaic,Utility-scale,Electricity generation (public service),NA,NA,GW,PR,2040,1.67668
Energy supply and use,"Solar, wind and battery average annual capacity additions",Solar photovoltaic,Utility-scale,Electricity generation (public service),NA,NA,GW,PR,2045,1.76184
Energy supply and use,"Solar, wind and battery average annual capacity additions",Solar photovoltaic,Utility-scale,Electricity generation (public service),NA,NA,GW,PR,2050,1.20879
Energy supply and use,"Solar, wind and battery average annual capacity additions",Solar photovoltaic,Utility-scale,Electricity generation (public service),NA,NA,GW,RJ,2025,0.01104
Energy supply and use,"Solar, wind and battery average annual capacity additions",Solar photovoltaic,Utility-scale,Electricity generation (public service),NA,NA,GW,RJ,2030,0.73007
Energy supply and use,"Solar, wind and battery average annual capacity additions",Solar photovoltaic,Utility-scale,Electricity generation (public service),NA,NA,GW,RJ,2035,0.97471
Energy supply and use,"Solar, wind and battery average annual capacity additions",Solar photovoltaic,Utility-scale,Electricity generation (public service),NA,NA,GW,RJ,2040,0.72968
Energy supply and use,"Solar, wind and battery average annual capacity additions",Solar photovoltaic,Utility-scale,Electricity generation (public service),NA,NA,GW,RJ,2045,0.16146
Energy supply and use,"Solar, wind and battery average annual capacity additions",Solar photovoltaic,Utility-scale,Electricity generation (public service),NA,NA,GW,RJ,2050,3.61253
Energy supply and use,"Solar, wind and battery average annual capacity additions",Solar photovoltaic,Utility-scale,Electricity generation (public service),NA,NA,GW,RN,2025,0.00105
Energy supply and use,"Solar, wind and battery average annual capacity additions",Solar photovoltaic,Utility-scale,Electricity generation (public service),NA,NA,GW,RN,2030,3e-05
Energy supply and use,"Solar, wind and battery average annual capacity additions",Solar photovoltaic,Utility-scale,Electricity generation (public service),NA,NA,GW,RN,2035,1e-05
Energy supply and use,"Solar, wind and battery average annual capacity additions",Solar photovoltaic,Utility-scale,Electricity generation (public service),NA,NA,GW,RN,2040,2e-05
Energy supply and use,"Solar, wind and battery average annual capacity additions",Solar photovoltaic,Utility-scale,Electricity generation (public service),NA,NA,GW,RN,2045,3e-05
Energy supply and use,"Solar, wind and battery average annual capacity additions",Solar photovoltaic,Utility-scale,Electricity generation (public service),NA,NA,GW,RN,2050,0.00063
Energy supply and use,"Solar, wind and battery average annual capacity additions",Solar photovoltaic,Utility-scale,Electricity generation (public service),NA,NA,GW,RO,2025,0.01108
Energy supply and use,"Solar, wind and battery average annual capacity additions",Solar photovoltaic,Utility-scale,Electricity generation (public service),NA,NA,GW,RO,2030,0.00056
Energy supply and use,"Solar, wind and battery average annual capacity additions",Solar photovoltaic,Utility-scale,Electricity generation (public service),NA,NA,GW,RO,2035,0.00099
Energy supply and use,"Solar, wind and battery average annual capacity additions",Solar photovoltaic,Utility-scale,Electricity generation (public service),NA,NA,GW,RO,2040,0.09043
Energy supply and use,"Solar, wind and battery average annual capacity additions",Solar photovoltaic,Utility-scale,Electricity generation (public service),NA,NA,GW,RO,2045,1.54778
Energy supply and use,"Solar, wind and battery average annual capacity additions",Solar photovoltaic,Utility-scale,Electricity generation (public service),NA,NA,GW,RO,2050,1.09389
Energy supply and use,"Solar, wind and battery average annual capacity additions",Solar photovoltaic,Utility-scale,Electricity generation (public service),NA,NA,GW,RR,2025,0.00379
Energy supply and use,"Solar, wind and battery average annual capacity additions",Solar photovoltaic,Utility-scale,Electricity generation (public service),NA,NA,GW,RR,2030,5e-05
Energy supply and use,"Solar, wind and battery average annual capacity additions",Solar photovoltaic,Utility-scale,Electricity generation (public service),NA,NA,GW,RR,2035,0.00013
Energy supply and use,"Solar, wind and battery average annual capacity additions",Solar photovoltaic,Utility-scale,Electricity generation (public service),NA,NA,GW,RR,2040,0.00296
Energy supply and use,"Solar, wind and battery average annual capacity additions",Solar photovoltaic,Utility-scale,Electricity generation (public service),NA,NA,GW,RR,2045,0.52176
Energy supply and use,"Solar, wind and battery average annual capacity additions",Solar photovoltaic,Utility-scale,Electricity generation (public service),NA,NA,GW,RR,2050,1.15807
Energy supply and use,"Solar, wind and battery average annual capacity additions",Solar photovoltaic,Utility-scale,Electricity generation (public service),NA,NA,GW,RS,2025,0.00573
Energy supply and use,"Solar, wind and battery average annual capacity additions",Solar photovoltaic,Utility-scale,Electricity generation (public service),NA,NA,GW,RS,2030,0.37865
Energy supply and use,"Solar, wind and battery average annual capacity additions",Solar photovoltaic,Utility-scale,Electricity generation (public service),NA,NA,GW,RS,2035,2.83774
Energy supply and use,"Solar, wind and battery average annual capacity additions",Solar photovoltaic,Utility-scale,Electricity generation (public service),NA,NA,GW,RS,2040,1.14522
Energy supply and use,"Solar, wind and battery average annual capacity additions",Solar photovoltaic,Utility-scale,Electricity generation (public service),NA,NA,GW,RS,2045,0.6341
Energy supply and use,"Solar, wind and battery average annual capacity additions",Solar photovoltaic,Utility-scale,Electricity generation (public service),NA,NA,GW,RS,2050,2.70313
Energy supply and use,"Solar, wind and battery average annual capacity additions",Solar photovoltaic,Utility-scale,Electricity generation (public service),NA,NA,GW,SC,2025,0.00391
Energy supply and use,"Solar, wind and battery average annual capacity additions",Solar photovoltaic,Utility-scale,Electricity generation (public service),NA,NA,GW,SC,2030,6e-05
Energy supply and use,"Solar, wind and battery average annual capacity additions",Solar photovoltaic,Utility-scale,Electricity generation (public service),NA,NA,GW,SC,2035,0.00146
Energy supply and use,"Solar, wind and battery average annual capacity additions",Solar photovoltaic,Utility-scale,Electricity generation (public service),NA,NA,GW,SC,2040,0.00023
Energy supply and use,"Solar, wind and battery average annual capacity additions",Solar photovoltaic,Utility-scale,Electricity generation (public service),NA,NA,GW,SC,2045,0.00015
Energy supply and use,"Solar, wind and battery average annual capacity additions",Solar photovoltaic,Utility-scale,Electricity generation (public service),NA,NA,GW,SC,2050,0.05401
Energy supply and use,"Solar, wind and battery average annual capacity additions",Solar photovoltaic,Utility-scale,Electricity generation (public service),NA,NA,GW,SE,2025,0.00414
Energy supply and use,"Solar, wind and battery average annual capacity additions",Solar photovoltaic,Utility-scale,Electricity generation (public service),NA,NA,GW,SE,2030,2e-05
Energy supply and use,"Solar, wind and battery average annual capacity additions",Solar photovoltaic,Utility-scale,Electricity generation (public service),NA,NA,GW,SE,2035,4e-05
Energy supply and use,"Solar, wind and battery average annual capacity additions",Solar photovoltaic,Utility-scale,Electricity generation (public service),NA,NA,GW,SE,2040,0.00012
Energy supply and use,"Solar, wind and battery average annual capacity additions",Solar photovoltaic,Utility-scale,Electricity generation (public service),NA,NA,GW,SE,2045,0.0001
Energy supply and use,"Solar, wind and battery average annual capacity additions",Solar photovoltaic,Utility-scale,Electricity generation (public service),NA,NA,GW,SE,2050,0.14312
Energy supply and use,"Solar, wind and battery average annual capacity additions",Solar photovoltaic,Utility-scale,Electricity generation (public service),NA,NA,GW,SP,2025,0.00993
Energy supply and use,"Solar, wind and battery average annual capacity additions",Solar photovoltaic,Utility-scale,Electricity generation (public service),NA,NA,GW,SP,2030,0.87069
Energy supply and use,"Solar, wind and battery average annual capacity additions",Solar photovoltaic,Utility-scale,Electricity generation (public service),NA,NA,GW,SP,2035,0.23721
Energy supply and use,"Solar, wind and battery average annual capacity additions",Solar photovoltaic,Utility-scale,Electricity generation (public service),NA,NA,GW,SP,2040,8.2501
Energy supply and use,"Solar, wind and battery average annual capacity additions",Solar photovoltaic,Utility-scale,Electricity generation (public service),NA,NA,GW,SP,2045,11.53732
Energy supply and use,"Solar, wind and battery average annual capacity additions",Solar photovoltaic,Utility-scale,Electricity generation (public service),NA,NA,GW,SP,2050,11.60448
Energy supply and use,"Solar, wind and battery average annual capacity additions",Solar photovoltaic,Utility-scale,Electricity generation (public service),NA,NA,GW,TO,2025,0.01812
Energy supply and use,"Solar, wind and battery average annual capacity additions",Solar photovoltaic,Utility-scale,Electricity generation (public service),NA,NA,GW,TO,2030,0.37886
Energy supply and use,"Solar, wind and battery average annual capacity additions",Solar photovoltaic,Utility-scale,Electricity generation (public service),NA,NA,GW,TO,2035,1.23654
Energy supply and use,"Solar, wind and battery average annual capacity additions",Solar photovoltaic,Utility-scale,Electricity generation (public service),NA,NA,GW,TO,2040,0.00196
Energy supply and use,"Solar, wind and battery average annual capacity additions",Solar photovoltaic,Utility-scale,Electricity generation (public service),NA,NA,GW,TO,2045,0.31943
Energy supply and use,"Solar, wind and battery average annual capacity additions",Solar photovoltaic,Utility-scale,Electricity generation (public service),NA,NA,GW,TO,2050,0.17887
Energy supply and use,"Solar, wind and battery average annual capacity additions",Wind,Offshore,Electricity generation (public service),NA,NA,GW,RJ,2025,0.00043
Energy supply and use,"Solar, wind and battery average annual capacity additions",Wind,Offshore,Electricity generation (public service),NA,NA,GW,RJ,2030,0.0
Energy supply and use,"Solar, wind and battery average annual capacity additions",Wind,Offshore,Electricity generation (public service),NA,NA,GW,RJ,2035,0.0
Energy supply and use,"Solar, wind and battery average annual capacity additions",Wind,Offshore,Electricity generation (public service),NA,NA,GW,RJ,2040,0.0
Energy supply and use,"Solar, wind and battery average annual capacity additions",Wind,Offshore,Electricity generation (public service),NA,NA,GW,RJ,2045,0.00016
Energy supply and use,"Solar, wind and battery average annual capacity additions",Wind,Offshore,Electricity generation (public service),NA,NA,GW,RJ,2050,0.00132
Energy supply and use,"Solar, wind and battery average annual capacity additions",Wind,Offshore,Electricity generation (public service),NA,NA,GW,RN,2025,0.00111
Energy supply and use,"Solar, wind and battery average annual capacity additions",Wind,Offshore,Electricity generation (public service),NA,NA,GW,RN,2030,0.0
Energy supply and use,"Solar, wind and battery average annual capacity additions",Wind,Offshore,Electricity generation (public service),NA,NA,GW,RN,2035,1e-05
Energy supply and use,"Solar, wind and battery average annual capacity additions",Wind,Offshore,Electricity generation (public service),NA,NA,GW,RN,2040,1e-05
Energy supply and use,"Solar, wind and battery average annual capacity additions",Wind,Offshore,Electricity generation (public service),NA,NA,GW,RN,2045,0.00032
Energy supply and use,"Solar, wind and battery average annual capacity additions",Wind,Offshore,Electricity generation (public service),NA,NA,GW,RN,2050,0.00275
Energy supply and use,"Solar, wind and battery average annual capacity additions",Wind,Offshore,Electricity generation (public service),NA,NA,GW,RS,2025,0.00058
Energy supply and use,"Solar, wind and battery average annual capacity additions",Wind,Offshore,Electricity generation (public service),NA,NA,GW,RS,2030,0.0
Energy supply and use,"Solar, wind and battery average annual capacity additions",Wind,Offshore,Electricity generation (public service),NA,NA,GW,RS,2035,0.0
Energy supply and use,"Solar, wind and battery average annual capacity additions",Wind,Offshore,Electricity generation (public service),NA,NA,GW,RS,2040,1e-05
Energy supply and use,"Solar, wind and battery average annual capacity additions",Wind,Offshore,Electricity generation (public service),NA,NA,GW,RS,2045,0.0002
Energy supply and use,"Solar, wind and battery average annual capacity additions",Wind,Offshore,Electricity generation (public service),NA,NA,GW,RS,2050,0.00162
Energy supply and use,"Solar, wind and battery average annual capacity additions",Wind,Onshore,Electricity generation (public service),NA,NA,GW,AC,2025,0.00509
Energy supply and use,"Solar, wind and battery average annual capacity additions",Wind,Onshore,Electricity generation (public service),NA,NA,GW,AC,2030,1e-05
Energy supply and use,"Solar, wind and battery average annual capacity additions",Wind,Onshore,Electricity generation (public service),NA,NA,GW,AC,2035,1e-05
Energy supply and use,"Solar, wind and battery average annual capacity additions",Wind,Onshore,Electricity generation (public service),NA,NA,GW,AC,2040,3e-05
Energy supply and use,"Solar, wind and battery average annual capacity additions",Wind,Onshore,Electricity generation (public service),NA,NA,GW,AC,2045,3e-05
Energy supply and use,"Solar, wind and battery average annual capacity additions",Wind,Onshore,Electricity generation (public service),NA,NA,GW,AC,2050,0.00752
Energy supply and use,"Solar, wind and battery average annual capacity additions",Wind,Onshore,Electricity generation (public service),NA,NA,GW,AL,2025,0.00499
Energy supply and use,"Solar, wind and battery average annual capacity additions",Wind,Onshore,Electricity generation (public service),NA,NA,GW,AL,2030,1e-05
Energy supply and use,"Solar, wind and battery average annual capacity additions",Wind,Onshore,Electricity generation (public service),NA,NA,GW,AL,2035,2e-05
Energy supply and use,"Solar, wind and battery average annual capacity additions",Wind,Onshore,Electricity generation (public service),NA,NA,GW,AL,2040,7e-05
Energy supply and use,"Solar, wind and battery average annual capacity additions",Wind,Onshore,Electricity generation (public service),NA,NA,GW,AL,2045,9e-05
Energy supply and use,"Solar, wind and battery average annual capacity additions",Wind,Onshore,Electricity generation (public service),NA,NA,GW,AL,2050,0.01649
Energy supply and use,"Solar, wind and battery average annual capacity additions",Wind,Onshore,Electricity generation (public service),NA,NA,GW,AM,2025,0.00126
Energy supply and use,"Solar, wind and battery average annual capacity additions",Wind,Onshore,Electricity generation (public service),NA,NA,GW,AM,2030,0.0
Energy supply and use,"Solar, wind and battery average annual capacity additions",Wind,Onshore,Electricity generation (public service),NA,NA,GW,AM,2035,0.0
Energy supply and use,"Solar, wind and battery average annual capacity additions",Wind,Onshore,Electricity generation (public service),NA,NA,GW,AM,2040,1e-05
Energy supply and use,"Solar, wind and battery average annual capacity additions",Wind,Onshore,Electricity generation (public service),NA,NA,GW,AM,2045,1e-05
Energy supply and use,"Solar, wind and battery average annual capacity additions",Wind,Onshore,Electricity generation (public service),NA,NA,GW,AM,2050,0.00203
Energy supply and use,"Solar, wind and battery average annual capacity additions",Wind,Onshore,Electricity generation (public service),NA,NA,GW,AP,2025,0.00313
Energy supply and use,"Solar, wind and battery average annual capacity additions",Wind,Onshore,Electricity generation (public service),NA,NA,GW,AP,2030,0.0
Energy supply and use,"Solar, wind and battery average annual capacity additions",Wind,Onshore,Electricity generation (public service),NA,NA,GW,AP,2035,1e-05
Energy supply and use,"Solar, wind and battery average annual capacity additions",Wind,Onshore,Electricity generation (public service),NA,NA,GW,AP,2040,1e-05
Energy supply and use,"Solar, wind and battery average annual capacity additions",Wind,Onshore,Electricity generation (public service),NA,NA,GW,AP,2045,1e-05
Energy supply and use,"Solar, wind and battery average annual capacity additions",Wind,Onshore,Electricity generation (public service),NA,NA,GW,AP,2050,0.00381
Energy supply and use,"Solar, wind and battery average annual capacity additions",Wind,Onshore,Electricity generation (public service),NA,NA,GW,BA,2025,0.01157
Energy supply and use,"Solar, wind and battery average annual capacity additions",Wind,Onshore,Electricity generation (public service),NA,NA,GW,BA,2030,0.00054
Energy supply and use,"Solar, wind and battery average annual capacity additions",Wind,Onshore,Electricity generation (public service),NA,NA,GW,BA,2035,7e-05
Energy supply and use,"Solar, wind and battery average annual capacity additions",Wind,Onshore,Electricity generation (public service),NA,NA,GW,BA,2040,0.00011
Energy supply and use,"Solar, wind and battery average annual capacity additions",Wind,Onshore,Electricity generation (public service),NA,NA,GW,BA,2045,0.00056
Energy supply and use,"Solar, wind and battery average annual capacity additions",Wind,Onshore,Electricity generation (public service),NA,NA,GW,BA,2050,0.01616
Energy supply and use,"Solar, wind and battery average annual capacity additions",Wind,Onshore,Electricity generation (public service),NA,NA,GW,CE,2025,0.01031
Energy supply and use,"Solar, wind and battery average annual capacity additions",Wind,Onshore,Electricity generation (public service),NA,NA,GW,CE,2030,6e-05
Energy supply and use,"Solar, wind and battery average annual capacity additions",Wind,Onshore,Electricity generation (public service),NA,NA,GW,CE,2035,8e-05
Energy supply and use,"Solar, wind and battery average annual capacity additions",Wind,Onshore,Electricity generation (public service),NA,NA,GW,CE,2040,0.00014
Energy supply and use,"Solar, wind and battery average annual capacity additions",Wind,Onshore,Electricity generation (public service),NA,NA,GW,CE,2045,7e-05
Energy supply and use,"Solar, wind and battery average annual capacity additions",Wind,Onshore,Electricity generation (public service),NA,NA,GW,CE,2050,0.0172
Energy supply and use,"Solar, wind and battery average annual capacity additions",Wind,Onshore,Electricity generation (public service),NA,NA,GW,ES,2025,0.00263
Energy supply and use,"Solar, wind and battery average annual capacity additions",Wind,Onshore,Electricity generation (public service),NA,NA,GW,ES,2030,2e-05
Energy supply and use,"Solar, wind and battery average annual capacity additions",Wind,Onshore,Electricity generation (public service),NA,NA,GW,ES,2035,2e-05
Energy supply and use,"Solar, wind and battery average annual capacity additions",Wind,Onshore,Electricity generation (public service),NA,NA,GW,ES,2040,0.00013
Energy supply and use,"Solar, wind and battery average annual capacity additions",Wind,Onshore,Electricity generation (public service),NA,NA,GW,ES,2045,6e-05
Energy supply and use,"Solar, wind and battery average annual capacity additions",Wind,Onshore,Electricity generation (public service),NA,NA,GW,ES,2050,0.00532
Energy supply and use,"Solar, wind and battery average annual capacity additions",Wind,Onshore,Electricity generation (public service),NA,NA,GW,GO,2025,0.01492
Energy supply and use,"Solar, wind and battery average annual capacity additions",Wind,Onshore,Electricity generation (public service),NA,NA,GW,GO,2030,2e-05
Energy supply and use,"Solar, wind and battery average annual capacity additions",Wind,Onshore,Electricity generation (public service),NA,NA,GW,GO,2035,4e-05
Energy supply and use,"Solar, wind and battery average annual capacity additions",Wind,Onshore,Electricity generation (public service),NA,NA,GW,GO,2040,7e-05
Energy supply and use,"Solar, wind and battery average annual capacity additions",Wind,Onshore,Electricity generation (public service),NA,NA,GW,GO,2045,7e-05
Energy supply and use,"Solar, wind and battery average annual capacity additions",Wind,Onshore,Electricity generation (public service),NA,NA,GW,GO,2050,0.02352
Energy supply and use,"Solar, wind and battery average annual capacity additions",Wind,Onshore,Electricity generation (public service),NA,NA,GW,MA,2025,0.00797
Energy supply and use,"Solar, wind and battery average annual capacity additions",Wind,Onshore,Electricity generation (public service),NA,NA,GW,MA,2030,3e-05
Energy supply and use,"Solar, wind and battery average annual capacity additions",Wind,Onshore,Electricity generation (public service),NA,NA,GW,MA,2035,3e-05
Energy supply and use,"Solar, wind and battery average annual capacity additions",Wind,Onshore,Electricity generation (public service),NA,NA,GW,MA,2040,7e-05
Energy supply and use,"Solar, wind and battery average annual capacity additions",Wind,Onshore,Electricity generation (public service),NA,NA,GW,MA,2045,5e-05
Energy supply and use,"Solar, wind and battery average annual capacity additions",Wind,Onshore,Electricity generation (public service),NA,NA,GW,MA,2050,0.01284
Energy supply and use,"Solar, wind and battery average annual capacity additions",Wind,Onshore,Electricity generation (public service),NA,NA,GW,MG,2025,0.01407
Energy supply and use,"Solar, wind and battery average annual capacity additions",Wind,Onshore,Electricity generation (public service),NA,NA,GW,MG,2030,3e-05
Energy supply and use,"Solar, wind and battery average annual capacity additions",Wind,Onshore,Electricity generation (public service),NA,NA,GW,MG,2035,4e-05
Energy supply and use,"Solar, wind and battery average annual capacity additions",Wind,Onshore,Electricity generation (public service),NA,NA,GW,MG,2040,8e-05
Energy supply and use,"Solar, wind and battery average annual capacity additions",Wind,Onshore,Electricity generation (public service),NA,NA,GW,MG,2045,8e-05
Energy supply and use,"Solar, wind and battery average annual capacity additions",Wind,Onshore,Electricity generation (public service),NA,NA,GW,MG,2050,0.02127
Energy supply and use,"Solar, wind and battery average annual capacity additions",Wind,Onshore,Electricity generation (public service),NA,NA,GW,MS,2025,0.01651
Energy supply and use,"Solar, wind and battery average annual capacity additions",Wind,Onshore,Electricity generation (public service),NA,NA,GW,MS,2030,3e-05
Energy supply and use,"Solar, wind and battery average annual capacity additions",Wind,Onshore,Electricity generation (public service),NA,NA,GW,MS,2035,4e-05
Energy supply and use,"Solar, wind and battery average annual capacity additions",Wind,Onshore,Electricity generation (public service),NA,NA,GW,MS,2040,8e-05
Energy supply and use,"Solar, wind and battery average annual capacity additions",Wind,Onshore,Electricity generation (public service),NA,NA,GW,MS,2045,7e-05
Energy supply and use,"Solar, wind and battery average annual capacity additions",Wind,Onshore,Electricity generation (public service),NA,NA,GW,MS,2050,0.02445
Energy supply and use,"Solar, wind and battery average annual capacity additions",Wind,Onshore,Electricity generation (public service),NA,NA,GW,MT,2025,0.01517
Energy supply and use,"Solar, wind and battery average annual capacity additions",Wind,Onshore,Electricity generation (public service),NA,NA,GW,MT,2030,3e-05
Energy supply and use,"Solar, wind and battery average annual capacity additions",Wind,Onshore,Electricity generation (public service),NA,NA,GW,MT,2035,5e-05
Energy supply and use,"Solar, wind and battery average annual capacity additions",Wind,Onshore,Electricity generation (public service),NA,NA,GW,MT,2040,7e-05
Energy supply and use,"Solar, wind and battery average annual capacity additions",Wind,Onshore,Electricity generation (public service),NA,NA,GW,MT,2045,7e-05
Energy supply and use,"Solar, wind and battery average annual capacity additions",Wind,Onshore,Electricity generation (public service),NA,NA,GW,MT,2050,0.02464
Energy supply and use,"Solar, wind and battery average annual capacity additions",Wind,Onshore,Electricity generation (public service),NA,NA,GW,PA,2025,0.01475
Energy supply and use,"Solar, wind and battery average annual capacity additions",Wind,Onshore,Electricity generation (public service),NA,NA,GW,PA,2030,2e-05
Energy supply and use,"Solar, wind and battery average annual capacity additions",Wind,Onshore,Electricity generation (public service),NA,NA,GW,PA,2035,8e-05
Energy supply and use,"Solar, wind and battery average annual capacity additions",Wind,Onshore,Electricity generation (public service),NA,NA,GW,PA,2040,0.0001
Energy supply and use,"Solar, wind and battery average annual capacity additions",Wind,Onshore,Electricity generation (public service),NA,NA,GW,PA,2045,0.0001
Energy supply and use,"Solar, wind and battery average annual capacity additions",Wind,Onshore,Electricity generation (public service),NA,NA,GW,PA,2050,0.0254
Energy supply and use,"Solar, wind and battery average annual capacity additions",Wind,Onshore,Electricity generation (public service),NA,NA,GW,PB,2025,0.00278
Energy supply and use,"Solar, wind and battery average annual capacity additions",Wind,Onshore,Electricity generation (public service),NA,NA,GW,PB,2030,4e-05
Energy supply and use,"Solar, wind and battery average annual capacity additions",Wind,Onshore,Electricity generation (public service),NA,NA,GW,PB,2035,3e-05
Energy supply and use,"Solar, wind and battery average annual capacity additions",Wind,Onshore,Electricity generation (public service),NA,NA,GW,PB,2040,2e-05
Energy supply and use,"Solar, wind and battery average annual capacity additions",Wind,Onshore,Electricity generation (public service),NA,NA,GW,PB,2045,0.00029
Energy supply and use,"Solar, wind and battery average annual capacity additions",Wind,Onshore,Electricity generation (public service),NA,NA,GW,PB,2050,0.00358
Energy supply and use,"Solar, wind and battery average annual capacity additions",Wind,Onshore,Electricity generation (public service),NA,NA,GW,PE,2025,1.53389
Energy supply and use,"Solar, wind and battery average annual capacity additions",Wind,Onshore,Electricity generation (public service),NA,NA,GW,PE,2030,8.92592
Energy supply and use,"Solar, wind and battery average annual capacity additions",Wind,Onshore,Electricity generation (public service),NA,NA,GW,PE,2035,0.57735
Energy supply and use,"Solar, wind and battery average annual capacity additions",Wind,Onshore,Electricity generation (public service),NA,NA,GW,PE,2040,3.33217
Energy supply and use,"Solar, wind and battery average annual capacity additions",Wind,Onshore,Electricity generation (public service),NA,NA,GW,PE,2045,0.00466
Energy supply and use,"Solar, wind and battery average annual capacity additions",Wind,Onshore,Electricity generation (public service),NA,NA,GW,PE,2050,2.11219
Energy supply and use,"Solar, wind and battery average annual capacity additions",Wind,Onshore,Electricity generation (public service),NA,NA,GW,PI,2025,0.00923
Energy supply and use,"Solar, wind and battery average annual capacity additions",Wind,Onshore,Electricity generation (public service),NA,NA,GW,PI,2030,0.00121
Energy supply and use,"Solar, wind and battery average annual capacity additions",Wind,Onshore,Electricity generation (public service),NA,NA,GW,PI,2035,8e-05
Energy supply and use,"Solar, wind and battery average annual capacity additions",Wind,Onshore,Electricity generation (public service),NA,NA,GW,PI,2040,0.00185
Energy supply and use,"Solar, wind and battery average annual capacity additions",Wind,Onshore,Electricity generation (public service),NA,NA,GW,PI,2045,6e-05
Energy supply and use,"Solar, wind and battery average annual capacity additions",Wind,Onshore,Electricity generation (public service),NA,NA,GW,PI,2050,0.01301
Energy supply and use,"Solar, wind and battery average annual capacity additions",Wind,Onshore,Electricity generation (public service),NA,NA,GW,PR,2025,0.0081
Energy supply and use,"Solar, wind and battery average annual capacity additions",Wind,Onshore,Electricity generation (public service),NA,NA,GW,PR,2030,3e-05
Energy supply and use,"Solar, wind and battery average annual capacity additions",Wind,Onshore,Electricity generation (public service),NA,NA,GW,PR,2035,4e-05
Energy supply and use,"Solar, wind and battery average annual capacity additions",Wind,Onshore,Electricity generation (public service),NA,NA,GW,PR,2040,6e-05
Energy supply and use,"Solar, wind and battery average annual capacity additions",Wind,Onshore,Electricity generation (public service),NA,NA,GW,PR,2045,5e-05
Energy supply and use,"Solar, wind and battery average annual capacity additions",Wind,Onshore,Electricity generation (public service),NA,NA,GW,PR,2050,0.01153
Energy supply and use,"Solar, wind and battery average annual capacity additions",Wind,Onshore,Electricity generation (public service),NA,NA,GW,RJ,2025,0.00081
Energy supply and use,"Solar, wind and battery average annual capacity additions",Wind,Onshore,Electricity generation (public service),NA,NA,GW,RJ,2030,0.0
Energy supply and use,"Solar, wind and battery average annual capacity additions",Wind,Onshore,Electricity generation (public service),NA,NA,GW,RJ,2035,1e-05
Energy supply and use,"Solar, wind and battery average annual capacity additions",Wind,Onshore,Electricity generation (public service),NA,NA,GW,RJ,2040,0.0
Energy supply and use,"Solar, wind and battery average annual capacity additions",Wind,Onshore,Electricity generation (public service),NA,NA,GW,RJ,2045,1e-05
Energy supply and use,"Solar, wind and battery average annual capacity additions",Wind,Onshore,Electricity generation (public service),NA,NA,GW,RJ,2050,0.00096
Energy supply and use,"Solar, wind and battery average annual capacity additions",Wind,Onshore,Electricity generation (public service),NA,NA,GW,RN,2025,0.0079
Energy supply and use,"Solar, wind and battery average annual capacity additions",Wind,Onshore,Electricity generation (public service),NA,NA,GW,RN,2030,0.27329
Energy supply and use,"Solar, wind and battery average annual capacity additions",Wind,Onshore,Electricity generation (public service),NA,NA,GW,RN,2035,20.59713
Energy supply and use,"Solar, wind and battery average annual capacity additions",Wind,Onshore,Electricity generation (public service),NA,NA,GW,RN,2040,0.00057
Energy supply and use,"Solar, wind and battery average annual capacity additions",Wind,Onshore,Electricity generation (public service),NA,NA,GW,RN,2045,21.41512
Energy supply and use,"Solar, wind and battery average annual capacity additions",Wind,Onshore,Electricity generation (public service),NA,NA,GW,RN,2050,16.85529
Energy supply and use,"Solar, wind and battery average annual capacity additions",Wind,Onshore,Electricity generation (public service),NA,NA,GW,RO,2025,0.0093
Energy supply and use,"Solar, wind and battery average annual capacity additions",Wind,Onshore,Electricity generation (public service),NA,NA,GW,RO,2030,1e-05
Energy supply and use,"Solar, wind and battery average annual capacity additions",Wind,Onshore,Electricity generation (public service),NA,NA,GW,RO,2035,2e-05
Energy supply and use,"Solar, wind and battery average annual capacity additions",Wind,Onshore,Electricity generation (public service),NA,NA,GW,RO,2040,4e-05
Energy supply and use,"Solar, wind and battery average annual capacity additions",Wind,Onshore,Electricity generation (public service),NA,NA,GW,RO,2045,5e-05
Energy supply and use,"Solar, wind and battery average annual capacity additions",Wind,Onshore,Electricity generation (public service),NA,NA,GW,RO,2050,0.01479
Energy supply and use,"Solar, wind and battery average annual capacity additions",Wind,Onshore,Electricity generation (public service),NA,NA,GW,RR,2025,0.0029
Energy supply and use,"Solar, wind and battery average annual capacity additions",Wind,Onshore,Electricity generation (public service),NA,NA,GW,RR,2030,0.0
Energy supply and use,"Solar, wind and battery average annual capacity additions",Wind,Onshore,Electricity generation (public service),NA,NA,GW,RR,2035,1e-05
Energy supply and use,"Solar, wind and battery average annual capacity additions",Wind,Onshore,Electricity generation (public service),NA,NA,GW,RR,2040,2e-05
Energy supply and use,"Solar, wind and battery average annual capacity additions",Wind,Onshore,Electricity generation (public service),NA,NA,GW,RR,2045,1e-05
Energy supply and use,"Solar, wind and battery average annual capacity additions",Wind,Onshore,Electricity generation (public service),NA,NA,GW,RR,2050,0.00494
Energy supply and use,"Solar, wind and battery average annual capacity additions",Wind,Onshore,Electricity generation (public service),NA,NA,GW,RS,2025,0.00027
Energy supply and use,"Solar, wind and battery average annual capacity additions",Wind,Onshore,Electricity generation (public service),NA,NA,GW,RS,2030,0.81642
Energy supply and use,"Solar, wind and battery average annual capacity additions",Wind,Onshore,Electricity generation (public service),NA,NA,GW,RS,2035,0.00029
Energy supply and use,"Solar, wind and battery average annual capacity additions",Wind,Onshore,Electricity generation (public service),NA,NA,GW,RS,2040,0.00011
Energy supply and use,"Solar, wind and battery average annual capacity additions",Wind,Onshore,Electricity generation (public service),NA,NA,GW,RS,2045,1e-05
Energy supply and use,"Solar, wind and battery average annual capacity additions",Wind,Onshore,Electricity generation (public service),NA,NA,GW,RS,2050,0.00073
Energy supply and use,"Solar, wind and battery average annual capacity additions",Wind,Onshore,Electricity generation (public service),NA,NA,GW,SC,2025,5e-05
Energy supply and use,"Solar, wind and battery average annual capacity additions",Wind,Onshore,Electricity generation (public service),NA,NA,GW,SC,2030,1e-05
Energy supply and use,"Solar, wind and battery average annual capacity additions",Wind,Onshore,Electricity generation (public service),NA,NA,GW,SC,2035,1e-05
Energy supply and use,"Solar, wind and battery average annual capacity additions",Wind,Onshore,Electricity generation (public service),NA,NA,GW,SC,2040,1e-05
Energy supply and use,"Solar, wind and battery average annual capacity additions",Wind,Onshore,Electricity generation (public service),NA,NA,GW,SC,2045,0.0
Energy supply and use,"Solar, wind and battery average annual capacity additions",Wind,Onshore,Electricity generation (public service),NA,NA,GW,SC,2050,0.00027
Energy supply and use,"Solar, wind and battery average annual capacity additions",Wind,Onshore,Electricity generation (public service),NA,NA,GW,SE,2025,3e-05
Energy supply and use,"Solar, wind and battery average annual capacity additions",Wind,Onshore,Electricity generation (public service),NA,NA,GW,SE,2030,0.0
Energy supply and use,"Solar, wind and battery average annual capacity additions",Wind,Onshore,Electricity generation (public service),NA,NA,GW,SE,2035,1e-05
Energy supply and use,"Solar, wind and battery average annual capacity additions",Wind,Onshore,Electricity generation (public service),NA,NA,GW,SE,2040,1e-05
Energy supply and use,"Solar, wind and battery average annual capacity additions",Wind,Onshore,Electricity generation (public service),NA,NA,GW,SE,2045,4e-05
Energy supply and use,"Solar, wind and battery average annual capacity additions",Wind,Onshore,Electricity generation (public service),NA,NA,GW,SE,2050,0.00128
Energy supply and use,"Solar, wind and battery average annual capacity additions",Wind,Onshore,Electricity generation (public service),NA,NA,GW,SP,2025,0.01105
Energy supply and use,"Solar, wind and battery average annual capacity additions",Wind,Onshore,Electricity generation (public service),NA,NA,GW,SP,2030,2e-05
Energy supply and use,"Solar, wind and battery average annual capacity additions",Wind,Onshore,Electricity generation (public service),NA,NA,GW,SP,2035,8e-05
Energy supply and use,"Solar, wind and battery average annual capacity additions",Wind,Onshore,Electricity generation (public service),NA,NA,GW,SP,2040,8e-05
Energy supply and use,"Solar, wind and battery average annual capacity additions",Wind,Onshore,Electricity generation (public service),NA,NA,GW,SP,2045,4e-05
Energy supply and use,"Solar, wind and battery average annual capacity additions",Wind,Onshore,Electricity generation (public service),NA,NA,GW,SP,2050,0.01817
Energy supply and use,"Solar, wind and battery average annual capacity additions",Wind,Onshore,Electricity generation (public service),NA,NA,GW,TO,2025,0.01517
Energy supply and use,"Solar, wind and battery average annual capacity additions",Wind,Onshore,Electricity generation (public service),NA,NA,GW,TO,2030,3e-05
Energy supply and use,"Solar, wind and battery average annual capacity additions",Wind,Onshore,Electricity generation (public service),NA,NA,GW,TO,2035,4e-05
Energy supply and use,"Solar, wind and battery average annual capacity additions",Wind,Onshore,Electricity generation (public service),NA,NA,GW,TO,2040,0.00011
Energy supply and use,"Solar, wind and battery average annual capacity additions",Wind,Onshore,Electricity generation (public service),NA,NA,GW,TO,2045,6e-05
Energy supply and use,"Solar, wind and battery average annual capacity additions",Wind,Onshore,Electricity generation (public service),NA,NA,GW,TO,2050,0.02191
