Variable_group,Variable name,Class_1,Class_2,Class_3,Class_4,Class_5,Unit,Territory,Year,Value
Energy supply and use,Power generation by type,Battery storage,Discharge,Electricity generation (public service),NA,NA,GWh,BR,2025,4676.12533
Energy supply and use,Power generation by type,Battery storage,Discharge,Electricity generation (public service),NA,NA,GWh,BR,2030,7247.37207
Energy supply and use,Power generation by type,Battery storage,Discharge,Electricity generation (public service),NA,NA,GWh,BR,2035,9269.78084
Energy supply and use,Power generation by type,Battery storage,Discharge,Electricity generation (public service),NA,NA,GWh,BR,2040,10671.52222
Energy supply and use,Power generation by type,Battery storage,Discharge,Electricity generation (public service),NA,NA,GWh,BR,2045,13661.43113
Energy supply and use,Power generation by type,Battery storage,Discharge,Electricity generation (public service),NA,NA,GWh,BR,2050,19664.89801
Energy supply and use,Power generation by type,Bioelectricity,Cogeneration (biomethane plants),Electricity generation (public service),NA,NA,GWh,BR,2025,0.0
Energy supply and use,Power generation by type,Bioelectricity,Cogeneration (biomethane plants),Electricity generation (public service),NA,NA,GWh,BR,2030,0.22187
Energy supply and use,Power generation by type,Bioelectricity,Cogeneration (biomethane plants),Electricity generation (public service),NA,NA,GWh,BR,2035,0.39898
Energy supply and use,Power generation by type,Bioelectricity,Cogeneration (biomethane plants),Electricity generation (public service),NA,NA,GWh,BR,2040,0.54914
Energy supply and use,Power generation by type,Bioelectricity,Cogeneration (biomethane plants),Electricity generation (public service),NA,NA,GWh,BR,2045,0.70472
Energy supply and use,Power generation by type,Bioelectricity,Cogeneration (biomethane plants),Electricity generation (public service),NA,NA,GWh,BR,2050,6.95533
Energy supply and use,Power generation by type,Bioelectricity,Cogeneration (ethanol plants),Electricity generation (public service),NA,NA,GWh,BR,2025,4638.76815
Energy supply and use,Power generation by type,Bioelectricity,Cogeneration (ethanol plants),Electricity generation (public service),NA,NA,GWh,BR,2030,3901.51483
Energy supply and use,Power generation by type,Bioelectricity,Cogeneration (ethanol plants),Electricity generation (public service),NA,NA,GWh,BR,2035,11589.29341
Energy supply and use,Power generation by type,Bioelectricity,Cogeneration (ethanol plants),Electricity generation (public service),NA,NA,GWh,BR,2040,19548.19515
Energy supply and use,Power generation by type,Bioelectricity,Cogeneration (ethanol plants),Electricity generation (public service),NA,NA,GWh,BR,2045,28177.35369
Energy supply and use,Power generation by type,Bioelectricity,Cogeneration (ethanol plants),Electricity generation (public service),NA,NA,GWh,BR,2050,35226.1011
Energy supply and use,Power generation by type,Bioelectricity,Dedicated wood,Electricity generation (public service),NA,NA,GWh,BR,2025,275.51814
Energy supply and use,Power generation by type,Bioelectricity,Dedicated wood,Electricity generation (public service),NA,NA,GWh,BR,2030,37874.76734
Energy supply and use,Power generation by type,Bioelectricity,Dedicated wood,Electricity generation (public service),NA,NA,GWh,BR,2035,45961.01651
Energy supply and use,Power generation by type,Bioelectricity,Dedicated wood,Electricity generation (public service),NA,NA,GWh,BR,2040,119509.7986
Energy supply and use,Power generation by type,Bioelectricity,Dedicated wood,Electricity generation (public service),NA,NA,GWh,BR,2045,134399.39283
Energy supply and use,Power generation by type,Bioelectricity,Dedicated wood,Electricity generation (public service),NA,NA,GWh,BR,2050,140077.00005
Energy supply and use,Power generation by type,Bioelectricity,Dedicated wood with CCS,Electricity generation (public service),NA,NA,GWh,BR,2025,13.65564
Energy supply and use,Power generation by type,Bioelectricity,Dedicated wood with CCS,Electricity generation (public service),NA,NA,GWh,BR,2030,19.65195
Energy supply and use,Power generation by type,Bioelectricity,Dedicated wood with CCS,Electricity generation (public service),NA,NA,GWh,BR,2035,24.20506
Energy supply and use,Power generation by type,Bioelectricity,Dedicated wood with CCS,Electricity generation (public service),NA,NA,GWh,BR,2040,24.63322
Energy supply and use,Power generation by type,Bioelectricity,Dedicated wood with CCS,Electricity generation (public service),NA,NA,GWh,BR,2045,24.50448
Energy supply and use,Power generation by type,Bioelectricity,Dedicated wood with CCS,Electricity generation (public service),NA,NA,GWh,BR,2050,7134.16166
Energy supply and use,Power generation by type,Bioelectricity,Residue,Electricity generation (public service),NA,NA,GWh,BR,2025,2688.86921
Energy supply and use,Power generation by type,Bioelectricity,Residue,Electricity generation (public service),NA,NA,GWh,BR,2030,3114.97953
Energy supply and use,Power generation by type,Bioelectricity,Residue,Electricity generation (public service),NA,NA,GWh,BR,2035,8671.33311
Energy supply and use,Power generation by type,Bioelectricity,Residue,Electricity generation (public service),NA,NA,GWh,BR,2040,14545.41601
Energy supply and use,Power generation by type,Bioelectricity,Residue,Electricity generation (public service),NA,NA,GWh,BR,2045,20881.18208
Energy supply and use,Power generation by type,Bioelectricity,Residue,Electricity generation (public service),NA,NA,GWh,BR,2050,23191.23997
Energy supply and use,Power generation by type,Bioelectricity,Residue with CCS,Electricity generation (public service),NA,NA,GWh,BR,2025,11.65491
Energy supply and use,Power generation by type,Bioelectricity,Residue with CCS,Electricity generation (public service),NA,NA,GWh,BR,2030,16.65353
Energy supply and use,Power generation by type,Bioelectricity,Residue with CCS,Electricity generation (public service),NA,NA,GWh,BR,2035,24.52358
Energy supply and use,Power generation by type,Bioelectricity,Residue with CCS,Electricity generation (public service),NA,NA,GWh,BR,2040,23.93163
Energy supply and use,Power generation by type,Bioelectricity,Residue with CCS,Electricity generation (public service),NA,NA,GWh,BR,2045,22.36898
Energy supply and use,Power generation by type,Bioelectricity,Residue with CCS,Electricity generation (public service),NA,NA,GWh,BR,2050,2009.3869
Energy supply and use,Power generation by type,Coal,NA,Electricity generation (public service),NA,NA,GWh,BR,2025,18576.43677
Energy supply and use,Power generation by type,Coal,NA,Electricity generation (public service),NA,NA,GWh,BR,2030,10499.31636
Energy supply and use,Power generation by type,Coal,NA,Electricity generation (public service),NA,NA,GWh,BR,2035,13683.35256
Energy supply and use,Power generation by type,Coal,NA,Electricity generation (public service),NA,NA,GWh,BR,2040,7515.4787
Energy supply and use,Power generation by type,Coal,NA,Electricity generation (public service),NA,NA,GWh,BR,2045,6606.2453
Energy supply and use,Power generation by type,Coal,NA,Electricity generation (public service),NA,NA,GWh,BR,2050,240.78912
Energy supply and use,Power generation by type,Hydrogen,NA,Electricity generation (public service),NA,NA,GWh,BR,2025,745.7267
Energy supply and use,Power generation by type,Hydrogen,NA,Electricity generation (public service),NA,NA,GWh,BR,2030,85.34234
Energy supply and use,Power generation by type,Hydrogen,NA,Electricity generation (public service),NA,NA,GWh,BR,2035,78.95589
Energy supply and use,Power generation by type,Hydrogen,NA,Electricity generation (public service),NA,NA,GWh,BR,2040,86.09539
Energy supply and use,Power generation by type,Hydrogen,NA,Electricity generation (public service),NA,NA,GWh,BR,2045,91.53679
Energy supply and use,Power generation by type,Hydrogen,NA,Electricity generation (public service),NA,NA,GWh,BR,2050,1427.38285
Energy supply and use,Power generation by type,Hydropower,Reservoir,Electricity generation (public service),Amazonas,NA,GWh,BR,2025,385.3361
Energy supply and use,Power generation by type,Hydropower,Reservoir,Electricity generation (public service),Amazonas,NA,GWh,BR,2030,387.76996
Energy supply and use,Power generation by type,Hydropower,Reservoir,Electricity generation (public service),Amazonas,NA,GWh,BR,2035,387.58734
Energy supply and use,Power generation by type,Hydropower,Reservoir,Electricity generation (public service),Amazonas,NA,GWh,BR,2040,386.75185
Energy supply and use,Power generation by type,Hydropower,Reservoir,Electricity generation (public service),Amazonas,NA,GWh,BR,2045,387.48008
Energy supply and use,Power generation by type,Hydropower,Reservoir,Electricity generation (public service),Amazonas,NA,GWh,BR,2050,386.63107
Energy supply and use,Power generation by type,Hydropower,Reservoir,Electricity generation (public service),Doce,NA,GWh,BR,2025,308.51847
Energy supply and use,Power generation by type,Hydropower,Reservoir,Electricity generation (public service),Doce,NA,GWh,BR,2030,308.48733
Energy supply and use,Power generation by type,Hydropower,Reservoir,Electricity generation (public service),Doce,NA,GWh,BR,2035,308.4993
Energy supply and use,Power generation by type,Hydropower,Reservoir,Electricity generation (public service),Doce,NA,GWh,BR,2040,308.76574
Energy supply and use,Power generation by type,Hydropower,Reservoir,Electricity generation (public service),Doce,NA,GWh,BR,2045,308.65354
Energy supply and use,Power generation by type,Hydropower,Reservoir,Electricity generation (public service),Doce,NA,GWh,BR,2050,308.74384
Energy supply and use,Power generation by type,Hydropower,Reservoir,Electricity generation (public service),Grande,NA,GWh,BR,2025,21256.15672
Energy supply and use,Power generation by type,Hydropower,Reservoir,Electricity generation (public service),Grande,NA,GWh,BR,2030,21056.13937
Energy supply and use,Power generation by type,Hydropower,Reservoir,Electricity generation (public service),Grande,NA,GWh,BR,2035,20941.49145
Energy supply and use,Power generation by type,Hydropower,Reservoir,Electricity generation (public service),Grande,NA,GWh,BR,2040,21925.78982
Energy supply and use,Power generation by type,Hydropower,Reservoir,Electricity generation (public service),Grande,NA,GWh,BR,2045,21927.89435
Energy supply and use,Power generation by type,Hydropower,Reservoir,Electricity generation (public service),Grande,NA,GWh,BR,2050,22080.00563
Energy supply and use,Power generation by type,Hydropower,Reservoir,Electricity generation (public service),Iguaçu,NA,GWh,BR,2025,21357.53795
Energy supply and use,Power generation by type,Hydropower,Reservoir,Electricity generation (public service),Iguaçu,NA,GWh,BR,2030,21376.82818
Energy supply and use,Power generation by type,Hydropower,Reservoir,Electricity generation (public service),Iguaçu,NA,GWh,BR,2035,21362.08072
Energy supply and use,Power generation by type,Hydropower,Reservoir,Electricity generation (public service),Iguaçu,NA,GWh,BR,2040,21390.36078
Energy supply and use,Power generation by type,Hydropower,Reservoir,Electricity generation (public service),Iguaçu,NA,GWh,BR,2045,21391.08558
Energy supply and use,Power generation by type,Hydropower,Reservoir,Electricity generation (public service),Iguaçu,NA,GWh,BR,2050,21388.86269
Energy supply and use,Power generation by type,Hydropower,Reservoir,Electricity generation (public service),Jacuí-Capivari,NA,GWh,BR,2025,1955.15958
Energy supply and use,Power generation by type,Hydropower,Reservoir,Electricity generation (public service),Jacuí-Capivari,NA,GWh,BR,2030,1956.081
Energy supply and use,Power generation by type,Hydropower,Reservoir,Electricity generation (public service),Jacuí-Capivari,NA,GWh,BR,2035,1956.84429
Energy supply and use,Power generation by type,Hydropower,Reservoir,Electricity generation (public service),Jacuí-Capivari,NA,GWh,BR,2040,1957.231
Energy supply and use,Power generation by type,Hydropower,Reservoir,Electricity generation (public service),Jacuí-Capivari,NA,GWh,BR,2045,1957.40411
Energy supply and use,Power generation by type,Hydropower,Reservoir,Electricity generation (public service),Jacuí-Capivari,NA,GWh,BR,2050,1957.19435
Energy supply and use,Power generation by type,Hydropower,Reservoir,Electricity generation (public service),Jequitinhonha,NA,GWh,BR,2025,816.67918
Energy supply and use,Power generation by type,Hydropower,Reservoir,Electricity generation (public service),Jequitinhonha,NA,GWh,BR,2030,831.29102
Energy supply and use,Power generation by type,Hydropower,Reservoir,Electricity generation (public service),Jequitinhonha,NA,GWh,BR,2035,827.42873
Energy supply and use,Power generation by type,Hydropower,Reservoir,Electricity generation (public service),Jequitinhonha,NA,GWh,BR,2040,834.03139
Energy supply and use,Power generation by type,Hydropower,Reservoir,Electricity generation (public service),Jequitinhonha,NA,GWh,BR,2045,834.02652
Energy supply and use,Power generation by type,Hydropower,Reservoir,Electricity generation (public service),Jequitinhonha,NA,GWh,BR,2050,833.59836
Energy supply and use,Power generation by type,Hydropower,Reservoir,Electricity generation (public service),Paranapanema,NA,GWh,BR,2025,8586.98179
Energy supply and use,Power generation by type,Hydropower,Reservoir,Electricity generation (public service),Paranapanema,NA,GWh,BR,2030,8567.93137
Energy supply and use,Power generation by type,Hydropower,Reservoir,Electricity generation (public service),Paranapanema,NA,GWh,BR,2035,8614.72118
Energy supply and use,Power generation by type,Hydropower,Reservoir,Electricity generation (public service),Paranapanema,NA,GWh,BR,2040,8732.86011
Energy supply and use,Power generation by type,Hydropower,Reservoir,Electricity generation (public service),Paranapanema,NA,GWh,BR,2045,8739.19998
Energy supply and use,Power generation by type,Hydropower,Reservoir,Electricity generation (public service),Paranapanema,NA,GWh,BR,2050,8753.84218
Energy supply and use,Power generation by type,Hydropower,Reservoir,Electricity generation (public service),Paranaíba,NA,GWh,BR,2025,31298.56714
Energy supply and use,Power generation by type,Hydropower,Reservoir,Electricity generation (public service),Paranaíba,NA,GWh,BR,2030,31259.37601
Energy supply and use,Power generation by type,Hydropower,Reservoir,Electricity generation (public service),Paranaíba,NA,GWh,BR,2035,31208.37962
Energy supply and use,Power generation by type,Hydropower,Reservoir,Electricity generation (public service),Paranaíba,NA,GWh,BR,2040,31365.95992
Energy supply and use,Power generation by type,Hydropower,Reservoir,Electricity generation (public service),Paranaíba,NA,GWh,BR,2045,31353.97249
Energy supply and use,Power generation by type,Hydropower,Reservoir,Electricity generation (public service),Paranaíba,NA,GWh,BR,2050,31384.1112
Energy supply and use,Power generation by type,Hydropower,Reservoir,Electricity generation (public service),Paraná,NA,GWh,BR,2025,26300.0161
Energy supply and use,Power generation by type,Hydropower,Reservoir,Electricity generation (public service),Paraná,NA,GWh,BR,2030,26328.09727
Energy supply and use,Power generation by type,Hydropower,Reservoir,Electricity generation (public service),Paraná,NA,GWh,BR,2035,26294.3181
Energy supply and use,Power generation by type,Hydropower,Reservoir,Electricity generation (public service),Paraná,NA,GWh,BR,2040,27160.12504
Energy supply and use,Power generation by type,Hydropower,Reservoir,Electricity generation (public service),Paraná,NA,GWh,BR,2045,27168.32291
Energy supply and use,Power generation by type,Hydropower,Reservoir,Electricity generation (public service),Paraná,NA,GWh,BR,2050,27282.37631
Energy supply and use,Power generation by type,Hydropower,Reservoir,Electricity generation (public service),Paraíba do Sul,NA,GWh,BR,2025,2446.03132
Energy supply and use,Power generation by type,Hydropower,Reservoir,Electricity generation (public service),Paraíba do Sul,NA,GWh,BR,2030,2446.51618
Energy supply and use,Power generation by type,Hydropower,Reservoir,Electricity generation (public service),Paraíba do Sul,NA,GWh,BR,2035,2446.76527
Energy supply and use,Power generation by type,Hydropower,Reservoir,Electricity generation (public service),Paraíba do Sul,NA,GWh,BR,2040,2448.737
Energy supply and use,Power generation by type,Hydropower,Reservoir,Electricity generation (public service),Paraíba do Sul,NA,GWh,BR,2045,2448.27369
Energy supply and use,Power generation by type,Hydropower,Reservoir,Electricity generation (public service),Paraíba do Sul,NA,GWh,BR,2050,2448.66636
Energy supply and use,Power generation by type,Hydropower,Reservoir,Electricity generation (public service),Parnaíba,NA,GWh,BR,2025,907.24229
Energy supply and use,Power generation by type,Hydropower,Reservoir,Electricity generation (public service),Parnaíba,NA,GWh,BR,2030,907.42647
Energy supply and use,Power generation by type,Hydropower,Reservoir,Electricity generation (public service),Parnaíba,NA,GWh,BR,2035,907.73585
Energy supply and use,Power generation by type,Hydropower,Reservoir,Electricity generation (public service),Parnaíba,NA,GWh,BR,2040,907.79848
Energy supply and use,Power generation by type,Hydropower,Reservoir,Electricity generation (public service),Parnaíba,NA,GWh,BR,2045,907.86261
Energy supply and use,Power generation by type,Hydropower,Reservoir,Electricity generation (public service),Parnaíba,NA,GWh,BR,2050,907.78805
Energy supply and use,Power generation by type,Hydropower,Reservoir,Electricity generation (public service),São Francisco,NA,GWh,BR,2025,10408.83671
Energy supply and use,Power generation by type,Hydropower,Reservoir,Electricity generation (public service),São Francisco,NA,GWh,BR,2030,10502.5054
Energy supply and use,Power generation by type,Hydropower,Reservoir,Electricity generation (public service),São Francisco,NA,GWh,BR,2035,10511.05972
Energy supply and use,Power generation by type,Hydropower,Reservoir,Electricity generation (public service),São Francisco,NA,GWh,BR,2040,10793.88697
Energy supply and use,Power generation by type,Hydropower,Reservoir,Electricity generation (public service),São Francisco,NA,GWh,BR,2045,10822.81388
Energy supply and use,Power generation by type,Hydropower,Reservoir,Electricity generation (public service),São Francisco,NA,GWh,BR,2050,10858.0027
Energy supply and use,Power generation by type,Hydropower,Reservoir,Electricity generation (public service),Tietê,NA,GWh,BR,2025,8859.15306
Energy supply and use,Power generation by type,Hydropower,Reservoir,Electricity generation (public service),Tietê,NA,GWh,BR,2030,8875.2527
Energy supply and use,Power generation by type,Hydropower,Reservoir,Electricity generation (public service),Tietê,NA,GWh,BR,2035,8870.44428
Energy supply and use,Power generation by type,Hydropower,Reservoir,Electricity generation (public service),Tietê,NA,GWh,BR,2040,9176.58262
Energy supply and use,Power generation by type,Hydropower,Reservoir,Electricity generation (public service),Tietê,NA,GWh,BR,2045,9180.13246
Energy supply and use,Power generation by type,Hydropower,Reservoir,Electricity generation (public service),Tietê,NA,GWh,BR,2050,9214.14503
Energy supply and use,Power generation by type,Hydropower,Reservoir,Electricity generation (public service),Tocantins,NA,GWh,BR,2025,30117.04684
Energy supply and use,Power generation by type,Hydropower,Reservoir,Electricity generation (public service),Tocantins,NA,GWh,BR,2030,34567.03495
Energy supply and use,Power generation by type,Hydropower,Reservoir,Electricity generation (public service),Tocantins,NA,GWh,BR,2035,40345.99664
Energy supply and use,Power generation by type,Hydropower,Reservoir,Electricity generation (public service),Tocantins,NA,GWh,BR,2040,42897.59426
Energy supply and use,Power generation by type,Hydropower,Reservoir,Electricity generation (public service),Tocantins,NA,GWh,BR,2045,43260.41518
Energy supply and use,Power generation by type,Hydropower,Reservoir,Electricity generation (public service),Tocantins,NA,GWh,BR,2050,44135.37471
Energy supply and use,Power generation by type,Hydropower,Reservoir,Electricity generation (public service),Uruguai,NA,GWh,BR,2025,10728.97919
Energy supply and use,Power generation by type,Hydropower,Reservoir,Electricity generation (public service),Uruguai,NA,GWh,BR,2030,10737.92862
Energy supply and use,Power generation by type,Hydropower,Reservoir,Electricity generation (public service),Uruguai,NA,GWh,BR,2035,10746.74837
Energy supply and use,Power generation by type,Hydropower,Reservoir,Electricity generation (public service),Uruguai,NA,GWh,BR,2040,10748.89632
Energy supply and use,Power generation by type,Hydropower,Reservoir,Electricity generation (public service),Uruguai,NA,GWh,BR,2045,10750.52815
Energy supply and use,Power generation by type,Hydropower,Reservoir,Electricity generation (public service),Uruguai,NA,GWh,BR,2050,10746.74303
Energy supply and use,Power generation by type,Hydropower,Run-of-river,Electricity generation (public service),Amazonas,NA,GWh,BR,2025,3073.48271
Energy supply and use,Power generation by type,Hydropower,Run-of-river,Electricity generation (public service),Amazonas,NA,GWh,BR,2030,3073.48271
Energy supply and use,Power generation by type,Hydropower,Run-of-river,Electricity generation (public service),Amazonas,NA,GWh,BR,2035,3073.48271
Energy supply and use,Power generation by type,Hydropower,Run-of-river,Electricity generation (public service),Amazonas,NA,GWh,BR,2040,3073.48271
Energy supply and use,Power generation by type,Hydropower,Run-of-river,Electricity generation (public service),Amazonas,NA,GWh,BR,2045,3073.48271
Energy supply and use,Power generation by type,Hydropower,Run-of-river,Electricity generation (public service),Amazonas,NA,GWh,BR,2050,3073.48271
Energy supply and use,Power generation by type,Hydropower,Run-of-river,Electricity generation (public service),Doce,NA,GWh,BR,2025,4422.84505
Energy supply and use,Power generation by type,Hydropower,Run-of-river,Electricity generation (public service),Doce,NA,GWh,BR,2030,4422.84505
Energy supply and use,Power generation by type,Hydropower,Run-of-river,Electricity generation (public service),Doce,NA,GWh,BR,2035,4422.84505
Energy supply and use,Power generation by type,Hydropower,Run-of-river,Electricity generation (public service),Doce,NA,GWh,BR,2040,4422.84505
Energy supply and use,Power generation by type,Hydropower,Run-of-river,Electricity generation (public service),Doce,NA,GWh,BR,2045,4422.84505
Energy supply and use,Power generation by type,Hydropower,Run-of-river,Electricity generation (public service),Doce,NA,GWh,BR,2050,4422.84505
Energy supply and use,Power generation by type,Hydropower,Run-of-river,Electricity generation (public service),Grande,NA,GWh,BR,2025,13661.53395
Energy supply and use,Power generation by type,Hydropower,Run-of-river,Electricity generation (public service),Grande,NA,GWh,BR,2030,13661.53395
Energy supply and use,Power generation by type,Hydropower,Run-of-river,Electricity generation (public service),Grande,NA,GWh,BR,2035,13661.53395
Energy supply and use,Power generation by type,Hydropower,Run-of-river,Electricity generation (public service),Grande,NA,GWh,BR,2040,13661.53395
Energy supply and use,Power generation by type,Hydropower,Run-of-river,Electricity generation (public service),Grande,NA,GWh,BR,2045,13661.53395
Energy supply and use,Power generation by type,Hydropower,Run-of-river,Electricity generation (public service),Grande,NA,GWh,BR,2050,13661.53395
Energy supply and use,Power generation by type,Hydropower,Run-of-river,Electricity generation (public service),Iguaçu,NA,GWh,BR,2025,11859.11153
Energy supply and use,Power generation by type,Hydropower,Run-of-river,Electricity generation (public service),Iguaçu,NA,GWh,BR,2030,11859.11153
Energy supply and use,Power generation by type,Hydropower,Run-of-river,Electricity generation (public service),Iguaçu,NA,GWh,BR,2035,11859.11153
Energy supply and use,Power generation by type,Hydropower,Run-of-river,Electricity generation (public service),Iguaçu,NA,GWh,BR,2040,11859.11153
Energy supply and use,Power generation by type,Hydropower,Run-of-river,Electricity generation (public service),Iguaçu,NA,GWh,BR,2045,11859.11153
Energy supply and use,Power generation by type,Hydropower,Run-of-river,Electricity generation (public service),Iguaçu,NA,GWh,BR,2050,11859.11153
Energy supply and use,Power generation by type,Hydropower,Run-of-river,Electricity generation (public service),Jacuí-Capivari,NA,GWh,BR,2025,5696.52879
Energy supply and use,Power generation by type,Hydropower,Run-of-river,Electricity generation (public service),Jacuí-Capivari,NA,GWh,BR,2030,5696.52879
Energy supply and use,Power generation by type,Hydropower,Run-of-river,Electricity generation (public service),Jacuí-Capivari,NA,GWh,BR,2035,5696.52879
Energy supply and use,Power generation by type,Hydropower,Run-of-river,Electricity generation (public service),Jacuí-Capivari,NA,GWh,BR,2040,5696.52879
Energy supply and use,Power generation by type,Hydropower,Run-of-river,Electricity generation (public service),Jacuí-Capivari,NA,GWh,BR,2045,5696.52879
Energy supply and use,Power generation by type,Hydropower,Run-of-river,Electricity generation (public service),Jacuí-Capivari,NA,GWh,BR,2050,5696.52879
Energy supply and use,Power generation by type,Hydropower,Run-of-river,Electricity generation (public service),Jequitinhonha,NA,GWh,BR,2025,911.97277
Energy supply and use,Power generation by type,Hydropower,Run-of-river,Electricity generation (public service),Jequitinhonha,NA,GWh,BR,2030,911.97277
Energy supply and use,Power generation by type,Hydropower,Run-of-river,Electricity generation (public service),Jequitinhonha,NA,GWh,BR,2035,911.97277
Energy supply and use,Power generation by type,Hydropower,Run-of-river,Electricity generation (public service),Jequitinhonha,NA,GWh,BR,2040,911.97277
Energy supply and use,Power generation by type,Hydropower,Run-of-river,Electricity generation (public service),Jequitinhonha,NA,GWh,BR,2045,911.97277
Energy supply and use,Power generation by type,Hydropower,Run-of-river,Electricity generation (public service),Jequitinhonha,NA,GWh,BR,2050,911.97277
Energy supply and use,Power generation by type,Hydropower,Run-of-river,Electricity generation (public service),Paranapanema,NA,GWh,BR,2025,7029.35166
Energy supply and use,Power generation by type,Hydropower,Run-of-river,Electricity generation (public service),Paranapanema,NA,GWh,BR,2030,7029.35166
Energy supply and use,Power generation by type,Hydropower,Run-of-river,Electricity generation (public service),Paranapanema,NA,GWh,BR,2035,7029.35166
Energy supply and use,Power generation by type,Hydropower,Run-of-river,Electricity generation (public service),Paranapanema,NA,GWh,BR,2040,7029.35166
Energy supply and use,Power generation by type,Hydropower,Run-of-river,Electricity generation (public service),Paranapanema,NA,GWh,BR,2045,7029.35166
Energy supply and use,Power generation by type,Hydropower,Run-of-river,Electricity generation (public service),Paranapanema,NA,GWh,BR,2050,7029.35166
Energy supply and use,Power generation by type,Hydropower,Run-of-river,Electricity generation (public service),Paranaíba,NA,GWh,BR,2025,5486.60318
Energy supply and use,Power generation by type,Hydropower,Run-of-river,Electricity generation (public service),Paranaíba,NA,GWh,BR,2030,5486.60318
Energy supply and use,Power generation by type,Hydropower,Run-of-river,Electricity generation (public service),Paranaíba,NA,GWh,BR,2035,5486.60318
Energy supply and use,Power generation by type,Hydropower,Run-of-river,Electricity generation (public service),Paranaíba,NA,GWh,BR,2040,5486.60318
Energy supply and use,Power generation by type,Hydropower,Run-of-river,Electricity generation (public service),Paranaíba,NA,GWh,BR,2045,5486.60318
Energy supply and use,Power generation by type,Hydropower,Run-of-river,Electricity generation (public service),Paranaíba,NA,GWh,BR,2050,5486.60318
Energy supply and use,Power generation by type,Hydropower,Run-of-river,Electricity generation (public service),Paraná,NA,GWh,BR,2025,80697.8442
Energy supply and use,Power generation by type,Hydropower,Run-of-river,Electricity generation (public service),Paraná,NA,GWh,BR,2030,80697.8442
Energy supply and use,Power generation by type,Hydropower,Run-of-river,Electricity generation (public service),Paraná,NA,GWh,BR,2035,80697.8442
Energy supply and use,Power generation by type,Hydropower,Run-of-river,Electricity generation (public service),Paraná,NA,GWh,BR,2040,80697.8442
Energy supply and use,Power generation by type,Hydropower,Run-of-river,Electricity generation (public service),Paraná,NA,GWh,BR,2045,80697.8442
Energy supply and use,Power generation by type,Hydropower,Run-of-river,Electricity generation (public service),Paraná,NA,GWh,BR,2050,80697.8442
Energy supply and use,Power generation by type,Hydropower,Run-of-river,Electricity generation (public service),Paraíba do Sul,NA,GWh,BR,2025,4711.09071
Energy supply and use,Power generation by type,Hydropower,Run-of-river,Electricity generation (public service),Paraíba do Sul,NA,GWh,BR,2030,4711.09071
Energy supply and use,Power generation by type,Hydropower,Run-of-river,Electricity generation (public service),Paraíba do Sul,NA,GWh,BR,2035,4711.09071
Energy supply and use,Power generation by type,Hydropower,Run-of-river,Electricity generation (public service),Paraíba do Sul,NA,GWh,BR,2040,4711.09071
Energy supply and use,Power generation by type,Hydropower,Run-of-river,Electricity generation (public service),Paraíba do Sul,NA,GWh,BR,2045,4711.09071
Energy supply and use,Power generation by type,Hydropower,Run-of-river,Electricity generation (public service),Paraíba do Sul,NA,GWh,BR,2050,4711.09071
Energy supply and use,Power generation by type,Hydropower,Run-of-river,Electricity generation (public service),São Francisco,NA,GWh,BR,2025,26066.37295
Energy supply and use,Power generation by type,Hydropower,Run-of-river,Electricity generation (public service),São Francisco,NA,GWh,BR,2030,26066.37295
Energy supply and use,Power generation by type,Hydropower,Run-of-river,Electricity generation (public service),São Francisco,NA,GWh,BR,2035,26066.37295
Energy supply and use,Power generation by type,Hydropower,Run-of-river,Electricity generation (public service),São Francisco,NA,GWh,BR,2040,26066.37295
Energy supply and use,Power generation by type,Hydropower,Run-of-river,Electricity generation (public service),São Francisco,NA,GWh,BR,2045,26066.37295
Energy supply and use,Power generation by type,Hydropower,Run-of-river,Electricity generation (public service),São Francisco,NA,GWh,BR,2050,26066.37295
Energy supply and use,Power generation by type,Hydropower,Run-of-river,Electricity generation (public service),Tietê,NA,GWh,BR,2025,11540.03549
Energy supply and use,Power generation by type,Hydropower,Run-of-river,Electricity generation (public service),Tietê,NA,GWh,BR,2030,11540.03549
Energy supply and use,Power generation by type,Hydropower,Run-of-river,Electricity generation (public service),Tietê,NA,GWh,BR,2035,11540.03549
Energy supply and use,Power generation by type,Hydropower,Run-of-river,Electricity generation (public service),Tietê,NA,GWh,BR,2040,11540.03549
Energy supply and use,Power generation by type,Hydropower,Run-of-river,Electricity generation (public service),Tietê,NA,GWh,BR,2045,11540.03549
Energy supply and use,Power generation by type,Hydropower,Run-of-river,Electricity generation (public service),Tietê,NA,GWh,BR,2050,11540.03549
Energy supply and use,Power generation by type,Hydropower,Run-of-river,Electricity generation (public service),Tocantins,NA,GWh,BR,2025,11621.89599
Energy supply and use,Power generation by type,Hydropower,Run-of-river,Electricity generation (public service),Tocantins,NA,GWh,BR,2030,11621.89599
Energy supply and use,Power generation by type,Hydropower,Run-of-river,Electricity generation (public service),Tocantins,NA,GWh,BR,2035,11621.89599
Energy supply and use,Power generation by type,Hydropower,Run-of-river,Electricity generation (public service),Tocantins,NA,GWh,BR,2040,11621.89599
Energy supply and use,Power generation by type,Hydropower,Run-of-river,Electricity generation (public service),Tocantins,NA,GWh,BR,2045,11621.89599
Energy supply and use,Power generation by type,Hydropower,Run-of-river,Electricity generation (public service),Tocantins,NA,GWh,BR,2050,11621.89599
Energy supply and use,Power generation by type,Hydropower,Run-of-river,Electricity generation (public service),Uruguai,NA,GWh,BR,2025,13343.77723
Energy supply and use,Power generation by type,Hydropower,Run-of-river,Electricity generation (public service),Uruguai,NA,GWh,BR,2030,13343.77723
Energy supply and use,Power generation by type,Hydropower,Run-of-river,Electricity generation (public service),Uruguai,NA,GWh,BR,2035,13343.77723
Energy supply and use,Power generation by type,Hydropower,Run-of-river,Electricity generation (public service),Uruguai,NA,GWh,BR,2040,13343.77723
Energy supply and use,Power generation by type,Hydropower,Run-of-river,Electricity generation (public service),Uruguai,NA,GWh,BR,2045,13343.77723
Energy supply and use,Power generation by type,Hydropower,Run-of-river,Electricity generation (public service),Uruguai,NA,GWh,BR,2050,13343.77723
Energy supply and use,Power generation by type,Natural gas,With CCS,Electricity generation (public service),NA,NA,GWh,BR,2025,11.05527
Energy supply and use,Power generation by type,Natural gas,With CCS,Electricity generation (public service),NA,NA,GWh,BR,2030,7.76972
Energy supply and use,Power generation by type,Natural gas,With CCS,Electricity generation (public service),NA,NA,GWh,BR,2035,4.01003
Energy supply and use,Power generation by type,Natural gas,With CCS,Electricity generation (public service),NA,NA,GWh,BR,2040,4.05384
Energy supply and use,Power generation by type,Natural gas,With CCS,Electricity generation (public service),NA,NA,GWh,BR,2045,4.16383
Energy supply and use,Power generation by type,Natural gas,With CCS,Electricity generation (public service),NA,NA,GWh,BR,2050,25.11086
Energy supply and use,Power generation by type,Natural gas,Without CCS,Electricity generation (public service),NA,NA,GWh,BR,2025,32829.96657
Energy supply and use,Power generation by type,Natural gas,Without CCS,Electricity generation (public service),NA,NA,GWh,BR,2030,28693.05723
Energy supply and use,Power generation by type,Natural gas,Without CCS,Electricity generation (public service),NA,NA,GWh,BR,2035,22594.51243
Energy supply and use,Power generation by type,Natural gas,Without CCS,Electricity generation (public service),NA,NA,GWh,BR,2040,24978.54239
Energy supply and use,Power generation by type,Natural gas,Without CCS,Electricity generation (public service),NA,NA,GWh,BR,2045,23749.44815
Energy supply and use,Power generation by type,Natural gas,Without CCS,Electricity generation (public service),NA,NA,GWh,BR,2050,47786.94379
Energy supply and use,Power generation by type,Nuclear,NA,Electricity generation (public service),NA,NA,GWh,BR,2025,13085.74989
Energy supply and use,Power generation by type,Nuclear,NA,Electricity generation (public service),NA,NA,GWh,BR,2030,16141.10814
Energy supply and use,Power generation by type,Nuclear,NA,Electricity generation (public service),NA,NA,GWh,BR,2035,16418.416
Energy supply and use,Power generation by type,Nuclear,NA,Electricity generation (public service),NA,NA,GWh,BR,2040,16834.68184
Energy supply and use,Power generation by type,Nuclear,NA,Electricity generation (public service),NA,NA,GWh,BR,2045,16718.58207
Energy supply and use,Power generation by type,Nuclear,NA,Electricity generation (public service),NA,NA,GWh,BR,2050,16591.8421
Energy supply and use,Power generation by type,Solar photovoltaic,Rooftop,Electricity generation (public service),NA,NA,GWh,BR,2025,10720.5244
Energy supply and use,Power generation by type,Solar photovoltaic,Rooftop,Electricity generation (public service),NA,NA,GWh,BR,2030,10911.33572
Energy supply and use,Power generation by type,Solar photovoltaic,Rooftop,Electricity generation (public service),NA,NA,GWh,BR,2035,10829.36129
Energy supply and use,Power generation by type,Solar photovoltaic,Rooftop,Electricity generation (public service),NA,NA,GWh,BR,2040,11085.8711
Energy supply and use,Power generation by type,Solar photovoltaic,Rooftop,Electricity generation (public service),NA,NA,GWh,BR,2045,10998.82673
Energy supply and use,Power generation by type,Solar photovoltaic,Rooftop,Electricity generation (public service),NA,NA,GWh,BR,2050,10866.27541
Energy supply and use,Power generation by type,Solar photovoltaic,Utility-scale,Electricity generation (public service),NA,NA,GWh,BR,2025,42898.87701
Energy supply and use,Power generation by type,Solar photovoltaic,Utility-scale,Electricity generation (public service),NA,NA,GWh,BR,2030,77092.24323
Energy supply and use,Power generation by type,Solar photovoltaic,Utility-scale,Electricity generation (public service),NA,NA,GWh,BR,2035,107460.38273
Energy supply and use,Power generation by type,Solar photovoltaic,Utility-scale,Electricity generation (public service),NA,NA,GWh,BR,2040,140831.50285
Energy supply and use,Power generation by type,Solar photovoltaic,Utility-scale,Electricity generation (public service),NA,NA,GWh,BR,2045,185866.15058
Energy supply and use,Power generation by type,Solar photovoltaic,Utility-scale,Electricity generation (public service),NA,NA,GWh,BR,2050,244362.81887
Energy supply and use,Power generation by type,Wind,Offshore,Electricity generation (public service),NA,NA,GWh,BR,2025,4.0865
Energy supply and use,Power generation by type,Wind,Offshore,Electricity generation (public service),NA,NA,GWh,BR,2030,5.67458
Energy supply and use,Power generation by type,Wind,Offshore,Electricity generation (public service),NA,NA,GWh,BR,2035,5.44299
Energy supply and use,Power generation by type,Wind,Offshore,Electricity generation (public service),NA,NA,GWh,BR,2040,5.5117
Energy supply and use,Power generation by type,Wind,Offshore,Electricity generation (public service),NA,NA,GWh,BR,2045,1.52184
Energy supply and use,Power generation by type,Wind,Offshore,Electricity generation (public service),NA,NA,GWh,BR,2050,13.53784
Energy supply and use,Power generation by type,Wind,Onshore,Electricity generation (public service),NA,NA,GWh,BR,2025,78760.08196
Energy supply and use,Power generation by type,Wind,Onshore,Electricity generation (public service),NA,NA,GWh,BR,2030,110201.98601
Energy supply and use,Power generation by type,Wind,Onshore,Electricity generation (public service),NA,NA,GWh,BR,2035,176838.18524
Energy supply and use,Power generation by type,Wind,Onshore,Electricity generation (public service),NA,NA,GWh,BR,2040,188466.53571
Energy supply and use,Power generation by type,Wind,Onshore,Electricity generation (public service),NA,NA,GWh,BR,2045,251129.62241
Energy supply and use,Power generation by type,Wind,Onshore,Electricity generation (public service),NA,NA,GWh,BR,2050,302526.32193
Energy supply and use,Power generation by type,Battery storage,Discharge,Electricity generation (public service),NA,NA,GWh,AC,2025,113.8797
Energy supply and use,Power generation by type,Battery storage,Discharge,Electricity generation (public service),NA,NA,GWh,AC,2030,74.97138
Energy supply and use,Power generation by type,Battery storage,Discharge,Electricity generation (public service),NA,NA,GWh,AC,2035,68.07139
Energy supply and use,Power generation by type,Battery storage,Discharge,Electricity generation (public service),NA,NA,GWh,AC,2040,306.73179
Energy supply and use,Power generation by type,Battery storage,Discharge,Electricity generation (public service),NA,NA,GWh,AC,2045,541.7573
Energy supply and use,Power generation by type,Battery storage,Discharge,Electricity generation (public service),NA,NA,GWh,AC,2050,629.90031
Energy supply and use,Power generation by type,Battery storage,Discharge,Electricity generation (public service),NA,NA,GWh,AL,2025,98.7813
Energy supply and use,Power generation by type,Battery storage,Discharge,Electricity generation (public service),NA,NA,GWh,AL,2030,68.03668
Energy supply and use,Power generation by type,Battery storage,Discharge,Electricity generation (public service),NA,NA,GWh,AL,2035,62.37286
Energy supply and use,Power generation by type,Battery storage,Discharge,Electricity generation (public service),NA,NA,GWh,AL,2040,55.59636
Energy supply and use,Power generation by type,Battery storage,Discharge,Electricity generation (public service),NA,NA,GWh,AL,2045,131.39785
Energy supply and use,Power generation by type,Battery storage,Discharge,Electricity generation (public service),NA,NA,GWh,AL,2050,238.62272
Energy supply and use,Power generation by type,Battery storage,Discharge,Electricity generation (public service),NA,NA,GWh,AM,2025,97.30887
Energy supply and use,Power generation by type,Battery storage,Discharge,Electricity generation (public service),NA,NA,GWh,AM,2030,65.13575
Energy supply and use,Power generation by type,Battery storage,Discharge,Electricity generation (public service),NA,NA,GWh,AM,2035,65.74358
Energy supply and use,Power generation by type,Battery storage,Discharge,Electricity generation (public service),NA,NA,GWh,AM,2040,207.99738
Energy supply and use,Power generation by type,Battery storage,Discharge,Electricity generation (public service),NA,NA,GWh,AM,2045,273.1932
Energy supply and use,Power generation by type,Battery storage,Discharge,Electricity generation (public service),NA,NA,GWh,AM,2050,363.02018
Energy supply and use,Power generation by type,Battery storage,Discharge,Electricity generation (public service),NA,NA,GWh,AP,2025,71.28988
Energy supply and use,Power generation by type,Battery storage,Discharge,Electricity generation (public service),NA,NA,GWh,AP,2030,41.46222
Energy supply and use,Power generation by type,Battery storage,Discharge,Electricity generation (public service),NA,NA,GWh,AP,2035,12.7077
Energy supply and use,Power generation by type,Battery storage,Discharge,Electricity generation (public service),NA,NA,GWh,AP,2040,20.84753
Energy supply and use,Power generation by type,Battery storage,Discharge,Electricity generation (public service),NA,NA,GWh,AP,2045,19.78191
Energy supply and use,Power generation by type,Battery storage,Discharge,Electricity generation (public service),NA,NA,GWh,AP,2050,148.96004
Energy supply and use,Power generation by type,Battery storage,Discharge,Electricity generation (public service),NA,NA,GWh,BA,2025,107.99851
Energy supply and use,Power generation by type,Battery storage,Discharge,Electricity generation (public service),NA,NA,GWh,BA,2030,476.80723
Energy supply and use,Power generation by type,Battery storage,Discharge,Electricity generation (public service),NA,NA,GWh,BA,2035,686.34183
Energy supply and use,Power generation by type,Battery storage,Discharge,Electricity generation (public service),NA,NA,GWh,BA,2040,1639.82099
Energy supply and use,Power generation by type,Battery storage,Discharge,Electricity generation (public service),NA,NA,GWh,BA,2045,1766.65191
Energy supply and use,Power generation by type,Battery storage,Discharge,Electricity generation (public service),NA,NA,GWh,BA,2050,2222.80846
Energy supply and use,Power generation by type,Battery storage,Discharge,Electricity generation (public service),NA,NA,GWh,CE,2025,122.98674
Energy supply and use,Power generation by type,Battery storage,Discharge,Electricity generation (public service),NA,NA,GWh,CE,2030,200.16814
Energy supply and use,Power generation by type,Battery storage,Discharge,Electricity generation (public service),NA,NA,GWh,CE,2035,428.69457
Energy supply and use,Power generation by type,Battery storage,Discharge,Electricity generation (public service),NA,NA,GWh,CE,2040,425.20905
Energy supply and use,Power generation by type,Battery storage,Discharge,Electricity generation (public service),NA,NA,GWh,CE,2045,237.56043
Energy supply and use,Power generation by type,Battery storage,Discharge,Electricity generation (public service),NA,NA,GWh,CE,2050,315.86343
Energy supply and use,Power generation by type,Battery storage,Discharge,Electricity generation (public service),NA,NA,GWh,DF,2025,93.39316
Energy supply and use,Power generation by type,Battery storage,Discharge,Electricity generation (public service),NA,NA,GWh,DF,2030,102.06169
Energy supply and use,Power generation by type,Battery storage,Discharge,Electricity generation (public service),NA,NA,GWh,DF,2035,156.08409
Energy supply and use,Power generation by type,Battery storage,Discharge,Electricity generation (public service),NA,NA,GWh,DF,2040,276.74378
Energy supply and use,Power generation by type,Battery storage,Discharge,Electricity generation (public service),NA,NA,GWh,DF,2045,180.20613
Energy supply and use,Power generation by type,Battery storage,Discharge,Electricity generation (public service),NA,NA,GWh,DF,2050,321.99286
Energy supply and use,Power generation by type,Battery storage,Discharge,Electricity generation (public service),NA,NA,GWh,ES,2025,192.75512
Energy supply and use,Power generation by type,Battery storage,Discharge,Electricity generation (public service),NA,NA,GWh,ES,2030,180.56026
Energy supply and use,Power generation by type,Battery storage,Discharge,Electricity generation (public service),NA,NA,GWh,ES,2035,181.41332
Energy supply and use,Power generation by type,Battery storage,Discharge,Electricity generation (public service),NA,NA,GWh,ES,2040,212.14814
Energy supply and use,Power generation by type,Battery storage,Discharge,Electricity generation (public service),NA,NA,GWh,ES,2045,231.128
Energy supply and use,Power generation by type,Battery storage,Discharge,Electricity generation (public service),NA,NA,GWh,ES,2050,288.6245
Energy supply and use,Power generation by type,Battery storage,Discharge,Electricity generation (public service),NA,NA,GWh,GO,2025,154.3456
Energy supply and use,Power generation by type,Battery storage,Discharge,Electricity generation (public service),NA,NA,GWh,GO,2030,169.73751
Energy supply and use,Power generation by type,Battery storage,Discharge,Electricity generation (public service),NA,NA,GWh,GO,2035,182.92181
Energy supply and use,Power generation by type,Battery storage,Discharge,Electricity generation (public service),NA,NA,GWh,GO,2040,145.10319
Energy supply and use,Power generation by type,Battery storage,Discharge,Electricity generation (public service),NA,NA,GWh,GO,2045,120.46645
Energy supply and use,Power generation by type,Battery storage,Discharge,Electricity generation (public service),NA,NA,GWh,GO,2050,333.33758
Energy supply and use,Power generation by type,Battery storage,Discharge,Electricity generation (public service),NA,NA,GWh,MA,2025,119.47999
Energy supply and use,Power generation by type,Battery storage,Discharge,Electricity generation (public service),NA,NA,GWh,MA,2030,81.22032
Energy supply and use,Power generation by type,Battery storage,Discharge,Electricity generation (public service),NA,NA,GWh,MA,2035,226.70183
Energy supply and use,Power generation by type,Battery storage,Discharge,Electricity generation (public service),NA,NA,GWh,MA,2040,186.66654
Energy supply and use,Power generation by type,Battery storage,Discharge,Electricity generation (public service),NA,NA,GWh,MA,2045,204.74328
Energy supply and use,Power generation by type,Battery storage,Discharge,Electricity generation (public service),NA,NA,GWh,MA,2050,327.21482
Energy supply and use,Power generation by type,Battery storage,Discharge,Electricity generation (public service),NA,NA,GWh,MG,2025,398.87786
Energy supply and use,Power generation by type,Battery storage,Discharge,Electricity generation (public service),NA,NA,GWh,MG,2030,2013.11282
Energy supply and use,Power generation by type,Battery storage,Discharge,Electricity generation (public service),NA,NA,GWh,MG,2035,2024.36221
Energy supply and use,Power generation by type,Battery storage,Discharge,Electricity generation (public service),NA,NA,GWh,MG,2040,1564.39025
Energy supply and use,Power generation by type,Battery storage,Discharge,Electricity generation (public service),NA,NA,GWh,MG,2045,1186.12402
Energy supply and use,Power generation by type,Battery storage,Discharge,Electricity generation (public service),NA,NA,GWh,MG,2050,1427.32847
Energy supply and use,Power generation by type,Battery storage,Discharge,Electricity generation (public service),NA,NA,GWh,MS,2025,122.17326
Energy supply and use,Power generation by type,Battery storage,Discharge,Electricity generation (public service),NA,NA,GWh,MS,2030,79.37485
Energy supply and use,Power generation by type,Battery storage,Discharge,Electricity generation (public service),NA,NA,GWh,MS,2035,74.16536
Energy supply and use,Power generation by type,Battery storage,Discharge,Electricity generation (public service),NA,NA,GWh,MS,2040,58.20925
Energy supply and use,Power generation by type,Battery storage,Discharge,Electricity generation (public service),NA,NA,GWh,MS,2045,50.79216
Energy supply and use,Power generation by type,Battery storage,Discharge,Electricity generation (public service),NA,NA,GWh,MS,2050,169.16426
Energy supply and use,Power generation by type,Battery storage,Discharge,Electricity generation (public service),NA,NA,GWh,MT,2025,105.24613
Energy supply and use,Power generation by type,Battery storage,Discharge,Electricity generation (public service),NA,NA,GWh,MT,2030,73.20842
Energy supply and use,Power generation by type,Battery storage,Discharge,Electricity generation (public service),NA,NA,GWh,MT,2035,68.6518
Energy supply and use,Power generation by type,Battery storage,Discharge,Electricity generation (public service),NA,NA,GWh,MT,2040,93.76287
Energy supply and use,Power generation by type,Battery storage,Discharge,Electricity generation (public service),NA,NA,GWh,MT,2045,155.79661
Energy supply and use,Power generation by type,Battery storage,Discharge,Electricity generation (public service),NA,NA,GWh,MT,2050,348.46493
Energy supply and use,Power generation by type,Battery storage,Discharge,Electricity generation (public service),NA,NA,GWh,PA,2025,123.19527
Energy supply and use,Power generation by type,Battery storage,Discharge,Electricity generation (public service),NA,NA,GWh,PA,2030,180.83213
Energy supply and use,Power generation by type,Battery storage,Discharge,Electricity generation (public service),NA,NA,GWh,PA,2035,429.03068
Energy supply and use,Power generation by type,Battery storage,Discharge,Electricity generation (public service),NA,NA,GWh,PA,2040,403.56933
Energy supply and use,Power generation by type,Battery storage,Discharge,Electricity generation (public service),NA,NA,GWh,PA,2045,325.82376
Energy supply and use,Power generation by type,Battery storage,Discharge,Electricity generation (public service),NA,NA,GWh,PA,2050,360.85173
Energy supply and use,Power generation by type,Battery storage,Discharge,Electricity generation (public service),NA,NA,GWh,PB,2025,99.07557
Energy supply and use,Power generation by type,Battery storage,Discharge,Electricity generation (public service),NA,NA,GWh,PB,2030,69.55239
Energy supply and use,Power generation by type,Battery storage,Discharge,Electricity generation (public service),NA,NA,GWh,PB,2035,72.43909
Energy supply and use,Power generation by type,Battery storage,Discharge,Electricity generation (public service),NA,NA,GWh,PB,2040,261.13469
Energy supply and use,Power generation by type,Battery storage,Discharge,Electricity generation (public service),NA,NA,GWh,PB,2045,202.49327
Energy supply and use,Power generation by type,Battery storage,Discharge,Electricity generation (public service),NA,NA,GWh,PB,2050,308.88485
Energy supply and use,Power generation by type,Battery storage,Discharge,Electricity generation (public service),NA,NA,GWh,PE,2025,145.9418
Energy supply and use,Power generation by type,Battery storage,Discharge,Electricity generation (public service),NA,NA,GWh,PE,2030,98.011
Energy supply and use,Power generation by type,Battery storage,Discharge,Electricity generation (public service),NA,NA,GWh,PE,2035,85.27858
Energy supply and use,Power generation by type,Battery storage,Discharge,Electricity generation (public service),NA,NA,GWh,PE,2040,128.32385
Energy supply and use,Power generation by type,Battery storage,Discharge,Electricity generation (public service),NA,NA,GWh,PE,2045,109.93693
Energy supply and use,Power generation by type,Battery storage,Discharge,Electricity generation (public service),NA,NA,GWh,PE,2050,448.74663
Energy supply and use,Power generation by type,Battery storage,Discharge,Electricity generation (public service),NA,NA,GWh,PI,2025,86.84732
Energy supply and use,Power generation by type,Battery storage,Discharge,Electricity generation (public service),NA,NA,GWh,PI,2030,54.80862
Energy supply and use,Power generation by type,Battery storage,Discharge,Electricity generation (public service),NA,NA,GWh,PI,2035,51.41506
Energy supply and use,Power generation by type,Battery storage,Discharge,Electricity generation (public service),NA,NA,GWh,PI,2040,47.67509
Energy supply and use,Power generation by type,Battery storage,Discharge,Electricity generation (public service),NA,NA,GWh,PI,2045,42.08227
Energy supply and use,Power generation by type,Battery storage,Discharge,Electricity generation (public service),NA,NA,GWh,PI,2050,249.06249
Energy supply and use,Power generation by type,Battery storage,Discharge,Electricity generation (public service),NA,NA,GWh,PR,2025,242.59465
Energy supply and use,Power generation by type,Battery storage,Discharge,Electricity generation (public service),NA,NA,GWh,PR,2030,378.58676
Energy supply and use,Power generation by type,Battery storage,Discharge,Electricity generation (public service),NA,NA,GWh,PR,2035,492.51301
Energy supply and use,Power generation by type,Battery storage,Discharge,Electricity generation (public service),NA,NA,GWh,PR,2040,428.33308
Energy supply and use,Power generation by type,Battery storage,Discharge,Electricity generation (public service),NA,NA,GWh,PR,2045,593.55784
Energy supply and use,Power generation by type,Battery storage,Discharge,Electricity generation (public service),NA,NA,GWh,PR,2050,1338.3306
Energy supply and use,Power generation by type,Battery storage,Discharge,Electricity generation (public service),NA,NA,GWh,RJ,2025,332.42752
Energy supply and use,Power generation by type,Battery storage,Discharge,Electricity generation (public service),NA,NA,GWh,RJ,2030,362.27839
Energy supply and use,Power generation by type,Battery storage,Discharge,Electricity generation (public service),NA,NA,GWh,RJ,2035,451.36698
Energy supply and use,Power generation by type,Battery storage,Discharge,Electricity generation (public service),NA,NA,GWh,RJ,2040,1180.22412
Energy supply and use,Power generation by type,Battery storage,Discharge,Electricity generation (public service),NA,NA,GWh,RJ,2045,910.27951
Energy supply and use,Power generation by type,Battery storage,Discharge,Electricity generation (public service),NA,NA,GWh,RJ,2050,1332.40242
Energy supply and use,Power generation by type,Battery storage,Discharge,Electricity generation (public service),NA,NA,GWh,RN,2025,128.07385
Energy supply and use,Power generation by type,Battery storage,Discharge,Electricity generation (public service),NA,NA,GWh,RN,2030,81.90175
Energy supply and use,Power generation by type,Battery storage,Discharge,Electricity generation (public service),NA,NA,GWh,RN,2035,72.91818
Energy supply and use,Power generation by type,Battery storage,Discharge,Electricity generation (public service),NA,NA,GWh,RN,2040,67.96353
Energy supply and use,Power generation by type,Battery storage,Discharge,Electricity generation (public service),NA,NA,GWh,RN,2045,61.48247
Energy supply and use,Power generation by type,Battery storage,Discharge,Electricity generation (public service),NA,NA,GWh,RN,2050,245.01578
Energy supply and use,Power generation by type,Battery storage,Discharge,Electricity generation (public service),NA,NA,GWh,RO,2025,109.3918
Energy supply and use,Power generation by type,Battery storage,Discharge,Electricity generation (public service),NA,NA,GWh,RO,2030,77.28924
Energy supply and use,Power generation by type,Battery storage,Discharge,Electricity generation (public service),NA,NA,GWh,RO,2035,69.65865
Energy supply and use,Power generation by type,Battery storage,Discharge,Electricity generation (public service),NA,NA,GWh,RO,2040,139.72732
Energy supply and use,Power generation by type,Battery storage,Discharge,Electricity generation (public service),NA,NA,GWh,RO,2045,505.72962
Energy supply and use,Power generation by type,Battery storage,Discharge,Electricity generation (public service),NA,NA,GWh,RO,2050,824.95835
Energy supply and use,Power generation by type,Battery storage,Discharge,Electricity generation (public service),NA,NA,GWh,RR,2025,68.29563
Energy supply and use,Power generation by type,Battery storage,Discharge,Electricity generation (public service),NA,NA,GWh,RR,2030,39.66621
Energy supply and use,Power generation by type,Battery storage,Discharge,Electricity generation (public service),NA,NA,GWh,RR,2035,14.25948
Energy supply and use,Power generation by type,Battery storage,Discharge,Electricity generation (public service),NA,NA,GWh,RR,2040,21.2211
Energy supply and use,Power generation by type,Battery storage,Discharge,Electricity generation (public service),NA,NA,GWh,RR,2045,19.42672
Energy supply and use,Power generation by type,Battery storage,Discharge,Electricity generation (public service),NA,NA,GWh,RR,2050,132.09073
Energy supply and use,Power generation by type,Battery storage,Discharge,Electricity generation (public service),NA,NA,GWh,RS,2025,229.47863
Energy supply and use,Power generation by type,Battery storage,Discharge,Electricity generation (public service),NA,NA,GWh,RS,2030,230.49474
Energy supply and use,Power generation by type,Battery storage,Discharge,Electricity generation (public service),NA,NA,GWh,RS,2035,543.55732
Energy supply and use,Power generation by type,Battery storage,Discharge,Electricity generation (public service),NA,NA,GWh,RS,2040,395.79237
Energy supply and use,Power generation by type,Battery storage,Discharge,Electricity generation (public service),NA,NA,GWh,RS,2045,562.15854
Energy supply and use,Power generation by type,Battery storage,Discharge,Electricity generation (public service),NA,NA,GWh,RS,2050,1836.84725
Energy supply and use,Power generation by type,Battery storage,Discharge,Electricity generation (public service),NA,NA,GWh,SC,2025,321.72022
Energy supply and use,Power generation by type,Battery storage,Discharge,Electricity generation (public service),NA,NA,GWh,SC,2030,203.98676
Energy supply and use,Power generation by type,Battery storage,Discharge,Electricity generation (public service),NA,NA,GWh,SC,2035,48.83688
Energy supply and use,Power generation by type,Battery storage,Discharge,Electricity generation (public service),NA,NA,GWh,SC,2040,40.73082
Energy supply and use,Power generation by type,Battery storage,Discharge,Electricity generation (public service),NA,NA,GWh,SC,2045,35.52886
Energy supply and use,Power generation by type,Battery storage,Discharge,Electricity generation (public service),NA,NA,GWh,SC,2050,116.27634
Energy supply and use,Power generation by type,Battery storage,Discharge,Electricity generation (public service),NA,NA,GWh,SE,2025,95.58259
Energy supply and use,Power generation by type,Battery storage,Discharge,Electricity generation (public service),NA,NA,GWh,SE,2030,61.92938
Energy supply and use,Power generation by type,Battery storage,Discharge,Electricity generation (public service),NA,NA,GWh,SE,2035,61.69684
Energy supply and use,Power generation by type,Battery storage,Discharge,Electricity generation (public service),NA,NA,GWh,SE,2040,55.01564
Energy supply and use,Power generation by type,Battery storage,Discharge,Electricity generation (public service),NA,NA,GWh,SE,2045,47.93488
Energy supply and use,Power generation by type,Battery storage,Discharge,Electricity generation (public service),NA,NA,GWh,SE,2050,228.51529
Energy supply and use,Power generation by type,Battery storage,Discharge,Electricity generation (public service),NA,NA,GWh,SP,2025,823.53265
Energy supply and use,Power generation by type,Battery storage,Discharge,Electricity generation (public service),NA,NA,GWh,SP,2030,1739.94613
Energy supply and use,Power generation by type,Battery storage,Discharge,Electricity generation (public service),NA,NA,GWh,SP,2035,2622.63259
Energy supply and use,Power generation by type,Battery storage,Discharge,Electricity generation (public service),NA,NA,GWh,SP,2040,2286.79144
Energy supply and use,Power generation by type,Battery storage,Discharge,Electricity generation (public service),NA,NA,GWh,SP,2045,5122.47434
Energy supply and use,Power generation by type,Battery storage,Discharge,Electricity generation (public service),NA,NA,GWh,SP,2050,4945.82489
Energy supply and use,Power generation by type,Battery storage,Discharge,Electricity generation (public service),NA,NA,GWh,TO,2025,71.45172
Energy supply and use,Power generation by type,Battery storage,Discharge,Electricity generation (public service),NA,NA,GWh,TO,2030,42.23132
Energy supply and use,Power generation by type,Battery storage,Discharge,Electricity generation (public service),NA,NA,GWh,TO,2035,15.94516
Energy supply and use,Power generation by type,Battery storage,Discharge,Electricity generation (public service),NA,NA,GWh,TO,2040,21.79271
Energy supply and use,Power generation by type,Battery storage,Discharge,Electricity generation (public service),NA,NA,GWh,TO,2045,22.92283
Energy supply and use,Power generation by type,Battery storage,Discharge,Electricity generation (public service),NA,NA,GWh,TO,2050,161.78809
Energy supply and use,Power generation by type,Bioelectricity,Cogeneration (biomethane plants),Electricity generation (public service),NA,NA,GWh,AC,2025,0.0
Energy supply and use,Power generation by type,Bioelectricity,Cogeneration (biomethane plants),Electricity generation (public service),NA,NA,GWh,AC,2030,0.0035
Energy supply and use,Power generation by type,Bioelectricity,Cogeneration (biomethane plants),Electricity generation (public service),NA,NA,GWh,AC,2035,0.0063
Energy supply and use,Power generation by type,Bioelectricity,Cogeneration (biomethane plants),Electricity generation (public service),NA,NA,GWh,AC,2040,0.01081
Energy supply and use,Power generation by type,Bioelectricity,Cogeneration (biomethane plants),Electricity generation (public service),NA,NA,GWh,AC,2045,0.01556
Energy supply and use,Power generation by type,Bioelectricity,Cogeneration (biomethane plants),Electricity generation (public service),NA,NA,GWh,AC,2050,0.17978
Energy supply and use,Power generation by type,Bioelectricity,Cogeneration (biomethane plants),Electricity generation (public service),NA,NA,GWh,AL,2025,0.0
Energy supply and use,Power generation by type,Bioelectricity,Cogeneration (biomethane plants),Electricity generation (public service),NA,NA,GWh,AL,2030,0.00294
Energy supply and use,Power generation by type,Bioelectricity,Cogeneration (biomethane plants),Electricity generation (public service),NA,NA,GWh,AL,2035,0.00464
Energy supply and use,Power generation by type,Bioelectricity,Cogeneration (biomethane plants),Electricity generation (public service),NA,NA,GWh,AL,2040,0.00809
Energy supply and use,Power generation by type,Bioelectricity,Cogeneration (biomethane plants),Electricity generation (public service),NA,NA,GWh,AL,2045,0.01092
Energy supply and use,Power generation by type,Bioelectricity,Cogeneration (biomethane plants),Electricity generation (public service),NA,NA,GWh,AL,2050,0.14642
Energy supply and use,Power generation by type,Bioelectricity,Cogeneration (biomethane plants),Electricity generation (public service),NA,NA,GWh,AM,2025,0.0
Energy supply and use,Power generation by type,Bioelectricity,Cogeneration (biomethane plants),Electricity generation (public service),NA,NA,GWh,AM,2030,0.00265
Energy supply and use,Power generation by type,Bioelectricity,Cogeneration (biomethane plants),Electricity generation (public service),NA,NA,GWh,AM,2035,0.00449
Energy supply and use,Power generation by type,Bioelectricity,Cogeneration (biomethane plants),Electricity generation (public service),NA,NA,GWh,AM,2040,0.00764
Energy supply and use,Power generation by type,Bioelectricity,Cogeneration (biomethane plants),Electricity generation (public service),NA,NA,GWh,AM,2045,0.01081
Energy supply and use,Power generation by type,Bioelectricity,Cogeneration (biomethane plants),Electricity generation (public service),NA,NA,GWh,AM,2050,0.10443
Energy supply and use,Power generation by type,Bioelectricity,Cogeneration (biomethane plants),Electricity generation (public service),NA,NA,GWh,BA,2025,0.0
Energy supply and use,Power generation by type,Bioelectricity,Cogeneration (biomethane plants),Electricity generation (public service),NA,NA,GWh,BA,2030,0.01336
Energy supply and use,Power generation by type,Bioelectricity,Cogeneration (biomethane plants),Electricity generation (public service),NA,NA,GWh,BA,2035,0.02477
Energy supply and use,Power generation by type,Bioelectricity,Cogeneration (biomethane plants),Electricity generation (public service),NA,NA,GWh,BA,2040,0.03102
Energy supply and use,Power generation by type,Bioelectricity,Cogeneration (biomethane plants),Electricity generation (public service),NA,NA,GWh,BA,2045,0.04059
Energy supply and use,Power generation by type,Bioelectricity,Cogeneration (biomethane plants),Electricity generation (public service),NA,NA,GWh,BA,2050,0.49555
Energy supply and use,Power generation by type,Bioelectricity,Cogeneration (biomethane plants),Electricity generation (public service),NA,NA,GWh,CE,2025,0.0
Energy supply and use,Power generation by type,Bioelectricity,Cogeneration (biomethane plants),Electricity generation (public service),NA,NA,GWh,CE,2030,0.00489
Energy supply and use,Power generation by type,Bioelectricity,Cogeneration (biomethane plants),Electricity generation (public service),NA,NA,GWh,CE,2035,0.00902
Energy supply and use,Power generation by type,Bioelectricity,Cogeneration (biomethane plants),Electricity generation (public service),NA,NA,GWh,CE,2040,0.01418
Energy supply and use,Power generation by type,Bioelectricity,Cogeneration (biomethane plants),Electricity generation (public service),NA,NA,GWh,CE,2045,0.02029
Energy supply and use,Power generation by type,Bioelectricity,Cogeneration (biomethane plants),Electricity generation (public service),NA,NA,GWh,CE,2050,0.2061
Energy supply and use,Power generation by type,Bioelectricity,Cogeneration (biomethane plants),Electricity generation (public service),NA,NA,GWh,DF,2025,0.0
Energy supply and use,Power generation by type,Bioelectricity,Cogeneration (biomethane plants),Electricity generation (public service),NA,NA,GWh,DF,2030,0.004
Energy supply and use,Power generation by type,Bioelectricity,Cogeneration (biomethane plants),Electricity generation (public service),NA,NA,GWh,DF,2035,0.00713
Energy supply and use,Power generation by type,Bioelectricity,Cogeneration (biomethane plants),Electricity generation (public service),NA,NA,GWh,DF,2040,0.0124
Energy supply and use,Power generation by type,Bioelectricity,Cogeneration (biomethane plants),Electricity generation (public service),NA,NA,GWh,DF,2045,0.01784
Energy supply and use,Power generation by type,Bioelectricity,Cogeneration (biomethane plants),Electricity generation (public service),NA,NA,GWh,DF,2050,0.21148
Energy supply and use,Power generation by type,Bioelectricity,Cogeneration (biomethane plants),Electricity generation (public service),NA,NA,GWh,ES,2025,0.0
Energy supply and use,Power generation by type,Bioelectricity,Cogeneration (biomethane plants),Electricity generation (public service),NA,NA,GWh,ES,2030,0.00612
Energy supply and use,Power generation by type,Bioelectricity,Cogeneration (biomethane plants),Electricity generation (public service),NA,NA,GWh,ES,2035,0.01073
Energy supply and use,Power generation by type,Bioelectricity,Cogeneration (biomethane plants),Electricity generation (public service),NA,NA,GWh,ES,2040,0.01659
Energy supply and use,Power generation by type,Bioelectricity,Cogeneration (biomethane plants),Electricity generation (public service),NA,NA,GWh,ES,2045,0.0217
Energy supply and use,Power generation by type,Bioelectricity,Cogeneration (biomethane plants),Electricity generation (public service),NA,NA,GWh,ES,2050,0.26395
Energy supply and use,Power generation by type,Bioelectricity,Cogeneration (biomethane plants),Electricity generation (public service),NA,NA,GWh,GO,2025,0.0
Energy supply and use,Power generation by type,Bioelectricity,Cogeneration (biomethane plants),Electricity generation (public service),NA,NA,GWh,GO,2030,0.01668
Energy supply and use,Power generation by type,Bioelectricity,Cogeneration (biomethane plants),Electricity generation (public service),NA,NA,GWh,GO,2035,0.02902
Energy supply and use,Power generation by type,Bioelectricity,Cogeneration (biomethane plants),Electricity generation (public service),NA,NA,GWh,GO,2040,0.03623
Energy supply and use,Power generation by type,Bioelectricity,Cogeneration (biomethane plants),Electricity generation (public service),NA,NA,GWh,GO,2045,0.04583
Energy supply and use,Power generation by type,Bioelectricity,Cogeneration (biomethane plants),Electricity generation (public service),NA,NA,GWh,GO,2050,0.38712
Energy supply and use,Power generation by type,Bioelectricity,Cogeneration (biomethane plants),Electricity generation (public service),NA,NA,GWh,MA,2025,0.0
Energy supply and use,Power generation by type,Bioelectricity,Cogeneration (biomethane plants),Electricity generation (public service),NA,NA,GWh,MA,2030,0.01033
Energy supply and use,Power generation by type,Bioelectricity,Cogeneration (biomethane plants),Electricity generation (public service),NA,NA,GWh,MA,2035,0.01892
Energy supply and use,Power generation by type,Bioelectricity,Cogeneration (biomethane plants),Electricity generation (public service),NA,NA,GWh,MA,2040,0.0251
Energy supply and use,Power generation by type,Bioelectricity,Cogeneration (biomethane plants),Electricity generation (public service),NA,NA,GWh,MA,2045,0.03214
Energy supply and use,Power generation by type,Bioelectricity,Cogeneration (biomethane plants),Electricity generation (public service),NA,NA,GWh,MA,2050,0.3072
Energy supply and use,Power generation by type,Bioelectricity,Cogeneration (biomethane plants),Electricity generation (public service),NA,NA,GWh,MG,2025,0.0
Energy supply and use,Power generation by type,Bioelectricity,Cogeneration (biomethane plants),Electricity generation (public service),NA,NA,GWh,MG,2030,0.01374
Energy supply and use,Power generation by type,Bioelectricity,Cogeneration (biomethane plants),Electricity generation (public service),NA,NA,GWh,MG,2035,0.02573
Energy supply and use,Power generation by type,Bioelectricity,Cogeneration (biomethane plants),Electricity generation (public service),NA,NA,GWh,MG,2040,0.03133
Energy supply and use,Power generation by type,Bioelectricity,Cogeneration (biomethane plants),Electricity generation (public service),NA,NA,GWh,MG,2045,0.03732
Energy supply and use,Power generation by type,Bioelectricity,Cogeneration (biomethane plants),Electricity generation (public service),NA,NA,GWh,MG,2050,0.43535
Energy supply and use,Power generation by type,Bioelectricity,Cogeneration (biomethane plants),Electricity generation (public service),NA,NA,GWh,MS,2025,0.0
Energy supply and use,Power generation by type,Bioelectricity,Cogeneration (biomethane plants),Electricity generation (public service),NA,NA,GWh,MS,2030,0.01612
Energy supply and use,Power generation by type,Bioelectricity,Cogeneration (biomethane plants),Electricity generation (public service),NA,NA,GWh,MS,2035,0.02787
Energy supply and use,Power generation by type,Bioelectricity,Cogeneration (biomethane plants),Electricity generation (public service),NA,NA,GWh,MS,2040,0.03506
Energy supply and use,Power generation by type,Bioelectricity,Cogeneration (biomethane plants),Electricity generation (public service),NA,NA,GWh,MS,2045,0.04676
Energy supply and use,Power generation by type,Bioelectricity,Cogeneration (biomethane plants),Electricity generation (public service),NA,NA,GWh,MS,2050,0.39665
Energy supply and use,Power generation by type,Bioelectricity,Cogeneration (biomethane plants),Electricity generation (public service),NA,NA,GWh,MT,2025,0.0
Energy supply and use,Power generation by type,Bioelectricity,Cogeneration (biomethane plants),Electricity generation (public service),NA,NA,GWh,MT,2030,0.02032
Energy supply and use,Power generation by type,Bioelectricity,Cogeneration (biomethane plants),Electricity generation (public service),NA,NA,GWh,MT,2035,0.03767
Energy supply and use,Power generation by type,Bioelectricity,Cogeneration (biomethane plants),Electricity generation (public service),NA,NA,GWh,MT,2040,0.05355
Energy supply and use,Power generation by type,Bioelectricity,Cogeneration (biomethane plants),Electricity generation (public service),NA,NA,GWh,MT,2045,0.06402
Energy supply and use,Power generation by type,Bioelectricity,Cogeneration (biomethane plants),Electricity generation (public service),NA,NA,GWh,MT,2050,0.48049
Energy supply and use,Power generation by type,Bioelectricity,Cogeneration (biomethane plants),Electricity generation (public service),NA,NA,GWh,PA,2025,0.0
Energy supply and use,Power generation by type,Bioelectricity,Cogeneration (biomethane plants),Electricity generation (public service),NA,NA,GWh,PA,2030,0.00607
Energy supply and use,Power generation by type,Bioelectricity,Cogeneration (biomethane plants),Electricity generation (public service),NA,NA,GWh,PA,2035,0.01063
Energy supply and use,Power generation by type,Bioelectricity,Cogeneration (biomethane plants),Electricity generation (public service),NA,NA,GWh,PA,2040,0.01524
Energy supply and use,Power generation by type,Bioelectricity,Cogeneration (biomethane plants),Electricity generation (public service),NA,NA,GWh,PA,2045,0.01918
Energy supply and use,Power generation by type,Bioelectricity,Cogeneration (biomethane plants),Electricity generation (public service),NA,NA,GWh,PA,2050,0.19542
Energy supply and use,Power generation by type,Bioelectricity,Cogeneration (biomethane plants),Electricity generation (public service),NA,NA,GWh,PB,2025,0.0
Energy supply and use,Power generation by type,Bioelectricity,Cogeneration (biomethane plants),Electricity generation (public service),NA,NA,GWh,PB,2030,0.00472
Energy supply and use,Power generation by type,Bioelectricity,Cogeneration (biomethane plants),Electricity generation (public service),NA,NA,GWh,PB,2035,0.00844
Energy supply and use,Power generation by type,Bioelectricity,Cogeneration (biomethane plants),Electricity generation (public service),NA,NA,GWh,PB,2040,0.01338
Energy supply and use,Power generation by type,Bioelectricity,Cogeneration (biomethane plants),Electricity generation (public service),NA,NA,GWh,PB,2045,0.01906
Energy supply and use,Power generation by type,Bioelectricity,Cogeneration (biomethane plants),Electricity generation (public service),NA,NA,GWh,PB,2050,0.1459
Energy supply and use,Power generation by type,Bioelectricity,Cogeneration (biomethane plants),Electricity generation (public service),NA,NA,GWh,PE,2025,0.0
Energy supply and use,Power generation by type,Bioelectricity,Cogeneration (biomethane plants),Electricity generation (public service),NA,NA,GWh,PE,2030,0.00709
Energy supply and use,Power generation by type,Bioelectricity,Cogeneration (biomethane plants),Electricity generation (public service),NA,NA,GWh,PE,2035,0.00999
Energy supply and use,Power generation by type,Bioelectricity,Cogeneration (biomethane plants),Electricity generation (public service),NA,NA,GWh,PE,2040,0.01556
Energy supply and use,Power generation by type,Bioelectricity,Cogeneration (biomethane plants),Electricity generation (public service),NA,NA,GWh,PE,2045,0.02134
Energy supply and use,Power generation by type,Bioelectricity,Cogeneration (biomethane plants),Electricity generation (public service),NA,NA,GWh,PE,2050,0.19453
Energy supply and use,Power generation by type,Bioelectricity,Cogeneration (biomethane plants),Electricity generation (public service),NA,NA,GWh,PI,2025,0.0
Energy supply and use,Power generation by type,Bioelectricity,Cogeneration (biomethane plants),Electricity generation (public service),NA,NA,GWh,PI,2030,0.00869
Energy supply and use,Power generation by type,Bioelectricity,Cogeneration (biomethane plants),Electricity generation (public service),NA,NA,GWh,PI,2035,0.01534
Energy supply and use,Power generation by type,Bioelectricity,Cogeneration (biomethane plants),Electricity generation (public service),NA,NA,GWh,PI,2040,0.02105
Energy supply and use,Power generation by type,Bioelectricity,Cogeneration (biomethane plants),Electricity generation (public service),NA,NA,GWh,PI,2045,0.02555
Energy supply and use,Power generation by type,Bioelectricity,Cogeneration (biomethane plants),Electricity generation (public service),NA,NA,GWh,PI,2050,0.24262
Energy supply and use,Power generation by type,Bioelectricity,Cogeneration (biomethane plants),Electricity generation (public service),NA,NA,GWh,PR,2025,0.0
Energy supply and use,Power generation by type,Bioelectricity,Cogeneration (biomethane plants),Electricity generation (public service),NA,NA,GWh,PR,2030,0.01388
Energy supply and use,Power generation by type,Bioelectricity,Cogeneration (biomethane plants),Electricity generation (public service),NA,NA,GWh,PR,2035,0.02646
Energy supply and use,Power generation by type,Bioelectricity,Cogeneration (biomethane plants),Electricity generation (public service),NA,NA,GWh,PR,2040,0.03428
Energy supply and use,Power generation by type,Bioelectricity,Cogeneration (biomethane plants),Electricity generation (public service),NA,NA,GWh,PR,2045,0.04177
Energy supply and use,Power generation by type,Bioelectricity,Cogeneration (biomethane plants),Electricity generation (public service),NA,NA,GWh,PR,2050,0.34334
Energy supply and use,Power generation by type,Bioelectricity,Cogeneration (biomethane plants),Electricity generation (public service),NA,NA,GWh,RJ,2025,0.0
Energy supply and use,Power generation by type,Bioelectricity,Cogeneration (biomethane plants),Electricity generation (public service),NA,NA,GWh,RJ,2030,0.00658
Energy supply and use,Power generation by type,Bioelectricity,Cogeneration (biomethane plants),Electricity generation (public service),NA,NA,GWh,RJ,2035,0.01106
Energy supply and use,Power generation by type,Bioelectricity,Cogeneration (biomethane plants),Electricity generation (public service),NA,NA,GWh,RJ,2040,0.01694
Energy supply and use,Power generation by type,Bioelectricity,Cogeneration (biomethane plants),Electricity generation (public service),NA,NA,GWh,RJ,2045,0.02124
Energy supply and use,Power generation by type,Bioelectricity,Cogeneration (biomethane plants),Electricity generation (public service),NA,NA,GWh,RJ,2050,0.21719
Energy supply and use,Power generation by type,Bioelectricity,Cogeneration (biomethane plants),Electricity generation (public service),NA,NA,GWh,RN,2025,0.0
Energy supply and use,Power generation by type,Bioelectricity,Cogeneration (biomethane plants),Electricity generation (public service),NA,NA,GWh,RN,2030,0.00515
Energy supply and use,Power generation by type,Bioelectricity,Cogeneration (biomethane plants),Electricity generation (public service),NA,NA,GWh,RN,2035,0.00919
Energy supply and use,Power generation by type,Bioelectricity,Cogeneration (biomethane plants),Electricity generation (public service),NA,NA,GWh,RN,2040,0.01442
Energy supply and use,Power generation by type,Bioelectricity,Cogeneration (biomethane plants),Electricity generation (public service),NA,NA,GWh,RN,2045,0.02053
Energy supply and use,Power generation by type,Bioelectricity,Cogeneration (biomethane plants),Electricity generation (public service),NA,NA,GWh,RN,2050,0.19462
Energy supply and use,Power generation by type,Bioelectricity,Cogeneration (biomethane plants),Electricity generation (public service),NA,NA,GWh,RO,2025,0.0
Energy supply and use,Power generation by type,Bioelectricity,Cogeneration (biomethane plants),Electricity generation (public service),NA,NA,GWh,RO,2030,0.00605
Energy supply and use,Power generation by type,Bioelectricity,Cogeneration (biomethane plants),Electricity generation (public service),NA,NA,GWh,RO,2035,0.01058
Energy supply and use,Power generation by type,Bioelectricity,Cogeneration (biomethane plants),Electricity generation (public service),NA,NA,GWh,RO,2040,0.01529
Energy supply and use,Power generation by type,Bioelectricity,Cogeneration (biomethane plants),Electricity generation (public service),NA,NA,GWh,RO,2045,0.01923
Energy supply and use,Power generation by type,Bioelectricity,Cogeneration (biomethane plants),Electricity generation (public service),NA,NA,GWh,RO,2050,0.19565
Energy supply and use,Power generation by type,Bioelectricity,Cogeneration (biomethane plants),Electricity generation (public service),NA,NA,GWh,RR,2025,0.0
Energy supply and use,Power generation by type,Bioelectricity,Cogeneration (biomethane plants),Electricity generation (public service),NA,NA,GWh,RR,2030,0.00347
Energy supply and use,Power generation by type,Bioelectricity,Cogeneration (biomethane plants),Electricity generation (public service),NA,NA,GWh,RR,2035,0.00622
Energy supply and use,Power generation by type,Bioelectricity,Cogeneration (biomethane plants),Electricity generation (public service),NA,NA,GWh,RR,2040,0.01085
Energy supply and use,Power generation by type,Bioelectricity,Cogeneration (biomethane plants),Electricity generation (public service),NA,NA,GWh,RR,2045,0.01557
Energy supply and use,Power generation by type,Bioelectricity,Cogeneration (biomethane plants),Electricity generation (public service),NA,NA,GWh,RR,2050,0.18893
Energy supply and use,Power generation by type,Bioelectricity,Cogeneration (biomethane plants),Electricity generation (public service),NA,NA,GWh,RS,2025,0.0
Energy supply and use,Power generation by type,Bioelectricity,Cogeneration (biomethane plants),Electricity generation (public service),NA,NA,GWh,RS,2030,0.01041
Energy supply and use,Power generation by type,Bioelectricity,Cogeneration (biomethane plants),Electricity generation (public service),NA,NA,GWh,RS,2035,0.01804
Energy supply and use,Power generation by type,Bioelectricity,Cogeneration (biomethane plants),Electricity generation (public service),NA,NA,GWh,RS,2040,0.02318
Energy supply and use,Power generation by type,Bioelectricity,Cogeneration (biomethane plants),Electricity generation (public service),NA,NA,GWh,RS,2045,0.02496
Energy supply and use,Power generation by type,Bioelectricity,Cogeneration (biomethane plants),Electricity generation (public service),NA,NA,GWh,RS,2050,0.22341
Energy supply and use,Power generation by type,Bioelectricity,Cogeneration (biomethane plants),Electricity generation (public service),NA,NA,GWh,SC,2025,0.0
Energy supply and use,Power generation by type,Bioelectricity,Cogeneration (biomethane plants),Electricity generation (public service),NA,NA,GWh,SC,2030,0.00739
Energy supply and use,Power generation by type,Bioelectricity,Cogeneration (biomethane plants),Electricity generation (public service),NA,NA,GWh,SC,2035,0.01361
Energy supply and use,Power generation by type,Bioelectricity,Cogeneration (biomethane plants),Electricity generation (public service),NA,NA,GWh,SC,2040,0.01848
Energy supply and use,Power generation by type,Bioelectricity,Cogeneration (biomethane plants),Electricity generation (public service),NA,NA,GWh,SC,2045,0.02167
Energy supply and use,Power generation by type,Bioelectricity,Cogeneration (biomethane plants),Electricity generation (public service),NA,NA,GWh,SC,2050,0.21431
Energy supply and use,Power generation by type,Bioelectricity,Cogeneration (biomethane plants),Electricity generation (public service),NA,NA,GWh,SE,2025,0.0
Energy supply and use,Power generation by type,Bioelectricity,Cogeneration (biomethane plants),Electricity generation (public service),NA,NA,GWh,SE,2030,0.00587
Energy supply and use,Power generation by type,Bioelectricity,Cogeneration (biomethane plants),Electricity generation (public service),NA,NA,GWh,SE,2035,0.01117
Energy supply and use,Power generation by type,Bioelectricity,Cogeneration (biomethane plants),Electricity generation (public service),NA,NA,GWh,SE,2040,0.01663
Energy supply and use,Power generation by type,Bioelectricity,Cogeneration (biomethane plants),Electricity generation (public service),NA,NA,GWh,SE,2045,0.02166
Energy supply and use,Power generation by type,Bioelectricity,Cogeneration (biomethane plants),Electricity generation (public service),NA,NA,GWh,SE,2050,0.23288
Energy supply and use,Power generation by type,Bioelectricity,Cogeneration (biomethane plants),Electricity generation (public service),NA,NA,GWh,SP,2025,0.0
Energy supply and use,Power generation by type,Bioelectricity,Cogeneration (biomethane plants),Electricity generation (public service),NA,NA,GWh,SP,2030,0.01127
Energy supply and use,Power generation by type,Bioelectricity,Cogeneration (biomethane plants),Electricity generation (public service),NA,NA,GWh,SP,2035,0.02247
Energy supply and use,Power generation by type,Bioelectricity,Cogeneration (biomethane plants),Electricity generation (public service),NA,NA,GWh,SP,2040,0.02704
Energy supply and use,Power generation by type,Bioelectricity,Cogeneration (biomethane plants),Electricity generation (public service),NA,NA,GWh,SP,2045,0.03809
Energy supply and use,Power generation by type,Bioelectricity,Cogeneration (biomethane plants),Electricity generation (public service),NA,NA,GWh,SP,2050,0.33322
Energy supply and use,Power generation by type,Bioelectricity,Cogeneration (biomethane plants),Electricity generation (public service),NA,NA,GWh,TO,2025,0.0
Energy supply and use,Power generation by type,Bioelectricity,Cogeneration (biomethane plants),Electricity generation (public service),NA,NA,GWh,TO,2030,0.01057
Energy supply and use,Power generation by type,Bioelectricity,Cogeneration (biomethane plants),Electricity generation (public service),NA,NA,GWh,TO,2035,0.01948
Energy supply and use,Power generation by type,Bioelectricity,Cogeneration (biomethane plants),Electricity generation (public service),NA,NA,GWh,TO,2040,0.02478
Energy supply and use,Power generation by type,Bioelectricity,Cogeneration (biomethane plants),Electricity generation (public service),NA,NA,GWh,TO,2045,0.03107
Energy supply and use,Power generation by type,Bioelectricity,Cogeneration (biomethane plants),Electricity generation (public service),NA,NA,GWh,TO,2050,0.41881
Energy supply and use,Power generation by type,Bioelectricity,Cogeneration (ethanol plants),Electricity generation (public service),NA,NA,GWh,AC,2025,0.1553
Energy supply and use,Power generation by type,Bioelectricity,Cogeneration (ethanol plants),Electricity generation (public service),NA,NA,GWh,AC,2030,0.49563
Energy supply and use,Power generation by type,Bioelectricity,Cogeneration (ethanol plants),Electricity generation (public service),NA,NA,GWh,AC,2035,0.57311
Energy supply and use,Power generation by type,Bioelectricity,Cogeneration (ethanol plants),Electricity generation (public service),NA,NA,GWh,AC,2040,0.524
Energy supply and use,Power generation by type,Bioelectricity,Cogeneration (ethanol plants),Electricity generation (public service),NA,NA,GWh,AC,2045,0.50711
Energy supply and use,Power generation by type,Bioelectricity,Cogeneration (ethanol plants),Electricity generation (public service),NA,NA,GWh,AC,2050,0.54565
Energy supply and use,Power generation by type,Bioelectricity,Cogeneration (ethanol plants),Electricity generation (public service),NA,NA,GWh,AL,2025,14.16036
Energy supply and use,Power generation by type,Bioelectricity,Cogeneration (ethanol plants),Electricity generation (public service),NA,NA,GWh,AL,2030,18.85081
Energy supply and use,Power generation by type,Bioelectricity,Cogeneration (ethanol plants),Electricity generation (public service),NA,NA,GWh,AL,2035,19.16424
Energy supply and use,Power generation by type,Bioelectricity,Cogeneration (ethanol plants),Electricity generation (public service),NA,NA,GWh,AL,2040,19.01085
Energy supply and use,Power generation by type,Bioelectricity,Cogeneration (ethanol plants),Electricity generation (public service),NA,NA,GWh,AL,2045,19.02729
Energy supply and use,Power generation by type,Bioelectricity,Cogeneration (ethanol plants),Electricity generation (public service),NA,NA,GWh,AL,2050,3.88798
Energy supply and use,Power generation by type,Bioelectricity,Cogeneration (ethanol plants),Electricity generation (public service),NA,NA,GWh,AM,2025,0.11323
Energy supply and use,Power generation by type,Bioelectricity,Cogeneration (ethanol plants),Electricity generation (public service),NA,NA,GWh,AM,2030,0.34063
Energy supply and use,Power generation by type,Bioelectricity,Cogeneration (ethanol plants),Electricity generation (public service),NA,NA,GWh,AM,2035,0.48738
Energy supply and use,Power generation by type,Bioelectricity,Cogeneration (ethanol plants),Electricity generation (public service),NA,NA,GWh,AM,2040,0.43975
Energy supply and use,Power generation by type,Bioelectricity,Cogeneration (ethanol plants),Electricity generation (public service),NA,NA,GWh,AM,2045,0.43344
Energy supply and use,Power generation by type,Bioelectricity,Cogeneration (ethanol plants),Electricity generation (public service),NA,NA,GWh,AM,2050,0.29871
Energy supply and use,Power generation by type,Bioelectricity,Cogeneration (ethanol plants),Electricity generation (public service),NA,NA,GWh,BA,2025,7.30652
Energy supply and use,Power generation by type,Bioelectricity,Cogeneration (ethanol plants),Electricity generation (public service),NA,NA,GWh,BA,2030,15.0722
Energy supply and use,Power generation by type,Bioelectricity,Cogeneration (ethanol plants),Electricity generation (public service),NA,NA,GWh,BA,2035,508.55202
Energy supply and use,Power generation by type,Bioelectricity,Cogeneration (ethanol plants),Electricity generation (public service),NA,NA,GWh,BA,2040,560.504
Energy supply and use,Power generation by type,Bioelectricity,Cogeneration (ethanol plants),Electricity generation (public service),NA,NA,GWh,BA,2045,1087.0212
Energy supply and use,Power generation by type,Bioelectricity,Cogeneration (ethanol plants),Electricity generation (public service),NA,NA,GWh,BA,2050,597.68435
Energy supply and use,Power generation by type,Bioelectricity,Cogeneration (ethanol plants),Electricity generation (public service),NA,NA,GWh,CE,2025,2.31489
Energy supply and use,Power generation by type,Bioelectricity,Cogeneration (ethanol plants),Electricity generation (public service),NA,NA,GWh,CE,2030,8.49604
Energy supply and use,Power generation by type,Bioelectricity,Cogeneration (ethanol plants),Electricity generation (public service),NA,NA,GWh,CE,2035,15.78427
Energy supply and use,Power generation by type,Bioelectricity,Cogeneration (ethanol plants),Electricity generation (public service),NA,NA,GWh,CE,2040,65.35258
Energy supply and use,Power generation by type,Bioelectricity,Cogeneration (ethanol plants),Electricity generation (public service),NA,NA,GWh,CE,2045,65.3907
Energy supply and use,Power generation by type,Bioelectricity,Cogeneration (ethanol plants),Electricity generation (public service),NA,NA,GWh,CE,2050,17.5391
Energy supply and use,Power generation by type,Bioelectricity,Cogeneration (ethanol plants),Electricity generation (public service),NA,NA,GWh,DF,2025,0.55967
Energy supply and use,Power generation by type,Bioelectricity,Cogeneration (ethanol plants),Electricity generation (public service),NA,NA,GWh,DF,2030,1.81571
Energy supply and use,Power generation by type,Bioelectricity,Cogeneration (ethanol plants),Electricity generation (public service),NA,NA,GWh,DF,2035,2.72035
Energy supply and use,Power generation by type,Bioelectricity,Cogeneration (ethanol plants),Electricity generation (public service),NA,NA,GWh,DF,2040,2.93222
Energy supply and use,Power generation by type,Bioelectricity,Cogeneration (ethanol plants),Electricity generation (public service),NA,NA,GWh,DF,2045,3.34566
Energy supply and use,Power generation by type,Bioelectricity,Cogeneration (ethanol plants),Electricity generation (public service),NA,NA,GWh,DF,2050,3.2992
Energy supply and use,Power generation by type,Bioelectricity,Cogeneration (ethanol plants),Electricity generation (public service),NA,NA,GWh,ES,2025,8.67321
Energy supply and use,Power generation by type,Bioelectricity,Cogeneration (ethanol plants),Electricity generation (public service),NA,NA,GWh,ES,2030,23.62761
Energy supply and use,Power generation by type,Bioelectricity,Cogeneration (ethanol plants),Electricity generation (public service),NA,NA,GWh,ES,2035,55.82197
Energy supply and use,Power generation by type,Bioelectricity,Cogeneration (ethanol plants),Electricity generation (public service),NA,NA,GWh,ES,2040,73.88858
Energy supply and use,Power generation by type,Bioelectricity,Cogeneration (ethanol plants),Electricity generation (public service),NA,NA,GWh,ES,2045,268.04685
Energy supply and use,Power generation by type,Bioelectricity,Cogeneration (ethanol plants),Electricity generation (public service),NA,NA,GWh,ES,2050,279.61117
Energy supply and use,Power generation by type,Bioelectricity,Cogeneration (ethanol plants),Electricity generation (public service),NA,NA,GWh,GO,2025,977.72894
Energy supply and use,Power generation by type,Bioelectricity,Cogeneration (ethanol plants),Electricity generation (public service),NA,NA,GWh,GO,2030,975.94724
Energy supply and use,Power generation by type,Bioelectricity,Cogeneration (ethanol plants),Electricity generation (public service),NA,NA,GWh,GO,2035,451.59031
Energy supply and use,Power generation by type,Bioelectricity,Cogeneration (ethanol plants),Electricity generation (public service),NA,NA,GWh,GO,2040,414.1249
Energy supply and use,Power generation by type,Bioelectricity,Cogeneration (ethanol plants),Electricity generation (public service),NA,NA,GWh,GO,2045,3064.53393
Energy supply and use,Power generation by type,Bioelectricity,Cogeneration (ethanol plants),Electricity generation (public service),NA,NA,GWh,GO,2050,3908.15899
Energy supply and use,Power generation by type,Bioelectricity,Cogeneration (ethanol plants),Electricity generation (public service),NA,NA,GWh,MA,2025,6.38858
Energy supply and use,Power generation by type,Bioelectricity,Cogeneration (ethanol plants),Electricity generation (public service),NA,NA,GWh,MA,2030,9.57405
Energy supply and use,Power generation by type,Bioelectricity,Cogeneration (ethanol plants),Electricity generation (public service),NA,NA,GWh,MA,2035,19.26589
Energy supply and use,Power generation by type,Bioelectricity,Cogeneration (ethanol plants),Electricity generation (public service),NA,NA,GWh,MA,2040,19.46541
Energy supply and use,Power generation by type,Bioelectricity,Cogeneration (ethanol plants),Electricity generation (public service),NA,NA,GWh,MA,2045,33.03982
Energy supply and use,Power generation by type,Bioelectricity,Cogeneration (ethanol plants),Electricity generation (public service),NA,NA,GWh,MA,2050,13.31874
Energy supply and use,Power generation by type,Bioelectricity,Cogeneration (ethanol plants),Electricity generation (public service),NA,NA,GWh,MG,2025,17.86362
Energy supply and use,Power generation by type,Bioelectricity,Cogeneration (ethanol plants),Electricity generation (public service),NA,NA,GWh,MG,2030,10.18638
Energy supply and use,Power generation by type,Bioelectricity,Cogeneration (ethanol plants),Electricity generation (public service),NA,NA,GWh,MG,2035,654.05625
Energy supply and use,Power generation by type,Bioelectricity,Cogeneration (ethanol plants),Electricity generation (public service),NA,NA,GWh,MG,2040,655.66024
Energy supply and use,Power generation by type,Bioelectricity,Cogeneration (ethanol plants),Electricity generation (public service),NA,NA,GWh,MG,2045,1008.52389
Energy supply and use,Power generation by type,Bioelectricity,Cogeneration (ethanol plants),Electricity generation (public service),NA,NA,GWh,MG,2050,3753.63725
Energy supply and use,Power generation by type,Bioelectricity,Cogeneration (ethanol plants),Electricity generation (public service),NA,NA,GWh,MS,2025,700.51067
Energy supply and use,Power generation by type,Bioelectricity,Cogeneration (ethanol plants),Electricity generation (public service),NA,NA,GWh,MS,2030,835.95856
Energy supply and use,Power generation by type,Bioelectricity,Cogeneration (ethanol plants),Electricity generation (public service),NA,NA,GWh,MS,2035,3617.43776
Energy supply and use,Power generation by type,Bioelectricity,Cogeneration (ethanol plants),Electricity generation (public service),NA,NA,GWh,MS,2040,5577.32031
Energy supply and use,Power generation by type,Bioelectricity,Cogeneration (ethanol plants),Electricity generation (public service),NA,NA,GWh,MS,2045,7810.00768
Energy supply and use,Power generation by type,Bioelectricity,Cogeneration (ethanol plants),Electricity generation (public service),NA,NA,GWh,MS,2050,10932.89122
Energy supply and use,Power generation by type,Bioelectricity,Cogeneration (ethanol plants),Electricity generation (public service),NA,NA,GWh,MT,2025,2358.6315
Energy supply and use,Power generation by type,Bioelectricity,Cogeneration (ethanol plants),Electricity generation (public service),NA,NA,GWh,MT,2030,1056.10246
Energy supply and use,Power generation by type,Bioelectricity,Cogeneration (ethanol plants),Electricity generation (public service),NA,NA,GWh,MT,2035,3733.77647
Energy supply and use,Power generation by type,Bioelectricity,Cogeneration (ethanol plants),Electricity generation (public service),NA,NA,GWh,MT,2040,6596.09285
Energy supply and use,Power generation by type,Bioelectricity,Cogeneration (ethanol plants),Electricity generation (public service),NA,NA,GWh,MT,2045,6578.67557
Energy supply and use,Power generation by type,Bioelectricity,Cogeneration (ethanol plants),Electricity generation (public service),NA,NA,GWh,MT,2050,6288.24912
Energy supply and use,Power generation by type,Bioelectricity,Cogeneration (ethanol plants),Electricity generation (public service),NA,NA,GWh,PA,2025,0.45045
Energy supply and use,Power generation by type,Bioelectricity,Cogeneration (ethanol plants),Electricity generation (public service),NA,NA,GWh,PA,2030,0.87997
Energy supply and use,Power generation by type,Bioelectricity,Cogeneration (ethanol plants),Electricity generation (public service),NA,NA,GWh,PA,2035,1.02277
Energy supply and use,Power generation by type,Bioelectricity,Cogeneration (ethanol plants),Electricity generation (public service),NA,NA,GWh,PA,2040,0.98627
Energy supply and use,Power generation by type,Bioelectricity,Cogeneration (ethanol plants),Electricity generation (public service),NA,NA,GWh,PA,2045,0.96399
Energy supply and use,Power generation by type,Bioelectricity,Cogeneration (ethanol plants),Electricity generation (public service),NA,NA,GWh,PA,2050,0.86484
Energy supply and use,Power generation by type,Bioelectricity,Cogeneration (ethanol plants),Electricity generation (public service),NA,NA,GWh,PB,2025,6.00897
Energy supply and use,Power generation by type,Bioelectricity,Cogeneration (ethanol plants),Electricity generation (public service),NA,NA,GWh,PB,2030,83.25648
Energy supply and use,Power generation by type,Bioelectricity,Cogeneration (ethanol plants),Electricity generation (public service),NA,NA,GWh,PB,2035,84.02269
Energy supply and use,Power generation by type,Bioelectricity,Cogeneration (ethanol plants),Electricity generation (public service),NA,NA,GWh,PB,2040,83.97569
Energy supply and use,Power generation by type,Bioelectricity,Cogeneration (ethanol plants),Electricity generation (public service),NA,NA,GWh,PB,2045,83.96237
Energy supply and use,Power generation by type,Bioelectricity,Cogeneration (ethanol plants),Electricity generation (public service),NA,NA,GWh,PB,2050,18.66341
Energy supply and use,Power generation by type,Bioelectricity,Cogeneration (ethanol plants),Electricity generation (public service),NA,NA,GWh,PE,2025,11.53897
Energy supply and use,Power generation by type,Bioelectricity,Cogeneration (ethanol plants),Electricity generation (public service),NA,NA,GWh,PE,2030,169.86262
Energy supply and use,Power generation by type,Bioelectricity,Cogeneration (ethanol plants),Electricity generation (public service),NA,NA,GWh,PE,2035,192.19614
Energy supply and use,Power generation by type,Bioelectricity,Cogeneration (ethanol plants),Electricity generation (public service),NA,NA,GWh,PE,2040,192.13609
Energy supply and use,Power generation by type,Bioelectricity,Cogeneration (ethanol plants),Electricity generation (public service),NA,NA,GWh,PE,2045,192.14095
Energy supply and use,Power generation by type,Bioelectricity,Cogeneration (ethanol plants),Electricity generation (public service),NA,NA,GWh,PE,2050,54.5306
Energy supply and use,Power generation by type,Bioelectricity,Cogeneration (ethanol plants),Electricity generation (public service),NA,NA,GWh,PI,2025,4.46417
Energy supply and use,Power generation by type,Bioelectricity,Cogeneration (ethanol plants),Electricity generation (public service),NA,NA,GWh,PI,2030,7.94568
Energy supply and use,Power generation by type,Bioelectricity,Cogeneration (ethanol plants),Electricity generation (public service),NA,NA,GWh,PI,2035,17.14632
Energy supply and use,Power generation by type,Bioelectricity,Cogeneration (ethanol plants),Electricity generation (public service),NA,NA,GWh,PI,2040,17.72246
Energy supply and use,Power generation by type,Bioelectricity,Cogeneration (ethanol plants),Electricity generation (public service),NA,NA,GWh,PI,2045,18.20535
Energy supply and use,Power generation by type,Bioelectricity,Cogeneration (ethanol plants),Electricity generation (public service),NA,NA,GWh,PI,2050,10.48673
Energy supply and use,Power generation by type,Bioelectricity,Cogeneration (ethanol plants),Electricity generation (public service),NA,NA,GWh,PR,2025,6.61473
Energy supply and use,Power generation by type,Bioelectricity,Cogeneration (ethanol plants),Electricity generation (public service),NA,NA,GWh,PR,2030,3.22577
Energy supply and use,Power generation by type,Bioelectricity,Cogeneration (ethanol plants),Electricity generation (public service),NA,NA,GWh,PR,2035,221.79983
Energy supply and use,Power generation by type,Bioelectricity,Cogeneration (ethanol plants),Electricity generation (public service),NA,NA,GWh,PR,2040,225.30292
Energy supply and use,Power generation by type,Bioelectricity,Cogeneration (ethanol plants),Electricity generation (public service),NA,NA,GWh,PR,2045,251.15123
Energy supply and use,Power generation by type,Bioelectricity,Cogeneration (ethanol plants),Electricity generation (public service),NA,NA,GWh,PR,2050,1933.49198
Energy supply and use,Power generation by type,Bioelectricity,Cogeneration (ethanol plants),Electricity generation (public service),NA,NA,GWh,RJ,2025,30.9021
Energy supply and use,Power generation by type,Bioelectricity,Cogeneration (ethanol plants),Electricity generation (public service),NA,NA,GWh,RJ,2030,55.81997
Energy supply and use,Power generation by type,Bioelectricity,Cogeneration (ethanol plants),Electricity generation (public service),NA,NA,GWh,RJ,2035,101.69239
Energy supply and use,Power generation by type,Bioelectricity,Cogeneration (ethanol plants),Electricity generation (public service),NA,NA,GWh,RJ,2040,101.65845
Energy supply and use,Power generation by type,Bioelectricity,Cogeneration (ethanol plants),Electricity generation (public service),NA,NA,GWh,RJ,2045,101.66954
Energy supply and use,Power generation by type,Bioelectricity,Cogeneration (ethanol plants),Electricity generation (public service),NA,NA,GWh,RJ,2050,52.71976
Energy supply and use,Power generation by type,Bioelectricity,Cogeneration (ethanol plants),Electricity generation (public service),NA,NA,GWh,RN,2025,4.86388
Energy supply and use,Power generation by type,Bioelectricity,Cogeneration (ethanol plants),Electricity generation (public service),NA,NA,GWh,RN,2030,70.52958
Energy supply and use,Power generation by type,Bioelectricity,Cogeneration (ethanol plants),Electricity generation (public service),NA,NA,GWh,RN,2035,108.37253
Energy supply and use,Power generation by type,Bioelectricity,Cogeneration (ethanol plants),Electricity generation (public service),NA,NA,GWh,RN,2040,108.55262
Energy supply and use,Power generation by type,Bioelectricity,Cogeneration (ethanol plants),Electricity generation (public service),NA,NA,GWh,RN,2045,108.59294
Energy supply and use,Power generation by type,Bioelectricity,Cogeneration (ethanol plants),Electricity generation (public service),NA,NA,GWh,RN,2050,41.16724
Energy supply and use,Power generation by type,Bioelectricity,Cogeneration (ethanol plants),Electricity generation (public service),NA,NA,GWh,RO,2025,0.41605
Energy supply and use,Power generation by type,Bioelectricity,Cogeneration (ethanol plants),Electricity generation (public service),NA,NA,GWh,RO,2030,0.8408
Energy supply and use,Power generation by type,Bioelectricity,Cogeneration (ethanol plants),Electricity generation (public service),NA,NA,GWh,RO,2035,0.94242
Energy supply and use,Power generation by type,Bioelectricity,Cogeneration (ethanol plants),Electricity generation (public service),NA,NA,GWh,RO,2040,0.90694
Energy supply and use,Power generation by type,Bioelectricity,Cogeneration (ethanol plants),Electricity generation (public service),NA,NA,GWh,RO,2045,0.88751
Energy supply and use,Power generation by type,Bioelectricity,Cogeneration (ethanol plants),Electricity generation (public service),NA,NA,GWh,RO,2050,0.82701
Energy supply and use,Power generation by type,Bioelectricity,Cogeneration (ethanol plants),Electricity generation (public service),NA,NA,GWh,RR,2025,0.15951
Energy supply and use,Power generation by type,Bioelectricity,Cogeneration (ethanol plants),Electricity generation (public service),NA,NA,GWh,RR,2030,0.49076
Energy supply and use,Power generation by type,Bioelectricity,Cogeneration (ethanol plants),Electricity generation (public service),NA,NA,GWh,RR,2035,0.57731
Energy supply and use,Power generation by type,Bioelectricity,Cogeneration (ethanol plants),Electricity generation (public service),NA,NA,GWh,RR,2040,0.53073
Energy supply and use,Power generation by type,Bioelectricity,Cogeneration (ethanol plants),Electricity generation (public service),NA,NA,GWh,RR,2045,0.51457
Energy supply and use,Power generation by type,Bioelectricity,Cogeneration (ethanol plants),Electricity generation (public service),NA,NA,GWh,RR,2050,0.55885
Energy supply and use,Power generation by type,Bioelectricity,Cogeneration (ethanol plants),Electricity generation (public service),NA,NA,GWh,RS,2025,1.4592
Energy supply and use,Power generation by type,Bioelectricity,Cogeneration (ethanol plants),Electricity generation (public service),NA,NA,GWh,RS,2030,1.93373
Energy supply and use,Power generation by type,Bioelectricity,Cogeneration (ethanol plants),Electricity generation (public service),NA,NA,GWh,RS,2035,7.54983
Energy supply and use,Power generation by type,Bioelectricity,Cogeneration (ethanol plants),Electricity generation (public service),NA,NA,GWh,RS,2040,7.82537
Energy supply and use,Power generation by type,Bioelectricity,Cogeneration (ethanol plants),Electricity generation (public service),NA,NA,GWh,RS,2045,8.56909
Energy supply and use,Power generation by type,Bioelectricity,Cogeneration (ethanol plants),Electricity generation (public service),NA,NA,GWh,RS,2050,52.00133
Energy supply and use,Power generation by type,Bioelectricity,Cogeneration (ethanol plants),Electricity generation (public service),NA,NA,GWh,SC,2025,0.97764
Energy supply and use,Power generation by type,Bioelectricity,Cogeneration (ethanol plants),Electricity generation (public service),NA,NA,GWh,SC,2030,1.92213
Energy supply and use,Power generation by type,Bioelectricity,Cogeneration (ethanol plants),Electricity generation (public service),NA,NA,GWh,SC,2035,9.35445
Energy supply and use,Power generation by type,Bioelectricity,Cogeneration (ethanol plants),Electricity generation (public service),NA,NA,GWh,SC,2040,9.82243
Energy supply and use,Power generation by type,Bioelectricity,Cogeneration (ethanol plants),Electricity generation (public service),NA,NA,GWh,SC,2045,10.59085
Energy supply and use,Power generation by type,Bioelectricity,Cogeneration (ethanol plants),Electricity generation (public service),NA,NA,GWh,SC,2050,26.01897
Energy supply and use,Power generation by type,Bioelectricity,Cogeneration (ethanol plants),Electricity generation (public service),NA,NA,GWh,SE,2025,3.19467
Energy supply and use,Power generation by type,Bioelectricity,Cogeneration (ethanol plants),Electricity generation (public service),NA,NA,GWh,SE,2030,5.92961
Energy supply and use,Power generation by type,Bioelectricity,Cogeneration (ethanol plants),Electricity generation (public service),NA,NA,GWh,SE,2035,30.17223
Energy supply and use,Power generation by type,Bioelectricity,Cogeneration (ethanol plants),Electricity generation (public service),NA,NA,GWh,SE,2040,30.24729
Energy supply and use,Power generation by type,Bioelectricity,Cogeneration (ethanol plants),Electricity generation (public service),NA,NA,GWh,SE,2045,30.44319
Energy supply and use,Power generation by type,Bioelectricity,Cogeneration (ethanol plants),Electricity generation (public service),NA,NA,GWh,SE,2050,25.55458
Energy supply and use,Power generation by type,Bioelectricity,Cogeneration (ethanol plants),Electricity generation (public service),NA,NA,GWh,SP,2025,467.10172
Energy supply and use,Power generation by type,Bioelectricity,Cogeneration (ethanol plants),Electricity generation (public service),NA,NA,GWh,SP,2030,539.59942
Energy supply and use,Power generation by type,Bioelectricity,Cogeneration (ethanol plants),Electricity generation (public service),NA,NA,GWh,SP,2035,1731.7031
Energy supply and use,Power generation by type,Bioelectricity,Cogeneration (ethanol plants),Electricity generation (public service),NA,NA,GWh,SP,2040,4779.69436
Energy supply and use,Power generation by type,Bioelectricity,Cogeneration (ethanol plants),Electricity generation (public service),NA,NA,GWh,SP,2045,7427.58862
Energy supply and use,Power generation by type,Bioelectricity,Cogeneration (ethanol plants),Electricity generation (public service),NA,NA,GWh,SP,2050,7206.71258
Energy supply and use,Power generation by type,Bioelectricity,Cogeneration (ethanol plants),Electricity generation (public service),NA,NA,GWh,TO,2025,6.2096
Energy supply and use,Power generation by type,Bioelectricity,Cogeneration (ethanol plants),Electricity generation (public service),NA,NA,GWh,TO,2030,2.81098
Energy supply and use,Power generation by type,Bioelectricity,Cogeneration (ethanol plants),Electricity generation (public service),NA,NA,GWh,TO,2035,3.51138
Energy supply and use,Power generation by type,Bioelectricity,Cogeneration (ethanol plants),Electricity generation (public service),NA,NA,GWh,TO,2040,3.51784
Energy supply and use,Power generation by type,Bioelectricity,Cogeneration (ethanol plants),Electricity generation (public service),NA,NA,GWh,TO,2045,3.52033
Energy supply and use,Power generation by type,Bioelectricity,Cogeneration (ethanol plants),Electricity generation (public service),NA,NA,GWh,TO,2050,3.38172
Energy supply and use,Power generation by type,Bioelectricity,Dedicated wood,Electricity generation (public service),NA,NA,GWh,BA,2025,8.33229
Energy supply and use,Power generation by type,Bioelectricity,Dedicated wood,Electricity generation (public service),NA,NA,GWh,BA,2030,7.9089
Energy supply and use,Power generation by type,Bioelectricity,Dedicated wood,Electricity generation (public service),NA,NA,GWh,BA,2035,7.15593
Energy supply and use,Power generation by type,Bioelectricity,Dedicated wood,Electricity generation (public service),NA,NA,GWh,BA,2040,7.41419
Energy supply and use,Power generation by type,Bioelectricity,Dedicated wood,Electricity generation (public service),NA,NA,GWh,BA,2045,6.85685
Energy supply and use,Power generation by type,Bioelectricity,Dedicated wood,Electricity generation (public service),NA,NA,GWh,BA,2050,32.55024
Energy supply and use,Power generation by type,Bioelectricity,Dedicated wood,Electricity generation (public service),NA,NA,GWh,CE,2025,3.85333
Energy supply and use,Power generation by type,Bioelectricity,Dedicated wood,Electricity generation (public service),NA,NA,GWh,CE,2030,7.34783
Energy supply and use,Power generation by type,Bioelectricity,Dedicated wood,Electricity generation (public service),NA,NA,GWh,CE,2035,13.44084
Energy supply and use,Power generation by type,Bioelectricity,Dedicated wood,Electricity generation (public service),NA,NA,GWh,CE,2040,19.62525
Energy supply and use,Power generation by type,Bioelectricity,Dedicated wood,Electricity generation (public service),NA,NA,GWh,CE,2045,17.76377
Energy supply and use,Power generation by type,Bioelectricity,Dedicated wood,Electricity generation (public service),NA,NA,GWh,CE,2050,10.8738
Energy supply and use,Power generation by type,Bioelectricity,Dedicated wood,Electricity generation (public service),NA,NA,GWh,DF,2025,18.2124
Energy supply and use,Power generation by type,Bioelectricity,Dedicated wood,Electricity generation (public service),NA,NA,GWh,DF,2030,608.01776
Energy supply and use,Power generation by type,Bioelectricity,Dedicated wood,Electricity generation (public service),NA,NA,GWh,DF,2035,635.4459
Energy supply and use,Power generation by type,Bioelectricity,Dedicated wood,Electricity generation (public service),NA,NA,GWh,DF,2040,722.23522
Energy supply and use,Power generation by type,Bioelectricity,Dedicated wood,Electricity generation (public service),NA,NA,GWh,DF,2045,713.40487
Energy supply and use,Power generation by type,Bioelectricity,Dedicated wood,Electricity generation (public service),NA,NA,GWh,DF,2050,669.00699
Energy supply and use,Power generation by type,Bioelectricity,Dedicated wood,Electricity generation (public service),NA,NA,GWh,ES,2025,12.89569
Energy supply and use,Power generation by type,Bioelectricity,Dedicated wood,Electricity generation (public service),NA,NA,GWh,ES,2030,94.64727
Energy supply and use,Power generation by type,Bioelectricity,Dedicated wood,Electricity generation (public service),NA,NA,GWh,ES,2035,92.49387
Energy supply and use,Power generation by type,Bioelectricity,Dedicated wood,Electricity generation (public service),NA,NA,GWh,ES,2040,123.36095
Energy supply and use,Power generation by type,Bioelectricity,Dedicated wood,Electricity generation (public service),NA,NA,GWh,ES,2045,119.60803
Energy supply and use,Power generation by type,Bioelectricity,Dedicated wood,Electricity generation (public service),NA,NA,GWh,ES,2050,102.4622
Energy supply and use,Power generation by type,Bioelectricity,Dedicated wood,Electricity generation (public service),NA,NA,GWh,GO,2025,24.45226
Energy supply and use,Power generation by type,Bioelectricity,Dedicated wood,Electricity generation (public service),NA,NA,GWh,GO,2030,2121.52418
Energy supply and use,Power generation by type,Bioelectricity,Dedicated wood,Electricity generation (public service),NA,NA,GWh,GO,2035,2056.26755
Energy supply and use,Power generation by type,Bioelectricity,Dedicated wood,Electricity generation (public service),NA,NA,GWh,GO,2040,8519.49964
Energy supply and use,Power generation by type,Bioelectricity,Dedicated wood,Electricity generation (public service),NA,NA,GWh,GO,2045,8106.06696
Energy supply and use,Power generation by type,Bioelectricity,Dedicated wood,Electricity generation (public service),NA,NA,GWh,GO,2050,9054.06657
Energy supply and use,Power generation by type,Bioelectricity,Dedicated wood,Electricity generation (public service),NA,NA,GWh,MA,2025,0.89773
Energy supply and use,Power generation by type,Bioelectricity,Dedicated wood,Electricity generation (public service),NA,NA,GWh,MA,2030,0.0948
Energy supply and use,Power generation by type,Bioelectricity,Dedicated wood,Electricity generation (public service),NA,NA,GWh,MA,2035,0.12838
Energy supply and use,Power generation by type,Bioelectricity,Dedicated wood,Electricity generation (public service),NA,NA,GWh,MA,2040,0.16849
Energy supply and use,Power generation by type,Bioelectricity,Dedicated wood,Electricity generation (public service),NA,NA,GWh,MA,2045,0.1795
Energy supply and use,Power generation by type,Bioelectricity,Dedicated wood,Electricity generation (public service),NA,NA,GWh,MA,2050,1.44008
Energy supply and use,Power generation by type,Bioelectricity,Dedicated wood,Electricity generation (public service),NA,NA,GWh,MG,2025,20.3043
Energy supply and use,Power generation by type,Bioelectricity,Dedicated wood,Electricity generation (public service),NA,NA,GWh,MG,2030,19.37947
Energy supply and use,Power generation by type,Bioelectricity,Dedicated wood,Electricity generation (public service),NA,NA,GWh,MG,2035,34.73739
Energy supply and use,Power generation by type,Bioelectricity,Dedicated wood,Electricity generation (public service),NA,NA,GWh,MG,2040,9636.58323
Energy supply and use,Power generation by type,Bioelectricity,Dedicated wood,Electricity generation (public service),NA,NA,GWh,MG,2045,14608.78148
Energy supply and use,Power generation by type,Bioelectricity,Dedicated wood,Electricity generation (public service),NA,NA,GWh,MG,2050,16566.58546
Energy supply and use,Power generation by type,Bioelectricity,Dedicated wood,Electricity generation (public service),NA,NA,GWh,MS,2025,31.96648
Energy supply and use,Power generation by type,Bioelectricity,Dedicated wood,Electricity generation (public service),NA,NA,GWh,MS,2030,4034.13017
Energy supply and use,Power generation by type,Bioelectricity,Dedicated wood,Electricity generation (public service),NA,NA,GWh,MS,2035,3843.18395
Energy supply and use,Power generation by type,Bioelectricity,Dedicated wood,Electricity generation (public service),NA,NA,GWh,MS,2040,7838.73076
Energy supply and use,Power generation by type,Bioelectricity,Dedicated wood,Electricity generation (public service),NA,NA,GWh,MS,2045,7742.00944
Energy supply and use,Power generation by type,Bioelectricity,Dedicated wood,Electricity generation (public service),NA,NA,GWh,MS,2050,7475.64742
Energy supply and use,Power generation by type,Bioelectricity,Dedicated wood,Electricity generation (public service),NA,NA,GWh,MT,2025,20.40418
Energy supply and use,Power generation by type,Bioelectricity,Dedicated wood,Electricity generation (public service),NA,NA,GWh,MT,2030,19.40264
Energy supply and use,Power generation by type,Bioelectricity,Dedicated wood,Electricity generation (public service),NA,NA,GWh,MT,2035,16.34899
Energy supply and use,Power generation by type,Bioelectricity,Dedicated wood,Electricity generation (public service),NA,NA,GWh,MT,2040,18.03411
Energy supply and use,Power generation by type,Bioelectricity,Dedicated wood,Electricity generation (public service),NA,NA,GWh,MT,2045,32.68349
Energy supply and use,Power generation by type,Bioelectricity,Dedicated wood,Electricity generation (public service),NA,NA,GWh,MT,2050,270.0725
Energy supply and use,Power generation by type,Bioelectricity,Dedicated wood,Electricity generation (public service),NA,NA,GWh,PA,2025,0.39763
Energy supply and use,Power generation by type,Bioelectricity,Dedicated wood,Electricity generation (public service),NA,NA,GWh,PA,2030,0.17129
Energy supply and use,Power generation by type,Bioelectricity,Dedicated wood,Electricity generation (public service),NA,NA,GWh,PA,2035,0.13518
Energy supply and use,Power generation by type,Bioelectricity,Dedicated wood,Electricity generation (public service),NA,NA,GWh,PA,2040,0.16453
Energy supply and use,Power generation by type,Bioelectricity,Dedicated wood,Electricity generation (public service),NA,NA,GWh,PA,2045,0.16016
Energy supply and use,Power generation by type,Bioelectricity,Dedicated wood,Electricity generation (public service),NA,NA,GWh,PA,2050,0.32966
Energy supply and use,Power generation by type,Bioelectricity,Dedicated wood,Electricity generation (public service),NA,NA,GWh,PE,2025,2.6911
Energy supply and use,Power generation by type,Bioelectricity,Dedicated wood,Electricity generation (public service),NA,NA,GWh,PE,2030,4.059
Energy supply and use,Power generation by type,Bioelectricity,Dedicated wood,Electricity generation (public service),NA,NA,GWh,PE,2035,3.69598
Energy supply and use,Power generation by type,Bioelectricity,Dedicated wood,Electricity generation (public service),NA,NA,GWh,PE,2040,3.80216
Energy supply and use,Power generation by type,Bioelectricity,Dedicated wood,Electricity generation (public service),NA,NA,GWh,PE,2045,3.61598
Energy supply and use,Power generation by type,Bioelectricity,Dedicated wood,Electricity generation (public service),NA,NA,GWh,PE,2050,5.08631
Energy supply and use,Power generation by type,Bioelectricity,Dedicated wood,Electricity generation (public service),NA,NA,GWh,PI,2025,2.11266
Energy supply and use,Power generation by type,Bioelectricity,Dedicated wood,Electricity generation (public service),NA,NA,GWh,PI,2030,0.52305
Energy supply and use,Power generation by type,Bioelectricity,Dedicated wood,Electricity generation (public service),NA,NA,GWh,PI,2035,0.55513
Energy supply and use,Power generation by type,Bioelectricity,Dedicated wood,Electricity generation (public service),NA,NA,GWh,PI,2040,0.56838
Energy supply and use,Power generation by type,Bioelectricity,Dedicated wood,Electricity generation (public service),NA,NA,GWh,PI,2045,0.43498
Energy supply and use,Power generation by type,Bioelectricity,Dedicated wood,Electricity generation (public service),NA,NA,GWh,PI,2050,2.33409
Energy supply and use,Power generation by type,Bioelectricity,Dedicated wood,Electricity generation (public service),NA,NA,GWh,PR,2025,26.04112
Energy supply and use,Power generation by type,Bioelectricity,Dedicated wood,Electricity generation (public service),NA,NA,GWh,PR,2030,1793.13481
Energy supply and use,Power generation by type,Bioelectricity,Dedicated wood,Electricity generation (public service),NA,NA,GWh,PR,2035,3510.18348
Energy supply and use,Power generation by type,Bioelectricity,Dedicated wood,Electricity generation (public service),NA,NA,GWh,PR,2040,11382.22139
Energy supply and use,Power generation by type,Bioelectricity,Dedicated wood,Electricity generation (public service),NA,NA,GWh,PR,2045,16068.44241
Energy supply and use,Power generation by type,Bioelectricity,Dedicated wood,Electricity generation (public service),NA,NA,GWh,PR,2050,17885.52173
Energy supply and use,Power generation by type,Bioelectricity,Dedicated wood,Electricity generation (public service),NA,NA,GWh,RJ,2025,2.27755
Energy supply and use,Power generation by type,Bioelectricity,Dedicated wood,Electricity generation (public service),NA,NA,GWh,RJ,2030,3.58435
Energy supply and use,Power generation by type,Bioelectricity,Dedicated wood,Electricity generation (public service),NA,NA,GWh,RJ,2035,3.13318
Energy supply and use,Power generation by type,Bioelectricity,Dedicated wood,Electricity generation (public service),NA,NA,GWh,RJ,2040,3.41663
Energy supply and use,Power generation by type,Bioelectricity,Dedicated wood,Electricity generation (public service),NA,NA,GWh,RJ,2045,3.10307
Energy supply and use,Power generation by type,Bioelectricity,Dedicated wood,Electricity generation (public service),NA,NA,GWh,RJ,2050,1.53574
Energy supply and use,Power generation by type,Bioelectricity,Dedicated wood,Electricity generation (public service),NA,NA,GWh,RO,2025,1.22335
Energy supply and use,Power generation by type,Bioelectricity,Dedicated wood,Electricity generation (public service),NA,NA,GWh,RO,2030,1.69438
Energy supply and use,Power generation by type,Bioelectricity,Dedicated wood,Electricity generation (public service),NA,NA,GWh,RO,2035,0.89735
Energy supply and use,Power generation by type,Bioelectricity,Dedicated wood,Electricity generation (public service),NA,NA,GWh,RO,2040,0.87467
Energy supply and use,Power generation by type,Bioelectricity,Dedicated wood,Electricity generation (public service),NA,NA,GWh,RO,2045,0.88333
Energy supply and use,Power generation by type,Bioelectricity,Dedicated wood,Electricity generation (public service),NA,NA,GWh,RO,2050,0.79956
Energy supply and use,Power generation by type,Bioelectricity,Dedicated wood,Electricity generation (public service),NA,NA,GWh,RS,2025,28.95368
Energy supply and use,Power generation by type,Bioelectricity,Dedicated wood,Electricity generation (public service),NA,NA,GWh,RS,2030,5301.39349
Energy supply and use,Power generation by type,Bioelectricity,Dedicated wood,Electricity generation (public service),NA,NA,GWh,RS,2035,7615.21346
Energy supply and use,Power generation by type,Bioelectricity,Dedicated wood,Electricity generation (public service),NA,NA,GWh,RS,2040,17109.85083
Energy supply and use,Power generation by type,Bioelectricity,Dedicated wood,Electricity generation (public service),NA,NA,GWh,RS,2045,20824.4404
Energy supply and use,Power generation by type,Bioelectricity,Dedicated wood,Electricity generation (public service),NA,NA,GWh,RS,2050,22622.69831
Energy supply and use,Power generation by type,Bioelectricity,Dedicated wood,Electricity generation (public service),NA,NA,GWh,SC,2025,45.58109
Energy supply and use,Power generation by type,Bioelectricity,Dedicated wood,Electricity generation (public service),NA,NA,GWh,SC,2030,23834.55957
Energy supply and use,Power generation by type,Bioelectricity,Dedicated wood,Electricity generation (public service),NA,NA,GWh,SC,2035,28106.38657
Energy supply and use,Power generation by type,Bioelectricity,Dedicated wood,Electricity generation (public service),NA,NA,GWh,SC,2040,60054.9531
Energy supply and use,Power generation by type,Bioelectricity,Dedicated wood,Electricity generation (public service),NA,NA,GWh,SC,2045,62374.63629
Energy supply and use,Power generation by type,Bioelectricity,Dedicated wood,Electricity generation (public service),NA,NA,GWh,SC,2050,61156.18877
Energy supply and use,Power generation by type,Bioelectricity,Dedicated wood,Electricity generation (public service),NA,NA,GWh,SE,2025,7.45237
Energy supply and use,Power generation by type,Bioelectricity,Dedicated wood,Electricity generation (public service),NA,NA,GWh,SE,2030,9.14959
Energy supply and use,Power generation by type,Bioelectricity,Dedicated wood,Electricity generation (public service),NA,NA,GWh,SE,2035,8.52456
Energy supply and use,Power generation by type,Bioelectricity,Dedicated wood,Electricity generation (public service),NA,NA,GWh,SE,2040,11.23195
Energy supply and use,Power generation by type,Bioelectricity,Dedicated wood,Electricity generation (public service),NA,NA,GWh,SE,2045,10.25315
Energy supply and use,Power generation by type,Bioelectricity,Dedicated wood,Electricity generation (public service),NA,NA,GWh,SE,2050,16.55362
Energy supply and use,Power generation by type,Bioelectricity,Dedicated wood,Electricity generation (public service),NA,NA,GWh,SP,2025,14.93275
Energy supply and use,Power generation by type,Bioelectricity,Dedicated wood,Electricity generation (public service),NA,NA,GWh,SP,2030,13.36564
Energy supply and use,Power generation by type,Bioelectricity,Dedicated wood,Electricity generation (public service),NA,NA,GWh,SP,2035,12.26004
Energy supply and use,Power generation by type,Bioelectricity,Dedicated wood,Electricity generation (public service),NA,NA,GWh,SP,2040,4056.24899
Energy supply and use,Power generation by type,Bioelectricity,Dedicated wood,Electricity generation (public service),NA,NA,GWh,SP,2045,3765.47049
Energy supply and use,Power generation by type,Bioelectricity,Dedicated wood,Electricity generation (public service),NA,NA,GWh,SP,2050,4200.34999
Energy supply and use,Power generation by type,Bioelectricity,Dedicated wood,Electricity generation (public service),NA,NA,GWh,TO,2025,2.53617
Energy supply and use,Power generation by type,Bioelectricity,Dedicated wood,Electricity generation (public service),NA,NA,GWh,TO,2030,0.67916
Energy supply and use,Power generation by type,Bioelectricity,Dedicated wood,Electricity generation (public service),NA,NA,GWh,TO,2035,0.82879
Energy supply and use,Power generation by type,Bioelectricity,Dedicated wood,Electricity generation (public service),NA,NA,GWh,TO,2040,0.81414
Energy supply and use,Power generation by type,Bioelectricity,Dedicated wood,Electricity generation (public service),NA,NA,GWh,TO,2045,0.59817
Energy supply and use,Power generation by type,Bioelectricity,Dedicated wood,Electricity generation (public service),NA,NA,GWh,TO,2050,2.89699
Energy supply and use,Power generation by type,Bioelectricity,Dedicated wood with CCS,Electricity generation (public service),NA,NA,GWh,BA,2025,0.65262
Energy supply and use,Power generation by type,Bioelectricity,Dedicated wood with CCS,Electricity generation (public service),NA,NA,GWh,BA,2030,0.88474
Energy supply and use,Power generation by type,Bioelectricity,Dedicated wood with CCS,Electricity generation (public service),NA,NA,GWh,BA,2035,0.76828
Energy supply and use,Power generation by type,Bioelectricity,Dedicated wood with CCS,Electricity generation (public service),NA,NA,GWh,BA,2040,0.76985
Energy supply and use,Power generation by type,Bioelectricity,Dedicated wood with CCS,Electricity generation (public service),NA,NA,GWh,BA,2045,0.64919
Energy supply and use,Power generation by type,Bioelectricity,Dedicated wood with CCS,Electricity generation (public service),NA,NA,GWh,BA,2050,1.01131
Energy supply and use,Power generation by type,Bioelectricity,Dedicated wood with CCS,Electricity generation (public service),NA,NA,GWh,CE,2025,0.19129
Energy supply and use,Power generation by type,Bioelectricity,Dedicated wood with CCS,Electricity generation (public service),NA,NA,GWh,CE,2030,0.74414
Energy supply and use,Power generation by type,Bioelectricity,Dedicated wood with CCS,Electricity generation (public service),NA,NA,GWh,CE,2035,0.73544
Energy supply and use,Power generation by type,Bioelectricity,Dedicated wood with CCS,Electricity generation (public service),NA,NA,GWh,CE,2040,0.75136
Energy supply and use,Power generation by type,Bioelectricity,Dedicated wood with CCS,Electricity generation (public service),NA,NA,GWh,CE,2045,0.62927
Energy supply and use,Power generation by type,Bioelectricity,Dedicated wood with CCS,Electricity generation (public service),NA,NA,GWh,CE,2050,0.87356
Energy supply and use,Power generation by type,Bioelectricity,Dedicated wood with CCS,Electricity generation (public service),NA,NA,GWh,DF,2025,0.41155
Energy supply and use,Power generation by type,Bioelectricity,Dedicated wood with CCS,Electricity generation (public service),NA,NA,GWh,DF,2030,1.04275
Energy supply and use,Power generation by type,Bioelectricity,Dedicated wood with CCS,Electricity generation (public service),NA,NA,GWh,DF,2035,1.46511
Energy supply and use,Power generation by type,Bioelectricity,Dedicated wood with CCS,Electricity generation (public service),NA,NA,GWh,DF,2040,1.45237
Energy supply and use,Power generation by type,Bioelectricity,Dedicated wood with CCS,Electricity generation (public service),NA,NA,GWh,DF,2045,1.42801
Energy supply and use,Power generation by type,Bioelectricity,Dedicated wood with CCS,Electricity generation (public service),NA,NA,GWh,DF,2050,2.78822
Energy supply and use,Power generation by type,Bioelectricity,Dedicated wood with CCS,Electricity generation (public service),NA,NA,GWh,ES,2025,0.2333
Energy supply and use,Power generation by type,Bioelectricity,Dedicated wood with CCS,Electricity generation (public service),NA,NA,GWh,ES,2030,0.7786
Energy supply and use,Power generation by type,Bioelectricity,Dedicated wood with CCS,Electricity generation (public service),NA,NA,GWh,ES,2035,0.98978
Energy supply and use,Power generation by type,Bioelectricity,Dedicated wood with CCS,Electricity generation (public service),NA,NA,GWh,ES,2040,1.10627
Energy supply and use,Power generation by type,Bioelectricity,Dedicated wood with CCS,Electricity generation (public service),NA,NA,GWh,ES,2045,1.10646
Energy supply and use,Power generation by type,Bioelectricity,Dedicated wood with CCS,Electricity generation (public service),NA,NA,GWh,ES,2050,2.11965
Energy supply and use,Power generation by type,Bioelectricity,Dedicated wood with CCS,Electricity generation (public service),NA,NA,GWh,GO,2025,0.77288
Energy supply and use,Power generation by type,Bioelectricity,Dedicated wood with CCS,Electricity generation (public service),NA,NA,GWh,GO,2030,1.44624
Energy supply and use,Power generation by type,Bioelectricity,Dedicated wood with CCS,Electricity generation (public service),NA,NA,GWh,GO,2035,1.63419
Energy supply and use,Power generation by type,Bioelectricity,Dedicated wood with CCS,Electricity generation (public service),NA,NA,GWh,GO,2040,1.70684
Energy supply and use,Power generation by type,Bioelectricity,Dedicated wood with CCS,Electricity generation (public service),NA,NA,GWh,GO,2045,1.76131
Energy supply and use,Power generation by type,Bioelectricity,Dedicated wood with CCS,Electricity generation (public service),NA,NA,GWh,GO,2050,5.65136
Energy supply and use,Power generation by type,Bioelectricity,Dedicated wood with CCS,Electricity generation (public service),NA,NA,GWh,MA,2025,0.06273
Energy supply and use,Power generation by type,Bioelectricity,Dedicated wood with CCS,Electricity generation (public service),NA,NA,GWh,MA,2030,0.01032
Energy supply and use,Power generation by type,Bioelectricity,Dedicated wood with CCS,Electricity generation (public service),NA,NA,GWh,MA,2035,0.01294
Energy supply and use,Power generation by type,Bioelectricity,Dedicated wood with CCS,Electricity generation (public service),NA,NA,GWh,MA,2040,0.02555
Energy supply and use,Power generation by type,Bioelectricity,Dedicated wood with CCS,Electricity generation (public service),NA,NA,GWh,MA,2045,0.03021
Energy supply and use,Power generation by type,Bioelectricity,Dedicated wood with CCS,Electricity generation (public service),NA,NA,GWh,MA,2050,0.18556
Energy supply and use,Power generation by type,Bioelectricity,Dedicated wood with CCS,Electricity generation (public service),NA,NA,GWh,MG,2025,0.78442
Energy supply and use,Power generation by type,Bioelectricity,Dedicated wood with CCS,Electricity generation (public service),NA,NA,GWh,MG,2030,1.4672
Energy supply and use,Power generation by type,Bioelectricity,Dedicated wood with CCS,Electricity generation (public service),NA,NA,GWh,MG,2035,1.5875
Energy supply and use,Power generation by type,Bioelectricity,Dedicated wood with CCS,Electricity generation (public service),NA,NA,GWh,MG,2040,1.68841
Energy supply and use,Power generation by type,Bioelectricity,Dedicated wood with CCS,Electricity generation (public service),NA,NA,GWh,MG,2045,1.75849
Energy supply and use,Power generation by type,Bioelectricity,Dedicated wood with CCS,Electricity generation (public service),NA,NA,GWh,MG,2050,6.15605
Energy supply and use,Power generation by type,Bioelectricity,Dedicated wood with CCS,Electricity generation (public service),NA,NA,GWh,MS,2025,1.61914
Energy supply and use,Power generation by type,Bioelectricity,Dedicated wood with CCS,Electricity generation (public service),NA,NA,GWh,MS,2030,2.01558
Energy supply and use,Power generation by type,Bioelectricity,Dedicated wood with CCS,Electricity generation (public service),NA,NA,GWh,MS,2035,2.5429
Energy supply and use,Power generation by type,Bioelectricity,Dedicated wood with CCS,Electricity generation (public service),NA,NA,GWh,MS,2040,2.52993
Energy supply and use,Power generation by type,Bioelectricity,Dedicated wood with CCS,Electricity generation (public service),NA,NA,GWh,MS,2045,2.7404
Energy supply and use,Power generation by type,Bioelectricity,Dedicated wood with CCS,Electricity generation (public service),NA,NA,GWh,MS,2050,38.15597
Energy supply and use,Power generation by type,Bioelectricity,Dedicated wood with CCS,Electricity generation (public service),NA,NA,GWh,MT,2025,1.28213
Energy supply and use,Power generation by type,Bioelectricity,Dedicated wood with CCS,Electricity generation (public service),NA,NA,GWh,MT,2030,1.47492
Energy supply and use,Power generation by type,Bioelectricity,Dedicated wood with CCS,Electricity generation (public service),NA,NA,GWh,MT,2035,2.04228
Energy supply and use,Power generation by type,Bioelectricity,Dedicated wood with CCS,Electricity generation (public service),NA,NA,GWh,MT,2040,2.11496
Energy supply and use,Power generation by type,Bioelectricity,Dedicated wood with CCS,Electricity generation (public service),NA,NA,GWh,MT,2045,1.7733
Energy supply and use,Power generation by type,Bioelectricity,Dedicated wood with CCS,Electricity generation (public service),NA,NA,GWh,MT,2050,1.48869
Energy supply and use,Power generation by type,Bioelectricity,Dedicated wood with CCS,Electricity generation (public service),NA,NA,GWh,PA,2025,0.08176
Energy supply and use,Power generation by type,Bioelectricity,Dedicated wood with CCS,Electricity generation (public service),NA,NA,GWh,PA,2030,0.05878
Energy supply and use,Power generation by type,Bioelectricity,Dedicated wood with CCS,Electricity generation (public service),NA,NA,GWh,PA,2035,0.13671
Energy supply and use,Power generation by type,Bioelectricity,Dedicated wood with CCS,Electricity generation (public service),NA,NA,GWh,PA,2040,0.1503
Energy supply and use,Power generation by type,Bioelectricity,Dedicated wood with CCS,Electricity generation (public service),NA,NA,GWh,PA,2045,0.11817
Energy supply and use,Power generation by type,Bioelectricity,Dedicated wood with CCS,Electricity generation (public service),NA,NA,GWh,PA,2050,0.1598
Energy supply and use,Power generation by type,Bioelectricity,Dedicated wood with CCS,Electricity generation (public service),NA,NA,GWh,PE,2025,0.17197
Energy supply and use,Power generation by type,Bioelectricity,Dedicated wood with CCS,Electricity generation (public service),NA,NA,GWh,PE,2030,0.327
Energy supply and use,Power generation by type,Bioelectricity,Dedicated wood with CCS,Electricity generation (public service),NA,NA,GWh,PE,2035,0.38392
Energy supply and use,Power generation by type,Bioelectricity,Dedicated wood with CCS,Electricity generation (public service),NA,NA,GWh,PE,2040,0.45512
Energy supply and use,Power generation by type,Bioelectricity,Dedicated wood with CCS,Electricity generation (public service),NA,NA,GWh,PE,2045,0.4024
Energy supply and use,Power generation by type,Bioelectricity,Dedicated wood with CCS,Electricity generation (public service),NA,NA,GWh,PE,2050,0.79592
Energy supply and use,Power generation by type,Bioelectricity,Dedicated wood with CCS,Electricity generation (public service),NA,NA,GWh,PI,2025,0.11017
Energy supply and use,Power generation by type,Bioelectricity,Dedicated wood with CCS,Electricity generation (public service),NA,NA,GWh,PI,2030,0.03
Energy supply and use,Power generation by type,Bioelectricity,Dedicated wood with CCS,Electricity generation (public service),NA,NA,GWh,PI,2035,0.02666
Energy supply and use,Power generation by type,Bioelectricity,Dedicated wood with CCS,Electricity generation (public service),NA,NA,GWh,PI,2040,0.04446
Energy supply and use,Power generation by type,Bioelectricity,Dedicated wood with CCS,Electricity generation (public service),NA,NA,GWh,PI,2045,0.04628
Energy supply and use,Power generation by type,Bioelectricity,Dedicated wood with CCS,Electricity generation (public service),NA,NA,GWh,PI,2050,0.2788
Energy supply and use,Power generation by type,Bioelectricity,Dedicated wood with CCS,Electricity generation (public service),NA,NA,GWh,PR,2025,1.5653
Energy supply and use,Power generation by type,Bioelectricity,Dedicated wood with CCS,Electricity generation (public service),NA,NA,GWh,PR,2030,2.17016
Energy supply and use,Power generation by type,Bioelectricity,Dedicated wood with CCS,Electricity generation (public service),NA,NA,GWh,PR,2035,2.52447
Energy supply and use,Power generation by type,Bioelectricity,Dedicated wood with CCS,Electricity generation (public service),NA,NA,GWh,PR,2040,2.52589
Energy supply and use,Power generation by type,Bioelectricity,Dedicated wood with CCS,Electricity generation (public service),NA,NA,GWh,PR,2045,2.59081
Energy supply and use,Power generation by type,Bioelectricity,Dedicated wood with CCS,Electricity generation (public service),NA,NA,GWh,PR,2050,58.77112
Energy supply and use,Power generation by type,Bioelectricity,Dedicated wood with CCS,Electricity generation (public service),NA,NA,GWh,RJ,2025,0.14001
Energy supply and use,Power generation by type,Bioelectricity,Dedicated wood with CCS,Electricity generation (public service),NA,NA,GWh,RJ,2030,0.07356
Energy supply and use,Power generation by type,Bioelectricity,Dedicated wood with CCS,Electricity generation (public service),NA,NA,GWh,RJ,2035,0.13733
Energy supply and use,Power generation by type,Bioelectricity,Dedicated wood with CCS,Electricity generation (public service),NA,NA,GWh,RJ,2040,0.19127
Energy supply and use,Power generation by type,Bioelectricity,Dedicated wood with CCS,Electricity generation (public service),NA,NA,GWh,RJ,2045,0.18904
Energy supply and use,Power generation by type,Bioelectricity,Dedicated wood with CCS,Electricity generation (public service),NA,NA,GWh,RJ,2050,0.56644
Energy supply and use,Power generation by type,Bioelectricity,Dedicated wood with CCS,Electricity generation (public service),NA,NA,GWh,RO,2025,0.10383
Energy supply and use,Power generation by type,Bioelectricity,Dedicated wood with CCS,Electricity generation (public service),NA,NA,GWh,RO,2030,0.10625
Energy supply and use,Power generation by type,Bioelectricity,Dedicated wood with CCS,Electricity generation (public service),NA,NA,GWh,RO,2035,0.88545
Energy supply and use,Power generation by type,Bioelectricity,Dedicated wood with CCS,Electricity generation (public service),NA,NA,GWh,RO,2040,0.90795
Energy supply and use,Power generation by type,Bioelectricity,Dedicated wood with CCS,Electricity generation (public service),NA,NA,GWh,RO,2045,0.77841
Energy supply and use,Power generation by type,Bioelectricity,Dedicated wood with CCS,Electricity generation (public service),NA,NA,GWh,RO,2050,0.25678
Energy supply and use,Power generation by type,Bioelectricity,Dedicated wood with CCS,Electricity generation (public service),NA,NA,GWh,RS,2025,1.58743
Energy supply and use,Power generation by type,Bioelectricity,Dedicated wood with CCS,Electricity generation (public service),NA,NA,GWh,RS,2030,2.23422
Energy supply and use,Power generation by type,Bioelectricity,Dedicated wood with CCS,Electricity generation (public service),NA,NA,GWh,RS,2035,2.6985
Energy supply and use,Power generation by type,Bioelectricity,Dedicated wood with CCS,Electricity generation (public service),NA,NA,GWh,RS,2040,2.65982
Energy supply and use,Power generation by type,Bioelectricity,Dedicated wood with CCS,Electricity generation (public service),NA,NA,GWh,RS,2045,2.66565
Energy supply and use,Power generation by type,Bioelectricity,Dedicated wood with CCS,Electricity generation (public service),NA,NA,GWh,RS,2050,68.85857
Energy supply and use,Power generation by type,Bioelectricity,Dedicated wood with CCS,Electricity generation (public service),NA,NA,GWh,SC,2025,1.65536
Energy supply and use,Power generation by type,Bioelectricity,Dedicated wood with CCS,Electricity generation (public service),NA,NA,GWh,SC,2030,2.44063
Energy supply and use,Power generation by type,Bioelectricity,Dedicated wood with CCS,Electricity generation (public service),NA,NA,GWh,SC,2035,2.83128
Energy supply and use,Power generation by type,Bioelectricity,Dedicated wood with CCS,Electricity generation (public service),NA,NA,GWh,SC,2040,2.74894
Energy supply and use,Power generation by type,Bioelectricity,Dedicated wood with CCS,Electricity generation (public service),NA,NA,GWh,SC,2045,2.86965
Energy supply and use,Power generation by type,Bioelectricity,Dedicated wood with CCS,Electricity generation (public service),NA,NA,GWh,SC,2050,6927.95529
Energy supply and use,Power generation by type,Bioelectricity,Dedicated wood with CCS,Electricity generation (public service),NA,NA,GWh,SE,2025,0.20822
Energy supply and use,Power generation by type,Bioelectricity,Dedicated wood with CCS,Electricity generation (public service),NA,NA,GWh,SE,2030,0.57307
Energy supply and use,Power generation by type,Bioelectricity,Dedicated wood with CCS,Electricity generation (public service),NA,NA,GWh,SE,2035,0.66177
Energy supply and use,Power generation by type,Bioelectricity,Dedicated wood with CCS,Electricity generation (public service),NA,NA,GWh,SE,2040,0.74178
Energy supply and use,Power generation by type,Bioelectricity,Dedicated wood with CCS,Electricity generation (public service),NA,NA,GWh,SE,2045,0.66247
Energy supply and use,Power generation by type,Bioelectricity,Dedicated wood with CCS,Electricity generation (public service),NA,NA,GWh,SE,2050,1.21304
Energy supply and use,Power generation by type,Bioelectricity,Dedicated wood with CCS,Electricity generation (public service),NA,NA,GWh,SP,2025,1.43745
Energy supply and use,Power generation by type,Bioelectricity,Dedicated wood with CCS,Electricity generation (public service),NA,NA,GWh,SP,2030,1.67156
Energy supply and use,Power generation by type,Bioelectricity,Dedicated wood with CCS,Electricity generation (public service),NA,NA,GWh,SP,2035,1.98963
Energy supply and use,Power generation by type,Bioelectricity,Dedicated wood with CCS,Electricity generation (public service),NA,NA,GWh,SP,2040,1.91016
Energy supply and use,Power generation by type,Bioelectricity,Dedicated wood with CCS,Electricity generation (public service),NA,NA,GWh,SP,2045,2.16581
Energy supply and use,Power generation by type,Bioelectricity,Dedicated wood with CCS,Electricity generation (public service),NA,NA,GWh,SP,2050,16.37018
Energy supply and use,Power generation by type,Bioelectricity,Dedicated wood with CCS,Electricity generation (public service),NA,NA,GWh,TO,2025,0.58407
Energy supply and use,Power generation by type,Bioelectricity,Dedicated wood with CCS,Electricity generation (public service),NA,NA,GWh,TO,2030,0.10222
Energy supply and use,Power generation by type,Bioelectricity,Dedicated wood with CCS,Electricity generation (public service),NA,NA,GWh,TO,2035,0.15092
Energy supply and use,Power generation by type,Bioelectricity,Dedicated wood with CCS,Electricity generation (public service),NA,NA,GWh,TO,2040,0.15198
Energy supply and use,Power generation by type,Bioelectricity,Dedicated wood with CCS,Electricity generation (public service),NA,NA,GWh,TO,2045,0.13916
Energy supply and use,Power generation by type,Bioelectricity,Dedicated wood with CCS,Electricity generation (public service),NA,NA,GWh,TO,2050,0.50535
Energy supply and use,Power generation by type,Bioelectricity,Residue,Electricity generation (public service),NA,NA,GWh,AC,2025,2.08447
Energy supply and use,Power generation by type,Bioelectricity,Residue,Electricity generation (public service),NA,NA,GWh,AC,2030,4.09793
Energy supply and use,Power generation by type,Bioelectricity,Residue,Electricity generation (public service),NA,NA,GWh,AC,2035,3.10754
Energy supply and use,Power generation by type,Bioelectricity,Residue,Electricity generation (public service),NA,NA,GWh,AC,2040,2.99556
Energy supply and use,Power generation by type,Bioelectricity,Residue,Electricity generation (public service),NA,NA,GWh,AC,2045,2.81636
Energy supply and use,Power generation by type,Bioelectricity,Residue,Electricity generation (public service),NA,NA,GWh,AC,2050,8.90379
Energy supply and use,Power generation by type,Bioelectricity,Residue,Electricity generation (public service),NA,NA,GWh,AL,2025,0.48672
Energy supply and use,Power generation by type,Bioelectricity,Residue,Electricity generation (public service),NA,NA,GWh,AL,2030,0.86864
Energy supply and use,Power generation by type,Bioelectricity,Residue,Electricity generation (public service),NA,NA,GWh,AL,2035,0.3445
Energy supply and use,Power generation by type,Bioelectricity,Residue,Electricity generation (public service),NA,NA,GWh,AL,2040,0.41754
Energy supply and use,Power generation by type,Bioelectricity,Residue,Electricity generation (public service),NA,NA,GWh,AL,2045,0.30439
Energy supply and use,Power generation by type,Bioelectricity,Residue,Electricity generation (public service),NA,NA,GWh,AL,2050,3.65514
Energy supply and use,Power generation by type,Bioelectricity,Residue,Electricity generation (public service),NA,NA,GWh,AM,2025,1.36373
Energy supply and use,Power generation by type,Bioelectricity,Residue,Electricity generation (public service),NA,NA,GWh,AM,2030,2.52795
Energy supply and use,Power generation by type,Bioelectricity,Residue,Electricity generation (public service),NA,NA,GWh,AM,2035,1.71009
Energy supply and use,Power generation by type,Bioelectricity,Residue,Electricity generation (public service),NA,NA,GWh,AM,2040,1.74822
Energy supply and use,Power generation by type,Bioelectricity,Residue,Electricity generation (public service),NA,NA,GWh,AM,2045,1.51666
Energy supply and use,Power generation by type,Bioelectricity,Residue,Electricity generation (public service),NA,NA,GWh,AM,2050,0.80453
Energy supply and use,Power generation by type,Bioelectricity,Residue,Electricity generation (public service),NA,NA,GWh,BA,2025,3.69508
Energy supply and use,Power generation by type,Bioelectricity,Residue,Electricity generation (public service),NA,NA,GWh,BA,2030,6.87573
Energy supply and use,Power generation by type,Bioelectricity,Residue,Electricity generation (public service),NA,NA,GWh,BA,2035,301.20772
Energy supply and use,Power generation by type,Bioelectricity,Residue,Electricity generation (public service),NA,NA,GWh,BA,2040,389.60588
Energy supply and use,Power generation by type,Bioelectricity,Residue,Electricity generation (public service),NA,NA,GWh,BA,2045,853.40182
Energy supply and use,Power generation by type,Bioelectricity,Residue,Electricity generation (public service),NA,NA,GWh,BA,2050,644.9745
Energy supply and use,Power generation by type,Bioelectricity,Residue,Electricity generation (public service),NA,NA,GWh,CE,2025,2.05362
Energy supply and use,Power generation by type,Bioelectricity,Residue,Electricity generation (public service),NA,NA,GWh,CE,2030,4.86984
Energy supply and use,Power generation by type,Bioelectricity,Residue,Electricity generation (public service),NA,NA,GWh,CE,2035,6.71486
Energy supply and use,Power generation by type,Bioelectricity,Residue,Electricity generation (public service),NA,NA,GWh,CE,2040,58.44446
Energy supply and use,Power generation by type,Bioelectricity,Residue,Electricity generation (public service),NA,NA,GWh,CE,2045,54.41937
Energy supply and use,Power generation by type,Bioelectricity,Residue,Electricity generation (public service),NA,NA,GWh,CE,2050,31.18412
Energy supply and use,Power generation by type,Bioelectricity,Residue,Electricity generation (public service),NA,NA,GWh,DF,2025,1.78611
Energy supply and use,Power generation by type,Bioelectricity,Residue,Electricity generation (public service),NA,NA,GWh,DF,2030,3.54309
Energy supply and use,Power generation by type,Bioelectricity,Residue,Electricity generation (public service),NA,NA,GWh,DF,2035,3.09238
Energy supply and use,Power generation by type,Bioelectricity,Residue,Electricity generation (public service),NA,NA,GWh,DF,2040,3.03197
Energy supply and use,Power generation by type,Bioelectricity,Residue,Electricity generation (public service),NA,NA,GWh,DF,2045,2.88796
Energy supply and use,Power generation by type,Bioelectricity,Residue,Electricity generation (public service),NA,NA,GWh,DF,2050,9.79533
Energy supply and use,Power generation by type,Bioelectricity,Residue,Electricity generation (public service),NA,NA,GWh,ES,2025,5.09618
Energy supply and use,Power generation by type,Bioelectricity,Residue,Electricity generation (public service),NA,NA,GWh,ES,2030,16.06865
Energy supply and use,Power generation by type,Bioelectricity,Residue,Electricity generation (public service),NA,NA,GWh,ES,2035,37.75684
Energy supply and use,Power generation by type,Bioelectricity,Residue,Electricity generation (public service),NA,NA,GWh,ES,2040,55.33534
Energy supply and use,Power generation by type,Bioelectricity,Residue,Electricity generation (public service),NA,NA,GWh,ES,2045,195.85101
Energy supply and use,Power generation by type,Bioelectricity,Residue,Electricity generation (public service),NA,NA,GWh,ES,2050,173.78043
Energy supply and use,Power generation by type,Bioelectricity,Residue,Electricity generation (public service),NA,NA,GWh,GO,2025,8.56193
Energy supply and use,Power generation by type,Bioelectricity,Residue,Electricity generation (public service),NA,NA,GWh,GO,2030,13.04333
Energy supply and use,Power generation by type,Bioelectricity,Residue,Electricity generation (public service),NA,NA,GWh,GO,2035,217.89477
Energy supply and use,Power generation by type,Bioelectricity,Residue,Electricity generation (public service),NA,NA,GWh,GO,2040,244.14266
Energy supply and use,Power generation by type,Bioelectricity,Residue,Electricity generation (public service),NA,NA,GWh,GO,2045,2206.18849
Energy supply and use,Power generation by type,Bioelectricity,Residue,Electricity generation (public service),NA,NA,GWh,GO,2050,2790.22031
Energy supply and use,Power generation by type,Bioelectricity,Residue,Electricity generation (public service),NA,NA,GWh,MA,2025,4.77969
Energy supply and use,Power generation by type,Bioelectricity,Residue,Electricity generation (public service),NA,NA,GWh,MA,2030,6.16872
Energy supply and use,Power generation by type,Bioelectricity,Residue,Electricity generation (public service),NA,NA,GWh,MA,2035,8.34251
Energy supply and use,Power generation by type,Bioelectricity,Residue,Electricity generation (public service),NA,NA,GWh,MA,2040,9.22873
Energy supply and use,Power generation by type,Bioelectricity,Residue,Electricity generation (public service),NA,NA,GWh,MA,2045,22.12207
Energy supply and use,Power generation by type,Bioelectricity,Residue,Electricity generation (public service),NA,NA,GWh,MA,2050,15.07852
Energy supply and use,Power generation by type,Bioelectricity,Residue,Electricity generation (public service),NA,NA,GWh,MG,2025,5.71232
Energy supply and use,Power generation by type,Bioelectricity,Residue,Electricity generation (public service),NA,NA,GWh,MG,2030,6.71527
Energy supply and use,Power generation by type,Bioelectricity,Residue,Electricity generation (public service),NA,NA,GWh,MG,2035,433.48627
Energy supply and use,Power generation by type,Bioelectricity,Residue,Electricity generation (public service),NA,NA,GWh,MG,2040,474.42336
Energy supply and use,Power generation by type,Bioelectricity,Residue,Electricity generation (public service),NA,NA,GWh,MG,2045,737.46305
Energy supply and use,Power generation by type,Bioelectricity,Residue,Electricity generation (public service),NA,NA,GWh,MG,2050,2620.94471
Energy supply and use,Power generation by type,Bioelectricity,Residue,Electricity generation (public service),NA,NA,GWh,MS,2025,8.08342
Energy supply and use,Power generation by type,Bioelectricity,Residue,Electricity generation (public service),NA,NA,GWh,MS,2030,130.37981
Energy supply and use,Power generation by type,Bioelectricity,Residue,Electricity generation (public service),NA,NA,GWh,MS,2035,2112.82802
Energy supply and use,Power generation by type,Bioelectricity,Residue,Electricity generation (public service),NA,NA,GWh,MS,2040,4148.19685
Energy supply and use,Power generation by type,Bioelectricity,Residue,Electricity generation (public service),NA,NA,GWh,MS,2045,5795.09509
Energy supply and use,Power generation by type,Bioelectricity,Residue,Electricity generation (public service),NA,NA,GWh,MS,2050,5640.58392
Energy supply and use,Power generation by type,Bioelectricity,Residue,Electricity generation (public service),NA,NA,GWh,MT,2025,8.58878
Energy supply and use,Power generation by type,Bioelectricity,Residue,Electricity generation (public service),NA,NA,GWh,MT,2030,290.0402
Energy supply and use,Power generation by type,Bioelectricity,Residue,Electricity generation (public service),NA,NA,GWh,MT,2035,2545.42219
Energy supply and use,Power generation by type,Bioelectricity,Residue,Electricity generation (public service),NA,NA,GWh,MT,2040,4788.23264
Energy supply and use,Power generation by type,Bioelectricity,Residue,Electricity generation (public service),NA,NA,GWh,MT,2045,4686.02356
Energy supply and use,Power generation by type,Bioelectricity,Residue,Electricity generation (public service),NA,NA,GWh,MT,2050,4658.20594
Energy supply and use,Power generation by type,Bioelectricity,Residue,Electricity generation (public service),NA,NA,GWh,PA,2025,2.91663
Energy supply and use,Power generation by type,Bioelectricity,Residue,Electricity generation (public service),NA,NA,GWh,PA,2030,4.15222
Energy supply and use,Power generation by type,Bioelectricity,Residue,Electricity generation (public service),NA,NA,GWh,PA,2035,3.59812
Energy supply and use,Power generation by type,Bioelectricity,Residue,Electricity generation (public service),NA,NA,GWh,PA,2040,3.66147
Energy supply and use,Power generation by type,Bioelectricity,Residue,Electricity generation (public service),NA,NA,GWh,PA,2045,3.43606
Energy supply and use,Power generation by type,Bioelectricity,Residue,Electricity generation (public service),NA,NA,GWh,PA,2050,10.65694
Energy supply and use,Power generation by type,Bioelectricity,Residue,Electricity generation (public service),NA,NA,GWh,PB,2025,2.66154
Energy supply and use,Power generation by type,Bioelectricity,Residue,Electricity generation (public service),NA,NA,GWh,PB,2030,70.33985
Energy supply and use,Power generation by type,Bioelectricity,Residue,Electricity generation (public service),NA,NA,GWh,PB,2035,70.2628
Energy supply and use,Power generation by type,Bioelectricity,Residue,Electricity generation (public service),NA,NA,GWh,PB,2040,79.20372
Energy supply and use,Power generation by type,Bioelectricity,Residue,Electricity generation (public service),NA,NA,GWh,PB,2045,73.56932
Energy supply and use,Power generation by type,Bioelectricity,Residue,Electricity generation (public service),NA,NA,GWh,PB,2050,15.45233
Energy supply and use,Power generation by type,Bioelectricity,Residue,Electricity generation (public service),NA,NA,GWh,PE,2025,3.75006
Energy supply and use,Power generation by type,Bioelectricity,Residue,Electricity generation (public service),NA,NA,GWh,PE,2030,136.25228
Energy supply and use,Power generation by type,Bioelectricity,Residue,Electricity generation (public service),NA,NA,GWh,PE,2035,152.07353
Energy supply and use,Power generation by type,Bioelectricity,Residue,Electricity generation (public service),NA,NA,GWh,PE,2040,164.83903
Energy supply and use,Power generation by type,Bioelectricity,Residue,Electricity generation (public service),NA,NA,GWh,PE,2045,161.72779
Energy supply and use,Power generation by type,Bioelectricity,Residue,Electricity generation (public service),NA,NA,GWh,PE,2050,43.2683
Energy supply and use,Power generation by type,Bioelectricity,Residue,Electricity generation (public service),NA,NA,GWh,PI,2025,3.50566
Energy supply and use,Power generation by type,Bioelectricity,Residue,Electricity generation (public service),NA,NA,GWh,PI,2030,4.74103
Energy supply and use,Power generation by type,Bioelectricity,Residue,Electricity generation (public service),NA,NA,GWh,PI,2035,7.23374
Energy supply and use,Power generation by type,Bioelectricity,Residue,Electricity generation (public service),NA,NA,GWh,PI,2040,8.6454
Energy supply and use,Power generation by type,Bioelectricity,Residue,Electricity generation (public service),NA,NA,GWh,PI,2045,8.37854
Energy supply and use,Power generation by type,Bioelectricity,Residue,Electricity generation (public service),NA,NA,GWh,PI,2050,9.35777
Energy supply and use,Power generation by type,Bioelectricity,Residue,Electricity generation (public service),NA,NA,GWh,PR,2025,6.25979
Energy supply and use,Power generation by type,Bioelectricity,Residue,Electricity generation (public service),NA,NA,GWh,PR,2030,6.32358
Energy supply and use,Power generation by type,Bioelectricity,Residue,Electricity generation (public service),NA,NA,GWh,PR,2035,146.74867
Energy supply and use,Power generation by type,Bioelectricity,Residue,Electricity generation (public service),NA,NA,GWh,PR,2040,163.27458
Energy supply and use,Power generation by type,Bioelectricity,Residue,Electricity generation (public service),NA,NA,GWh,PR,2045,184.97552
Energy supply and use,Power generation by type,Bioelectricity,Residue,Electricity generation (public service),NA,NA,GWh,PR,2050,1261.96824
Energy supply and use,Power generation by type,Bioelectricity,Residue,Electricity generation (public service),NA,NA,GWh,RJ,2025,25.78968
Energy supply and use,Power generation by type,Bioelectricity,Residue,Electricity generation (public service),NA,NA,GWh,RJ,2030,47.94286
Energy supply and use,Power generation by type,Bioelectricity,Residue,Electricity generation (public service),NA,NA,GWh,RJ,2035,80.65292
Energy supply and use,Power generation by type,Bioelectricity,Residue,Electricity generation (public service),NA,NA,GWh,RJ,2040,87.01013
Energy supply and use,Power generation by type,Bioelectricity,Residue,Electricity generation (public service),NA,NA,GWh,RJ,2045,86.65121
Energy supply and use,Power generation by type,Bioelectricity,Residue,Electricity generation (public service),NA,NA,GWh,RJ,2050,24.66649
Energy supply and use,Power generation by type,Bioelectricity,Residue,Electricity generation (public service),NA,NA,GWh,RN,2025,2.5536
Energy supply and use,Power generation by type,Bioelectricity,Residue,Electricity generation (public service),NA,NA,GWh,RN,2030,53.83866
Energy supply and use,Power generation by type,Bioelectricity,Residue,Electricity generation (public service),NA,NA,GWh,RN,2035,77.02041
Energy supply and use,Power generation by type,Bioelectricity,Residue,Electricity generation (public service),NA,NA,GWh,RN,2040,86.7518
Energy supply and use,Power generation by type,Bioelectricity,Residue,Electricity generation (public service),NA,NA,GWh,RN,2045,78.66294
Energy supply and use,Power generation by type,Bioelectricity,Residue,Electricity generation (public service),NA,NA,GWh,RN,2050,23.95651
Energy supply and use,Power generation by type,Bioelectricity,Residue,Electricity generation (public service),NA,NA,GWh,RO,2025,3.04459
Energy supply and use,Power generation by type,Bioelectricity,Residue,Electricity generation (public service),NA,NA,GWh,RO,2030,4.72288
Energy supply and use,Power generation by type,Bioelectricity,Residue,Electricity generation (public service),NA,NA,GWh,RO,2035,3.6466
Energy supply and use,Power generation by type,Bioelectricity,Residue,Electricity generation (public service),NA,NA,GWh,RO,2040,3.62272
Energy supply and use,Power generation by type,Bioelectricity,Residue,Electricity generation (public service),NA,NA,GWh,RO,2045,3.42826
Energy supply and use,Power generation by type,Bioelectricity,Residue,Electricity generation (public service),NA,NA,GWh,RO,2050,13.65018
Energy supply and use,Power generation by type,Bioelectricity,Residue,Electricity generation (public service),NA,NA,GWh,RR,2025,1.84642
Energy supply and use,Power generation by type,Bioelectricity,Residue,Electricity generation (public service),NA,NA,GWh,RR,2030,3.33416
Energy supply and use,Power generation by type,Bioelectricity,Residue,Electricity generation (public service),NA,NA,GWh,RR,2035,2.89115
Energy supply and use,Power generation by type,Bioelectricity,Residue,Electricity generation (public service),NA,NA,GWh,RR,2040,2.89108
Energy supply and use,Power generation by type,Bioelectricity,Residue,Electricity generation (public service),NA,NA,GWh,RR,2045,2.71094
Energy supply and use,Power generation by type,Bioelectricity,Residue,Electricity generation (public service),NA,NA,GWh,RR,2050,6.22856
Energy supply and use,Power generation by type,Bioelectricity,Residue,Electricity generation (public service),NA,NA,GWh,RS,2025,5.00143
Energy supply and use,Power generation by type,Bioelectricity,Residue,Electricity generation (public service),NA,NA,GWh,RS,2030,5.49842
Energy supply and use,Power generation by type,Bioelectricity,Residue,Electricity generation (public service),NA,NA,GWh,RS,2035,4.83889
Energy supply and use,Power generation by type,Bioelectricity,Residue,Electricity generation (public service),NA,NA,GWh,RS,2040,4.57784
Energy supply and use,Power generation by type,Bioelectricity,Residue,Electricity generation (public service),NA,NA,GWh,RS,2045,4.16981
Energy supply and use,Power generation by type,Bioelectricity,Residue,Electricity generation (public service),NA,NA,GWh,RS,2050,8.89587
Energy supply and use,Power generation by type,Bioelectricity,Residue,Electricity generation (public service),NA,NA,GWh,SC,2025,3.58202
Energy supply and use,Power generation by type,Bioelectricity,Residue,Electricity generation (public service),NA,NA,GWh,SC,2030,4.60905
Energy supply and use,Power generation by type,Bioelectricity,Residue,Electricity generation (public service),NA,NA,GWh,SC,2035,4.25756
Energy supply and use,Power generation by type,Bioelectricity,Residue,Electricity generation (public service),NA,NA,GWh,SC,2040,4.12353
Energy supply and use,Power generation by type,Bioelectricity,Residue,Electricity generation (public service),NA,NA,GWh,SC,2045,3.86526
Energy supply and use,Power generation by type,Bioelectricity,Residue,Electricity generation (public service),NA,NA,GWh,SC,2050,5.59254
Energy supply and use,Power generation by type,Bioelectricity,Residue,Electricity generation (public service),NA,NA,GWh,SE,2025,2.94316
Energy supply and use,Power generation by type,Bioelectricity,Residue,Electricity generation (public service),NA,NA,GWh,SE,2030,4.20982
Energy supply and use,Power generation by type,Bioelectricity,Residue,Electricity generation (public service),NA,NA,GWh,SE,2035,13.21454
Energy supply and use,Power generation by type,Bioelectricity,Residue,Electricity generation (public service),NA,NA,GWh,SE,2040,15.96228
Energy supply and use,Power generation by type,Bioelectricity,Residue,Electricity generation (public service),NA,NA,GWh,SE,2045,14.96081
Energy supply and use,Power generation by type,Bioelectricity,Residue,Electricity generation (public service),NA,NA,GWh,SE,2050,11.54926
Energy supply and use,Power generation by type,Bioelectricity,Residue,Electricity generation (public service),NA,NA,GWh,SP,2025,2568.3197
Energy supply and use,Power generation by type,Bioelectricity,Residue,Electricity generation (public service),NA,NA,GWh,SP,2030,2278.98427
Energy supply and use,Power generation by type,Bioelectricity,Residue,Electricity generation (public service),NA,NA,GWh,SP,2035,2428.77662
Energy supply and use,Power generation by type,Bioelectricity,Residue,Electricity generation (public service),NA,NA,GWh,SP,2040,3740.67095
Energy supply and use,Power generation by type,Bioelectricity,Residue,Electricity generation (public service),NA,NA,GWh,SP,2045,5692.52825
Energy supply and use,Power generation by type,Bioelectricity,Residue,Electricity generation (public service),NA,NA,GWh,SP,2050,5146.64704
Energy supply and use,Power generation by type,Bioelectricity,Residue,Electricity generation (public service),NA,NA,GWh,TO,2025,4.40286
Energy supply and use,Power generation by type,Bioelectricity,Residue,Electricity generation (public service),NA,NA,GWh,TO,2030,4.8313
Energy supply and use,Power generation by type,Bioelectricity,Residue,Electricity generation (public service),NA,NA,GWh,TO,2035,4.20984
Energy supply and use,Power generation by type,Bioelectricity,Residue,Electricity generation (public service),NA,NA,GWh,TO,2040,4.37827
Energy supply and use,Power generation by type,Bioelectricity,Residue,Electricity generation (public service),NA,NA,GWh,TO,2045,4.02754
Energy supply and use,Power generation by type,Bioelectricity,Residue,Electricity generation (public service),NA,NA,GWh,TO,2050,11.21869
Energy supply and use,Power generation by type,Bioelectricity,Residue with CCS,Electricity generation (public service),NA,NA,GWh,AC,2025,0.15937
Energy supply and use,Power generation by type,Bioelectricity,Residue with CCS,Electricity generation (public service),NA,NA,GWh,AC,2030,0.4001
Energy supply and use,Power generation by type,Bioelectricity,Residue with CCS,Electricity generation (public service),NA,NA,GWh,AC,2035,0.64136
Energy supply and use,Power generation by type,Bioelectricity,Residue with CCS,Electricity generation (public service),NA,NA,GWh,AC,2040,0.67601
Energy supply and use,Power generation by type,Bioelectricity,Residue with CCS,Electricity generation (public service),NA,NA,GWh,AC,2045,0.52342
Energy supply and use,Power generation by type,Bioelectricity,Residue with CCS,Electricity generation (public service),NA,NA,GWh,AC,2050,0.58741
Energy supply and use,Power generation by type,Bioelectricity,Residue with CCS,Electricity generation (public service),NA,NA,GWh,AL,2025,0.14046
Energy supply and use,Power generation by type,Bioelectricity,Residue with CCS,Electricity generation (public service),NA,NA,GWh,AL,2030,0.07834
Energy supply and use,Power generation by type,Bioelectricity,Residue with CCS,Electricity generation (public service),NA,NA,GWh,AL,2035,0.09265
Energy supply and use,Power generation by type,Bioelectricity,Residue with CCS,Electricity generation (public service),NA,NA,GWh,AL,2040,0.12616
Energy supply and use,Power generation by type,Bioelectricity,Residue with CCS,Electricity generation (public service),NA,NA,GWh,AL,2045,0.11621
Energy supply and use,Power generation by type,Bioelectricity,Residue with CCS,Electricity generation (public service),NA,NA,GWh,AL,2050,0.61877
Energy supply and use,Power generation by type,Bioelectricity,Residue with CCS,Electricity generation (public service),NA,NA,GWh,AM,2025,0.10548
Energy supply and use,Power generation by type,Bioelectricity,Residue with CCS,Electricity generation (public service),NA,NA,GWh,AM,2030,0.06487
Energy supply and use,Power generation by type,Bioelectricity,Residue with CCS,Electricity generation (public service),NA,NA,GWh,AM,2035,0.39267
Energy supply and use,Power generation by type,Bioelectricity,Residue with CCS,Electricity generation (public service),NA,NA,GWh,AM,2040,0.44808
Energy supply and use,Power generation by type,Bioelectricity,Residue with CCS,Electricity generation (public service),NA,NA,GWh,AM,2045,0.31739
Energy supply and use,Power generation by type,Bioelectricity,Residue with CCS,Electricity generation (public service),NA,NA,GWh,AM,2050,0.25795
Energy supply and use,Power generation by type,Bioelectricity,Residue with CCS,Electricity generation (public service),NA,NA,GWh,BA,2025,0.48752
Energy supply and use,Power generation by type,Bioelectricity,Residue with CCS,Electricity generation (public service),NA,NA,GWh,BA,2030,0.76359
Energy supply and use,Power generation by type,Bioelectricity,Residue with CCS,Electricity generation (public service),NA,NA,GWh,BA,2035,1.16737
Energy supply and use,Power generation by type,Bioelectricity,Residue with CCS,Electricity generation (public service),NA,NA,GWh,BA,2040,0.91968
Energy supply and use,Power generation by type,Bioelectricity,Residue with CCS,Electricity generation (public service),NA,NA,GWh,BA,2045,0.86297
Energy supply and use,Power generation by type,Bioelectricity,Residue with CCS,Electricity generation (public service),NA,NA,GWh,BA,2050,1.46053
Energy supply and use,Power generation by type,Bioelectricity,Residue with CCS,Electricity generation (public service),NA,NA,GWh,CE,2025,0.20103
Energy supply and use,Power generation by type,Bioelectricity,Residue with CCS,Electricity generation (public service),NA,NA,GWh,CE,2030,0.31973
Energy supply and use,Power generation by type,Bioelectricity,Residue with CCS,Electricity generation (public service),NA,NA,GWh,CE,2035,0.76453
Energy supply and use,Power generation by type,Bioelectricity,Residue with CCS,Electricity generation (public service),NA,NA,GWh,CE,2040,0.57164
Energy supply and use,Power generation by type,Bioelectricity,Residue with CCS,Electricity generation (public service),NA,NA,GWh,CE,2045,0.51447
Energy supply and use,Power generation by type,Bioelectricity,Residue with CCS,Electricity generation (public service),NA,NA,GWh,CE,2050,0.87397
Energy supply and use,Power generation by type,Bioelectricity,Residue with CCS,Electricity generation (public service),NA,NA,GWh,DF,2025,0.20032
Energy supply and use,Power generation by type,Bioelectricity,Residue with CCS,Electricity generation (public service),NA,NA,GWh,DF,2030,0.25982
Energy supply and use,Power generation by type,Bioelectricity,Residue with CCS,Electricity generation (public service),NA,NA,GWh,DF,2035,0.38575
Energy supply and use,Power generation by type,Bioelectricity,Residue with CCS,Electricity generation (public service),NA,NA,GWh,DF,2040,0.48493
Energy supply and use,Power generation by type,Bioelectricity,Residue with CCS,Electricity generation (public service),NA,NA,GWh,DF,2045,0.50481
Energy supply and use,Power generation by type,Bioelectricity,Residue with CCS,Electricity generation (public service),NA,NA,GWh,DF,2050,2.164
Energy supply and use,Power generation by type,Bioelectricity,Residue with CCS,Electricity generation (public service),NA,NA,GWh,ES,2025,0.3647
Energy supply and use,Power generation by type,Bioelectricity,Residue with CCS,Electricity generation (public service),NA,NA,GWh,ES,2030,0.83975
Energy supply and use,Power generation by type,Bioelectricity,Residue with CCS,Electricity generation (public service),NA,NA,GWh,ES,2035,1.03889
Energy supply and use,Power generation by type,Bioelectricity,Residue with CCS,Electricity generation (public service),NA,NA,GWh,ES,2040,0.9568
Energy supply and use,Power generation by type,Bioelectricity,Residue with CCS,Electricity generation (public service),NA,NA,GWh,ES,2045,0.95948
Energy supply and use,Power generation by type,Bioelectricity,Residue with CCS,Electricity generation (public service),NA,NA,GWh,ES,2050,2.46265
Energy supply and use,Power generation by type,Bioelectricity,Residue with CCS,Electricity generation (public service),NA,NA,GWh,GO,2025,0.93968
Energy supply and use,Power generation by type,Bioelectricity,Residue with CCS,Electricity generation (public service),NA,NA,GWh,GO,2030,1.3195
Energy supply and use,Power generation by type,Bioelectricity,Residue with CCS,Electricity generation (public service),NA,NA,GWh,GO,2035,1.6537
Energy supply and use,Power generation by type,Bioelectricity,Residue with CCS,Electricity generation (public service),NA,NA,GWh,GO,2040,1.62375
Energy supply and use,Power generation by type,Bioelectricity,Residue with CCS,Electricity generation (public service),NA,NA,GWh,GO,2045,1.67926
Energy supply and use,Power generation by type,Bioelectricity,Residue with CCS,Electricity generation (public service),NA,NA,GWh,GO,2050,10.6568
Energy supply and use,Power generation by type,Bioelectricity,Residue with CCS,Electricity generation (public service),NA,NA,GWh,MA,2025,0.22605
Energy supply and use,Power generation by type,Bioelectricity,Residue with CCS,Electricity generation (public service),NA,NA,GWh,MA,2030,0.30091
Energy supply and use,Power generation by type,Bioelectricity,Residue with CCS,Electricity generation (public service),NA,NA,GWh,MA,2035,0.65988
Energy supply and use,Power generation by type,Bioelectricity,Residue with CCS,Electricity generation (public service),NA,NA,GWh,MA,2040,0.69586
Energy supply and use,Power generation by type,Bioelectricity,Residue with CCS,Electricity generation (public service),NA,NA,GWh,MA,2045,0.60539
Energy supply and use,Power generation by type,Bioelectricity,Residue with CCS,Electricity generation (public service),NA,NA,GWh,MA,2050,0.90658
Energy supply and use,Power generation by type,Bioelectricity,Residue with CCS,Electricity generation (public service),NA,NA,GWh,MG,2025,0.79822
Energy supply and use,Power generation by type,Bioelectricity,Residue with CCS,Electricity generation (public service),NA,NA,GWh,MG,2030,0.85657
Energy supply and use,Power generation by type,Bioelectricity,Residue with CCS,Electricity generation (public service),NA,NA,GWh,MG,2035,1.48618
Energy supply and use,Power generation by type,Bioelectricity,Residue with CCS,Electricity generation (public service),NA,NA,GWh,MG,2040,1.4642
Energy supply and use,Power generation by type,Bioelectricity,Residue with CCS,Electricity generation (public service),NA,NA,GWh,MG,2045,1.49204
Energy supply and use,Power generation by type,Bioelectricity,Residue with CCS,Electricity generation (public service),NA,NA,GWh,MG,2050,9.92411
Energy supply and use,Power generation by type,Bioelectricity,Residue with CCS,Electricity generation (public service),NA,NA,GWh,MS,2025,1.04581
Energy supply and use,Power generation by type,Bioelectricity,Residue with CCS,Electricity generation (public service),NA,NA,GWh,MS,2030,1.66686
Energy supply and use,Power generation by type,Bioelectricity,Residue with CCS,Electricity generation (public service),NA,NA,GWh,MS,2035,1.86287
Energy supply and use,Power generation by type,Bioelectricity,Residue with CCS,Electricity generation (public service),NA,NA,GWh,MS,2040,1.81084
Energy supply and use,Power generation by type,Bioelectricity,Residue with CCS,Electricity generation (public service),NA,NA,GWh,MS,2045,1.80786
Energy supply and use,Power generation by type,Bioelectricity,Residue with CCS,Electricity generation (public service),NA,NA,GWh,MS,2050,1902.41725
Energy supply and use,Power generation by type,Bioelectricity,Residue with CCS,Electricity generation (public service),NA,NA,GWh,MT,2025,1.05591
Energy supply and use,Power generation by type,Bioelectricity,Residue with CCS,Electricity generation (public service),NA,NA,GWh,MT,2030,1.56768
Energy supply and use,Power generation by type,Bioelectricity,Residue with CCS,Electricity generation (public service),NA,NA,GWh,MT,2035,1.88345
Energy supply and use,Power generation by type,Bioelectricity,Residue with CCS,Electricity generation (public service),NA,NA,GWh,MT,2040,1.75813
Energy supply and use,Power generation by type,Bioelectricity,Residue with CCS,Electricity generation (public service),NA,NA,GWh,MT,2045,1.46983
Energy supply and use,Power generation by type,Bioelectricity,Residue with CCS,Electricity generation (public service),NA,NA,GWh,MT,2050,2.18973
Energy supply and use,Power generation by type,Bioelectricity,Residue with CCS,Electricity generation (public service),NA,NA,GWh,PA,2025,0.38075
Energy supply and use,Power generation by type,Bioelectricity,Residue with CCS,Electricity generation (public service),NA,NA,GWh,PA,2030,0.48581
Energy supply and use,Power generation by type,Bioelectricity,Residue with CCS,Electricity generation (public service),NA,NA,GWh,PA,2035,0.82038
Energy supply and use,Power generation by type,Bioelectricity,Residue with CCS,Electricity generation (public service),NA,NA,GWh,PA,2040,0.89888
Energy supply and use,Power generation by type,Bioelectricity,Residue with CCS,Electricity generation (public service),NA,NA,GWh,PA,2045,0.72421
Energy supply and use,Power generation by type,Bioelectricity,Residue with CCS,Electricity generation (public service),NA,NA,GWh,PA,2050,0.72257
Energy supply and use,Power generation by type,Bioelectricity,Residue with CCS,Electricity generation (public service),NA,NA,GWh,PB,2025,0.18519
Energy supply and use,Power generation by type,Bioelectricity,Residue with CCS,Electricity generation (public service),NA,NA,GWh,PB,2030,0.68768
Energy supply and use,Power generation by type,Bioelectricity,Residue with CCS,Electricity generation (public service),NA,NA,GWh,PB,2035,0.82093
Energy supply and use,Power generation by type,Bioelectricity,Residue with CCS,Electricity generation (public service),NA,NA,GWh,PB,2040,0.61598
Energy supply and use,Power generation by type,Bioelectricity,Residue with CCS,Electricity generation (public service),NA,NA,GWh,PB,2045,0.55424
Energy supply and use,Power generation by type,Bioelectricity,Residue with CCS,Electricity generation (public service),NA,NA,GWh,PB,2050,0.46316
Energy supply and use,Power generation by type,Bioelectricity,Residue with CCS,Electricity generation (public service),NA,NA,GWh,PE,2025,0.19561
Energy supply and use,Power generation by type,Bioelectricity,Residue with CCS,Electricity generation (public service),NA,NA,GWh,PE,2030,0.70519
Energy supply and use,Power generation by type,Bioelectricity,Residue with CCS,Electricity generation (public service),NA,NA,GWh,PE,2035,0.83228
Energy supply and use,Power generation by type,Bioelectricity,Residue with CCS,Electricity generation (public service),NA,NA,GWh,PE,2040,0.71572
Energy supply and use,Power generation by type,Bioelectricity,Residue with CCS,Electricity generation (public service),NA,NA,GWh,PE,2045,0.64337
Energy supply and use,Power generation by type,Bioelectricity,Residue with CCS,Electricity generation (public service),NA,NA,GWh,PE,2050,0.65465
Energy supply and use,Power generation by type,Bioelectricity,Residue with CCS,Electricity generation (public service),NA,NA,GWh,PI,2025,0.21345
Energy supply and use,Power generation by type,Bioelectricity,Residue with CCS,Electricity generation (public service),NA,NA,GWh,PI,2030,0.29495
Energy supply and use,Power generation by type,Bioelectricity,Residue with CCS,Electricity generation (public service),NA,NA,GWh,PI,2035,0.54092
Energy supply and use,Power generation by type,Bioelectricity,Residue with CCS,Electricity generation (public service),NA,NA,GWh,PI,2040,0.61643
Energy supply and use,Power generation by type,Bioelectricity,Residue with CCS,Electricity generation (public service),NA,NA,GWh,PI,2045,0.57737
Energy supply and use,Power generation by type,Bioelectricity,Residue with CCS,Electricity generation (public service),NA,NA,GWh,PI,2050,0.8937
Energy supply and use,Power generation by type,Bioelectricity,Residue with CCS,Electricity generation (public service),NA,NA,GWh,PR,2025,0.82383
Energy supply and use,Power generation by type,Bioelectricity,Residue with CCS,Electricity generation (public service),NA,NA,GWh,PR,2030,0.85254
Energy supply and use,Power generation by type,Bioelectricity,Residue with CCS,Electricity generation (public service),NA,NA,GWh,PR,2035,1.64545
Energy supply and use,Power generation by type,Bioelectricity,Residue with CCS,Electricity generation (public service),NA,NA,GWh,PR,2040,1.59363
Energy supply and use,Power generation by type,Bioelectricity,Residue with CCS,Electricity generation (public service),NA,NA,GWh,PR,2045,1.5891
Energy supply and use,Power generation by type,Bioelectricity,Residue with CCS,Electricity generation (public service),NA,NA,GWh,PR,2050,49.82767
Energy supply and use,Power generation by type,Bioelectricity,Residue with CCS,Electricity generation (public service),NA,NA,GWh,RJ,2025,0.3134
Energy supply and use,Power generation by type,Bioelectricity,Residue with CCS,Electricity generation (public service),NA,NA,GWh,RJ,2030,0.78993
Energy supply and use,Power generation by type,Bioelectricity,Residue with CCS,Electricity generation (public service),NA,NA,GWh,RJ,2035,0.87328
Energy supply and use,Power generation by type,Bioelectricity,Residue with CCS,Electricity generation (public service),NA,NA,GWh,RJ,2040,0.73314
Energy supply and use,Power generation by type,Bioelectricity,Residue with CCS,Electricity generation (public service),NA,NA,GWh,RJ,2045,0.67674
Energy supply and use,Power generation by type,Bioelectricity,Residue with CCS,Electricity generation (public service),NA,NA,GWh,RJ,2050,0.68483
Energy supply and use,Power generation by type,Bioelectricity,Residue with CCS,Electricity generation (public service),NA,NA,GWh,RN,2025,0.2062
Energy supply and use,Power generation by type,Bioelectricity,Residue with CCS,Electricity generation (public service),NA,NA,GWh,RN,2030,0.68286
Energy supply and use,Power generation by type,Bioelectricity,Residue with CCS,Electricity generation (public service),NA,NA,GWh,RN,2035,0.77886
Energy supply and use,Power generation by type,Bioelectricity,Residue with CCS,Electricity generation (public service),NA,NA,GWh,RN,2040,0.69338
Energy supply and use,Power generation by type,Bioelectricity,Residue with CCS,Electricity generation (public service),NA,NA,GWh,RN,2045,0.62585
Energy supply and use,Power generation by type,Bioelectricity,Residue with CCS,Electricity generation (public service),NA,NA,GWh,RN,2050,0.67151
Energy supply and use,Power generation by type,Bioelectricity,Residue with CCS,Electricity generation (public service),NA,NA,GWh,RO,2025,0.38041
Energy supply and use,Power generation by type,Bioelectricity,Residue with CCS,Electricity generation (public service),NA,NA,GWh,RO,2030,0.55926
Energy supply and use,Power generation by type,Bioelectricity,Residue with CCS,Electricity generation (public service),NA,NA,GWh,RO,2035,0.83046
Energy supply and use,Power generation by type,Bioelectricity,Residue with CCS,Electricity generation (public service),NA,NA,GWh,RO,2040,0.88266
Energy supply and use,Power generation by type,Bioelectricity,Residue with CCS,Electricity generation (public service),NA,NA,GWh,RO,2045,0.71165
Energy supply and use,Power generation by type,Bioelectricity,Residue with CCS,Electricity generation (public service),NA,NA,GWh,RO,2050,0.73044
Energy supply and use,Power generation by type,Bioelectricity,Residue with CCS,Electricity generation (public service),NA,NA,GWh,RR,2025,0.16209
Energy supply and use,Power generation by type,Bioelectricity,Residue with CCS,Electricity generation (public service),NA,NA,GWh,RR,2030,0.33779
Energy supply and use,Power generation by type,Bioelectricity,Residue with CCS,Electricity generation (public service),NA,NA,GWh,RR,2035,0.63729
Energy supply and use,Power generation by type,Bioelectricity,Residue with CCS,Electricity generation (public service),NA,NA,GWh,RR,2040,0.71093
Energy supply and use,Power generation by type,Bioelectricity,Residue with CCS,Electricity generation (public service),NA,NA,GWh,RR,2045,0.55221
Energy supply and use,Power generation by type,Bioelectricity,Residue with CCS,Electricity generation (public service),NA,NA,GWh,RR,2050,0.60665
Energy supply and use,Power generation by type,Bioelectricity,Residue with CCS,Electricity generation (public service),NA,NA,GWh,RS,2025,0.78778
Energy supply and use,Power generation by type,Bioelectricity,Residue with CCS,Electricity generation (public service),NA,NA,GWh,RS,2030,0.77101
Energy supply and use,Power generation by type,Bioelectricity,Residue with CCS,Electricity generation (public service),NA,NA,GWh,RS,2035,0.93435
Energy supply and use,Power generation by type,Bioelectricity,Residue with CCS,Electricity generation (public service),NA,NA,GWh,RS,2040,1.04145
Energy supply and use,Power generation by type,Bioelectricity,Residue with CCS,Electricity generation (public service),NA,NA,GWh,RS,2045,1.01002
Energy supply and use,Power generation by type,Bioelectricity,Residue with CCS,Electricity generation (public service),NA,NA,GWh,RS,2050,3.7145
Energy supply and use,Power generation by type,Bioelectricity,Residue with CCS,Electricity generation (public service),NA,NA,GWh,SC,2025,0.53205
Energy supply and use,Power generation by type,Bioelectricity,Residue with CCS,Electricity generation (public service),NA,NA,GWh,SC,2030,0.54136
Energy supply and use,Power generation by type,Bioelectricity,Residue with CCS,Electricity generation (public service),NA,NA,GWh,SC,2035,0.88228
Energy supply and use,Power generation by type,Bioelectricity,Residue with CCS,Electricity generation (public service),NA,NA,GWh,SC,2040,0.95453
Energy supply and use,Power generation by type,Bioelectricity,Residue with CCS,Electricity generation (public service),NA,NA,GWh,SC,2045,1.02018
Energy supply and use,Power generation by type,Bioelectricity,Residue with CCS,Electricity generation (public service),NA,NA,GWh,SC,2050,2.91957
Energy supply and use,Power generation by type,Bioelectricity,Residue with CCS,Electricity generation (public service),NA,NA,GWh,SE,2025,0.2178
Energy supply and use,Power generation by type,Bioelectricity,Residue with CCS,Electricity generation (public service),NA,NA,GWh,SE,2030,0.22466
Energy supply and use,Power generation by type,Bioelectricity,Residue with CCS,Electricity generation (public service),NA,NA,GWh,SE,2035,0.86439
Energy supply and use,Power generation by type,Bioelectricity,Residue with CCS,Electricity generation (public service),NA,NA,GWh,SE,2040,0.70265
Energy supply and use,Power generation by type,Bioelectricity,Residue with CCS,Electricity generation (public service),NA,NA,GWh,SE,2045,0.65648
Energy supply and use,Power generation by type,Bioelectricity,Residue with CCS,Electricity generation (public service),NA,NA,GWh,SE,2050,1.10677
Energy supply and use,Power generation by type,Bioelectricity,Residue with CCS,Electricity generation (public service),NA,NA,GWh,SP,2025,0.94046
Energy supply and use,Power generation by type,Bioelectricity,Residue with CCS,Electricity generation (public service),NA,NA,GWh,SP,2030,0.74721
Energy supply and use,Power generation by type,Bioelectricity,Residue with CCS,Electricity generation (public service),NA,NA,GWh,SP,2035,1.59472
Energy supply and use,Power generation by type,Bioelectricity,Residue with CCS,Electricity generation (public service),NA,NA,GWh,SP,2040,1.72067
Energy supply and use,Power generation by type,Bioelectricity,Residue with CCS,Electricity generation (public service),NA,NA,GWh,SP,2045,1.76304
Energy supply and use,Power generation by type,Bioelectricity,Residue with CCS,Electricity generation (public service),NA,NA,GWh,SP,2050,10.78376
Energy supply and use,Power generation by type,Bioelectricity,Residue with CCS,Electricity generation (public service),NA,NA,GWh,TO,2025,0.59133
Energy supply and use,Power generation by type,Bioelectricity,Residue with CCS,Electricity generation (public service),NA,NA,GWh,TO,2030,0.53557
Energy supply and use,Power generation by type,Bioelectricity,Residue with CCS,Electricity generation (public service),NA,NA,GWh,TO,2035,0.4387
Energy supply and use,Power generation by type,Bioelectricity,Residue with CCS,Electricity generation (public service),NA,NA,GWh,TO,2040,0.51551
Energy supply and use,Power generation by type,Bioelectricity,Residue with CCS,Electricity generation (public service),NA,NA,GWh,TO,2045,0.41139
Energy supply and use,Power generation by type,Bioelectricity,Residue with CCS,Electricity generation (public service),NA,NA,GWh,TO,2050,1.08735
Energy supply and use,Power generation by type,Coal,NA,Electricity generation (public service),NA,NA,GWh,AC,2025,17.92176
Energy supply and use,Power generation by type,Coal,NA,Electricity generation (public service),NA,NA,GWh,AC,2030,1.86643
Energy supply and use,Power generation by type,Coal,NA,Electricity generation (public service),NA,NA,GWh,AC,2035,2.38997
Energy supply and use,Power generation by type,Coal,NA,Electricity generation (public service),NA,NA,GWh,AC,2040,2.39503
Energy supply and use,Power generation by type,Coal,NA,Electricity generation (public service),NA,NA,GWh,AC,2045,2.31845
Energy supply and use,Power generation by type,Coal,NA,Electricity generation (public service),NA,NA,GWh,AC,2050,7.49869
Energy supply and use,Power generation by type,Coal,NA,Electricity generation (public service),NA,NA,GWh,AL,2025,14.9037
Energy supply and use,Power generation by type,Coal,NA,Electricity generation (public service),NA,NA,GWh,AL,2030,1.27495
Energy supply and use,Power generation by type,Coal,NA,Electricity generation (public service),NA,NA,GWh,AL,2035,1.88701
Energy supply and use,Power generation by type,Coal,NA,Electricity generation (public service),NA,NA,GWh,AL,2040,1.91085
Energy supply and use,Power generation by type,Coal,NA,Electricity generation (public service),NA,NA,GWh,AL,2045,1.89036
Energy supply and use,Power generation by type,Coal,NA,Electricity generation (public service),NA,NA,GWh,AL,2050,7.30327
Energy supply and use,Power generation by type,Coal,NA,Electricity generation (public service),NA,NA,GWh,AM,2025,16.27078
Energy supply and use,Power generation by type,Coal,NA,Electricity generation (public service),NA,NA,GWh,AM,2030,1.44179
Energy supply and use,Power generation by type,Coal,NA,Electricity generation (public service),NA,NA,GWh,AM,2035,2.05786
Energy supply and use,Power generation by type,Coal,NA,Electricity generation (public service),NA,NA,GWh,AM,2040,2.10168
Energy supply and use,Power generation by type,Coal,NA,Electricity generation (public service),NA,NA,GWh,AM,2045,2.01497
Energy supply and use,Power generation by type,Coal,NA,Electricity generation (public service),NA,NA,GWh,AM,2050,7.51999
Energy supply and use,Power generation by type,Coal,NA,Electricity generation (public service),NA,NA,GWh,AP,2025,15.12991
Energy supply and use,Power generation by type,Coal,NA,Electricity generation (public service),NA,NA,GWh,AP,2030,1.32859
Energy supply and use,Power generation by type,Coal,NA,Electricity generation (public service),NA,NA,GWh,AP,2035,1.93595
Energy supply and use,Power generation by type,Coal,NA,Electricity generation (public service),NA,NA,GWh,AP,2040,1.93407
Energy supply and use,Power generation by type,Coal,NA,Electricity generation (public service),NA,NA,GWh,AP,2045,1.8722
Energy supply and use,Power generation by type,Coal,NA,Electricity generation (public service),NA,NA,GWh,AP,2050,7.17987
Energy supply and use,Power generation by type,Coal,NA,Electricity generation (public service),NA,NA,GWh,BA,2025,12.96779
Energy supply and use,Power generation by type,Coal,NA,Electricity generation (public service),NA,NA,GWh,BA,2030,1.54481
Energy supply and use,Power generation by type,Coal,NA,Electricity generation (public service),NA,NA,GWh,BA,2035,1.96283
Energy supply and use,Power generation by type,Coal,NA,Electricity generation (public service),NA,NA,GWh,BA,2040,1.98063
Energy supply and use,Power generation by type,Coal,NA,Electricity generation (public service),NA,NA,GWh,BA,2045,1.93686
Energy supply and use,Power generation by type,Coal,NA,Electricity generation (public service),NA,NA,GWh,BA,2050,7.06347
Energy supply and use,Power generation by type,Coal,NA,Electricity generation (public service),NA,NA,GWh,CE,2025,6309.0503
Energy supply and use,Power generation by type,Coal,NA,Electricity generation (public service),NA,NA,GWh,CE,2030,3447.38554
Energy supply and use,Power generation by type,Coal,NA,Electricity generation (public service),NA,NA,GWh,CE,2035,4722.02095
Energy supply and use,Power generation by type,Coal,NA,Electricity generation (public service),NA,NA,GWh,CE,2040,4523.65983
Energy supply and use,Power generation by type,Coal,NA,Electricity generation (public service),NA,NA,GWh,CE,2045,4138.17714
Energy supply and use,Power generation by type,Coal,NA,Electricity generation (public service),NA,NA,GWh,CE,2050,24.25727
Energy supply and use,Power generation by type,Coal,NA,Electricity generation (public service),NA,NA,GWh,DF,2025,16.23662
Energy supply and use,Power generation by type,Coal,NA,Electricity generation (public service),NA,NA,GWh,DF,2030,2.07705
Energy supply and use,Power generation by type,Coal,NA,Electricity generation (public service),NA,NA,GWh,DF,2035,2.64279
Energy supply and use,Power generation by type,Coal,NA,Electricity generation (public service),NA,NA,GWh,DF,2040,2.5555
Energy supply and use,Power generation by type,Coal,NA,Electricity generation (public service),NA,NA,GWh,DF,2045,2.52281
Energy supply and use,Power generation by type,Coal,NA,Electricity generation (public service),NA,NA,GWh,DF,2050,7.68266
Energy supply and use,Power generation by type,Coal,NA,Electricity generation (public service),NA,NA,GWh,ES,2025,17.74186
Energy supply and use,Power generation by type,Coal,NA,Electricity generation (public service),NA,NA,GWh,ES,2030,1.98574
Energy supply and use,Power generation by type,Coal,NA,Electricity generation (public service),NA,NA,GWh,ES,2035,2.57539
Energy supply and use,Power generation by type,Coal,NA,Electricity generation (public service),NA,NA,GWh,ES,2040,2.58077
Energy supply and use,Power generation by type,Coal,NA,Electricity generation (public service),NA,NA,GWh,ES,2045,2.49808
Energy supply and use,Power generation by type,Coal,NA,Electricity generation (public service),NA,NA,GWh,ES,2050,7.61861
Energy supply and use,Power generation by type,Coal,NA,Electricity generation (public service),NA,NA,GWh,GO,2025,17.15495
Energy supply and use,Power generation by type,Coal,NA,Electricity generation (public service),NA,NA,GWh,GO,2030,1.81688
Energy supply and use,Power generation by type,Coal,NA,Electricity generation (public service),NA,NA,GWh,GO,2035,2.65087
Energy supply and use,Power generation by type,Coal,NA,Electricity generation (public service),NA,NA,GWh,GO,2040,2.54891
Energy supply and use,Power generation by type,Coal,NA,Electricity generation (public service),NA,NA,GWh,GO,2045,2.39571
Energy supply and use,Power generation by type,Coal,NA,Electricity generation (public service),NA,NA,GWh,GO,2050,6.90746
Energy supply and use,Power generation by type,Coal,NA,Electricity generation (public service),NA,NA,GWh,MA,2025,2212.92362
Energy supply and use,Power generation by type,Coal,NA,Electricity generation (public service),NA,NA,GWh,MA,2030,1018.61602
Energy supply and use,Power generation by type,Coal,NA,Electricity generation (public service),NA,NA,GWh,MA,2035,1556.66292
Energy supply and use,Power generation by type,Coal,NA,Electricity generation (public service),NA,NA,GWh,MA,2040,1493.66007
Energy supply and use,Power generation by type,Coal,NA,Electricity generation (public service),NA,NA,GWh,MA,2045,1077.0022
Energy supply and use,Power generation by type,Coal,NA,Electricity generation (public service),NA,NA,GWh,MA,2050,26.75278
Energy supply and use,Power generation by type,Coal,NA,Electricity generation (public service),NA,NA,GWh,MG,2025,17.16443
Energy supply and use,Power generation by type,Coal,NA,Electricity generation (public service),NA,NA,GWh,MG,2030,1.92609
Energy supply and use,Power generation by type,Coal,NA,Electricity generation (public service),NA,NA,GWh,MG,2035,2.51974
Energy supply and use,Power generation by type,Coal,NA,Electricity generation (public service),NA,NA,GWh,MG,2040,2.42516
Energy supply and use,Power generation by type,Coal,NA,Electricity generation (public service),NA,NA,GWh,MG,2045,2.31855
Energy supply and use,Power generation by type,Coal,NA,Electricity generation (public service),NA,NA,GWh,MG,2050,7.20254
Energy supply and use,Power generation by type,Coal,NA,Electricity generation (public service),NA,NA,GWh,MS,2025,16.50515
Energy supply and use,Power generation by type,Coal,NA,Electricity generation (public service),NA,NA,GWh,MS,2030,1.44432
Energy supply and use,Power generation by type,Coal,NA,Electricity generation (public service),NA,NA,GWh,MS,2035,1.76677
Energy supply and use,Power generation by type,Coal,NA,Electricity generation (public service),NA,NA,GWh,MS,2040,1.7159
Energy supply and use,Power generation by type,Coal,NA,Electricity generation (public service),NA,NA,GWh,MS,2045,1.72304
Energy supply and use,Power generation by type,Coal,NA,Electricity generation (public service),NA,NA,GWh,MS,2050,6.626
Energy supply and use,Power generation by type,Coal,NA,Electricity generation (public service),NA,NA,GWh,MT,2025,16.66203
Energy supply and use,Power generation by type,Coal,NA,Electricity generation (public service),NA,NA,GWh,MT,2030,1.49161
Energy supply and use,Power generation by type,Coal,NA,Electricity generation (public service),NA,NA,GWh,MT,2035,1.8526
Energy supply and use,Power generation by type,Coal,NA,Electricity generation (public service),NA,NA,GWh,MT,2040,1.85231
Energy supply and use,Power generation by type,Coal,NA,Electricity generation (public service),NA,NA,GWh,MT,2045,1.84773
Energy supply and use,Power generation by type,Coal,NA,Electricity generation (public service),NA,NA,GWh,MT,2050,7.13747
Energy supply and use,Power generation by type,Coal,NA,Electricity generation (public service),NA,NA,GWh,PA,2025,16.42814
Energy supply and use,Power generation by type,Coal,NA,Electricity generation (public service),NA,NA,GWh,PA,2030,1.73503
Energy supply and use,Power generation by type,Coal,NA,Electricity generation (public service),NA,NA,GWh,PA,2035,2.25124
Energy supply and use,Power generation by type,Coal,NA,Electricity generation (public service),NA,NA,GWh,PA,2040,2.25156
Energy supply and use,Power generation by type,Coal,NA,Electricity generation (public service),NA,NA,GWh,PA,2045,2.17853
Energy supply and use,Power generation by type,Coal,NA,Electricity generation (public service),NA,NA,GWh,PA,2050,7.35873
Energy supply and use,Power generation by type,Coal,NA,Electricity generation (public service),NA,NA,GWh,PB,2025,14.43108
Energy supply and use,Power generation by type,Coal,NA,Electricity generation (public service),NA,NA,GWh,PB,2030,1.23509
Energy supply and use,Power generation by type,Coal,NA,Electricity generation (public service),NA,NA,GWh,PB,2035,1.57728
Energy supply and use,Power generation by type,Coal,NA,Electricity generation (public service),NA,NA,GWh,PB,2040,1.62695
Energy supply and use,Power generation by type,Coal,NA,Electricity generation (public service),NA,NA,GWh,PB,2045,1.59709
Energy supply and use,Power generation by type,Coal,NA,Electricity generation (public service),NA,NA,GWh,PB,2050,7.23194
Energy supply and use,Power generation by type,Coal,NA,Electricity generation (public service),NA,NA,GWh,PE,2025,15.57763
Energy supply and use,Power generation by type,Coal,NA,Electricity generation (public service),NA,NA,GWh,PE,2030,1.22838
Energy supply and use,Power generation by type,Coal,NA,Electricity generation (public service),NA,NA,GWh,PE,2035,2.08026
Energy supply and use,Power generation by type,Coal,NA,Electricity generation (public service),NA,NA,GWh,PE,2040,2.09334
Energy supply and use,Power generation by type,Coal,NA,Electricity generation (public service),NA,NA,GWh,PE,2045,2.08172
Energy supply and use,Power generation by type,Coal,NA,Electricity generation (public service),NA,NA,GWh,PE,2050,6.85575
Energy supply and use,Power generation by type,Coal,NA,Electricity generation (public service),NA,NA,GWh,PI,2025,13.02
Energy supply and use,Power generation by type,Coal,NA,Electricity generation (public service),NA,NA,GWh,PI,2030,1.36821
Energy supply and use,Power generation by type,Coal,NA,Electricity generation (public service),NA,NA,GWh,PI,2035,1.72243
Energy supply and use,Power generation by type,Coal,NA,Electricity generation (public service),NA,NA,GWh,PI,2040,1.77287
Energy supply and use,Power generation by type,Coal,NA,Electricity generation (public service),NA,NA,GWh,PI,2045,1.74962
Energy supply and use,Power generation by type,Coal,NA,Electricity generation (public service),NA,NA,GWh,PI,2050,6.89537
Energy supply and use,Power generation by type,Coal,NA,Electricity generation (public service),NA,NA,GWh,PR,2025,15.96422
Energy supply and use,Power generation by type,Coal,NA,Electricity generation (public service),NA,NA,GWh,PR,2030,0.51041
Energy supply and use,Power generation by type,Coal,NA,Electricity generation (public service),NA,NA,GWh,PR,2035,1.03905
Energy supply and use,Power generation by type,Coal,NA,Electricity generation (public service),NA,NA,GWh,PR,2040,1.23444
Energy supply and use,Power generation by type,Coal,NA,Electricity generation (public service),NA,NA,GWh,PR,2045,1.40179
Energy supply and use,Power generation by type,Coal,NA,Electricity generation (public service),NA,NA,GWh,PR,2050,7.42012
Energy supply and use,Power generation by type,Coal,NA,Electricity generation (public service),NA,NA,GWh,RJ,2025,16.66984
Energy supply and use,Power generation by type,Coal,NA,Electricity generation (public service),NA,NA,GWh,RJ,2030,1.73473
Energy supply and use,Power generation by type,Coal,NA,Electricity generation (public service),NA,NA,GWh,RJ,2035,2.23425
Energy supply and use,Power generation by type,Coal,NA,Electricity generation (public service),NA,NA,GWh,RJ,2040,2.20024
Energy supply and use,Power generation by type,Coal,NA,Electricity generation (public service),NA,NA,GWh,RJ,2045,2.14499
Energy supply and use,Power generation by type,Coal,NA,Electricity generation (public service),NA,NA,GWh,RJ,2050,7.47611
Energy supply and use,Power generation by type,Coal,NA,Electricity generation (public service),NA,NA,GWh,RN,2025,13.04476
Energy supply and use,Power generation by type,Coal,NA,Electricity generation (public service),NA,NA,GWh,RN,2030,1.16854
Energy supply and use,Power generation by type,Coal,NA,Electricity generation (public service),NA,NA,GWh,RN,2035,1.60522
Energy supply and use,Power generation by type,Coal,NA,Electricity generation (public service),NA,NA,GWh,RN,2040,1.6348
Energy supply and use,Power generation by type,Coal,NA,Electricity generation (public service),NA,NA,GWh,RN,2045,1.62812
Energy supply and use,Power generation by type,Coal,NA,Electricity generation (public service),NA,NA,GWh,RN,2050,6.60957
Energy supply and use,Power generation by type,Coal,NA,Electricity generation (public service),NA,NA,GWh,RO,2025,17.26788
Energy supply and use,Power generation by type,Coal,NA,Electricity generation (public service),NA,NA,GWh,RO,2030,1.84969
Energy supply and use,Power generation by type,Coal,NA,Electricity generation (public service),NA,NA,GWh,RO,2035,2.45308
Energy supply and use,Power generation by type,Coal,NA,Electricity generation (public service),NA,NA,GWh,RO,2040,2.54146
Energy supply and use,Power generation by type,Coal,NA,Electricity generation (public service),NA,NA,GWh,RO,2045,2.41557
Energy supply and use,Power generation by type,Coal,NA,Electricity generation (public service),NA,NA,GWh,RO,2050,7.57963
Energy supply and use,Power generation by type,Coal,NA,Electricity generation (public service),NA,NA,GWh,RR,2025,14.89551
Energy supply and use,Power generation by type,Coal,NA,Electricity generation (public service),NA,NA,GWh,RR,2030,1.30667
Energy supply and use,Power generation by type,Coal,NA,Electricity generation (public service),NA,NA,GWh,RR,2035,1.86966
Energy supply and use,Power generation by type,Coal,NA,Electricity generation (public service),NA,NA,GWh,RR,2040,1.93764
Energy supply and use,Power generation by type,Coal,NA,Electricity generation (public service),NA,NA,GWh,RR,2045,1.85996
Energy supply and use,Power generation by type,Coal,NA,Electricity generation (public service),NA,NA,GWh,RR,2050,7.12788
Energy supply and use,Power generation by type,Coal,NA,Electricity generation (public service),NA,NA,GWh,RS,2025,4474.49542
Energy supply and use,Power generation by type,Coal,NA,Electricity generation (public service),NA,NA,GWh,RS,2030,2447.77873
Energy supply and use,Power generation by type,Coal,NA,Electricity generation (public service),NA,NA,GWh,RS,2035,3002.86326
Energy supply and use,Power generation by type,Coal,NA,Electricity generation (public service),NA,NA,GWh,RS,2040,1444.35992
Energy supply and use,Power generation by type,Coal,NA,Electricity generation (public service),NA,NA,GWh,RS,2045,1341.19113
Energy supply and use,Power generation by type,Coal,NA,Electricity generation (public service),NA,NA,GWh,RS,2050,15.78807
Energy supply and use,Power generation by type,Coal,NA,Electricity generation (public service),NA,NA,GWh,SC,2025,5219.23804
Energy supply and use,Power generation by type,Coal,NA,Electricity generation (public service),NA,NA,GWh,SC,2030,3550.44947
Energy supply and use,Power generation by type,Coal,NA,Electricity generation (public service),NA,NA,GWh,SC,2035,4353.66101
Energy supply and use,Power generation by type,Coal,NA,Electricity generation (public service),NA,NA,GWh,SC,2040,5.34837
Energy supply and use,Power generation by type,Coal,NA,Electricity generation (public service),NA,NA,GWh,SC,2045,2.42561
Energy supply and use,Power generation by type,Coal,NA,Electricity generation (public service),NA,NA,GWh,SC,2050,8.25066
Energy supply and use,Power generation by type,Coal,NA,Electricity generation (public service),NA,NA,GWh,SE,2025,14.84118
Energy supply and use,Power generation by type,Coal,NA,Electricity generation (public service),NA,NA,GWh,SE,2030,1.21439
Energy supply and use,Power generation by type,Coal,NA,Electricity generation (public service),NA,NA,GWh,SE,2035,2.02224
Energy supply and use,Power generation by type,Coal,NA,Electricity generation (public service),NA,NA,GWh,SE,2040,2.14348
Energy supply and use,Power generation by type,Coal,NA,Electricity generation (public service),NA,NA,GWh,SE,2045,2.12593
Energy supply and use,Power generation by type,Coal,NA,Electricity generation (public service),NA,NA,GWh,SE,2050,7.07621
Energy supply and use,Power generation by type,Coal,NA,Electricity generation (public service),NA,NA,GWh,SP,2025,15.07706
Energy supply and use,Power generation by type,Coal,NA,Electricity generation (public service),NA,NA,GWh,SP,2030,2.17749
Energy supply and use,Power generation by type,Coal,NA,Electricity generation (public service),NA,NA,GWh,SP,2035,2.74294
Energy supply and use,Power generation by type,Coal,NA,Electricity generation (public service),NA,NA,GWh,SP,2040,2.70937
Energy supply and use,Power generation by type,Coal,NA,Electricity generation (public service),NA,NA,GWh,SP,2045,2.71356
Energy supply and use,Power generation by type,Coal,NA,Electricity generation (public service),NA,NA,GWh,SP,2050,7.44035
Energy supply and use,Power generation by type,Coal,NA,Electricity generation (public service),NA,NA,GWh,TO,2025,14.85312
Energy supply and use,Power generation by type,Coal,NA,Electricity generation (public service),NA,NA,GWh,TO,2030,1.35971
Energy supply and use,Power generation by type,Coal,NA,Electricity generation (public service),NA,NA,GWh,TO,2035,2.30499
Energy supply and use,Power generation by type,Coal,NA,Electricity generation (public service),NA,NA,GWh,TO,2040,2.30357
Energy supply and use,Power generation by type,Coal,NA,Electricity generation (public service),NA,NA,GWh,TO,2045,2.21358
Energy supply and use,Power generation by type,Coal,NA,Electricity generation (public service),NA,NA,GWh,TO,2050,6.92863
Energy supply and use,Power generation by type,Hydrogen,NA,Electricity generation (public service),NA,NA,GWh,AC,2025,37.38485
Energy supply and use,Power generation by type,Hydrogen,NA,Electricity generation (public service),NA,NA,GWh,AC,2030,4.3925
Energy supply and use,Power generation by type,Hydrogen,NA,Electricity generation (public service),NA,NA,GWh,AC,2035,4.32826
Energy supply and use,Power generation by type,Hydrogen,NA,Electricity generation (public service),NA,NA,GWh,AC,2040,4.95307
Energy supply and use,Power generation by type,Hydrogen,NA,Electricity generation (public service),NA,NA,GWh,AC,2045,5.06675
Energy supply and use,Power generation by type,Hydrogen,NA,Electricity generation (public service),NA,NA,GWh,AC,2050,44.00845
Energy supply and use,Power generation by type,Hydrogen,NA,Electricity generation (public service),NA,NA,GWh,AL,2025,28.7446
Energy supply and use,Power generation by type,Hydrogen,NA,Electricity generation (public service),NA,NA,GWh,AL,2030,2.71732
Energy supply and use,Power generation by type,Hydrogen,NA,Electricity generation (public service),NA,NA,GWh,AL,2035,2.7184
Energy supply and use,Power generation by type,Hydrogen,NA,Electricity generation (public service),NA,NA,GWh,AL,2040,3.09168
Energy supply and use,Power generation by type,Hydrogen,NA,Electricity generation (public service),NA,NA,GWh,AL,2045,3.25674
Energy supply and use,Power generation by type,Hydrogen,NA,Electricity generation (public service),NA,NA,GWh,AL,2050,35.81627
Energy supply and use,Power generation by type,Hydrogen,NA,Electricity generation (public service),NA,NA,GWh,AM,2025,26.67886
Energy supply and use,Power generation by type,Hydrogen,NA,Electricity generation (public service),NA,NA,GWh,AM,2030,2.71237
Energy supply and use,Power generation by type,Hydrogen,NA,Electricity generation (public service),NA,NA,GWh,AM,2035,2.72333
Energy supply and use,Power generation by type,Hydrogen,NA,Electricity generation (public service),NA,NA,GWh,AM,2040,3.14046
Energy supply and use,Power generation by type,Hydrogen,NA,Electricity generation (public service),NA,NA,GWh,AM,2045,3.29319
Energy supply and use,Power generation by type,Hydrogen,NA,Electricity generation (public service),NA,NA,GWh,AM,2050,32.35117
Energy supply and use,Power generation by type,Hydrogen,NA,Electricity generation (public service),NA,NA,GWh,AP,2025,35.27432
Energy supply and use,Power generation by type,Hydrogen,NA,Electricity generation (public service),NA,NA,GWh,AP,2030,3.31751
Energy supply and use,Power generation by type,Hydrogen,NA,Electricity generation (public service),NA,NA,GWh,AP,2035,3.69703
Energy supply and use,Power generation by type,Hydrogen,NA,Electricity generation (public service),NA,NA,GWh,AP,2040,3.09285
Energy supply and use,Power generation by type,Hydrogen,NA,Electricity generation (public service),NA,NA,GWh,AP,2045,3.27278
Energy supply and use,Power generation by type,Hydrogen,NA,Electricity generation (public service),NA,NA,GWh,AP,2050,38.59925
Energy supply and use,Power generation by type,Hydrogen,NA,Electricity generation (public service),NA,NA,GWh,BA,2025,19.13403
Energy supply and use,Power generation by type,Hydrogen,NA,Electricity generation (public service),NA,NA,GWh,BA,2030,2.92921
Energy supply and use,Power generation by type,Hydrogen,NA,Electricity generation (public service),NA,NA,GWh,BA,2035,2.25077
Energy supply and use,Power generation by type,Hydrogen,NA,Electricity generation (public service),NA,NA,GWh,BA,2040,2.54082
Energy supply and use,Power generation by type,Hydrogen,NA,Electricity generation (public service),NA,NA,GWh,BA,2045,3.15579
Energy supply and use,Power generation by type,Hydrogen,NA,Electricity generation (public service),NA,NA,GWh,BA,2050,30.87875
Energy supply and use,Power generation by type,Hydrogen,NA,Electricity generation (public service),NA,NA,GWh,CE,2025,25.31215
Energy supply and use,Power generation by type,Hydrogen,NA,Electricity generation (public service),NA,NA,GWh,CE,2030,2.83293
Energy supply and use,Power generation by type,Hydrogen,NA,Electricity generation (public service),NA,NA,GWh,CE,2035,2.80181
Energy supply and use,Power generation by type,Hydrogen,NA,Electricity generation (public service),NA,NA,GWh,CE,2040,3.1088
Energy supply and use,Power generation by type,Hydrogen,NA,Electricity generation (public service),NA,NA,GWh,CE,2045,3.17967
Energy supply and use,Power generation by type,Hydrogen,NA,Electricity generation (public service),NA,NA,GWh,CE,2050,33.63279
Energy supply and use,Power generation by type,Hydrogen,NA,Electricity generation (public service),NA,NA,GWh,DF,2025,37.23187
Energy supply and use,Power generation by type,Hydrogen,NA,Electricity generation (public service),NA,NA,GWh,DF,2030,4.84606
Energy supply and use,Power generation by type,Hydrogen,NA,Electricity generation (public service),NA,NA,GWh,DF,2035,4.61003
Energy supply and use,Power generation by type,Hydrogen,NA,Electricity generation (public service),NA,NA,GWh,DF,2040,5.09439
Energy supply and use,Power generation by type,Hydrogen,NA,Electricity generation (public service),NA,NA,GWh,DF,2045,5.3157
Energy supply and use,Power generation by type,Hydrogen,NA,Electricity generation (public service),NA,NA,GWh,DF,2050,63.29571
Energy supply and use,Power generation by type,Hydrogen,NA,Electricity generation (public service),NA,NA,GWh,ES,2025,27.90678
Energy supply and use,Power generation by type,Hydrogen,NA,Electricity generation (public service),NA,NA,GWh,ES,2030,2.98484
Energy supply and use,Power generation by type,Hydrogen,NA,Electricity generation (public service),NA,NA,GWh,ES,2035,3.09013
Energy supply and use,Power generation by type,Hydrogen,NA,Electricity generation (public service),NA,NA,GWh,ES,2040,3.43697
Energy supply and use,Power generation by type,Hydrogen,NA,Electricity generation (public service),NA,NA,GWh,ES,2045,3.53608
Energy supply and use,Power generation by type,Hydrogen,NA,Electricity generation (public service),NA,NA,GWh,ES,2050,57.58915
Energy supply and use,Power generation by type,Hydrogen,NA,Electricity generation (public service),NA,NA,GWh,GO,2025,22.98565
Energy supply and use,Power generation by type,Hydrogen,NA,Electricity generation (public service),NA,NA,GWh,GO,2030,2.98982
Energy supply and use,Power generation by type,Hydrogen,NA,Electricity generation (public service),NA,NA,GWh,GO,2035,2.5302
Energy supply and use,Power generation by type,Hydrogen,NA,Electricity generation (public service),NA,NA,GWh,GO,2040,2.78291
Energy supply and use,Power generation by type,Hydrogen,NA,Electricity generation (public service),NA,NA,GWh,GO,2045,2.81957
Energy supply and use,Power generation by type,Hydrogen,NA,Electricity generation (public service),NA,NA,GWh,GO,2050,80.33787
Energy supply and use,Power generation by type,Hydrogen,NA,Electricity generation (public service),NA,NA,GWh,MA,2025,27.23005
Energy supply and use,Power generation by type,Hydrogen,NA,Electricity generation (public service),NA,NA,GWh,MA,2030,2.50535
Energy supply and use,Power generation by type,Hydrogen,NA,Electricity generation (public service),NA,NA,GWh,MA,2035,2.54566
Energy supply and use,Power generation by type,Hydrogen,NA,Electricity generation (public service),NA,NA,GWh,MA,2040,2.89998
Energy supply and use,Power generation by type,Hydrogen,NA,Electricity generation (public service),NA,NA,GWh,MA,2045,3.04648
Energy supply and use,Power generation by type,Hydrogen,NA,Electricity generation (public service),NA,NA,GWh,MA,2050,33.87545
Energy supply and use,Power generation by type,Hydrogen,NA,Electricity generation (public service),NA,NA,GWh,MG,2025,21.09615
Energy supply and use,Power generation by type,Hydrogen,NA,Electricity generation (public service),NA,NA,GWh,MG,2030,4.20591
Energy supply and use,Power generation by type,Hydrogen,NA,Electricity generation (public service),NA,NA,GWh,MG,2035,2.74659
Energy supply and use,Power generation by type,Hydrogen,NA,Electricity generation (public service),NA,NA,GWh,MG,2040,3.08095
Energy supply and use,Power generation by type,Hydrogen,NA,Electricity generation (public service),NA,NA,GWh,MG,2045,3.01451
Energy supply and use,Power generation by type,Hydrogen,NA,Electricity generation (public service),NA,NA,GWh,MG,2050,95.68652
Energy supply and use,Power generation by type,Hydrogen,NA,Electricity generation (public service),NA,NA,GWh,MS,2025,30.9303
Energy supply and use,Power generation by type,Hydrogen,NA,Electricity generation (public service),NA,NA,GWh,MS,2030,2.82407
Energy supply and use,Power generation by type,Hydrogen,NA,Electricity generation (public service),NA,NA,GWh,MS,2035,2.18035
Energy supply and use,Power generation by type,Hydrogen,NA,Electricity generation (public service),NA,NA,GWh,MS,2040,2.50262
Energy supply and use,Power generation by type,Hydrogen,NA,Electricity generation (public service),NA,NA,GWh,MS,2045,2.49705
Energy supply and use,Power generation by type,Hydrogen,NA,Electricity generation (public service),NA,NA,GWh,MS,2050,119.34865
Energy supply and use,Power generation by type,Hydrogen,NA,Electricity generation (public service),NA,NA,GWh,MT,2025,22.69148
Energy supply and use,Power generation by type,Hydrogen,NA,Electricity generation (public service),NA,NA,GWh,MT,2030,2.87788
Energy supply and use,Power generation by type,Hydrogen,NA,Electricity generation (public service),NA,NA,GWh,MT,2035,2.02349
Energy supply and use,Power generation by type,Hydrogen,NA,Electricity generation (public service),NA,NA,GWh,MT,2040,2.27934
Energy supply and use,Power generation by type,Hydrogen,NA,Electricity generation (public service),NA,NA,GWh,MT,2045,2.20837
Energy supply and use,Power generation by type,Hydrogen,NA,Electricity generation (public service),NA,NA,GWh,MT,2050,28.43572
Energy supply and use,Power generation by type,Hydrogen,NA,Electricity generation (public service),NA,NA,GWh,PA,2025,27.58821
Energy supply and use,Power generation by type,Hydrogen,NA,Electricity generation (public service),NA,NA,GWh,PA,2030,3.30146
Energy supply and use,Power generation by type,Hydrogen,NA,Electricity generation (public service),NA,NA,GWh,PA,2035,2.61202
Energy supply and use,Power generation by type,Hydrogen,NA,Electricity generation (public service),NA,NA,GWh,PA,2040,2.93084
Energy supply and use,Power generation by type,Hydrogen,NA,Electricity generation (public service),NA,NA,GWh,PA,2045,3.02883
Energy supply and use,Power generation by type,Hydrogen,NA,Electricity generation (public service),NA,NA,GWh,PA,2050,32.38477
Energy supply and use,Power generation by type,Hydrogen,NA,Electricity generation (public service),NA,NA,GWh,PB,2025,29.25794
Energy supply and use,Power generation by type,Hydrogen,NA,Electricity generation (public service),NA,NA,GWh,PB,2030,2.84028
Energy supply and use,Power generation by type,Hydrogen,NA,Electricity generation (public service),NA,NA,GWh,PB,2035,2.85326
Energy supply and use,Power generation by type,Hydrogen,NA,Electricity generation (public service),NA,NA,GWh,PB,2040,3.29973
Energy supply and use,Power generation by type,Hydrogen,NA,Electricity generation (public service),NA,NA,GWh,PB,2045,3.4688
Energy supply and use,Power generation by type,Hydrogen,NA,Electricity generation (public service),NA,NA,GWh,PB,2050,35.58159
Energy supply and use,Power generation by type,Hydrogen,NA,Electricity generation (public service),NA,NA,GWh,PE,2025,21.64569
Energy supply and use,Power generation by type,Hydrogen,NA,Electricity generation (public service),NA,NA,GWh,PE,2030,2.39999
Energy supply and use,Power generation by type,Hydrogen,NA,Electricity generation (public service),NA,NA,GWh,PE,2035,2.35402
Energy supply and use,Power generation by type,Hydrogen,NA,Electricity generation (public service),NA,NA,GWh,PE,2040,2.55802
Energy supply and use,Power generation by type,Hydrogen,NA,Electricity generation (public service),NA,NA,GWh,PE,2045,2.78423
Energy supply and use,Power generation by type,Hydrogen,NA,Electricity generation (public service),NA,NA,GWh,PE,2050,26.12598
Energy supply and use,Power generation by type,Hydrogen,NA,Electricity generation (public service),NA,NA,GWh,PI,2025,31.01654
Energy supply and use,Power generation by type,Hydrogen,NA,Electricity generation (public service),NA,NA,GWh,PI,2030,2.57501
Energy supply and use,Power generation by type,Hydrogen,NA,Electricity generation (public service),NA,NA,GWh,PI,2035,2.65509
Energy supply and use,Power generation by type,Hydrogen,NA,Electricity generation (public service),NA,NA,GWh,PI,2040,2.91578
Energy supply and use,Power generation by type,Hydrogen,NA,Electricity generation (public service),NA,NA,GWh,PI,2045,3.06818
Energy supply and use,Power generation by type,Hydrogen,NA,Electricity generation (public service),NA,NA,GWh,PI,2050,35.80793
Energy supply and use,Power generation by type,Hydrogen,NA,Electricity generation (public service),NA,NA,GWh,PR,2025,21.44665
Energy supply and use,Power generation by type,Hydrogen,NA,Electricity generation (public service),NA,NA,GWh,PR,2030,3.94333
Energy supply and use,Power generation by type,Hydrogen,NA,Electricity generation (public service),NA,NA,GWh,PR,2035,2.64664
Energy supply and use,Power generation by type,Hydrogen,NA,Electricity generation (public service),NA,NA,GWh,PR,2040,2.88256
Energy supply and use,Power generation by type,Hydrogen,NA,Electricity generation (public service),NA,NA,GWh,PR,2045,3.66425
Energy supply and use,Power generation by type,Hydrogen,NA,Electricity generation (public service),NA,NA,GWh,PR,2050,176.39866
Energy supply and use,Power generation by type,Hydrogen,NA,Electricity generation (public service),NA,NA,GWh,RJ,2025,21.17219
Energy supply and use,Power generation by type,Hydrogen,NA,Electricity generation (public service),NA,NA,GWh,RJ,2030,3.14059
Energy supply and use,Power generation by type,Hydrogen,NA,Electricity generation (public service),NA,NA,GWh,RJ,2035,3.05208
Energy supply and use,Power generation by type,Hydrogen,NA,Electricity generation (public service),NA,NA,GWh,RJ,2040,3.27148
Energy supply and use,Power generation by type,Hydrogen,NA,Electricity generation (public service),NA,NA,GWh,RJ,2045,3.60007
Energy supply and use,Power generation by type,Hydrogen,NA,Electricity generation (public service),NA,NA,GWh,RJ,2050,27.75454
Energy supply and use,Power generation by type,Hydrogen,NA,Electricity generation (public service),NA,NA,GWh,RN,2025,31.89666
Energy supply and use,Power generation by type,Hydrogen,NA,Electricity generation (public service),NA,NA,GWh,RN,2030,2.03958
Energy supply and use,Power generation by type,Hydrogen,NA,Electricity generation (public service),NA,NA,GWh,RN,2035,2.25119
Energy supply and use,Power generation by type,Hydrogen,NA,Electricity generation (public service),NA,NA,GWh,RN,2040,2.58279
Energy supply and use,Power generation by type,Hydrogen,NA,Electricity generation (public service),NA,NA,GWh,RN,2045,2.85698
Energy supply and use,Power generation by type,Hydrogen,NA,Electricity generation (public service),NA,NA,GWh,RN,2050,31.03104
Energy supply and use,Power generation by type,Hydrogen,NA,Electricity generation (public service),NA,NA,GWh,RO,2025,36.44681
Energy supply and use,Power generation by type,Hydrogen,NA,Electricity generation (public service),NA,NA,GWh,RO,2030,4.49604
Energy supply and use,Power generation by type,Hydrogen,NA,Electricity generation (public service),NA,NA,GWh,RO,2035,4.10448
Energy supply and use,Power generation by type,Hydrogen,NA,Electricity generation (public service),NA,NA,GWh,RO,2040,4.46442
Energy supply and use,Power generation by type,Hydrogen,NA,Electricity generation (public service),NA,NA,GWh,RO,2045,4.61157
Energy supply and use,Power generation by type,Hydrogen,NA,Electricity generation (public service),NA,NA,GWh,RO,2050,43.36702
Energy supply and use,Power generation by type,Hydrogen,NA,Electricity generation (public service),NA,NA,GWh,RR,2025,34.98014
Energy supply and use,Power generation by type,Hydrogen,NA,Electricity generation (public service),NA,NA,GWh,RR,2030,3.05383
Energy supply and use,Power generation by type,Hydrogen,NA,Electricity generation (public service),NA,NA,GWh,RR,2035,3.54714
Energy supply and use,Power generation by type,Hydrogen,NA,Electricity generation (public service),NA,NA,GWh,RR,2040,3.31943
Energy supply and use,Power generation by type,Hydrogen,NA,Electricity generation (public service),NA,NA,GWh,RR,2045,3.54062
Energy supply and use,Power generation by type,Hydrogen,NA,Electricity generation (public service),NA,NA,GWh,RR,2050,39.25024
Energy supply and use,Power generation by type,Hydrogen,NA,Electricity generation (public service),NA,NA,GWh,RS,2025,21.6116
Energy supply and use,Power generation by type,Hydrogen,NA,Electricity generation (public service),NA,NA,GWh,RS,2030,3.93771
Energy supply and use,Power generation by type,Hydrogen,NA,Electricity generation (public service),NA,NA,GWh,RS,2035,2.90032
Energy supply and use,Power generation by type,Hydrogen,NA,Electricity generation (public service),NA,NA,GWh,RS,2040,3.1387
Energy supply and use,Power generation by type,Hydrogen,NA,Electricity generation (public service),NA,NA,GWh,RS,2045,3.60703
Energy supply and use,Power generation by type,Hydrogen,NA,Electricity generation (public service),NA,NA,GWh,RS,2050,54.91195
Energy supply and use,Power generation by type,Hydrogen,NA,Electricity generation (public service),NA,NA,GWh,SC,2025,23.23155
Energy supply and use,Power generation by type,Hydrogen,NA,Electricity generation (public service),NA,NA,GWh,SC,2030,2.6042
Energy supply and use,Power generation by type,Hydrogen,NA,Electricity generation (public service),NA,NA,GWh,SC,2035,2.71211
Energy supply and use,Power generation by type,Hydrogen,NA,Electricity generation (public service),NA,NA,GWh,SC,2040,3.10379
Energy supply and use,Power generation by type,Hydrogen,NA,Electricity generation (public service),NA,NA,GWh,SC,2045,3.23941
Energy supply and use,Power generation by type,Hydrogen,NA,Electricity generation (public service),NA,NA,GWh,SC,2050,52.84886
Energy supply and use,Power generation by type,Hydrogen,NA,Electricity generation (public service),NA,NA,GWh,SE,2025,28.22778
Energy supply and use,Power generation by type,Hydrogen,NA,Electricity generation (public service),NA,NA,GWh,SE,2030,2.45604
Energy supply and use,Power generation by type,Hydrogen,NA,Electricity generation (public service),NA,NA,GWh,SE,2035,2.5637
Energy supply and use,Power generation by type,Hydrogen,NA,Electricity generation (public service),NA,NA,GWh,SE,2040,2.85282
Energy supply and use,Power generation by type,Hydrogen,NA,Electricity generation (public service),NA,NA,GWh,SE,2045,3.04587
Energy supply and use,Power generation by type,Hydrogen,NA,Electricity generation (public service),NA,NA,GWh,SE,2050,36.97251
Energy supply and use,Power generation by type,Hydrogen,NA,Electricity generation (public service),NA,NA,GWh,SP,2025,21.21353
Energy supply and use,Power generation by type,Hydrogen,NA,Electricity generation (public service),NA,NA,GWh,SP,2030,3.54105
Energy supply and use,Power generation by type,Hydrogen,NA,Electricity generation (public service),NA,NA,GWh,SP,2035,3.20248
Energy supply and use,Power generation by type,Hydrogen,NA,Electricity generation (public service),NA,NA,GWh,SP,2040,3.54271
Energy supply and use,Power generation by type,Hydrogen,NA,Electricity generation (public service),NA,NA,GWh,SP,2045,4.08129
Energy supply and use,Power generation by type,Hydrogen,NA,Electricity generation (public service),NA,NA,GWh,SP,2050,103.26384
Energy supply and use,Power generation by type,Hydrogen,NA,Electricity generation (public service),NA,NA,GWh,TO,2025,33.39031
Energy supply and use,Power generation by type,Hydrogen,NA,Electricity generation (public service),NA,NA,GWh,TO,2030,2.87744
Energy supply and use,Power generation by type,Hydrogen,NA,Electricity generation (public service),NA,NA,GWh,TO,2035,3.25529
Energy supply and use,Power generation by type,Hydrogen,NA,Electricity generation (public service),NA,NA,GWh,TO,2040,3.22749
Energy supply and use,Power generation by type,Hydrogen,NA,Electricity generation (public service),NA,NA,GWh,TO,2045,3.27698
Energy supply and use,Power generation by type,Hydrogen,NA,Electricity generation (public service),NA,NA,GWh,TO,2050,37.82818
Energy supply and use,Power generation by type,Natural gas,With CCS,Electricity generation (public service),NA,NA,GWh,SP,2025,11.05527
Energy supply and use,Power generation by type,Natural gas,With CCS,Electricity generation (public service),NA,NA,GWh,SP,2030,7.76972
Energy supply and use,Power generation by type,Natural gas,With CCS,Electricity generation (public service),NA,NA,GWh,SP,2035,4.01003
Energy supply and use,Power generation by type,Natural gas,With CCS,Electricity generation (public service),NA,NA,GWh,SP,2040,4.05384
Energy supply and use,Power generation by type,Natural gas,With CCS,Electricity generation (public service),NA,NA,GWh,SP,2045,4.16383
Energy supply and use,Power generation by type,Natural gas,With CCS,Electricity generation (public service),NA,NA,GWh,SP,2050,25.11086
Energy supply and use,Power generation by type,Natural gas,Without CCS,Electricity generation (public service),NA,NA,GWh,AM,2025,1689.14212
Energy supply and use,Power generation by type,Natural gas,Without CCS,Electricity generation (public service),NA,NA,GWh,AM,2030,1709.30603
Energy supply and use,Power generation by type,Natural gas,Without CCS,Electricity generation (public service),NA,NA,GWh,AM,2035,1565.21927
Energy supply and use,Power generation by type,Natural gas,Without CCS,Electricity generation (public service),NA,NA,GWh,AM,2040,1366.20993
Energy supply and use,Power generation by type,Natural gas,Without CCS,Electricity generation (public service),NA,NA,GWh,AM,2045,382.67175
Energy supply and use,Power generation by type,Natural gas,Without CCS,Electricity generation (public service),NA,NA,GWh,AM,2050,416.00945
Energy supply and use,Power generation by type,Natural gas,Without CCS,Electricity generation (public service),NA,NA,GWh,BA,2025,140.56996
Energy supply and use,Power generation by type,Natural gas,Without CCS,Electricity generation (public service),NA,NA,GWh,BA,2030,4.6658
Energy supply and use,Power generation by type,Natural gas,Without CCS,Electricity generation (public service),NA,NA,GWh,BA,2035,4.01095
Energy supply and use,Power generation by type,Natural gas,Without CCS,Electricity generation (public service),NA,NA,GWh,BA,2040,4.04564
Energy supply and use,Power generation by type,Natural gas,Without CCS,Electricity generation (public service),NA,NA,GWh,BA,2045,2.45237
Energy supply and use,Power generation by type,Natural gas,Without CCS,Electricity generation (public service),NA,NA,GWh,BA,2050,4.44096
Energy supply and use,Power generation by type,Natural gas,Without CCS,Electricity generation (public service),NA,NA,GWh,CE,2025,273.93506
Energy supply and use,Power generation by type,Natural gas,Without CCS,Electricity generation (public service),NA,NA,GWh,CE,2030,0.936
Energy supply and use,Power generation by type,Natural gas,Without CCS,Electricity generation (public service),NA,NA,GWh,CE,2035,0.25302
Energy supply and use,Power generation by type,Natural gas,Without CCS,Electricity generation (public service),NA,NA,GWh,CE,2040,0.24404
Energy supply and use,Power generation by type,Natural gas,Without CCS,Electricity generation (public service),NA,NA,GWh,CE,2045,0.20624
Energy supply and use,Power generation by type,Natural gas,Without CCS,Electricity generation (public service),NA,NA,GWh,CE,2050,0.41124
Energy supply and use,Power generation by type,Natural gas,Without CCS,Electricity generation (public service),NA,NA,GWh,MA,2025,1975.35883
Energy supply and use,Power generation by type,Natural gas,Without CCS,Electricity generation (public service),NA,NA,GWh,MA,2030,5155.62634
Energy supply and use,Power generation by type,Natural gas,Without CCS,Electricity generation (public service),NA,NA,GWh,MA,2035,4310.74065
Energy supply and use,Power generation by type,Natural gas,Without CCS,Electricity generation (public service),NA,NA,GWh,MA,2040,4705.13405
Energy supply and use,Power generation by type,Natural gas,Without CCS,Electricity generation (public service),NA,NA,GWh,MA,2045,114.70223
Energy supply and use,Power generation by type,Natural gas,Without CCS,Electricity generation (public service),NA,NA,GWh,MA,2050,202.67384
Energy supply and use,Power generation by type,Natural gas,Without CCS,Electricity generation (public service),NA,NA,GWh,MG,2025,958.61339
Energy supply and use,Power generation by type,Natural gas,Without CCS,Electricity generation (public service),NA,NA,GWh,MG,2030,125.50603
Energy supply and use,Power generation by type,Natural gas,Without CCS,Electricity generation (public service),NA,NA,GWh,MG,2035,114.77917
Energy supply and use,Power generation by type,Natural gas,Without CCS,Electricity generation (public service),NA,NA,GWh,MG,2040,117.76241
Energy supply and use,Power generation by type,Natural gas,Without CCS,Electricity generation (public service),NA,NA,GWh,MG,2045,98.81515
Energy supply and use,Power generation by type,Natural gas,Without CCS,Electricity generation (public service),NA,NA,GWh,MG,2050,110.32744
Energy supply and use,Power generation by type,Natural gas,Without CCS,Electricity generation (public service),NA,NA,GWh,MS,2025,1464.94126
Energy supply and use,Power generation by type,Natural gas,Without CCS,Electricity generation (public service),NA,NA,GWh,MS,2030,242.0586
Energy supply and use,Power generation by type,Natural gas,Without CCS,Electricity generation (public service),NA,NA,GWh,MS,2035,219.27187
Energy supply and use,Power generation by type,Natural gas,Without CCS,Electricity generation (public service),NA,NA,GWh,MS,2040,165.54819
Energy supply and use,Power generation by type,Natural gas,Without CCS,Electricity generation (public service),NA,NA,GWh,MS,2045,58.84243
Energy supply and use,Power generation by type,Natural gas,Without CCS,Electricity generation (public service),NA,NA,GWh,MS,2050,77.13518
Energy supply and use,Power generation by type,Natural gas,Without CCS,Electricity generation (public service),NA,NA,GWh,MT,2025,1908.10566
Energy supply and use,Power generation by type,Natural gas,Without CCS,Electricity generation (public service),NA,NA,GWh,MT,2030,1680.38521
Energy supply and use,Power generation by type,Natural gas,Without CCS,Electricity generation (public service),NA,NA,GWh,MT,2035,1201.73199
Energy supply and use,Power generation by type,Natural gas,Without CCS,Electricity generation (public service),NA,NA,GWh,MT,2040,995.77588
Energy supply and use,Power generation by type,Natural gas,Without CCS,Electricity generation (public service),NA,NA,GWh,MT,2045,728.75604
Energy supply and use,Power generation by type,Natural gas,Without CCS,Electricity generation (public service),NA,NA,GWh,MT,2050,827.59531
Energy supply and use,Power generation by type,Natural gas,Without CCS,Electricity generation (public service),NA,NA,GWh,PE,2025,537.93687
Energy supply and use,Power generation by type,Natural gas,Without CCS,Electricity generation (public service),NA,NA,GWh,PE,2030,0.5952
Energy supply and use,Power generation by type,Natural gas,Without CCS,Electricity generation (public service),NA,NA,GWh,PE,2035,0.16851
Energy supply and use,Power generation by type,Natural gas,Without CCS,Electricity generation (public service),NA,NA,GWh,PE,2040,0.16753
Energy supply and use,Power generation by type,Natural gas,Without CCS,Electricity generation (public service),NA,NA,GWh,PE,2045,0.15566
Energy supply and use,Power generation by type,Natural gas,Without CCS,Electricity generation (public service),NA,NA,GWh,PE,2050,0.32666
Energy supply and use,Power generation by type,Natural gas,Without CCS,Electricity generation (public service),NA,NA,GWh,PR,2025,1957.14107
Energy supply and use,Power generation by type,Natural gas,Without CCS,Electricity generation (public service),NA,NA,GWh,PR,2030,1.82995
Energy supply and use,Power generation by type,Natural gas,Without CCS,Electricity generation (public service),NA,NA,GWh,PR,2035,0.43901
Energy supply and use,Power generation by type,Natural gas,Without CCS,Electricity generation (public service),NA,NA,GWh,PR,2040,0.35729
Energy supply and use,Power generation by type,Natural gas,Without CCS,Electricity generation (public service),NA,NA,GWh,PR,2045,0.29104
Energy supply and use,Power generation by type,Natural gas,Without CCS,Electricity generation (public service),NA,NA,GWh,PR,2050,0.57894
Energy supply and use,Power generation by type,Natural gas,Without CCS,Electricity generation (public service),NA,NA,GWh,RJ,2025,14759.18774
Energy supply and use,Power generation by type,Natural gas,Without CCS,Electricity generation (public service),NA,NA,GWh,RJ,2030,16396.53571
Energy supply and use,Power generation by type,Natural gas,Without CCS,Electricity generation (public service),NA,NA,GWh,RJ,2035,12221.23959
Energy supply and use,Power generation by type,Natural gas,Without CCS,Electricity generation (public service),NA,NA,GWh,RJ,2040,10676.20416
Energy supply and use,Power generation by type,Natural gas,Without CCS,Electricity generation (public service),NA,NA,GWh,RJ,2045,8007.88516
Energy supply and use,Power generation by type,Natural gas,Without CCS,Electricity generation (public service),NA,NA,GWh,RJ,2050,9617.88338
Energy supply and use,Power generation by type,Natural gas,Without CCS,Electricity generation (public service),NA,NA,GWh,RN,2025,39.13135
Energy supply and use,Power generation by type,Natural gas,Without CCS,Electricity generation (public service),NA,NA,GWh,RN,2030,0.37955
Energy supply and use,Power generation by type,Natural gas,Without CCS,Electricity generation (public service),NA,NA,GWh,RN,2035,0.16187
Energy supply and use,Power generation by type,Natural gas,Without CCS,Electricity generation (public service),NA,NA,GWh,RN,2040,0.16849
Energy supply and use,Power generation by type,Natural gas,Without CCS,Electricity generation (public service),NA,NA,GWh,RN,2045,0.15062
Energy supply and use,Power generation by type,Natural gas,Without CCS,Electricity generation (public service),NA,NA,GWh,RN,2050,0.33215
Energy supply and use,Power generation by type,Natural gas,Without CCS,Electricity generation (public service),NA,NA,GWh,RR,2025,270.32765
Energy supply and use,Power generation by type,Natural gas,Without CCS,Electricity generation (public service),NA,NA,GWh,RR,2030,340.85041
Energy supply and use,Power generation by type,Natural gas,Without CCS,Electricity generation (public service),NA,NA,GWh,RR,2035,318.65407
Energy supply and use,Power generation by type,Natural gas,Without CCS,Electricity generation (public service),NA,NA,GWh,RR,2040,267.61399
Energy supply and use,Power generation by type,Natural gas,Without CCS,Electricity generation (public service),NA,NA,GWh,RR,2045,173.92734
Energy supply and use,Power generation by type,Natural gas,Without CCS,Electricity generation (public service),NA,NA,GWh,RR,2050,183.59718
Energy supply and use,Power generation by type,Natural gas,Without CCS,Electricity generation (public service),NA,NA,GWh,RS,2025,3300.98402
Energy supply and use,Power generation by type,Natural gas,Without CCS,Electricity generation (public service),NA,NA,GWh,RS,2030,1.78684
Energy supply and use,Power generation by type,Natural gas,Without CCS,Electricity generation (public service),NA,NA,GWh,RS,2035,0.3509
Energy supply and use,Power generation by type,Natural gas,Without CCS,Electricity generation (public service),NA,NA,GWh,RS,2040,0.2897
Energy supply and use,Power generation by type,Natural gas,Without CCS,Electricity generation (public service),NA,NA,GWh,RS,2045,0.2426
Energy supply and use,Power generation by type,Natural gas,Without CCS,Electricity generation (public service),NA,NA,GWh,RS,2050,0.48144
Energy supply and use,Power generation by type,Natural gas,Without CCS,Electricity generation (public service),NA,NA,GWh,SE,2025,1076.79883
Energy supply and use,Power generation by type,Natural gas,Without CCS,Electricity generation (public service),NA,NA,GWh,SE,2030,2994.22425
Energy supply and use,Power generation by type,Natural gas,Without CCS,Electricity generation (public service),NA,NA,GWh,SE,2035,2608.39281
Energy supply and use,Power generation by type,Natural gas,Without CCS,Electricity generation (public service),NA,NA,GWh,SE,2040,2457.94628
Energy supply and use,Power generation by type,Natural gas,Without CCS,Electricity generation (public service),NA,NA,GWh,SE,2045,1911.25668
Energy supply and use,Power generation by type,Natural gas,Without CCS,Electricity generation (public service),NA,NA,GWh,SE,2050,292.05088
Energy supply and use,Power generation by type,Natural gas,Without CCS,Electricity generation (public service),NA,NA,GWh,SP,2025,2477.79274
Energy supply and use,Power generation by type,Natural gas,Without CCS,Electricity generation (public service),NA,NA,GWh,SP,2030,38.37132
Energy supply and use,Power generation by type,Natural gas,Without CCS,Electricity generation (public service),NA,NA,GWh,SP,2035,29.09875
Energy supply and use,Power generation by type,Natural gas,Without CCS,Electricity generation (public service),NA,NA,GWh,SP,2040,4221.07481
Energy supply and use,Power generation by type,Natural gas,Without CCS,Electricity generation (public service),NA,NA,GWh,SP,2045,12269.09286
Energy supply and use,Power generation by type,Natural gas,Without CCS,Electricity generation (public service),NA,NA,GWh,SP,2050,36053.09975
Energy supply and use,Power generation by type,Nuclear,NA,Electricity generation (public service),NA,NA,GWh,RJ,2025,13085.74989
Energy supply and use,Power generation by type,Nuclear,NA,Electricity generation (public service),NA,NA,GWh,RJ,2030,16141.10814
Energy supply and use,Power generation by type,Nuclear,NA,Electricity generation (public service),NA,NA,GWh,RJ,2035,16418.416
Energy supply and use,Power generation by type,Nuclear,NA,Electricity generation (public service),NA,NA,GWh,RJ,2040,16834.68184
Energy supply and use,Power generation by type,Nuclear,NA,Electricity generation (public service),NA,NA,GWh,RJ,2045,16718.58207
Energy supply and use,Power generation by type,Nuclear,NA,Electricity generation (public service),NA,NA,GWh,RJ,2050,16591.8421
Energy supply and use,Power generation by type,Solar photovoltaic,Rooftop,Electricity generation (public service),NA,NA,GWh,AC,2025,78.61062
Energy supply and use,Power generation by type,Solar photovoltaic,Rooftop,Electricity generation (public service),NA,NA,GWh,AC,2030,77.96033
Energy supply and use,Power generation by type,Solar photovoltaic,Rooftop,Electricity generation (public service),NA,NA,GWh,AC,2035,72.97409
Energy supply and use,Power generation by type,Solar photovoltaic,Rooftop,Electricity generation (public service),NA,NA,GWh,AC,2040,74.63196
Energy supply and use,Power generation by type,Solar photovoltaic,Rooftop,Electricity generation (public service),NA,NA,GWh,AC,2045,70.07882
Energy supply and use,Power generation by type,Solar photovoltaic,Rooftop,Electricity generation (public service),NA,NA,GWh,AC,2050,67.19315
Energy supply and use,Power generation by type,Solar photovoltaic,Rooftop,Electricity generation (public service),NA,NA,GWh,AL,2025,149.1244
Energy supply and use,Power generation by type,Solar photovoltaic,Rooftop,Electricity generation (public service),NA,NA,GWh,AL,2030,152.65733
Energy supply and use,Power generation by type,Solar photovoltaic,Rooftop,Electricity generation (public service),NA,NA,GWh,AL,2035,153.35746
Energy supply and use,Power generation by type,Solar photovoltaic,Rooftop,Electricity generation (public service),NA,NA,GWh,AL,2040,157.91405
Energy supply and use,Power generation by type,Solar photovoltaic,Rooftop,Electricity generation (public service),NA,NA,GWh,AL,2045,158.04154
Energy supply and use,Power generation by type,Solar photovoltaic,Rooftop,Electricity generation (public service),NA,NA,GWh,AL,2050,155.06447
Energy supply and use,Power generation by type,Solar photovoltaic,Rooftop,Electricity generation (public service),NA,NA,GWh,AM,2025,56.29597
Energy supply and use,Power generation by type,Solar photovoltaic,Rooftop,Electricity generation (public service),NA,NA,GWh,AM,2030,57.24097
Energy supply and use,Power generation by type,Solar photovoltaic,Rooftop,Electricity generation (public service),NA,NA,GWh,AM,2035,56.1265
Energy supply and use,Power generation by type,Solar photovoltaic,Rooftop,Electricity generation (public service),NA,NA,GWh,AM,2040,55.83916
Energy supply and use,Power generation by type,Solar photovoltaic,Rooftop,Electricity generation (public service),NA,NA,GWh,AM,2045,56.07943
Energy supply and use,Power generation by type,Solar photovoltaic,Rooftop,Electricity generation (public service),NA,NA,GWh,AM,2050,53.16214
Energy supply and use,Power generation by type,Solar photovoltaic,Rooftop,Electricity generation (public service),NA,NA,GWh,AP,2025,60.53636
Energy supply and use,Power generation by type,Solar photovoltaic,Rooftop,Electricity generation (public service),NA,NA,GWh,AP,2030,64.26404
Energy supply and use,Power generation by type,Solar photovoltaic,Rooftop,Electricity generation (public service),NA,NA,GWh,AP,2035,64.74297
Energy supply and use,Power generation by type,Solar photovoltaic,Rooftop,Electricity generation (public service),NA,NA,GWh,AP,2040,65.98675
Energy supply and use,Power generation by type,Solar photovoltaic,Rooftop,Electricity generation (public service),NA,NA,GWh,AP,2045,66.5159
Energy supply and use,Power generation by type,Solar photovoltaic,Rooftop,Electricity generation (public service),NA,NA,GWh,AP,2050,63.70379
Energy supply and use,Power generation by type,Solar photovoltaic,Rooftop,Electricity generation (public service),NA,NA,GWh,BA,2025,565.65776
Energy supply and use,Power generation by type,Solar photovoltaic,Rooftop,Electricity generation (public service),NA,NA,GWh,BA,2030,607.23523
Energy supply and use,Power generation by type,Solar photovoltaic,Rooftop,Electricity generation (public service),NA,NA,GWh,BA,2035,602.94038
Energy supply and use,Power generation by type,Solar photovoltaic,Rooftop,Electricity generation (public service),NA,NA,GWh,BA,2040,631.72043
Energy supply and use,Power generation by type,Solar photovoltaic,Rooftop,Electricity generation (public service),NA,NA,GWh,BA,2045,619.80925
Energy supply and use,Power generation by type,Solar photovoltaic,Rooftop,Electricity generation (public service),NA,NA,GWh,BA,2050,615.20567
Energy supply and use,Power generation by type,Solar photovoltaic,Rooftop,Electricity generation (public service),NA,NA,GWh,CE,2025,484.2418
Energy supply and use,Power generation by type,Solar photovoltaic,Rooftop,Electricity generation (public service),NA,NA,GWh,CE,2030,517.58111
Energy supply and use,Power generation by type,Solar photovoltaic,Rooftop,Electricity generation (public service),NA,NA,GWh,CE,2035,512.36237
Energy supply and use,Power generation by type,Solar photovoltaic,Rooftop,Electricity generation (public service),NA,NA,GWh,CE,2040,532.56542
Energy supply and use,Power generation by type,Solar photovoltaic,Rooftop,Electricity generation (public service),NA,NA,GWh,CE,2045,524.33677
Energy supply and use,Power generation by type,Solar photovoltaic,Rooftop,Electricity generation (public service),NA,NA,GWh,CE,2050,517.59826
Energy supply and use,Power generation by type,Solar photovoltaic,Rooftop,Electricity generation (public service),NA,NA,GWh,DF,2025,141.06977
Energy supply and use,Power generation by type,Solar photovoltaic,Rooftop,Electricity generation (public service),NA,NA,GWh,DF,2030,145.50617
Energy supply and use,Power generation by type,Solar photovoltaic,Rooftop,Electricity generation (public service),NA,NA,GWh,DF,2035,145.97133
Energy supply and use,Power generation by type,Solar photovoltaic,Rooftop,Electricity generation (public service),NA,NA,GWh,DF,2040,147.7479
Energy supply and use,Power generation by type,Solar photovoltaic,Rooftop,Electricity generation (public service),NA,NA,GWh,DF,2045,146.45543
Energy supply and use,Power generation by type,Solar photovoltaic,Rooftop,Electricity generation (public service),NA,NA,GWh,DF,2050,144.09358
Energy supply and use,Power generation by type,Solar photovoltaic,Rooftop,Electricity generation (public service),NA,NA,GWh,ES,2025,386.11313
Energy supply and use,Power generation by type,Solar photovoltaic,Rooftop,Electricity generation (public service),NA,NA,GWh,ES,2030,388.49132
Energy supply and use,Power generation by type,Solar photovoltaic,Rooftop,Electricity generation (public service),NA,NA,GWh,ES,2035,389.15228
Energy supply and use,Power generation by type,Solar photovoltaic,Rooftop,Electricity generation (public service),NA,NA,GWh,ES,2040,393.92939
Energy supply and use,Power generation by type,Solar photovoltaic,Rooftop,Electricity generation (public service),NA,NA,GWh,ES,2045,392.96719
Energy supply and use,Power generation by type,Solar photovoltaic,Rooftop,Electricity generation (public service),NA,NA,GWh,ES,2050,388.93836
Energy supply and use,Power generation by type,Solar photovoltaic,Rooftop,Electricity generation (public service),NA,NA,GWh,GO,2025,559.1564
Energy supply and use,Power generation by type,Solar photovoltaic,Rooftop,Electricity generation (public service),NA,NA,GWh,GO,2030,557.62872
Energy supply and use,Power generation by type,Solar photovoltaic,Rooftop,Electricity generation (public service),NA,NA,GWh,GO,2035,538.8045
Energy supply and use,Power generation by type,Solar photovoltaic,Rooftop,Electricity generation (public service),NA,NA,GWh,GO,2040,565.76604
Energy supply and use,Power generation by type,Solar photovoltaic,Rooftop,Electricity generation (public service),NA,NA,GWh,GO,2045,560.84936
Energy supply and use,Power generation by type,Solar photovoltaic,Rooftop,Electricity generation (public service),NA,NA,GWh,GO,2050,554.39903
Energy supply and use,Power generation by type,Solar photovoltaic,Rooftop,Electricity generation (public service),NA,NA,GWh,MA,2025,234.21302
Energy supply and use,Power generation by type,Solar photovoltaic,Rooftop,Electricity generation (public service),NA,NA,GWh,MA,2030,231.7914
Energy supply and use,Power generation by type,Solar photovoltaic,Rooftop,Electricity generation (public service),NA,NA,GWh,MA,2035,229.89668
Energy supply and use,Power generation by type,Solar photovoltaic,Rooftop,Electricity generation (public service),NA,NA,GWh,MA,2040,228.44143
Energy supply and use,Power generation by type,Solar photovoltaic,Rooftop,Electricity generation (public service),NA,NA,GWh,MA,2045,222.41689
Energy supply and use,Power generation by type,Solar photovoltaic,Rooftop,Electricity generation (public service),NA,NA,GWh,MA,2050,218.53353
Energy supply and use,Power generation by type,Solar photovoltaic,Rooftop,Electricity generation (public service),NA,NA,GWh,MG,2025,717.97512
Energy supply and use,Power generation by type,Solar photovoltaic,Rooftop,Electricity generation (public service),NA,NA,GWh,MG,2030,738.26423
Energy supply and use,Power generation by type,Solar photovoltaic,Rooftop,Electricity generation (public service),NA,NA,GWh,MG,2035,736.44699
Energy supply and use,Power generation by type,Solar photovoltaic,Rooftop,Electricity generation (public service),NA,NA,GWh,MG,2040,753.85096
Energy supply and use,Power generation by type,Solar photovoltaic,Rooftop,Electricity generation (public service),NA,NA,GWh,MG,2045,750.39749
Energy supply and use,Power generation by type,Solar photovoltaic,Rooftop,Electricity generation (public service),NA,NA,GWh,MG,2050,743.07937
Energy supply and use,Power generation by type,Solar photovoltaic,Rooftop,Electricity generation (public service),NA,NA,GWh,MS,2025,419.54157
Energy supply and use,Power generation by type,Solar photovoltaic,Rooftop,Electricity generation (public service),NA,NA,GWh,MS,2030,418.24131
Energy supply and use,Power generation by type,Solar photovoltaic,Rooftop,Electricity generation (public service),NA,NA,GWh,MS,2035,412.5989
Energy supply and use,Power generation by type,Solar photovoltaic,Rooftop,Electricity generation (public service),NA,NA,GWh,MS,2040,423.88807
Energy supply and use,Power generation by type,Solar photovoltaic,Rooftop,Electricity generation (public service),NA,NA,GWh,MS,2045,421.9348
Energy supply and use,Power generation by type,Solar photovoltaic,Rooftop,Electricity generation (public service),NA,NA,GWh,MS,2050,416.1236
Energy supply and use,Power generation by type,Solar photovoltaic,Rooftop,Electricity generation (public service),NA,NA,GWh,MT,2025,739.87322
Energy supply and use,Power generation by type,Solar photovoltaic,Rooftop,Electricity generation (public service),NA,NA,GWh,MT,2030,724.92455
Energy supply and use,Power generation by type,Solar photovoltaic,Rooftop,Electricity generation (public service),NA,NA,GWh,MT,2035,720.04508
Energy supply and use,Power generation by type,Solar photovoltaic,Rooftop,Electricity generation (public service),NA,NA,GWh,MT,2040,745.49442
Energy supply and use,Power generation by type,Solar photovoltaic,Rooftop,Electricity generation (public service),NA,NA,GWh,MT,2045,739.92204
Energy supply and use,Power generation by type,Solar photovoltaic,Rooftop,Electricity generation (public service),NA,NA,GWh,MT,2050,732.47708
Energy supply and use,Power generation by type,Solar photovoltaic,Rooftop,Electricity generation (public service),NA,NA,GWh,PA,2025,392.86778
Energy supply and use,Power generation by type,Solar photovoltaic,Rooftop,Electricity generation (public service),NA,NA,GWh,PA,2030,387.81996
Energy supply and use,Power generation by type,Solar photovoltaic,Rooftop,Electricity generation (public service),NA,NA,GWh,PA,2035,381.68396
Energy supply and use,Power generation by type,Solar photovoltaic,Rooftop,Electricity generation (public service),NA,NA,GWh,PA,2040,390.65002
Energy supply and use,Power generation by type,Solar photovoltaic,Rooftop,Electricity generation (public service),NA,NA,GWh,PA,2045,389.24266
Energy supply and use,Power generation by type,Solar photovoltaic,Rooftop,Electricity generation (public service),NA,NA,GWh,PA,2050,378.5143
Energy supply and use,Power generation by type,Solar photovoltaic,Rooftop,Electricity generation (public service),NA,NA,GWh,PB,2025,163.44674
Energy supply and use,Power generation by type,Solar photovoltaic,Rooftop,Electricity generation (public service),NA,NA,GWh,PB,2030,175.55043
Energy supply and use,Power generation by type,Solar photovoltaic,Rooftop,Electricity generation (public service),NA,NA,GWh,PB,2035,173.59743
Energy supply and use,Power generation by type,Solar photovoltaic,Rooftop,Electricity generation (public service),NA,NA,GWh,PB,2040,182.34928
Energy supply and use,Power generation by type,Solar photovoltaic,Rooftop,Electricity generation (public service),NA,NA,GWh,PB,2045,177.88416
Energy supply and use,Power generation by type,Solar photovoltaic,Rooftop,Electricity generation (public service),NA,NA,GWh,PB,2050,174.15676
Energy supply and use,Power generation by type,Solar photovoltaic,Rooftop,Electricity generation (public service),NA,NA,GWh,PE,2025,503.16082
Energy supply and use,Power generation by type,Solar photovoltaic,Rooftop,Electricity generation (public service),NA,NA,GWh,PE,2030,499.18445
Energy supply and use,Power generation by type,Solar photovoltaic,Rooftop,Electricity generation (public service),NA,NA,GWh,PE,2035,491.64099
Energy supply and use,Power generation by type,Solar photovoltaic,Rooftop,Electricity generation (public service),NA,NA,GWh,PE,2040,513.86366
Energy supply and use,Power generation by type,Solar photovoltaic,Rooftop,Electricity generation (public service),NA,NA,GWh,PE,2045,505.75366
Energy supply and use,Power generation by type,Solar photovoltaic,Rooftop,Electricity generation (public service),NA,NA,GWh,PE,2050,500.3616
Energy supply and use,Power generation by type,Solar photovoltaic,Rooftop,Electricity generation (public service),NA,NA,GWh,PI,2025,180.38393
Energy supply and use,Power generation by type,Solar photovoltaic,Rooftop,Electricity generation (public service),NA,NA,GWh,PI,2030,196.86825
Energy supply and use,Power generation by type,Solar photovoltaic,Rooftop,Electricity generation (public service),NA,NA,GWh,PI,2035,193.17735
Energy supply and use,Power generation by type,Solar photovoltaic,Rooftop,Electricity generation (public service),NA,NA,GWh,PI,2040,206.74695
Energy supply and use,Power generation by type,Solar photovoltaic,Rooftop,Electricity generation (public service),NA,NA,GWh,PI,2045,202.85517
Energy supply and use,Power generation by type,Solar photovoltaic,Rooftop,Electricity generation (public service),NA,NA,GWh,PI,2050,199.73581
Energy supply and use,Power generation by type,Solar photovoltaic,Rooftop,Electricity generation (public service),NA,NA,GWh,PR,2025,1021.31639
Energy supply and use,Power generation by type,Solar photovoltaic,Rooftop,Electricity generation (public service),NA,NA,GWh,PR,2030,1032.16403
Energy supply and use,Power generation by type,Solar photovoltaic,Rooftop,Electricity generation (public service),NA,NA,GWh,PR,2035,1031.1884
Energy supply and use,Power generation by type,Solar photovoltaic,Rooftop,Electricity generation (public service),NA,NA,GWh,PR,2040,1035.45554
Energy supply and use,Power generation by type,Solar photovoltaic,Rooftop,Electricity generation (public service),NA,NA,GWh,PR,2045,1034.40804
Energy supply and use,Power generation by type,Solar photovoltaic,Rooftop,Electricity generation (public service),NA,NA,GWh,PR,2050,1029.7397
Energy supply and use,Power generation by type,Solar photovoltaic,Rooftop,Electricity generation (public service),NA,NA,GWh,RJ,2025,457.64689
Energy supply and use,Power generation by type,Solar photovoltaic,Rooftop,Electricity generation (public service),NA,NA,GWh,RJ,2030,461.10532
Energy supply and use,Power generation by type,Solar photovoltaic,Rooftop,Electricity generation (public service),NA,NA,GWh,RJ,2035,460.07161
Energy supply and use,Power generation by type,Solar photovoltaic,Rooftop,Electricity generation (public service),NA,NA,GWh,RJ,2040,465.42969
Energy supply and use,Power generation by type,Solar photovoltaic,Rooftop,Electricity generation (public service),NA,NA,GWh,RJ,2045,463.78336
Energy supply and use,Power generation by type,Solar photovoltaic,Rooftop,Electricity generation (public service),NA,NA,GWh,RJ,2050,454.92666
Energy supply and use,Power generation by type,Solar photovoltaic,Rooftop,Electricity generation (public service),NA,NA,GWh,RN,2025,139.59235
Energy supply and use,Power generation by type,Solar photovoltaic,Rooftop,Electricity generation (public service),NA,NA,GWh,RN,2030,149.43352
Energy supply and use,Power generation by type,Solar photovoltaic,Rooftop,Electricity generation (public service),NA,NA,GWh,RN,2035,148.6428
Energy supply and use,Power generation by type,Solar photovoltaic,Rooftop,Electricity generation (public service),NA,NA,GWh,RN,2040,156.87122
Energy supply and use,Power generation by type,Solar photovoltaic,Rooftop,Electricity generation (public service),NA,NA,GWh,RN,2045,150.98331
Energy supply and use,Power generation by type,Solar photovoltaic,Rooftop,Electricity generation (public service),NA,NA,GWh,RN,2050,147.14247
Energy supply and use,Power generation by type,Solar photovoltaic,Rooftop,Electricity generation (public service),NA,NA,GWh,RO,2025,246.39016
Energy supply and use,Power generation by type,Solar photovoltaic,Rooftop,Electricity generation (public service),NA,NA,GWh,RO,2030,242.96273
Energy supply and use,Power generation by type,Solar photovoltaic,Rooftop,Electricity generation (public service),NA,NA,GWh,RO,2035,241.78041
Energy supply and use,Power generation by type,Solar photovoltaic,Rooftop,Electricity generation (public service),NA,NA,GWh,RO,2040,249.87458
Energy supply and use,Power generation by type,Solar photovoltaic,Rooftop,Electricity generation (public service),NA,NA,GWh,RO,2045,246.27774
Energy supply and use,Power generation by type,Solar photovoltaic,Rooftop,Electricity generation (public service),NA,NA,GWh,RO,2050,239.59889
Energy supply and use,Power generation by type,Solar photovoltaic,Rooftop,Electricity generation (public service),NA,NA,GWh,RR,2025,34.57971
Energy supply and use,Power generation by type,Solar photovoltaic,Rooftop,Electricity generation (public service),NA,NA,GWh,RR,2030,37.67194
Energy supply and use,Power generation by type,Solar photovoltaic,Rooftop,Electricity generation (public service),NA,NA,GWh,RR,2035,38.01137
Energy supply and use,Power generation by type,Solar photovoltaic,Rooftop,Electricity generation (public service),NA,NA,GWh,RR,2040,39.03171
Energy supply and use,Power generation by type,Solar photovoltaic,Rooftop,Electricity generation (public service),NA,NA,GWh,RR,2045,39.45101
Energy supply and use,Power generation by type,Solar photovoltaic,Rooftop,Electricity generation (public service),NA,NA,GWh,RR,2050,37.13639
Energy supply and use,Power generation by type,Solar photovoltaic,Rooftop,Electricity generation (public service),NA,NA,GWh,RS,2025,577.44682
Energy supply and use,Power generation by type,Solar photovoltaic,Rooftop,Electricity generation (public service),NA,NA,GWh,RS,2030,587.79712
Energy supply and use,Power generation by type,Solar photovoltaic,Rooftop,Electricity generation (public service),NA,NA,GWh,RS,2035,580.95436
Energy supply and use,Power generation by type,Solar photovoltaic,Rooftop,Electricity generation (public service),NA,NA,GWh,RS,2040,589.34926
Energy supply and use,Power generation by type,Solar photovoltaic,Rooftop,Electricity generation (public service),NA,NA,GWh,RS,2045,589.07958
Energy supply and use,Power generation by type,Solar photovoltaic,Rooftop,Electricity generation (public service),NA,NA,GWh,RS,2050,584.02571
Energy supply and use,Power generation by type,Solar photovoltaic,Rooftop,Electricity generation (public service),NA,NA,GWh,SC,2025,499.27635
Energy supply and use,Power generation by type,Solar photovoltaic,Rooftop,Electricity generation (public service),NA,NA,GWh,SC,2030,507.81696
Energy supply and use,Power generation by type,Solar photovoltaic,Rooftop,Electricity generation (public service),NA,NA,GWh,SC,2035,508.67016
Energy supply and use,Power generation by type,Solar photovoltaic,Rooftop,Electricity generation (public service),NA,NA,GWh,SC,2040,509.07196
Energy supply and use,Power generation by type,Solar photovoltaic,Rooftop,Electricity generation (public service),NA,NA,GWh,SC,2045,508.88477
Energy supply and use,Power generation by type,Solar photovoltaic,Rooftop,Electricity generation (public service),NA,NA,GWh,SC,2050,507.10411
Energy supply and use,Power generation by type,Solar photovoltaic,Rooftop,Electricity generation (public service),NA,NA,GWh,SE,2025,91.48526
Energy supply and use,Power generation by type,Solar photovoltaic,Rooftop,Electricity generation (public service),NA,NA,GWh,SE,2030,94.44229
Energy supply and use,Power generation by type,Solar photovoltaic,Rooftop,Electricity generation (public service),NA,NA,GWh,SE,2035,94.37832
Energy supply and use,Power generation by type,Solar photovoltaic,Rooftop,Electricity generation (public service),NA,NA,GWh,SE,2040,97.95772
Energy supply and use,Power generation by type,Solar photovoltaic,Rooftop,Electricity generation (public service),NA,NA,GWh,SE,2045,97.55337
Energy supply and use,Power generation by type,Solar photovoltaic,Rooftop,Electricity generation (public service),NA,NA,GWh,SE,2050,97.98981
Energy supply and use,Power generation by type,Solar photovoltaic,Rooftop,Electricity generation (public service),NA,NA,GWh,SP,2025,1621.70863
Energy supply and use,Power generation by type,Solar photovoltaic,Rooftop,Electricity generation (public service),NA,NA,GWh,SP,2030,1645.10016
Energy supply and use,Power generation by type,Solar photovoltaic,Rooftop,Electricity generation (public service),NA,NA,GWh,SP,2035,1645.16807
Energy supply and use,Power generation by type,Solar photovoltaic,Rooftop,Electricity generation (public service),NA,NA,GWh,SP,2040,1660.21721
Energy supply and use,Power generation by type,Solar photovoltaic,Rooftop,Electricity generation (public service),NA,NA,GWh,SP,2045,1654.31231
Energy supply and use,Power generation by type,Solar photovoltaic,Rooftop,Electricity generation (public service),NA,NA,GWh,SP,2050,1643.42988
Energy supply and use,Power generation by type,Solar photovoltaic,Rooftop,Electricity generation (public service),NA,NA,GWh,TO,2025,198.81344
Energy supply and use,Power generation by type,Solar photovoltaic,Rooftop,Electricity generation (public service),NA,NA,GWh,TO,2030,211.63188
Energy supply and use,Power generation by type,Solar photovoltaic,Rooftop,Electricity generation (public service),NA,NA,GWh,TO,2035,204.97653
Energy supply and use,Power generation by type,Solar photovoltaic,Rooftop,Electricity generation (public service),NA,NA,GWh,TO,2040,211.22635
Energy supply and use,Power generation by type,Solar photovoltaic,Rooftop,Electricity generation (public service),NA,NA,GWh,TO,2045,208.55269
Energy supply and use,Power generation by type,Solar photovoltaic,Rooftop,Electricity generation (public service),NA,NA,GWh,TO,2050,202.84131
Energy supply and use,Power generation by type,Solar photovoltaic,Utility-scale,Electricity generation (public service),NA,NA,GWh,AC,2025,15.69659
Energy supply and use,Power generation by type,Solar photovoltaic,Utility-scale,Electricity generation (public service),NA,NA,GWh,AC,2030,1653.15581
Energy supply and use,Power generation by type,Solar photovoltaic,Utility-scale,Electricity generation (public service),NA,NA,GWh,AC,2035,3219.82047
Energy supply and use,Power generation by type,Solar photovoltaic,Utility-scale,Electricity generation (public service),NA,NA,GWh,AC,2040,3845.46828
Energy supply and use,Power generation by type,Solar photovoltaic,Utility-scale,Electricity generation (public service),NA,NA,GWh,AC,2045,4378.08327
Energy supply and use,Power generation by type,Solar photovoltaic,Utility-scale,Electricity generation (public service),NA,NA,GWh,AC,2050,4547.32023
Energy supply and use,Power generation by type,Solar photovoltaic,Utility-scale,Electricity generation (public service),NA,NA,GWh,AL,2025,7.21904
Energy supply and use,Power generation by type,Solar photovoltaic,Utility-scale,Electricity generation (public service),NA,NA,GWh,AL,2030,8.56688
Energy supply and use,Power generation by type,Solar photovoltaic,Utility-scale,Electricity generation (public service),NA,NA,GWh,AL,2035,8.28334
Energy supply and use,Power generation by type,Solar photovoltaic,Utility-scale,Electricity generation (public service),NA,NA,GWh,AL,2040,9.21107
Energy supply and use,Power generation by type,Solar photovoltaic,Utility-scale,Electricity generation (public service),NA,NA,GWh,AL,2045,8.9008
Energy supply and use,Power generation by type,Solar photovoltaic,Utility-scale,Electricity generation (public service),NA,NA,GWh,AL,2050,60.48025
Energy supply and use,Power generation by type,Solar photovoltaic,Utility-scale,Electricity generation (public service),NA,NA,GWh,AM,2025,12.26699
Energy supply and use,Power generation by type,Solar photovoltaic,Utility-scale,Electricity generation (public service),NA,NA,GWh,AM,2030,15.52035
Energy supply and use,Power generation by type,Solar photovoltaic,Utility-scale,Electricity generation (public service),NA,NA,GWh,AM,2035,507.95409
Energy supply and use,Power generation by type,Solar photovoltaic,Utility-scale,Electricity generation (public service),NA,NA,GWh,AM,2040,1639.35869
Energy supply and use,Power generation by type,Solar photovoltaic,Utility-scale,Electricity generation (public service),NA,NA,GWh,AM,2045,1652.30823
Energy supply and use,Power generation by type,Solar photovoltaic,Utility-scale,Electricity generation (public service),NA,NA,GWh,AM,2050,2693.16964
Energy supply and use,Power generation by type,Solar photovoltaic,Utility-scale,Electricity generation (public service),NA,NA,GWh,AP,2025,8.27234
Energy supply and use,Power generation by type,Solar photovoltaic,Utility-scale,Electricity generation (public service),NA,NA,GWh,AP,2030,9.45735
Energy supply and use,Power generation by type,Solar photovoltaic,Utility-scale,Electricity generation (public service),NA,NA,GWh,AP,2035,384.63926
Energy supply and use,Power generation by type,Solar photovoltaic,Utility-scale,Electricity generation (public service),NA,NA,GWh,AP,2040,393.76473
Energy supply and use,Power generation by type,Solar photovoltaic,Utility-scale,Electricity generation (public service),NA,NA,GWh,AP,2045,395.97963
Energy supply and use,Power generation by type,Solar photovoltaic,Utility-scale,Electricity generation (public service),NA,NA,GWh,AP,2050,371.90326
Energy supply and use,Power generation by type,Solar photovoltaic,Utility-scale,Electricity generation (public service),NA,NA,GWh,BA,2025,5624.81485
Energy supply and use,Power generation by type,Solar photovoltaic,Utility-scale,Electricity generation (public service),NA,NA,GWh,BA,2030,5886.3317
Energy supply and use,Power generation by type,Solar photovoltaic,Utility-scale,Electricity generation (public service),NA,NA,GWh,BA,2035,5839.79379
Energy supply and use,Power generation by type,Solar photovoltaic,Utility-scale,Electricity generation (public service),NA,NA,GWh,BA,2040,5903.34761
Energy supply and use,Power generation by type,Solar photovoltaic,Utility-scale,Electricity generation (public service),NA,NA,GWh,BA,2045,5852.60372
Energy supply and use,Power generation by type,Solar photovoltaic,Utility-scale,Electricity generation (public service),NA,NA,GWh,BA,2050,5824.09392
Energy supply and use,Power generation by type,Solar photovoltaic,Utility-scale,Electricity generation (public service),NA,NA,GWh,CE,2025,5136.33926
Energy supply and use,Power generation by type,Solar photovoltaic,Utility-scale,Electricity generation (public service),NA,NA,GWh,CE,2030,5400.2646
Energy supply and use,Power generation by type,Solar photovoltaic,Utility-scale,Electricity generation (public service),NA,NA,GWh,CE,2035,5376.9352
Energy supply and use,Power generation by type,Solar photovoltaic,Utility-scale,Electricity generation (public service),NA,NA,GWh,CE,2040,5434.87817
Energy supply and use,Power generation by type,Solar photovoltaic,Utility-scale,Electricity generation (public service),NA,NA,GWh,CE,2045,5353.4516
Energy supply and use,Power generation by type,Solar photovoltaic,Utility-scale,Electricity generation (public service),NA,NA,GWh,CE,2050,5254.74948
Energy supply and use,Power generation by type,Solar photovoltaic,Utility-scale,Electricity generation (public service),NA,NA,GWh,ES,2025,8.3616
Energy supply and use,Power generation by type,Solar photovoltaic,Utility-scale,Electricity generation (public service),NA,NA,GWh,ES,2030,10.20959
Energy supply and use,Power generation by type,Solar photovoltaic,Utility-scale,Electricity generation (public service),NA,NA,GWh,ES,2035,14.43639
Energy supply and use,Power generation by type,Solar photovoltaic,Utility-scale,Electricity generation (public service),NA,NA,GWh,ES,2040,77.35049
Energy supply and use,Power generation by type,Solar photovoltaic,Utility-scale,Electricity generation (public service),NA,NA,GWh,ES,2045,76.678
Energy supply and use,Power generation by type,Solar photovoltaic,Utility-scale,Electricity generation (public service),NA,NA,GWh,ES,2050,133.03556
Energy supply and use,Power generation by type,Solar photovoltaic,Utility-scale,Electricity generation (public service),NA,NA,GWh,GO,2025,652.97838
Energy supply and use,Power generation by type,Solar photovoltaic,Utility-scale,Electricity generation (public service),NA,NA,GWh,GO,2030,6083.4301
Energy supply and use,Power generation by type,Solar photovoltaic,Utility-scale,Electricity generation (public service),NA,NA,GWh,GO,2035,13317.15798
Energy supply and use,Power generation by type,Solar photovoltaic,Utility-scale,Electricity generation (public service),NA,NA,GWh,GO,2040,13504.6606
Energy supply and use,Power generation by type,Solar photovoltaic,Utility-scale,Electricity generation (public service),NA,NA,GWh,GO,2045,13666.57946
Energy supply and use,Power generation by type,Solar photovoltaic,Utility-scale,Electricity generation (public service),NA,NA,GWh,GO,2050,15206.2791
Energy supply and use,Power generation by type,Solar photovoltaic,Utility-scale,Electricity generation (public service),NA,NA,GWh,MA,2025,32.79493
Energy supply and use,Power generation by type,Solar photovoltaic,Utility-scale,Electricity generation (public service),NA,NA,GWh,MA,2030,37.23719
Energy supply and use,Power generation by type,Solar photovoltaic,Utility-scale,Electricity generation (public service),NA,NA,GWh,MA,2035,920.00635
Energy supply and use,Power generation by type,Solar photovoltaic,Utility-scale,Electricity generation (public service),NA,NA,GWh,MA,2040,3589.53909
Energy supply and use,Power generation by type,Solar photovoltaic,Utility-scale,Electricity generation (public service),NA,NA,GWh,MA,2045,5382.15273
Energy supply and use,Power generation by type,Solar photovoltaic,Utility-scale,Electricity generation (public service),NA,NA,GWh,MA,2050,7234.85774
Energy supply and use,Power generation by type,Solar photovoltaic,Utility-scale,Electricity generation (public service),NA,NA,GWh,MG,2025,14235.91858
Energy supply and use,Power generation by type,Solar photovoltaic,Utility-scale,Electricity generation (public service),NA,NA,GWh,MG,2030,14641.09326
Energy supply and use,Power generation by type,Solar photovoltaic,Utility-scale,Electricity generation (public service),NA,NA,GWh,MG,2035,14905.62896
Energy supply and use,Power generation by type,Solar photovoltaic,Utility-scale,Electricity generation (public service),NA,NA,GWh,MG,2040,14969.97669
Energy supply and use,Power generation by type,Solar photovoltaic,Utility-scale,Electricity generation (public service),NA,NA,GWh,MG,2045,18512.1802
Energy supply and use,Power generation by type,Solar photovoltaic,Utility-scale,Electricity generation (public service),NA,NA,GWh,MG,2050,22102.65986
Energy supply and use,Power generation by type,Solar photovoltaic,Utility-scale,Electricity generation (public service),NA,NA,GWh,MS,2025,28.95525
Energy supply and use,Power generation by type,Solar photovoltaic,Utility-scale,Electricity generation (public service),NA,NA,GWh,MS,2030,2224.31741
Energy supply and use,Power generation by type,Solar photovoltaic,Utility-scale,Electricity generation (public service),NA,NA,GWh,MS,2035,5147.30518
Energy supply and use,Power generation by type,Solar photovoltaic,Utility-scale,Electricity generation (public service),NA,NA,GWh,MS,2040,5174.51726
Energy supply and use,Power generation by type,Solar photovoltaic,Utility-scale,Electricity generation (public service),NA,NA,GWh,MS,2045,5163.54513
Energy supply and use,Power generation by type,Solar photovoltaic,Utility-scale,Electricity generation (public service),NA,NA,GWh,MS,2050,5188.90898
Energy supply and use,Power generation by type,Solar photovoltaic,Utility-scale,Electricity generation (public service),NA,NA,GWh,MT,2025,29.69448
Energy supply and use,Power generation by type,Solar photovoltaic,Utility-scale,Electricity generation (public service),NA,NA,GWh,MT,2030,12094.64287
Energy supply and use,Power generation by type,Solar photovoltaic,Utility-scale,Electricity generation (public service),NA,NA,GWh,MT,2035,12045.65162
Energy supply and use,Power generation by type,Solar photovoltaic,Utility-scale,Electricity generation (public service),NA,NA,GWh,MT,2040,12159.29775
Energy supply and use,Power generation by type,Solar photovoltaic,Utility-scale,Electricity generation (public service),NA,NA,GWh,MT,2045,12127.55215
Energy supply and use,Power generation by type,Solar photovoltaic,Utility-scale,Electricity generation (public service),NA,NA,GWh,MT,2050,14451.15611
Energy supply and use,Power generation by type,Solar photovoltaic,Utility-scale,Electricity generation (public service),NA,NA,GWh,PA,2025,62.61425
Energy supply and use,Power generation by type,Solar photovoltaic,Utility-scale,Electricity generation (public service),NA,NA,GWh,PA,2030,5355.3754
Energy supply and use,Power generation by type,Solar photovoltaic,Utility-scale,Electricity generation (public service),NA,NA,GWh,PA,2035,8938.74323
Energy supply and use,Power generation by type,Solar photovoltaic,Utility-scale,Electricity generation (public service),NA,NA,GWh,PA,2040,9037.73767
Energy supply and use,Power generation by type,Solar photovoltaic,Utility-scale,Electricity generation (public service),NA,NA,GWh,PA,2045,11181.43442
Energy supply and use,Power generation by type,Solar photovoltaic,Utility-scale,Electricity generation (public service),NA,NA,GWh,PA,2050,11152.93471
Energy supply and use,Power generation by type,Solar photovoltaic,Utility-scale,Electricity generation (public service),NA,NA,GWh,PB,2025,2655.55389
Energy supply and use,Power generation by type,Solar photovoltaic,Utility-scale,Electricity generation (public service),NA,NA,GWh,PB,2030,2811.85425
Energy supply and use,Power generation by type,Solar photovoltaic,Utility-scale,Electricity generation (public service),NA,NA,GWh,PB,2035,2800.19406
Energy supply and use,Power generation by type,Solar photovoltaic,Utility-scale,Electricity generation (public service),NA,NA,GWh,PB,2040,2891.57867
Energy supply and use,Power generation by type,Solar photovoltaic,Utility-scale,Electricity generation (public service),NA,NA,GWh,PB,2045,2822.55891
Energy supply and use,Power generation by type,Solar photovoltaic,Utility-scale,Electricity generation (public service),NA,NA,GWh,PB,2050,2760.93205
Energy supply and use,Power generation by type,Solar photovoltaic,Utility-scale,Electricity generation (public service),NA,NA,GWh,PE,2025,3283.0538
Energy supply and use,Power generation by type,Solar photovoltaic,Utility-scale,Electricity generation (public service),NA,NA,GWh,PE,2030,3277.35742
Energy supply and use,Power generation by type,Solar photovoltaic,Utility-scale,Electricity generation (public service),NA,NA,GWh,PE,2035,3232.98194
Energy supply and use,Power generation by type,Solar photovoltaic,Utility-scale,Electricity generation (public service),NA,NA,GWh,PE,2040,3311.52585
Energy supply and use,Power generation by type,Solar photovoltaic,Utility-scale,Electricity generation (public service),NA,NA,GWh,PE,2045,3239.10374
Energy supply and use,Power generation by type,Solar photovoltaic,Utility-scale,Electricity generation (public service),NA,NA,GWh,PE,2050,3171.90405
Energy supply and use,Power generation by type,Solar photovoltaic,Utility-scale,Electricity generation (public service),NA,NA,GWh,PI,2025,6008.25256
Energy supply and use,Power generation by type,Solar photovoltaic,Utility-scale,Electricity generation (public service),NA,NA,GWh,PI,2030,6406.61805
Energy supply and use,Power generation by type,Solar photovoltaic,Utility-scale,Electricity generation (public service),NA,NA,GWh,PI,2035,6343.71289
Energy supply and use,Power generation by type,Solar photovoltaic,Utility-scale,Electricity generation (public service),NA,NA,GWh,PI,2040,6537.63023
Energy supply and use,Power generation by type,Solar photovoltaic,Utility-scale,Electricity generation (public service),NA,NA,GWh,PI,2045,6415.71788
Energy supply and use,Power generation by type,Solar photovoltaic,Utility-scale,Electricity generation (public service),NA,NA,GWh,PI,2050,6344.7629
Energy supply and use,Power generation by type,Solar photovoltaic,Utility-scale,Electricity generation (public service),NA,NA,GWh,PR,2025,22.22559
Energy supply and use,Power generation by type,Solar photovoltaic,Utility-scale,Electricity generation (public service),NA,NA,GWh,PR,2030,731.53618
Energy supply and use,Power generation by type,Solar photovoltaic,Utility-scale,Electricity generation (public service),NA,NA,GWh,PR,2035,2724.83054
Energy supply and use,Power generation by type,Solar photovoltaic,Utility-scale,Electricity generation (public service),NA,NA,GWh,PR,2040,6621.33935
Energy supply and use,Power generation by type,Solar photovoltaic,Utility-scale,Electricity generation (public service),NA,NA,GWh,PR,2045,10698.23315
Energy supply and use,Power generation by type,Solar photovoltaic,Utility-scale,Electricity generation (public service),NA,NA,GWh,PR,2050,13418.29028
Energy supply and use,Power generation by type,Solar photovoltaic,Utility-scale,Electricity generation (public service),NA,NA,GWh,RJ,2025,17.94337
Energy supply and use,Power generation by type,Solar photovoltaic,Utility-scale,Electricity generation (public service),NA,NA,GWh,RJ,2030,1660.31649
Energy supply and use,Power generation by type,Solar photovoltaic,Utility-scale,Electricity generation (public service),NA,NA,GWh,RJ,2035,3879.18487
Energy supply and use,Power generation by type,Solar photovoltaic,Utility-scale,Electricity generation (public service),NA,NA,GWh,RJ,2040,5566.35126
Energy supply and use,Power generation by type,Solar photovoltaic,Utility-scale,Electricity generation (public service),NA,NA,GWh,RJ,2045,5930.43138
Energy supply and use,Power generation by type,Solar photovoltaic,Utility-scale,Electricity generation (public service),NA,NA,GWh,RJ,2050,14091.76307
Energy supply and use,Power generation by type,Solar photovoltaic,Utility-scale,Electricity generation (public service),NA,NA,GWh,RN,2025,2824.40929
Energy supply and use,Power generation by type,Solar photovoltaic,Utility-scale,Electricity generation (public service),NA,NA,GWh,RN,2030,3028.24789
Energy supply and use,Power generation by type,Solar photovoltaic,Utility-scale,Electricity generation (public service),NA,NA,GWh,RN,2035,2975.40686
Energy supply and use,Power generation by type,Solar photovoltaic,Utility-scale,Electricity generation (public service),NA,NA,GWh,RN,2040,3113.74071
Energy supply and use,Power generation by type,Solar photovoltaic,Utility-scale,Electricity generation (public service),NA,NA,GWh,RN,2045,2950.84345
Energy supply and use,Power generation by type,Solar photovoltaic,Utility-scale,Electricity generation (public service),NA,NA,GWh,RN,2050,2883.39614
Energy supply and use,Power generation by type,Solar photovoltaic,Utility-scale,Electricity generation (public service),NA,NA,GWh,RO,2025,38.32761
Energy supply and use,Power generation by type,Solar photovoltaic,Utility-scale,Electricity generation (public service),NA,NA,GWh,RO,2030,45.01051
Energy supply and use,Power generation by type,Solar photovoltaic,Utility-scale,Electricity generation (public service),NA,NA,GWh,RO,2035,45.69682
Energy supply and use,Power generation by type,Solar photovoltaic,Utility-scale,Electricity generation (public service),NA,NA,GWh,RO,2040,209.94026
Energy supply and use,Power generation by type,Solar photovoltaic,Utility-scale,Electricity generation (public service),NA,NA,GWh,RO,2045,3248.98808
Energy supply and use,Power generation by type,Solar photovoltaic,Utility-scale,Electricity generation (public service),NA,NA,GWh,RO,2050,5205.6749
Energy supply and use,Power generation by type,Solar photovoltaic,Utility-scale,Electricity generation (public service),NA,NA,GWh,RR,2025,5.54808
Energy supply and use,Power generation by type,Solar photovoltaic,Utility-scale,Electricity generation (public service),NA,NA,GWh,RR,2030,6.72471
Energy supply and use,Power generation by type,Solar photovoltaic,Utility-scale,Electricity generation (public service),NA,NA,GWh,RR,2035,6.85786
Energy supply and use,Power generation by type,Solar photovoltaic,Utility-scale,Electricity generation (public service),NA,NA,GWh,RR,2040,12.11022
Energy supply and use,Power generation by type,Solar photovoltaic,Utility-scale,Electricity generation (public service),NA,NA,GWh,RR,2045,987.08178
Energy supply and use,Power generation by type,Solar photovoltaic,Utility-scale,Electricity generation (public service),NA,NA,GWh,RR,2050,3024.5284
Energy supply and use,Power generation by type,Solar photovoltaic,Utility-scale,Electricity generation (public service),NA,NA,GWh,RS,2025,30.61436
Energy supply and use,Power generation by type,Solar photovoltaic,Utility-scale,Electricity generation (public service),NA,NA,GWh,RS,2030,836.10587
Energy supply and use,Power generation by type,Solar photovoltaic,Utility-scale,Electricity generation (public service),NA,NA,GWh,RS,2035,6922.80278
Energy supply and use,Power generation by type,Solar photovoltaic,Utility-scale,Electricity generation (public service),NA,NA,GWh,RS,2040,9400.56601
Energy supply and use,Power generation by type,Solar photovoltaic,Utility-scale,Electricity generation (public service),NA,NA,GWh,RS,2045,10764.6147
Energy supply and use,Power generation by type,Solar photovoltaic,Utility-scale,Electricity generation (public service),NA,NA,GWh,RS,2050,16523.82322
Energy supply and use,Power generation by type,Solar photovoltaic,Utility-scale,Electricity generation (public service),NA,NA,GWh,SC,2025,10.59725
Energy supply and use,Power generation by type,Solar photovoltaic,Utility-scale,Electricity generation (public service),NA,NA,GWh,SC,2030,14.64307
Energy supply and use,Power generation by type,Solar photovoltaic,Utility-scale,Electricity generation (public service),NA,NA,GWh,SC,2035,17.1045
Energy supply and use,Power generation by type,Solar photovoltaic,Utility-scale,Electricity generation (public service),NA,NA,GWh,SC,2040,17.54004
Energy supply and use,Power generation by type,Solar photovoltaic,Utility-scale,Electricity generation (public service),NA,NA,GWh,SC,2045,17.70171
Energy supply and use,Power generation by type,Solar photovoltaic,Utility-scale,Electricity generation (public service),NA,NA,GWh,SC,2050,106.19203
Energy supply and use,Power generation by type,Solar photovoltaic,Utility-scale,Electricity generation (public service),NA,NA,GWh,SE,2025,7.65076
Energy supply and use,Power generation by type,Solar photovoltaic,Utility-scale,Electricity generation (public service),NA,NA,GWh,SE,2030,9.08561
Energy supply and use,Power generation by type,Solar photovoltaic,Utility-scale,Electricity generation (public service),NA,NA,GWh,SE,2035,8.7425
Energy supply and use,Power generation by type,Solar photovoltaic,Utility-scale,Electricity generation (public service),NA,NA,GWh,SE,2040,9.77524
Energy supply and use,Power generation by type,Solar photovoltaic,Utility-scale,Electricity generation (public service),NA,NA,GWh,SE,2045,9.30538
Energy supply and use,Power generation by type,Solar photovoltaic,Utility-scale,Electricity generation (public service),NA,NA,GWh,SE,2050,309.81773
Energy supply and use,Power generation by type,Solar photovoltaic,Utility-scale,Electricity generation (public service),NA,NA,GWh,SP,2025,2103.69646
Energy supply and use,Power generation by type,Solar photovoltaic,Utility-scale,Electricity generation (public service),NA,NA,GWh,SP,2030,4015.14015
Energy supply and use,Power generation by type,Solar photovoltaic,Utility-scale,Electricity generation (public service),NA,NA,GWh,SP,2035,4566.75514
Energy supply and use,Power generation by type,Solar photovoltaic,Utility-scale,Electricity generation (public service),NA,NA,GWh,SP,2040,23961.59197
Energy supply and use,Power generation by type,Solar photovoltaic,Utility-scale,Electricity generation (public service),NA,NA,GWh,SP,2045,50968.31931
Energy supply and use,Power generation by type,Solar photovoltaic,Utility-scale,Electricity generation (public service),NA,NA,GWh,SP,2050,78058.30493
Energy supply and use,Power generation by type,Solar photovoltaic,Utility-scale,Electricity generation (public service),NA,NA,GWh,TO,2025,35.07746
Energy supply and use,Power generation by type,Solar photovoltaic,Utility-scale,Electricity generation (public service),NA,NA,GWh,TO,2030,830.00052
Energy supply and use,Power generation by type,Solar photovoltaic,Utility-scale,Electricity generation (public service),NA,NA,GWh,TO,2035,3309.75612
Energy supply and use,Power generation by type,Solar photovoltaic,Utility-scale,Electricity generation (public service),NA,NA,GWh,TO,2040,3438.70493
Energy supply and use,Power generation by type,Solar photovoltaic,Utility-scale,Electricity generation (public service),NA,NA,GWh,TO,2045,4061.80176
Energy supply and use,Power generation by type,Solar photovoltaic,Utility-scale,Electricity generation (public service),NA,NA,GWh,TO,2050,4241.88033
Energy supply and use,Power generation by type,Wind,Offshore,Electricity generation (public service),NA,NA,GWh,RJ,2025,1.08236
Energy supply and use,Power generation by type,Wind,Offshore,Electricity generation (public service),NA,NA,GWh,RJ,2030,1.61294
Energy supply and use,Power generation by type,Wind,Offshore,Electricity generation (public service),NA,NA,GWh,RJ,2035,1.53989
Energy supply and use,Power generation by type,Wind,Offshore,Electricity generation (public service),NA,NA,GWh,RJ,2040,1.55362
Energy supply and use,Power generation by type,Wind,Offshore,Electricity generation (public service),NA,NA,GWh,RJ,2045,0.48232
Energy supply and use,Power generation by type,Wind,Offshore,Electricity generation (public service),NA,NA,GWh,RJ,2050,4.47737
Energy supply and use,Power generation by type,Wind,Offshore,Electricity generation (public service),NA,NA,GWh,RN,2025,1.9889
Energy supply and use,Power generation by type,Wind,Offshore,Electricity generation (public service),NA,NA,GWh,RN,2030,2.64451
Energy supply and use,Power generation by type,Wind,Offshore,Electricity generation (public service),NA,NA,GWh,RN,2035,2.53094
Energy supply and use,Power generation by type,Wind,Offshore,Electricity generation (public service),NA,NA,GWh,RN,2040,2.575
Energy supply and use,Power generation by type,Wind,Offshore,Electricity generation (public service),NA,NA,GWh,RN,2045,0.64662
Energy supply and use,Power generation by type,Wind,Offshore,Electricity generation (public service),NA,NA,GWh,RN,2050,5.65439
Energy supply and use,Power generation by type,Wind,Offshore,Electricity generation (public service),NA,NA,GWh,RS,2025,1.01524
Energy supply and use,Power generation by type,Wind,Offshore,Electricity generation (public service),NA,NA,GWh,RS,2030,1.41713
Energy supply and use,Power generation by type,Wind,Offshore,Electricity generation (public service),NA,NA,GWh,RS,2035,1.37215
Energy supply and use,Power generation by type,Wind,Offshore,Electricity generation (public service),NA,NA,GWh,RS,2040,1.38308
Energy supply and use,Power generation by type,Wind,Offshore,Electricity generation (public service),NA,NA,GWh,RS,2045,0.3929
Energy supply and use,Power generation by type,Wind,Offshore,Electricity generation (public service),NA,NA,GWh,RS,2050,3.40608
Energy supply and use,Power generation by type,Wind,Onshore,Electricity generation (public service),NA,NA,GWh,AC,2025,0.79934
Energy supply and use,Power generation by type,Wind,Onshore,Electricity generation (public service),NA,NA,GWh,AC,2030,1.06778
Energy supply and use,Power generation by type,Wind,Onshore,Electricity generation (public service),NA,NA,GWh,AC,2035,1.01224
Energy supply and use,Power generation by type,Wind,Onshore,Electricity generation (public service),NA,NA,GWh,AC,2040,1.02086
Energy supply and use,Power generation by type,Wind,Onshore,Electricity generation (public service),NA,NA,GWh,AC,2045,0.94812
Energy supply and use,Power generation by type,Wind,Onshore,Electricity generation (public service),NA,NA,GWh,AC,2050,1.14074
Energy supply and use,Power generation by type,Wind,Onshore,Electricity generation (public service),NA,NA,GWh,AL,2025,5.12802
Energy supply and use,Power generation by type,Wind,Onshore,Electricity generation (public service),NA,NA,GWh,AL,2030,6.74551
Energy supply and use,Power generation by type,Wind,Onshore,Electricity generation (public service),NA,NA,GWh,AL,2035,6.51417
Energy supply and use,Power generation by type,Wind,Onshore,Electricity generation (public service),NA,NA,GWh,AL,2040,6.85834
Energy supply and use,Power generation by type,Wind,Onshore,Electricity generation (public service),NA,NA,GWh,AL,2045,6.62364
Energy supply and use,Power generation by type,Wind,Onshore,Electricity generation (public service),NA,NA,GWh,AL,2050,19.38164
Energy supply and use,Power generation by type,Wind,Onshore,Electricity generation (public service),NA,NA,GWh,AM,2025,0.08358
Energy supply and use,Power generation by type,Wind,Onshore,Electricity generation (public service),NA,NA,GWh,AM,2030,0.10696
Energy supply and use,Power generation by type,Wind,Onshore,Electricity generation (public service),NA,NA,GWh,AM,2035,0.10277
Energy supply and use,Power generation by type,Wind,Onshore,Electricity generation (public service),NA,NA,GWh,AM,2040,0.10819
Energy supply and use,Power generation by type,Wind,Onshore,Electricity generation (public service),NA,NA,GWh,AM,2045,0.10126
Energy supply and use,Power generation by type,Wind,Onshore,Electricity generation (public service),NA,NA,GWh,AM,2050,0.1377
Energy supply and use,Power generation by type,Wind,Onshore,Electricity generation (public service),NA,NA,GWh,AP,2025,1.03078
Energy supply and use,Power generation by type,Wind,Onshore,Electricity generation (public service),NA,NA,GWh,AP,2030,1.46027
Energy supply and use,Power generation by type,Wind,Onshore,Electricity generation (public service),NA,NA,GWh,AP,2035,1.36126
Energy supply and use,Power generation by type,Wind,Onshore,Electricity generation (public service),NA,NA,GWh,AP,2040,1.50358
Energy supply and use,Power generation by type,Wind,Onshore,Electricity generation (public service),NA,NA,GWh,AP,2045,1.45974
Energy supply and use,Power generation by type,Wind,Onshore,Electricity generation (public service),NA,NA,GWh,AP,2050,1.40459
Energy supply and use,Power generation by type,Wind,Onshore,Electricity generation (public service),NA,NA,GWh,BA,2025,17411.40096
Energy supply and use,Power generation by type,Wind,Onshore,Electricity generation (public service),NA,NA,GWh,BA,2030,18433.28544
Energy supply and use,Power generation by type,Wind,Onshore,Electricity generation (public service),NA,NA,GWh,BA,2035,18526.71745
Energy supply and use,Power generation by type,Wind,Onshore,Electricity generation (public service),NA,NA,GWh,BA,2040,18727.43449
Energy supply and use,Power generation by type,Wind,Onshore,Electricity generation (public service),NA,NA,GWh,BA,2045,18553.94035
Energy supply and use,Power generation by type,Wind,Onshore,Electricity generation (public service),NA,NA,GWh,BA,2050,18437.63083
Energy supply and use,Power generation by type,Wind,Onshore,Electricity generation (public service),NA,NA,GWh,CE,2025,5008.1256
Energy supply and use,Power generation by type,Wind,Onshore,Electricity generation (public service),NA,NA,GWh,CE,2030,5252.73424
Energy supply and use,Power generation by type,Wind,Onshore,Electricity generation (public service),NA,NA,GWh,CE,2035,5282.0325
Energy supply and use,Power generation by type,Wind,Onshore,Electricity generation (public service),NA,NA,GWh,CE,2040,5328.31601
Energy supply and use,Power generation by type,Wind,Onshore,Electricity generation (public service),NA,NA,GWh,CE,2045,5210.07396
Energy supply and use,Power generation by type,Wind,Onshore,Electricity generation (public service),NA,NA,GWh,CE,2050,5124.56278
Energy supply and use,Power generation by type,Wind,Onshore,Electricity generation (public service),NA,NA,GWh,ES,2025,1.65856
Energy supply and use,Power generation by type,Wind,Onshore,Electricity generation (public service),NA,NA,GWh,ES,2030,2.32415
Energy supply and use,Power generation by type,Wind,Onshore,Electricity generation (public service),NA,NA,GWh,ES,2035,2.29342
Energy supply and use,Power generation by type,Wind,Onshore,Electricity generation (public service),NA,NA,GWh,ES,2040,2.4804
Energy supply and use,Power generation by type,Wind,Onshore,Electricity generation (public service),NA,NA,GWh,ES,2045,2.47413
Energy supply and use,Power generation by type,Wind,Onshore,Electricity generation (public service),NA,NA,GWh,ES,2050,3.95851
Energy supply and use,Power generation by type,Wind,Onshore,Electricity generation (public service),NA,NA,GWh,GO,2025,5.24041
Energy supply and use,Power generation by type,Wind,Onshore,Electricity generation (public service),NA,NA,GWh,GO,2030,7.24837
Energy supply and use,Power generation by type,Wind,Onshore,Electricity generation (public service),NA,NA,GWh,GO,2035,7.04538
Energy supply and use,Power generation by type,Wind,Onshore,Electricity generation (public service),NA,NA,GWh,GO,2040,7.16659
Energy supply and use,Power generation by type,Wind,Onshore,Electricity generation (public service),NA,NA,GWh,GO,2045,6.93242
Energy supply and use,Power generation by type,Wind,Onshore,Electricity generation (public service),NA,NA,GWh,GO,2050,7.9834
Energy supply and use,Power generation by type,Wind,Onshore,Electricity generation (public service),NA,NA,GWh,MA,2025,326.21111
Energy supply and use,Power generation by type,Wind,Onshore,Electricity generation (public service),NA,NA,GWh,MA,2030,336.92991
Energy supply and use,Power generation by type,Wind,Onshore,Electricity generation (public service),NA,NA,GWh,MA,2035,330.55027
Energy supply and use,Power generation by type,Wind,Onshore,Electricity generation (public service),NA,NA,GWh,MA,2040,334.68323
Energy supply and use,Power generation by type,Wind,Onshore,Electricity generation (public service),NA,NA,GWh,MA,2045,318.38673
Energy supply and use,Power generation by type,Wind,Onshore,Electricity generation (public service),NA,NA,GWh,MA,2050,302.92907
Energy supply and use,Power generation by type,Wind,Onshore,Electricity generation (public service),NA,NA,GWh,MG,2025,7.82788
Energy supply and use,Power generation by type,Wind,Onshore,Electricity generation (public service),NA,NA,GWh,MG,2030,10.05857
Energy supply and use,Power generation by type,Wind,Onshore,Electricity generation (public service),NA,NA,GWh,MG,2035,9.84284
Energy supply and use,Power generation by type,Wind,Onshore,Electricity generation (public service),NA,NA,GWh,MG,2040,10.09213
Energy supply and use,Power generation by type,Wind,Onshore,Electricity generation (public service),NA,NA,GWh,MG,2045,9.83553
Energy supply and use,Power generation by type,Wind,Onshore,Electricity generation (public service),NA,NA,GWh,MG,2050,11.00867
Energy supply and use,Power generation by type,Wind,Onshore,Electricity generation (public service),NA,NA,GWh,MS,2025,9.07207
Energy supply and use,Power generation by type,Wind,Onshore,Electricity generation (public service),NA,NA,GWh,MS,2030,11.80615
Energy supply and use,Power generation by type,Wind,Onshore,Electricity generation (public service),NA,NA,GWh,MS,2035,11.58019
Energy supply and use,Power generation by type,Wind,Onshore,Electricity generation (public service),NA,NA,GWh,MS,2040,11.84655
Energy supply and use,Power generation by type,Wind,Onshore,Electricity generation (public service),NA,NA,GWh,MS,2045,11.50751
Energy supply and use,Power generation by type,Wind,Onshore,Electricity generation (public service),NA,NA,GWh,MS,2050,12.30909
Energy supply and use,Power generation by type,Wind,Onshore,Electricity generation (public service),NA,NA,GWh,MT,2025,3.94589
Energy supply and use,Power generation by type,Wind,Onshore,Electricity generation (public service),NA,NA,GWh,MT,2030,5.38403
Energy supply and use,Power generation by type,Wind,Onshore,Electricity generation (public service),NA,NA,GWh,MT,2035,5.14136
Energy supply and use,Power generation by type,Wind,Onshore,Electricity generation (public service),NA,NA,GWh,MT,2040,5.14489
Energy supply and use,Power generation by type,Wind,Onshore,Electricity generation (public service),NA,NA,GWh,MT,2045,4.93334
Energy supply and use,Power generation by type,Wind,Onshore,Electricity generation (public service),NA,NA,GWh,MT,2050,6.10732
Energy supply and use,Power generation by type,Wind,Onshore,Electricity generation (public service),NA,NA,GWh,PA,2025,4.49497
Energy supply and use,Power generation by type,Wind,Onshore,Electricity generation (public service),NA,NA,GWh,PA,2030,6.07371
Energy supply and use,Power generation by type,Wind,Onshore,Electricity generation (public service),NA,NA,GWh,PA,2035,5.94105
Energy supply and use,Power generation by type,Wind,Onshore,Electricity generation (public service),NA,NA,GWh,PA,2040,6.10263
Energy supply and use,Power generation by type,Wind,Onshore,Electricity generation (public service),NA,NA,GWh,PA,2045,5.98889
Energy supply and use,Power generation by type,Wind,Onshore,Electricity generation (public service),NA,NA,GWh,PA,2050,8.53706
Energy supply and use,Power generation by type,Wind,Onshore,Electricity generation (public service),NA,NA,GWh,PB,2025,2483.67928
Energy supply and use,Power generation by type,Wind,Onshore,Electricity generation (public service),NA,NA,GWh,PB,2030,2618.16534
Energy supply and use,Power generation by type,Wind,Onshore,Electricity generation (public service),NA,NA,GWh,PB,2035,2553.25444
Energy supply and use,Power generation by type,Wind,Onshore,Electricity generation (public service),NA,NA,GWh,PB,2040,2661.78355
Energy supply and use,Power generation by type,Wind,Onshore,Electricity generation (public service),NA,NA,GWh,PB,2045,2564.14191
Energy supply and use,Power generation by type,Wind,Onshore,Electricity generation (public service),NA,NA,GWh,PB,2050,2482.32303
Energy supply and use,Power generation by type,Wind,Onshore,Electricity generation (public service),NA,NA,GWh,PE,2025,6843.02337
Energy supply and use,Power generation by type,Wind,Onshore,Electricity generation (public service),NA,NA,GWh,PE,2030,31000.11046
Energy supply and use,Power generation by type,Wind,Onshore,Electricity generation (public service),NA,NA,GWh,PE,2035,32270.25074
Energy supply and use,Power generation by type,Wind,Onshore,Electricity generation (public service),NA,NA,GWh,PE,2040,42024.66218
Energy supply and use,Power generation by type,Wind,Onshore,Electricity generation (public service),NA,NA,GWh,PE,2045,41949.5199
Energy supply and use,Power generation by type,Wind,Onshore,Electricity generation (public service),NA,NA,GWh,PE,2050,43325.75055
Energy supply and use,Power generation by type,Wind,Onshore,Electricity generation (public service),NA,NA,GWh,PI,2025,6838.67794
Energy supply and use,Power generation by type,Wind,Onshore,Electricity generation (public service),NA,NA,GWh,PI,2030,7057.0845
Energy supply and use,Power generation by type,Wind,Onshore,Electricity generation (public service),NA,NA,GWh,PI,2035,6999.06351
Energy supply and use,Power generation by type,Wind,Onshore,Electricity generation (public service),NA,NA,GWh,PI,2040,7115.28856
Energy supply and use,Power generation by type,Wind,Onshore,Electricity generation (public service),NA,NA,GWh,PI,2045,6982.49017
Energy supply and use,Power generation by type,Wind,Onshore,Electricity generation (public service),NA,NA,GWh,PI,2050,6861.78456
Energy supply and use,Power generation by type,Wind,Onshore,Electricity generation (public service),NA,NA,GWh,PR,2025,63.00057
Energy supply and use,Power generation by type,Wind,Onshore,Electricity generation (public service),NA,NA,GWh,PR,2030,72.89689
Energy supply and use,Power generation by type,Wind,Onshore,Electricity generation (public service),NA,NA,GWh,PR,2035,73.16183
Energy supply and use,Power generation by type,Wind,Onshore,Electricity generation (public service),NA,NA,GWh,PR,2040,75.20629
Energy supply and use,Power generation by type,Wind,Onshore,Electricity generation (public service),NA,NA,GWh,PR,2045,74.85929
Energy supply and use,Power generation by type,Wind,Onshore,Electricity generation (public service),NA,NA,GWh,PR,2050,69.68833
Energy supply and use,Power generation by type,Wind,Onshore,Electricity generation (public service),NA,NA,GWh,RJ,2025,12.43819
Energy supply and use,Power generation by type,Wind,Onshore,Electricity generation (public service),NA,NA,GWh,RJ,2030,14.2259
Energy supply and use,Power generation by type,Wind,Onshore,Electricity generation (public service),NA,NA,GWh,RJ,2035,14.23658
Energy supply and use,Power generation by type,Wind,Onshore,Electricity generation (public service),NA,NA,GWh,RJ,2040,14.5845
Energy supply and use,Power generation by type,Wind,Onshore,Electricity generation (public service),NA,NA,GWh,RJ,2045,14.492
Energy supply and use,Power generation by type,Wind,Onshore,Electricity generation (public service),NA,NA,GWh,RJ,2050,13.60435
Energy supply and use,Power generation by type,Wind,Onshore,Electricity generation (public service),NA,NA,GWh,RN,2025,31351.36501
Energy supply and use,Power generation by type,Wind,Onshore,Electricity generation (public service),NA,NA,GWh,RN,2030,34873.9041
Energy supply and use,Power generation by type,Wind,Onshore,Electricity generation (public service),NA,NA,GWh,RN,2035,100208.88364
Energy supply and use,Power generation by type,Wind,Onshore,Electricity generation (public service),NA,NA,GWh,RN,2040,101526.79779
Energy supply and use,Power generation by type,Wind,Onshore,Electricity generation (public service),NA,NA,GWh,RN,2045,164809.95601
Energy supply and use,Power generation by type,Wind,Onshore,Electricity generation (public service),NA,NA,GWh,RN,2050,215297.0763
Energy supply and use,Power generation by type,Wind,Onshore,Electricity generation (public service),NA,NA,GWh,RO,2025,1.54319
Energy supply and use,Power generation by type,Wind,Onshore,Electricity generation (public service),NA,NA,GWh,RO,2030,2.06652
Energy supply and use,Power generation by type,Wind,Onshore,Electricity generation (public service),NA,NA,GWh,RO,2035,1.97334
Energy supply and use,Power generation by type,Wind,Onshore,Electricity generation (public service),NA,NA,GWh,RO,2040,1.98295
Energy supply and use,Power generation by type,Wind,Onshore,Electricity generation (public service),NA,NA,GWh,RO,2045,1.90217
Energy supply and use,Power generation by type,Wind,Onshore,Electricity generation (public service),NA,NA,GWh,RO,2050,2.44775
Energy supply and use,Power generation by type,Wind,Onshore,Electricity generation (public service),NA,NA,GWh,RR,2025,0.79782
Energy supply and use,Power generation by type,Wind,Onshore,Electricity generation (public service),NA,NA,GWh,RR,2030,0.95605
Energy supply and use,Power generation by type,Wind,Onshore,Electricity generation (public service),NA,NA,GWh,RR,2035,0.95228
Energy supply and use,Power generation by type,Wind,Onshore,Electricity generation (public service),NA,NA,GWh,RR,2040,1.02006
Energy supply and use,Power generation by type,Wind,Onshore,Electricity generation (public service),NA,NA,GWh,RR,2045,1.08497
Energy supply and use,Power generation by type,Wind,Onshore,Electricity generation (public service),NA,NA,GWh,RR,2050,1.51248
Energy supply and use,Power generation by type,Wind,Onshore,Electricity generation (public service),NA,NA,GWh,RS,2025,8218.1057
Energy supply and use,Power generation by type,Wind,Onshore,Electricity generation (public service),NA,NA,GWh,RS,2030,10304.27156
Energy supply and use,Power generation by type,Wind,Onshore,Electricity generation (public service),NA,NA,GWh,RS,2035,10343.04638
Energy supply and use,Power generation by type,Wind,Onshore,Electricity generation (public service),NA,NA,GWh,RS,2040,10414.09069
Energy supply and use,Power generation by type,Wind,Onshore,Electricity generation (public service),NA,NA,GWh,RS,2045,10412.09264
Energy supply and use,Power generation by type,Wind,Onshore,Electricity generation (public service),NA,NA,GWh,RS,2050,10352.32814
Energy supply and use,Power generation by type,Wind,Onshore,Electricity generation (public service),NA,NA,GWh,SC,2025,106.70749
Energy supply and use,Power generation by type,Wind,Onshore,Electricity generation (public service),NA,NA,GWh,SC,2030,116.73478
Energy supply and use,Power generation by type,Wind,Onshore,Electricity generation (public service),NA,NA,GWh,SC,2035,118.35633
Energy supply and use,Power generation by type,Wind,Onshore,Electricity generation (public service),NA,NA,GWh,SC,2040,120.42865
Energy supply and use,Power generation by type,Wind,Onshore,Electricity generation (public service),NA,NA,GWh,SC,2045,120.48732
Energy supply and use,Power generation by type,Wind,Onshore,Electricity generation (public service),NA,NA,GWh,SC,2050,116.22406
Energy supply and use,Power generation by type,Wind,Onshore,Electricity generation (public service),NA,NA,GWh,SE,2025,40.95502
Energy supply and use,Power generation by type,Wind,Onshore,Electricity generation (public service),NA,NA,GWh,SE,2030,47.09217
Energy supply and use,Power generation by type,Wind,Onshore,Electricity generation (public service),NA,NA,GWh,SE,2035,45.89304
Energy supply and use,Power generation by type,Wind,Onshore,Electricity generation (public service),NA,NA,GWh,SE,2040,48.41986
Energy supply and use,Power generation by type,Wind,Onshore,Electricity generation (public service),NA,NA,GWh,SE,2045,46.52927
Energy supply and use,Power generation by type,Wind,Onshore,Electricity generation (public service),NA,NA,GWh,SE,2050,43.93623
Energy supply and use,Power generation by type,Wind,Onshore,Electricity generation (public service),NA,NA,GWh,SP,2025,8.66838
Energy supply and use,Power generation by type,Wind,Onshore,Electricity generation (public service),NA,NA,GWh,SP,2030,11.09619
Energy supply and use,Power generation by type,Wind,Onshore,Electricity generation (public service),NA,NA,GWh,SP,2035,11.1902
Energy supply and use,Power generation by type,Wind,Onshore,Electricity generation (public service),NA,NA,GWh,SP,2040,11.50711
Energy supply and use,Power generation by type,Wind,Onshore,Electricity generation (public service),NA,NA,GWh,SP,2045,11.2531
Energy supply and use,Power generation by type,Wind,Onshore,Electricity generation (public service),NA,NA,GWh,SP,2050,14.86174
Energy supply and use,Power generation by type,Wind,Onshore,Electricity generation (public service),NA,NA,GWh,TO,2025,6.10084
Energy supply and use,Power generation by type,Wind,Onshore,Electricity generation (public service),NA,NA,GWh,TO,2030,8.15646
Energy supply and use,Power generation by type,Wind,Onshore,Electricity generation (public service),NA,NA,GWh,TO,2035,7.78803
Energy supply and use,Power generation by type,Wind,Onshore,Electricity generation (public service),NA,NA,GWh,TO,2040,8.00564
Energy supply and use,Power generation by type,Wind,Onshore,Electricity generation (public service),NA,NA,GWh,TO,2045,7.60804
Energy supply and use,Power generation by type,Wind,Onshore,Electricity generation (public service),NA,NA,GWh,TO,2050,7.693
